COD_ACIDENTE;DATA;LOG1;LOG2;NUMERO;BAIRRO;AMC;NATUREZA;ILUMINACAO;TEMPO;SUPERFICIEPISTA;TIPOCRUZAMENTO;CONTROLETRAFEGO;USOSOLO;MORTOS;FERIDOS;ILESOS;MOTOCICLETA;AUTOMOVEL;MICROONIBUS;CAMINHAO;ONIBUS;CICLOMOTOR;BICICLETA;OUTROS;TREM;TRACAOANIMAL;COORDENADAS
QOR7410;2022-10-11 20:15:00;Avenida Francisco Sá;;;CARLITO PAMPLONA;QOR7410;Colisão Lateral;Não informado;Não informado;Não informado;Não informado;Não informado;Longo da via;1;1;0;1;0;0;1;0;0;0;0;0;0;(-38.55874064877072 -3.716973873089499);
SUS6299;2022-10-12 07:20:00;Avenida Oliveira Paiva;;;CIDADE DOS FUNCIONRAIOS;SUS6299;Atropelamento;Não informado;Não informado;Não informado;Não informado;Não informado;Longo da via;1;0;0;0;1;0;0;0;0;0;0;0;0;(-38.48834337394401 -3.796202021546923);
BJI4599;2022-10-10 09:10:00;Avenida Francisco Sá;AV PASTEUR;;CARLITO PAMPLONA;BJI4599;Colisão Transversal;Não informado;Não informado;Não informado;Não informado;Não informado;Cruzamento;1;0;1;1;0;0;1;0;0;0;0;0;0;(-38.5605801 -3.7163231);
SEM3563;2022-10-08 13:50:00;Rua Fernão Dias;;;JANGURUSSU;SEM3563;Atropelamento;Não informado;Não informado;Não informado;Não informado;Não informado;Longo da via;1;0;0;0;1;0;0;0;0;0;0;0;0;(-38.52448883810312 -3.839337928156174);
BMR2221;2022-10-04 16:55:00;Avenida Mister Hull;;;PRESIDENTE KENNEDY;BMR2221;Colisão;Não informado;Não informado;Não informado;Não informado;Não informado;Longo da via;1;0;0;1;1;0;0;0;0;0;0;0;0;(-38.57228041511884 -3.736924776492003);
VGP7585;2022-10-01 07:00:00;Avenida Mister Hull;;;ANTONIO BEZERRA;VGP7585;Colisão Traseira;Não informado;Não informado;Não informado;Não informado;Não informado;Longo da via;1;0;0;1;0;0;1;0;0;0;0;0;0;(-38.5945106237845 -3.740042008517281);
CJD9454;2022-11-20 08:30:00;Avenida do Contorno;;;CASTELAO;CJD9454;Queda;Não informado;Não informado;Não informado;Não informado;Não informado;Longo da via;1;0;0;1;0;0;0;0;0;0;0;0;0;(-38.52047646541636 -3.805023139933077);
YJK8638;2022-11-22 22:00:00;Avenida Jovita Feitosa;;;PARQUE ARAXA;YJK8638;Atropelamento;Não informado;Não informado;Não informado;Não informado;Não informado;Longo da via;1;0;0;0;1;0;0;0;0;0;0;0;0;(-38.55604787340118 -3.739831457367913);
NJM6828;2022-11-17 19:25:00;Avenida Augusto dos Anjos;;;BONSUCESSO;NJM6828;Atropelamento;Não informado;Não informado;Não informado;Não informado;Não informado;Longo da via;1;0;0;1;0;0;0;0;0;0;0;0;0;(-38.58493495036087 -3.78705072972622);
DTV1412;2022-11-30 18:15:00;Rua Francisco Domingos;;;BONSUCESSO;DTV1412;Queda;Não informado;Não informado;Não informado;Não informado;Não informado;Longo da via;1;0;0;0;0;0;1;0;0;0;0;0;0;(-38.58577822244175 -3.779255372752459);
LRZ2949;2022-11-28 22:30:00;Avenida Jornalista Tomaz Coelho;;;MESSEJANA;LRZ2949;Atropelamento;Não informado;Não informado;Não informado;Não informado;Não informado;Longo da via;1;0;1;1;0;0;0;0;0;0;0;0;0;(-38.50187898696601 -3.832033739704873);
ZHN6825;2022-11-27 03:30:00;Rua Pernambuco;;;PAN AMERICANO;ZHN6825;Atropelamento;Não informado;Não informado;Não informado;Não informado;Não informado;Longo da via;1;1;0;0;1;0;0;0;0;0;0;0;0;(-38.57155085890912 -3.758036802574301);
ZHN6825;2022-11-28 02:25:00;Avenida Godofredo Maciel;;;MONDUBIM;ZHN6825;Atropelamento;Não informado;Não informado;Não informado;Não informado;Não informado;Longo da via;2;0;0;0;1;0;0;0;0;0;0;0;0;(-38.57899128195736 -3.824608054705775);
PCT1960;2022-11-25 00:20:00;Avenida Godofredo Maciel;;;PLANALTO AYRTON SENNA;PCT1960;Atropelamento;Não informado;Não informado;Não informado;Não informado;Não informado;Longo da via;1;0;0;0;1;0;0;0;0;0;0;0;0;(-38.58040212080432 -3.828852553694476);
XQC0797;2022-11-13 09:00:00;Avenida dos Paroaras;AV SAUDADE D68;;PASSARE;XQC0797;Colisão Transversal;Não informado;Não informado;Não informado;T;Não informado;Cruzamento;1;0;0;1;1;0;0;0;0;0;0;0;0;(-38.5341879256377 -3.814341953898799);
CCB5478;2022-11-04 15:40:00;Rua Eduardo Bezerra;RUA FIS VIEIRA;;SAO JOAO DO TAUAPE;971876;Colisão Transversal;Luz do Dia;Bom;Seca;Cruz;Pare;Longo da via;0;0;2;0;2;0;0;0;0;0;0;0;0;(-38.5158512 -3.7540234);
MMQ7133;2022-12-03 16:30:00;Rua Inglaterra;RUA JOSE MENELEU D41;;ITAPERI;972254;Colisão Lateral;Via Iluminada;Bom;Seca;Cruz;Pare;Longo da via;0;0;1;1;1;0;0;0;0;0;0;0;0;(-38.55988040884212 -3.783476983736961);
NHX1827;2022-11-28 15:30:00;Avenida Santos Dumont;;;ALDEOTA;971990;Colisão Transversal;Luz do Dia;Bom;Seca;Y;Não há Controle;Longo da via;0;1;1;1;0;0;0;1;0;0;0;0;0;(-38.49479392230636 -3.737436964937999);
FOR5485;2022-11-28 11:20:00;Avenida Dom Manuel;;;CENTRO;972269;Colisão Traseira;Luz do Dia;Bom;Seca;Meio de quadra;Semáforo;Longo da via;0;0;2;0;2;0;0;0;0;0;0;0;0;(-38.52120832372238 -3.728406391967022);
AFE8875;2022-11-10 05:25:00;Rua Presidente Juscelino Kubitschek;;;SIQUEIRA;AFE8875;Choque c/ Obstáculo Fixo;Não informado;Não informado;Não informado;Não informado;Não informado;Longo da via;1;0;0;1;0;0;0;0;0;0;0;0;0;(-38.62763338050441 -3.809737869412734);
KVL5722;2022-11-07 18:00:00;Avenida Vicente de Castro;AV ZEZE DIOGO;;CAIS DO PORTO;KVL5722;Atropelamento;Não informado;Não informado;Não informado;Não informado;Não informado;Cruzamento;1;0;1;0;0;0;1;0;0;0;0;0;0;(-38.47113917930901 -3.708548000357158);
WGW7636;2022-11-28 12:00:00;Rua Belém;;;AUTRAN NUNES;972287;Colisão Frontal;Luz do Dia;Bom;Seca;Meio de quadra;Não informado;Longo da via;0;1;1;1;1;0;0;0;0;0;0;0;0;(-38.59456136882431 -3.76165899638571);
MMA8846;2022-11-04 21:20:00;BR-116;;;PEDRAS;MMA8846;Atropelamento;Não informado;Bom;Seca;Não informado;Não informado;Longo da via;1;0;1;0;1;0;0;0;0;0;0;0;0;(-38.49967662194479 -3.875016304574141);
TXF6523;2022-11-28 14:30:00;Avenida Almirante Henrique Sabóia;RUA JUVENCIO VASCONCELOS;;MUCURIPE;972309;Colisão Frontal;Luz do Dia;Bom;Seca;Cruz;Semáforo;Cruzamento;0;1;1;1;0;0;1;0;0;0;0;0;0;(-38.4805039 -3.7243496);
TJM1424;2022-11-17 16:50:00;Avenida Oliveira Paiva;RUA DR JOSE FURTADO;;CIDADE DOS FUNCIONRAIOS;969590;Colisão Transversal;Luz do Dia;Bom;Seca;Cruz;Semáforo;Longo da via;0;0;0;1;1;0;0;0;0;0;0;0;0;(-38.48809913259302 -3.796269905493);
KVP2734;2022-11-22 16:50:00;RUA JOAO CARVALHO;RUA JOSE VILAR;;ALDEOTA;972406;Colisão Transversal;Luz do Dia;Bom;Seca;Cruz;Semáforo;Cruzamento;0;2;0;1;0;0;0;0;0;0;1;0;0;(-38.5054836 -3.7382973);
SOH5005;2022-11-21 18:40:00;Rua Amâncio Pereira;RUA MARIA AMALIA;;PASSARE;972249;Colisão Transversal;Luz do Dia;Bom;Seca;Cruz;Pare;Cruzamento;0;1;1;1;1;0;0;0;0;0;0;0;0;(-38.52214439999999 -3.812270499999999);
AZP7470;2022-11-21 22:00:00;RUA TIBURCIO FROTA;AV VIS RIO BRANCO;;SAO JOAO DO TAUAPE;972234;Colisão Lateral;Anoitecer;Bom;Seca;T;Não há Controle;Cruzamento;0;1;1;1;1;0;0;0;0;0;0;0;0;(-38.52010629999999 -3.7554656);
MEH9451;2022-11-21 12:10:00;RUA JOAQUIM ALBANO;RUA DR CATUNDA GONDIM;;ANTONIO BEZERRA;972155;Colisão Transversal;Luz do Dia;Bom;Seca;T;Pare;Cruzamento;0;2;1;1;1;0;0;0;0;0;0;0;0;(-38.5858949 -3.7376269);
YAV7499;2022-11-21 11:00:00;RUA CONS LAFAYETTE;RUA OTAVIO PARANHOS;;JARDIM IRACEMA;972154;Colisão Lateral;Luz do Dia;Chuva;Molhada;Não informado;Pare;Cruzamento;0;1;2;2;0;0;0;0;0;0;0;0;0;(-38.58563498144517 -3.717860792218828);
LFD3684;2022-11-21 20:45:00;RUA PEDRO JULIAO;AV CONTORNO OESTE D71;;CONJUNTO ESPERANCA;971835;Colisão Lateral;Via Iluminada;Bom;Não informado;T;Pare;Cruzamento;0;1;1;0;0;0;0;0;0;0;2;0;0;(-38.5878880585989 -3.807505039053496);
TIJ5588;2022-11-16 16:00:00;Rua George Cavalcante;RUA CREUSA ROCHA;;JARDIM GUANABARA;972205;Colisão Lateral;Luz do Dia;Bom;Seca;Cruz;Gesto;Longo da via;0;1;1;1;1;0;0;0;0;0;0;0;0;(-38.59217420772722 -3.721383143642483);
FHW1562;2022-11-16 15:40:00;Rua Herculano Pena;RUA SAO FIDELIS D71;;PARQUE PRESIDENTE VARGAS;969228;Colisão Transversal;Não informado;Bom;Seca;Cruz;Não há Controle;Longo da via;0;0;1;1;1;0;0;0;0;0;0;0;0;(-38.59594539172551 -3.826040815320238);
MNK2394;2022-11-16 04:00:00;Rua João Carvalho;RUA NUNES VALENTE;;ALDEOTA;958429;Colisão Transversal;Via Iluminada;Bom;Seca;Cruz;Pare;Longo da via;0;0;0;1;1;0;0;0;0;0;0;0;0;(-38.5045947302327 -3.73863603817907);
KWT4397;2022-11-15 17:50:00;Avenida Imperador;RUA METON DE ALENCAR;;CENTRO;971534;Colisão Transversal;Luz do Dia;Bom;Seca;Cruz;Semáforo;Longo da via;0;0;0;1;0;0;0;1;0;0;0;0;0;(-38.53595511005916 -3.732153528952437);
VHD8292;2022-12-23 12:20:00;Rua Carapinima;;;BENFICA;VHD8292;Atropelamento;Não informado;Não informado;Não informado;Não informado;Não informado;Longo da via;1;0;0;1;0;0;0;0;0;0;0;0;0;(-38.5385688232187 -3.738542722975124);
JNP9276;2022-12-24 15:00:00;Avenida dos Expedicionários;;;MONTESE;JNP9276;Atropelamento;Não informado;Não informado;Não informado;Não informado;Não informado;Longo da via;1;0;0;0;1;0;0;0;0;0;0;0;0;(-38.54095609728749 -3.764188581810563);
GEI0724;2022-12-02 23:20:00;Rua Tenente Lauro;RUA ABILIO FARIAS;;PICI;GEI0724;Colisão Transversal;Não informado;Não informado;Não informado;Cruz;Não informado;Cruzamento;1;1;0;2;0;0;0;0;0;0;0;0;0;(-38.58199392640374 -3.749302191824262);
QOP2321;2022-12-08 11:23:00;BR-116;;;AEROLANDIA;QOP2321;Colisão Lateral;Não informado;Bom;Não informado;Não informado;Não informado;Longo da via;1;0;2;1;1;0;0;1;0;0;0;0;0;(-38.51628505689896 -3.772811972943651);
AQT1039;2022-12-05 04:30:00;Avenida da Abolição;;;MUCURIPE;AQT1039;Atropelamento;Não informado;Não informado;Não informado;Não informado;Não informado;Longo da via;1;0;0;0;1;0;0;0;0;0;0;0;0;(-38.48018251687527 -3.722890404304834);
CZS1546;2022-12-19 04:10:00;Avenida José Bastos;;;COUTO FERNANDES;CZS1546;Queda;Não informado;Não informado;Não informado;Não informado;Não informado;Longo da via;1;1;0;1;0;0;0;0;0;0;0;0;0;(-38.55731217500109 -3.75662497850554);
SSG7348;2022-12-21 05:50:00;Rua Nereu Ramos;;;VILA PERY;SSG7348;Choque c/ Obstáculo Fixo;Não informado;Não informado;Não informado;Não informado;Não informado;Longo da via;1;0;0;1;0;0;0;0;0;0;0;0;0;(-38.57639342552724 -3.782516531115069);
TPE5654;2022-11-19 19:00:00;Avenida Humberto Monte;RUA GOIAS;;BELA VISTA;972371;Colisão Lateral;Luz do Dia;Não informado;Seca;Cruz;Não informado;Cruzamento;0;1;1;0;2;0;0;0;0;0;0;0;0;(-38.55945494680431 -3.750644662811843);
YKT9065;2022-11-15 16:00:00;Rua José Torres;RUA EMILIO DE MENESES;;GRANJA PORTUGAL;964537;Colisão Lateral;Luz do Dia;Bom;Seca;Cruz;Semáforo;Longo da via;0;0;0;1;1;0;0;0;0;0;0;0;0;(-38.60631481341913 -3.776593350142757);
KMZ3052;2022-12-24 12:50:00;Rua Coronel Matos Dourado;;;PICI;972519;Atropelamento;Luz do Dia;Não informado;Seca;T;Não há Controle;Longo da via;1;0;0;1;0;0;0;0;0;0;0;0;0;(-38.58485172607156 -3.744835154765058);
RCK4649;2022-11-19 18:20:00;AV RUI BARBOSA;AV SORIANO ALBUQUERQUE;;JOAQUIM TVORA;972305;Colisão Traseira;Luz do Dia;Bom;Seca;Não informado;Semáforo;Cruzamento;0;0;2;0;2;0;0;0;0;0;0;0;0;(-38.5137662 -3.74948);
JAH7041;2022-12-24 19:25:00;BR-116;;;CAJAZEIRAS;JAH7041;Atropelamento;Não informado;Não informado;Não informado;Não informado;Não informado;Longo da via;1;0;0;0;1;0;0;0;0;0;0;0;0;(-38.50707307223152 -3.795997282746544);
RES7767;2022-11-19 15:50:00;AV ALM HENRIQUE SABOIA;RUA PRO SILAS RIBEIRO;;VARJOTA;972304;Colisão Transversal;Luz do Dia;Bom;Seca;Cruz;Semáforo Danificado;Cruzamento;0;1;1;0;1;0;0;0;0;0;1;0;0;(-38.48516850844737 -3.736180930614492);
DJU5588;2022-12-27 14:45:00;Avenida Mister Hull;;;ANTONIO BEZERRA;DJU5588;Atropelamento;Não informado;Não informado;Não informado;Não informado;Não informado;Longo da via;1;0;1;0;0;0;0;1;0;0;0;0;0;(-38.59077216464492 -3.739554049422984);
DAI8292;2022-11-15 04:00:00;Rua Rio Grande do Sul;RUA PERNAMBUCO;;DEMOCRITO ROCHA;958430;Colisão Transversal;Via Iluminada;Bom;Seca;Cruz;Pare;Longo da via;0;0;0;0;2;0;0;0;0;0;0;0;0;(-38.56851712468502 -3.760154841176404);
WDS4156;2022-11-14 14:10:00;Avenida Presidente Castelo Branco;;;MOURA BRASIL;972173;Colisão Traseira;Luz do Dia;Bom;Seca;Outros;Outros;Longo da via;0;0;0;1;1;0;0;0;0;0;0;0;0;(-38.53387371328324 -3.71857811112737);
APA0681;2022-11-14 09:30:00;Rua Barão do Rio Branco;RUA SAO PAULO;;CENTRO;972172;Colisão Transversal;Luz do Dia;Nublado;Seca;Cruz;Semáforo Danificado;Longo da via;0;0;0;2;0;0;0;0;0;0;0;0;0;(-38.5281049 -3.7258662);
LXR4497;2022-11-19 20:06:00;Avenida Augusto dos Anjos;;;BONSUCESSO;972278;Atropelamento;Luz do Dia;Bom;Seca;Meio de quadra;Não há Controle;Longo da via;1;0;1;0;1;0;0;0;0;0;0;0;0;(-38.5779167 -3.7787229);
FNX7444;2022-11-14 09:15:00;Rua Carlos Vasconcelos;RUA JOAO CARVALHO;;ALDEOTA;972117;Colisão Transversal;Luz do Dia;Bom;Seca;Cruz;Pare;Longo da via;0;1;1;1;0;0;0;0;0;0;1;0;0;(-38.5118448 -3.7362396);
ILN6698;2022-11-19 10:30:00;Avenida Val Paraíso;;;JANGURUSSU;972175;Colisão Traseira;Luz do Dia;Bom;Seca;Meio de quadra;Outros;Longo da via;0;0;3;0;3;0;0;0;0;0;0;0;0;(-38.52072562790676 -3.846395986257791);
TKY7423;2022-11-15 00:30:00;Rua 15 de Novembro;RUA ZACARIAS GONDIM;;MONTESE;972065;Colisão Transversal;Mal Iluminada;Nublado;Seca;Cruz;Pare;Longo da via;0;0;1;1;1;0;0;0;0;0;0;0;0;(-38.5584587 -3.768023399999999);
YQK0602;2022-11-19 09:45:00;AV PRE COSTA E SILVA;AV CASTELO DE CASTRO;;JANGURUSSU;972174;Colisão Transversal;Luz do Dia;Bom;Seca;Cruz;Semáforo;Cruzamento;0;1;0;1;1;0;0;0;0;0;0;0;0;(-38.52139066655055 -3.830483347299363);
TEA6649;2022-11-14 19:30:00;Avenida Antônio Sales;RUA VICENTE LEITE;;DIONISIO TORRES;971874;Colisão Transversal;Luz do Dia;Bom;Seca;Cruz;Pare;Longo da via;0;0;1;1;1;0;0;0;0;0;0;0;0;(-38.49848739999999 -3.7466568);
UZK6407;2022-11-14 11:46:00;Rua Antônio Tomás;AV DIOGUINHO;;PRAIA DO FUTURO II;971774;Colisão Transversal;Luz do Dia;Bom;Seca;Cruz;Semáforo Intermitente;Longo da via;0;0;0;0;1;0;1;0;0;0;0;0;0;(-38.44628886832118 -3.756166943810366);
FUC7142;2022-12-30 22:35:00;Avenida Bernardo Manuel;;;SERRINHA;FUC7142;Atropelamento;Não informado;Não informado;Não informado;Não informado;Não informado;Longo da via;1;0;1;1;0;0;0;0;0;0;0;0;0;(-38.54776764454659 -3.787176072157394);
KTN8632;2022-11-13 12:50:00;Rua Professor Francisco Gonçalves;AV ALM HENRIQUE SABOIA;;COCO;972171;Capotamento;Não informado;Bom;Não informado;Meio de quadra;Não informado;Longo da via;0;0;0;0;1;0;0;0;0;0;0;0;0;(-38.4937103171363 -3.749245623657856);
WFF2035;2022-11-13 18:00:00;Avenida Antônio Sales;RUA ILDEFONSO ALBANO;;JOAQUIM TVORA;971879;Colisão Transversal;Luz do Dia;Bom;Seca;Cruz;Semáforo;Longo da via;0;1;0;1;1;0;0;0;0;0;0;0;0;(-38.5159703 -3.741261);
LAQ7394;2022-11-13 22:36:00;Rua Israel Bezerra;AV ENG SANTANA JUNIOR;;COCO;971508;Colisão Transversal;Via Iluminada;Bom;Seca;Meio de quadra;Não há Controle;Longo da via;0;1;1;1;1;0;0;0;0;0;0;0;0;(-38.49059358838435 -3.751461736774242);
MXG1888;2022-10-13 17:30:00;Avenida Professor Gomes de Matos;RUA VASCO DA GAMA;;MONTESE;971620;Choque c/ Obstáculo Fixo;Luz do Dia;Bom;Seca;Cruz;Não informado;Cruzamento;0;0;0;0;1;0;0;0;0;0;0;0;0;(-38.5473531 -3.7631623);
WJO5827;2022-11-13 07:00:00;Rua Eduardo Porto;;;MESSEJANA;971388;Colisão Traseira;Luz do Dia;Bom;Seca;Meio de quadra;Outros;Longo da via;0;0;4;0;4;0;0;0;0;0;0;0;0;(-38.49582926343093 -3.83272601432324);
BGJ6693;2022-11-13 11:00:00;Rua do Pocinho;RUA GOV SAMPAIO;;CENTRO;971387;Colisão Transversal;Luz do Dia;Bom;Seca;Cruz;Pare;Longo da via;0;1;1;1;0;0;0;1;0;0;0;0;0;(-38.52414801213548 -3.72798349978983);
CXW9917;2022-11-12 12:00:00;Rua Meton de Alencar;RUA JAIME BENEVOLO;;CENTRO;972353;Colisão Transversal;Luz do Dia;Bom;Seca;Cruz;Semáforo;Longo da via;0;2;1;1;1;0;0;0;0;0;0;0;0;(-38.52634743267625 -3.735081637728336);
JQH2707;2022-12-31 18:00:00;BR-116;;;MESSEJANA;JQH2707;Atropelamento;Não informado;Não informado;Não informado;Não informado;Não informado;Longo da via;2;0;0;1;0;0;0;0;0;0;0;0;0;(-38.50129542995289 -3.814790228590384);
RWT6158;2022-12-20 09:45:00;Avenida Maestro Lisboa;;;JOSE DE ALENCAR;RWT6158;Atropelamento;Não informado;Não informado;Não informado;Não informado;Não informado;Longo da via;2;0;0;1;0;0;0;0;0;0;0;0;0;(-38.4780460443705 -3.808297582474521);
WUV9212;2022-10-11 22:30:00;AV SEN VIRGILIO TAVORA;;;DIONISIO TORRES;45139;Colisão Lateral;Via Iluminada;Bom;Seca;Meio de quadra;Outros;Longo da via;0;1;1;1;1;0;0;0;0;0;0;0;0;(-38.49676803306749 -3.747907388379367);
NPR9974;2022-11-19 23:00:00;RUA DE FATIMA;RUA LONDRINA;;GRANJA PORTUGAL;972167;Choque c/ Obstáculo Fixo;Não informado;Bom;Seca;T;Não há Controle;Cruzamento;0;1;0;0;1;0;0;0;0;0;0;0;0;(-38.59805895507046 -3.782470670572567);
YUN6664;2022-11-29 21:30:00;Avenida Oliveira Paiva;;;CIDADE DOS FUNCIONRAIOS;970410;Queda;Via Iluminada;Bom;Seca;Meio de quadra;Não há Controle;Longo da via;0;1;0;1;0;0;0;0;0;0;0;0;0;(-38.50137606369808 -3.797811466545084);
FGZ9796;2022-11-12 20:15:00;Avenida General Osório de Paiva;;;SIQUEIRA;972200;Colisão Lateral;Luz do Dia;Bom;Seca;Meio de quadra;Não há Controle;Longo da via;0;0;1;1;1;0;0;0;0;0;0;0;0;(-38.61633017507798 -3.81924851406955);
ZBT4208;2022-11-29 16:30:00;RUA ALBERTO MAGNO;RUA PRO COSTA MENDES;;BOM FUTURO;972431;Colisão Transversal;Luz do Dia;Bom;Seca;Cruz;Semáforo;Cruzamento;0;1;1;1;1;0;0;0;0;0;0;0;0;(-38.5435607 -3.7575175);
CBQ5917;2022-11-29 22:15:00;RUA ANTONIO BARROS;RUA PERGENTINO MAIA;;MESSEJANA;970212;Colisão Lateral;Mal Iluminada;Bom;Seca;Cruz;Semáforo;Cruzamento;0;2;1;0;1;0;0;1;0;0;0;0;0;(-38.48894132370418 -3.831446784927305);
CAH7940;2022-11-12 13:10:00;Avenida Visconde do Rio Branco;RUA PINHO PESSOA;;JOAQUIM TVORA;970739;Outros;Luz do Dia;Bom;Seca;T;Não há Controle;Longo da via;0;1;1;1;1;0;0;0;0;0;0;0;0;(-38.52230802566525 -3.744583203089244);
MBS9010;2022-11-11 22:05:00;Avenida Américo Barreira;RUA PIAUI;;COUTO FERNANDES;972348;Colisão Traseira;Via Iluminada;Bom;Seca;T;Outros;Longo da via;0;2;1;2;1;0;0;0;0;0;0;0;0;(-38.56330290965632 -3.758864798520243);
TJZ1501;2022-11-29 10:50:00;Avenida Dioguinho;RUA CEL JOAO DE ALENCAR;;PRAIA DO FUTURO II;960957;Colisão Lateral;Não informado;Bom;Seca;Cruz;Semáforo;Cruzamento;0;1;1;1;1;0;0;0;0;0;0;0;0;(-38.4498173 -3.748132);
VMM2854;2022-11-24 03:20:00;Avenida Santos Dumont;RUA DR FRANCISCO MOTA;;PAPICU;952314;Colisão Transversal;Via Iluminada;Bom;Seca;Cruz;Semáforo;Cruzamento;0;0;2;0;2;0;0;0;0;0;0;0;0;(-38.46962223545768 -3.745548660076887);
WSO6786;2022-11-11 20:00:00;Rua Torres Câmara;;;ALDEOTA;972340;Colisão Lateral;Não informado;Bom;Seca;Não informado;Não informado;Longo da via;0;0;0;0;3;0;0;0;0;0;0;0;0;(-38.50640252620693 -3.735863178821534);
EEK5197;2022-11-23 18:00:00;Avenida Aguanambi;AV DOMINGOS OLIMPIO;;JOSE BONIFACIO;972381;Colisão Frontal;Luz do Dia;Bom;Seca;Cruz;Semáforo;Cruzamento;0;1;1;2;0;0;0;0;0;0;0;0;0;(-38.5246114 -3.7385692);
FYI1537;2022-11-11 16:30:00;Avenida Santos Dumont;;;PAPICU;972241;Colisão Lateral;Luz do Dia;Bom;Seca;Meio de quadra;Semáforo;Longo da via;0;0;0;1;1;0;0;0;0;0;0;0;0;(-38.47638324807297 -3.743341314202087);
YTM4406;2022-11-23 14:44:00;Rua Pedro Américo;RUA IRINEU DE SOUZA;;ALVARO WEYNE;972380;Colisão Lateral;Luz do Dia;Bom;Seca;Cruz;Outros;Cruzamento;0;1;1;1;1;0;0;0;0;0;0;0;0;(-38.5662321 -3.7114399);
MWF1546;2022-11-11 22:30:00;Rua da Assunção;RUA GAL CLARINDO DE QUEIROZ;;CENTRO;972152;Colisão Transversal;Via Iluminada;Bom;Seca;Cruz;Semáforo;Longo da via;0;1;1;1;1;0;0;0;0;0;0;0;0;(-38.52829471730493 -3.733479074834215);
GOQ7955;2022-11-11 23:20:00;Avenida Contorno Oeste;RUA JOAQUIM ALFREDO;;MONDUBIM;971833;Colisão Lateral;Via Iluminada;Bom;Seca;Cruz;Pare;Longo da via;0;0;1;1;1;0;0;0;0;0;0;0;0;(-38.58673468509426 -3.805137189294592);
VOV7539;2022-11-24 00:45:00;AV GAL OSORIO DE PAIVA;;;PARQUE SAO JOSE;972359;Colisão Traseira;Via Iluminada;Bom;Seca;Outros;Semáforo;Longo da via;0;1;2;1;2;0;0;0;0;0;0;0;0;(-38.58863746251964 -3.791208209906239);
OMH0266;2022-11-23 20:10:00;Rua Pedro 1;;;CENTRO;972341;Atropelamento;Não informado;Bom;Seca;Meio de quadra;Outros;Longo da via;1;0;1;0;0;0;0;1;0;0;0;0;0;(-38.52673645343294 -3.73181441923453);
OEI5122;2022-11-23 12:20:00;RUA DES LEITE ALBUQUERQUE;RUA PRO DIAS DA ROCHA;;ALDEOTA;972294;Colisão Transversal;Luz do Dia;Nublado;Seca;Cruz;Pare;Cruzamento;0;1;1;1;1;0;0;0;0;0;0;0;0;(-38.4928417 -3.7391273);
ULU1790;2022-11-23 13:00:00;AV DR SILAS MUNGUBA;;;SERRINHA;971054;Atropelamento;Luz do Dia;Bom;Seca;Meio de quadra;Não há Controle;Longo da via;0;1;0;0;1;0;0;0;0;0;0;0;0;(-38.54097993474132 -3.790191200359587);
JMD9774;2022-11-23 11:30:00;RUA JOSE EUCLIDES;;;FATIMA;971053;Choque c/ Obstáculo Fixo;Luz do Dia;Bom;Seca;Meio de quadra;Não há Controle;Longo da via;0;0;0;0;1;0;0;0;0;0;0;0;0;(-38.52423659999999 -3.7525253);
JLC9938;2022-11-11 10:30:00;Avenida José Jatahy;;;FARIAS BRITO;971052;Engavetamento;Luz do Dia;Bom;Seca;Meio de quadra;Semáforo;Longo da via;0;0;3;0;4;0;0;0;0;0;0;0;0;(-38.5454501115864 -3.727130354351319);
RIF9396;2022-11-11 17:20:00;Rua Diamantina;RUA RIO GRANDE DO SUL;;DEMOCRITO ROCHA;970968;Colisão Lateral;Luz do Dia;Bom;Seca;Cruz;Semáforo Danificado;Longo da via;0;0;1;0;2;0;0;0;0;0;0;0;0;(-38.57042685428371 -3.763412725671375);