COD_ACIDENTE;DATA;LOG1;LOG2;NUMERO;BAIRRO;AMC;NATUREZA;ILUMINACAO;TEMPO;SUPERFICIEPISTA;TIPOCRUZAMENTO;CONTROLETRAFEGO;USOSOLO;MORTOS;FERIDOS;ILESOS;MOTOCICLETA;AUTOMOVEL;MICROONIBUS;CAMINHAO;ONIBUS;CICLOMOTOR;BICICLETA;OUTROS;TREM;TRACAOANIMAL;COORDENADAS
XJC0780;2022-10-13 10:00:00;Avenida João Pessoa;RUA DELMIRO FARIAS;;DAMAS;971812;Colisão Lateral;Luz do Dia;Bom;Seca;Cruz;Pare;Cruzamento;0;2;1;1;1;0;0;0;0;0;0;0;0;(-38.54753729999999 -3.7502715);
XZY2279;2022-10-14 22:00:00;AV BERNARDO MANUEL;RUA JAPI;;SERRINHA;971644;Colisão Lateral;Mal Iluminada;Bom;Seca;Cruz;Pare;Cruzamento;0;2;0;2;0;0;0;0;0;0;0;0;0;(-38.5468433 -3.7840998);
SNN4315;2022-11-11 12:30:00;Avenida José Bastos;;;BENFICA;967288;Engavetamento;Luz do Dia;Bom;Seca;Meio de quadra;Semáforo;Longo da via;0;0;0;1;2;0;0;0;0;0;0;0;0;(-38.54386226247674 -3.743157305731174);
LWC1637;2022-11-10 22:00:00;Avenida José Bastos;RUA JOAO SORONGO;;JARDIM AMERICA;972342;Colisão Transversal;Não informado;Bom;Seca;T;Pare;Longo da via;0;0;2;1;1;0;0;0;0;0;0;0;0;(-38.54740813003888 -3.747455733510712);
QNN8795;2022-10-14 12:37:00;Rua Germano Franck;;;PARANGABA;970983;Colisão Transversal;Luz do Dia;Bom;Seca;Meio de quadra;Não há Controle;Longo da via;0;1;1;1;1;0;0;0;0;0;0;0;0;(-38.56324925093218 -3.778290176250133);
VRJ8241;2022-10-14 21:20:00;AV RAUL BARBOSA;;;AEROLANDIA;968708;Colisão Lateral;Via Iluminada;Bom;Seca;Meio de quadra;Não há Controle;Longo da via;0;1;2;1;1;0;0;0;0;0;0;0;0;(-38.5129508 -3.7779506);
LNS0095;2022-11-10 10:20:00;RUA ESTRADA DO PICI;AV LINEU MACHADO;;JOQUEI CLUBE;972321;Colisão Traseira;Não informado;Bom;Seca;Cruz;Semáforo;Longo da via;0;0;0;0;2;0;0;0;0;0;0;0;0;(-38.57767954584023 -3.767223946615825);
QMI9357;2022-11-10 17:00:00;Rua Padre Valdevino;;;DIONISIO TORRES;972183;Colisão Traseira;Luz do Dia;Bom;Seca;Meio de quadra;Não há Controle;Longo da via;0;0;0;2;1;0;0;0;0;0;0;0;0;(-38.50362375736866 -3.743317894944306);
VFZ2655;2022-11-10 18:00:00;Rua Conego Pennafort;RUA PEDRO DE QUEIROZ;;AMADEU FURTADO;972153;Colisão Transversal;Luz do Dia;Bom;Seca;Cruz;Pare;Longo da via;0;0;0;2;0;0;0;0;0;0;0;0;0;(-38.55874852271188 -3.745443022757599);
GSD6381;2022-11-10 09:40:00;Avenida Domingos Olímpio;AV DA UNIVERSIDADE;;BENFICA;972109;Colisão Lateral;Luz do Dia;Bom;Seca;Cruz;Semáforo Danificado;Longo da via;0;0;1;0;1;0;0;1;0;0;0;0;0;(-38.5342671 -3.7356143);
BTY4894;2022-11-10 11:55:00;Avenida Mozart Pinheiro de Lucena;;;VILA VELHA;972108;Colisão Lateral;Luz do Dia;Bom;Seca;T;Pare;Longo da via;0;0;1;0;1;0;0;0;0;1;0;0;0;(-38.59357428325755 -3.710621325551932);
JSZ3149;2022-11-10 23:00:00;Avenida Chanceler Edson Queiroz;RUA JOR CESAR MAGALHAES;;GUARARAPES;972081;Colisão Transversal;Via Iluminada;Bom;Seca;Cruz;Pare;Longo da via;0;2;0;2;0;0;0;0;0;0;0;0;0;(-38.48895744859869 -3.767218593789114);
OHH2831;2022-11-10 13:15:00;Rua Gustavo Sampaio;;;PARQUE ARAXA;971646;Colisão Traseira;Luz do Dia;Bom;Seca;Meio de quadra;Pare;Longo da via;0;0;0;1;1;0;0;0;0;0;0;0;0;(-38.55742351166098 -3.735475754000172);
ELO8040;2022-11-10 14:00:00;Rua Marechal Deodoro;;;BENFICA;971051;Queda;Luz do Dia;Bom;Seca;Meio de quadra;Não há Controle;Longo da via;0;0;0;1;0;0;0;0;0;0;0;0;0;(-38.53454425985532 -3.738510911751184);
SMY4788;2022-11-10 09:15:00;Avenida Treze de Maio;AV DA UNIVERSIDADE;;BENFICA;971050;Choque c/ Obstáculo Fixo;Luz do Dia;Bom;Seca;Cruz;Semáforo Intermitente;Longo da via;1;0;0;1;0;0;0;0;0;0;0;0;0;(-38.53912846179662 -3.740968075868182);
GMT2389;2022-11-25 21:40:00;RUA PDE PEDRO DE ALENCAR;;;MESSEJANA;972427;Colisão Traseira;Via Iluminada;Bom;Seca;Não informado;Semáforo;Longo da via;0;1;1;1;1;0;0;0;0;0;0;0;0;(-38.49417164864203 -3.835364753433944);
SPX4922;2022-10-12 00:00:00;RUA IPE;RUA CEL MOZART GONDIM;;PRESIDENTE KENNEDY;971738;Colisão Lateral;Via Iluminada;Bom;Seca;Cruz;Pare;Cruzamento;0;0;3;1;2;0;0;0;0;0;0;0;0;(-38.5601042 -3.7304558);
BUS0425;2022-11-09 11:00:00;Avenida Sargento Hermínio Sampaio;;;MONTE CASTELO;972320;Colisão Traseira;Luz do Dia;Bom;Seca;Duplo T;Não há Controle;Longo da via;0;0;2;1;1;0;0;0;0;0;0;0;0;(-38.56061533127759 -3.726391630103124);
GRW5015;2022-10-12 13:00:00;Avenida I;;;CONJUNTO CEARA I;971780;Choque c/ Obstáculo Fixo;Luz do Dia;Bom;Seca;Meio de quadra;Não há Controle;Longo da via;0;1;0;1;0;0;0;0;0;0;0;0;0;(-38.5975132 -3.7699787);
COB1341;2022-11-09 12:00:00;Rua Cônego de Castro;;;CANINDEZINHO;972279;Colisão Transversal;Luz do Dia;Bom;Seca;Cruz;Pare;Longo da via;0;1;0;1;0;0;0;0;0;1;0;0;0;(-38.59979167392196 -3.815922595176242);
UXM6004;2022-10-12 12:45:00;AV PARSIVAL BARROSO;;;PRESIDENTE KENNEDY;971923;Colisão Frontal;Luz do Dia;Bom;Seca;Não informado;Semáforo;Longo da via;0;1;1;0;1;0;0;0;0;1;0;0;0;(-38.569091115303 -3.732319473220845);
TIT9254;2022-11-09 23:00:00;Rua do Pocinho;RUA GOV SAMPAIO;;CENTRO;972273;Colisão Lateral;Via Iluminada;Bom;Seca;Cruz;Pare;Longo da via;0;0;1;1;0;0;0;1;0;0;0;0;0;(-38.52413191939777 -3.727976139322909);
PCO2910;2022-11-19 19:50:00;AV JOR TOMAS COELHO;RUA PAULINA ARRUDA;;BARROSO;968825;Colisão Transversal;Luz do Dia;Bom;Seca;Cruz;Outros;Cruzamento;0;1;1;1;0;0;1;0;0;0;0;0;0;(-38.51206565259471 -3.829147161217459);
VXA1285;2022-11-18 17:00:00;RUA MINAS GERAIS;RUA MARANHAO;;PAN AMERICANO;9709970;Colisão Lateral;Luz do Dia;Bom;Seca;Cruz;Pare;Cruzamento;0;1;1;1;1;0;0;0;0;0;0;0;0;(-38.5651117 -3.756072);
DCN5477;2022-11-09 16:30:00;Avenida Ulisses Bezerra;;;CIDADE DOS FUNCIONRAIOS;971989;Colisão Frontal;Luz do Dia;Bom;Seca;Meio de quadra;Não há Controle;Longo da via;0;1;1;1;1;0;0;0;0;0;0;0;0;(-38.50186959429269 -3.799265375552658);
NGQ1276;2022-11-18 15:30:00;Rua Monsenhor Catão;RUA CAROLINA SUCUPIRA;;ALDEOTA;972303;Colisão Transversal;Luz do Dia;Bom;Seca;Cruz;Pare;Cruzamento;0;1;1;1;1;0;0;0;0;0;0;0;0;(-38.4921735 -3.7437155);
UTP6623;2022-11-09 16:30:00;Avenida Castelo de Castro;AV BULEVAR I;;CONJUNTO PALMEIRAS;971880;Colisão Lateral;Luz do Dia;Bom;Seca;Cruz;Não há Controle;Longo da via;0;0;1;1;1;0;0;0;0;0;0;0;0;(-38.5215876 -3.8336118);
ZOI5280;2022-10-14 20:40:00;Rua Holanda;RUA FRANCISCO GLICERIO;;MARAPONGA;971955;Colisão Transversal;Via Iluminada;Bom;Seca;T;Pare;Cruzamento;0;1;1;1;1;0;0;0;0;0;0;0;0;(-38.5622117 -3.7982254);
LOW6802;2022-11-09 14:40:00;Avenida Doutor Corrêa Lima;AV EDILSON B SOARES;;SAPIRANGA / COITE;970967;Colisão Lateral;Luz do Dia;Bom;Seca;Cruz;Pare;Longo da via;0;0;0;1;0;0;0;1;0;0;0;0;0;(-38.45925465948876 -3.787650093072636);
EWU1497;2022-11-08 11:40:00;Avenida Almirante Maximiniano da Fonseca;;;ENGENHEIRO LUCIANO CAVALCANTE;972110;Colisão Lateral;Luz do Dia;Bom;Seca;Meio de quadra;Não há Controle;Longo da via;0;0;1;1;1;0;0;0;0;0;0;0;0;(-38.48660782560534 -3.770997681244056);
PCR7106;2022-11-08 18:30:00;Avenida Argentina Pinheiro Tôrres;AV CENTRAL;;PASSARE;972091;Colisão Transversal;Luz do Dia;Bom;Seca;Cruz;Não há Controle;Longo da via;0;1;1;0;2;0;0;0;0;0;0;0;0;(-38.54002125068845 -3.813813697667079);
TAN2314;2022-11-08 15:30:00;Rua José Vilar;RUA JOAO CARVALHO;;ALDEOTA;971878;Colisão Transversal;Luz do Dia;Bom;Seca;Cruz;Semáforo;Longo da via;0;0;1;1;1;0;0;0;0;0;0;0;0;(-38.5054836 -3.7382973);
GNZ0060;2022-10-10 22:30:00;RUA JOAQUIM NABUCO;RUA DES LEITE ALBUQUERQUE;;ALDEOTA;971722;Colisão Transversal;Mal Iluminada;Bom;Seca;Cruz;Pare;Cruzamento;0;1;1;1;1;0;0;0;0;0;0;0;0;(-38.5016024 -3.7363036);
BWH3990;2022-11-08 10:50:00;Avenida Jovita Feitosa;;;PARQUELANDIA;971775;Colisão Lateral;Luz do Dia;Bom;Seca;Outros;Não há Controle;Longo da via;0;0;1;1;1;0;0;1;0;0;0;0;0;(-38.56571153043059 -3.741781590265445);
MCM2454;2022-10-12 15:51:00;RUA ARMANDO MONTEIRO;RUA ALBERTO MONTEZUMA;;VILA UNIAO;970626;Colisão Lateral;Luz do Dia;Bom;Seca;Cruz;Pare;Cruzamento;0;1;1;1;1;0;0;0;0;0;0;0;0;(-38.5327846 -3.7647795);
LNC9265;2022-11-17 19:20:00;RUA SEN ALMINO;RUA TEN BENEVOLO;;CENTRO;972310;Colisão Transversal;Luz do Dia;Bom;Seca;T;Pare;Cruzamento;0;0;2;0;1;0;1;0;0;0;0;0;0;(-38.51806 -3.725097);
KTP3054;2022-11-17 10:25:00;AV DOMINGOS OLIMPIO;RUA JAIME BENEVOLO;;JOSE BONIFACIO;972118;Colisão Traseira;Luz do Dia;Bom;Seca;Cruz;Semáforo;Cruzamento;0;1;1;1;1;0;0;0;0;0;0;0;0;(-38.5272608 -3.7378222);
GDM5462;2022-11-07 20:00:00;Avenida General Murilo Borges;;;AEROLANDIA;972220;Colisão Lateral;Luz do Dia;Bom;Seca;Meio de quadra;Não há Controle;Longo da via;0;1;0;1;1;0;0;0;0;0;0;0;0;(-38.50796894245181 -3.76401224467845);
DFL6621;2022-11-17 14:30:00;AV JOAO PESSOA;;;COUTO FERNANDES;972090;Colisão Traseira;Não informado;Bom;Seca;Meio de quadra;Não informado;Longo da via;0;1;1;1;1;0;0;0;0;0;0;0;0;(-38.55611828207388 -3.75995870864717);
HTP3998;2022-11-07 11:30:00;Rua Capitão Aragão;RUA CAP VASCONCELOS D46;;AEROLANDIA;972218;Colisão Traseira;Luz do Dia;Nublado;Molhada;Outros;Semáforo;Longo da via;0;0;1;1;1;0;0;0;0;0;0;0;0;(-38.51678267155621 -3.765516393227636);
WCC2367;2022-11-17 22:00:00;Avenida Presidente Costa e Silva;;;MONDUBIM;971834;Atropelamento;Via Iluminada;Bom;Seca;Meio de quadra;Não há Controle;Longo da via;0;1;1;0;0;0;0;0;1;0;0;0;0;(-38.5705409 -3.8135071);
SZH5197;2022-11-17 23:35:00;AV 13 DE MAIO;RUA TEREZA CRISTINA;;BENFICA;971264;Colisão Transversal;Via Iluminada;Bom;Seca;T;Semáforo;Cruzamento;0;1;1;1;0;0;1;0;0;0;0;0;0;(-38.54099679999999 -3.7393052);
GFN5019;2022-11-07 10:00:00;Rua José Carlos Gurgel Nogueira;RUA FAUSTO CABRAL;;PAPICU;972217;Colisão Frontal;Luz do Dia;Nublado;Molhada;Cruz;Semáforo;Longo da via;0;0;2;0;2;0;0;0;0;0;0;0;0;(-38.47466663147598 -3.734265970382873);
VOV4193;2022-11-25 23:30:00;RUA GOMES BRASIL;AV GAL OSORIO DE PAIVA;;PARANGABA;972426;Colisão Frontal;Via Iluminada;Bom;Seca;Não informado;Semáforo;Cruzamento;0;1;1;1;1;0;0;0;0;0;0;0;0;(-38.5664728 -3.775654);
KLS2519;2022-11-25 18:00:00;RUA DOMINGOS GOMES;RUA DEP OSWALDO STUDART;;FATIMA;972308;Colisão Lateral;Luz do Dia;Bom;Seca;Não informado;Não há Controle;Cruzamento;0;1;1;1;1;0;0;0;0;0;0;0;0;(-38.5277938 -3.7532412);
XZX9684;2022-11-26 14:15:00;AV DOMINGOS OLIMPIO;;;CENTRO;971765;Colisão Traseira;Luz do Dia;Bom;Seca;Meio de quadra;Semáforo Danificado;Longo da via;0;0;2;0;2;0;0;0;0;0;0;0;0;(-38.53762343374498 -3.734530276127458);
BBW6819;2022-11-07 14:30:00;Rua Mucambinho;;;MESSEJANA;972092;Colisão Traseira;Luz do Dia;Bom;Seca;Não informado;Não há Controle;Longo da via;0;0;2;0;2;0;0;0;0;0;0;0;0;(-38.50707307694701 -3.829662417297988);
VNC0112;2022-11-07 07:00:00;Avenida Presidente Juscelino Kubitschek;;;PASSARE;972020;Queda;Amanhecer;Nublado;Molhada;Meio de quadra;Semáforo;Longo da via;0;0;0;1;0;0;0;0;0;0;0;0;0;(-38.5391504 -3.8253644);
KIT5458;2022-11-26 13:09:00;Rua Vicente Leite;;;ALDEOTA;967287;Outros;Luz do Dia;Bom;Seca;Meio de quadra;Não há Controle;Longo da via;0;1;0;0;1;0;0;0;0;0;0;0;0;(-38.4937329 -3.7327225);
VJM0004;2022-11-27 13:10:00;AV ABOLIÇÃO;;;MEIRELES;969200;Colisão Traseira;Luz do Dia;Bom;Seca;Não informado;Não há Controle;Longo da via;0;1;1;1;1;0;0;0;0;0;0;0;0;(-38.49087789761379 -3.726613113615839);
AFG3174;2022-11-27 12:35:00;RUA JOSE MATIAS DOS SANTOS;;;JANGURUSSU;971888;Colisão Traseira;Luz do Dia;Bom;Seca;T;Não há Controle;Cruzamento;0;0;2;0;2;0;0;0;0;0;0;0;0;(-38.5150619 -3.8476311);
IWI0291;2022-11-27 16:00:00;RUA VITAL BRASIL;RUA TAUBATE;;GRANJA PORTUGAL;971457;Colisão Transversal;Luz do Dia;Bom;Seca;Cruz;Pare;Cruzamento;0;1;1;0;2;0;0;0;0;0;0;0;0;(-38.597986 -3.778001);
MST5010;2022-11-27 13:00:00;Rua Homem de Melo;;;MESSEJANA;970840;Colisão Traseira;Luz do Dia;Bom;Seca;Meio de quadra;Não há Controle;Longo da via;0;0;2;0;2;0;0;0;0;0;0;0;0;(-38.49709989999999 -3.8168693);
LJD2913;2022-11-05 00:50:00;Avenida Jornalista Tomaz Coelho;;;MESSEJANA;971643;Atropelamento;Mal Iluminada;Bom;Seca;Outros;Semáforo;Longo da via;0;0;0;0;1;0;0;0;0;0;0;0;0;(-38.50290492636503 -3.831589293317662);
HLW1964;2022-11-16 16:40:00;Avenida Viena Weyne;;;CAMBEBA;971791;Colisão Lateral;Luz do Dia;Bom;Seca;Meio de quadra;Não há Controle;Longo da via;0;1;1;1;1;0;0;0;0;0;0;0;0;(-38.48615720763636 -3.801799172463256);
VTW2629;2022-11-04 16:40:00;Avenida Presidente Costa e Silva;RUA BERNARDO MANUEL;;PREFEITO JOSE VALTER;971189;Queda;Luz do Dia;Bom;Material Derrapante;Cruz;Semáforo;Longo da via;0;0;0;1;0;0;0;0;0;0;0;0;0;(-38.55801359440475 -3.821098471425104);
BVC6969;2022-11-03 11:40:00;Avenida Rui Barbosa;RUA TOMAS POMPEU;;MEIRELES;972170;Colisão Transversal;Luz do Dia;Bom;Seca;Cruz;Pare;Longo da via;0;2;1;1;1;0;0;0;0;0;0;0;0;(-38.5061693 -3.7258843);
GVE1003;2022-11-21 20:40:00;RUA PRISCO BEZERRA;RUA FAUSTO CABRAL;;VICENTE PINZON;970571;Colisão Transversal;Via Iluminada;Bom;Seca;Cruz;Pare;Cruzamento;0;0;2;1;1;0;0;0;0;0;0;0;0;(-38.4711664 -3.7352062);
EFS6374;2022-11-03 10:50:00;Avenida da Abolição;;;MUCURIPE;972169;Colisão Traseira;Luz do Dia;Bom;Seca;Meio de quadra;Outros;Longo da via;0;0;2;1;0;1;0;0;0;0;0;0;0;(-38.48551348574455 -3.72574390760696);
GME5170;2022-11-21 21:25:00;AV ENG SANTANA JUNIOR;RUA PRO HERACLITO;;VARJOTA;968730;Colisão Lateral;Amanhecer;Bom;Seca;Não informado;Pare;Cruzamento;0;1;1;1;0;0;0;1;0;0;0;0;0;(-38.4794097 -3.7314039);
GWU6436;2022-11-03 23:30:00;Avenida Dom Manuel;;;CENTRO;971414;Colisão Lateral;Via Iluminada;Bom;Seca;Meio de quadra;Não há Controle;Longo da via;0;0;2;0;1;0;2;0;0;0;0;0;0;(-38.52179305459852 -3.730492077150011);
UAM2275;2022-11-20 12:00:00;RUA ALBERTO MAGNO;RUA PRO COSTA MENDES;;BOM FUTURO;972402;Colisão Transversal;Luz do Dia;Bom;Seca;Cruz;Semáforo;Cruzamento;1;0;1;1;1;0;0;0;0;0;0;0;0;(-38.5435607 -3.7575175);
ERL7027;2022-11-04 00:00:00;Estrada Barão de Aquiraz;;;MESSEJANA;970835;Choque c/ Obstáculo Fixo;Via Iluminada;Bom;Seca;Duplo T;Semáforo;Longo da via;0;0;1;0;1;0;0;0;0;0;0;0;0;(-38.48891452070137 -3.836133492073683);
RZK2248;2022-11-03 22:50:00;Avenida Barão de Studart;RUA DEP MOREIRA DA ROCHA;;MEIRELES;968346;Colisão Lateral;Via Iluminada;Bom;Seca;Não informado;Gesto;Longo da via;0;0;2;0;1;0;1;0;0;0;0;0;0;(-38.50418519999999 -3.7273189);
IXX4218;2022-11-20 07:20:00;Rua Gaudioso de Carvalho;;;JARDIM IRACEMA;972401;Choque c/ Obstáculo Fixo;Amanhecer;Bom;Seca;Meio de quadra;Pare;Longo da via;0;0;0;0;1;0;0;0;0;0;0;0;0;(-38.58015791204424 -3.720489174325551);
QIS6199;2022-11-20 23:30:00;Avenida Rogaciano Leite;;;SALINAS;972255;Colisão Traseira;Via Iluminada;Bom;Seca;Cruz;Semáforo;Cruzamento;0;3;0;2;0;0;0;0;0;0;0;0;0;(-38.4949099 -3.7641936);
BXD7389;2022-11-20 12:00:00;AV DR THEBERGE;AV SGT HERMINIO SAMPAIO;;PRESIDENTE KENNEDY;970478;Colisão Transversal;Luz do Dia;Bom;Seca;Cruz;Semáforo;Cruzamento;0;1;1;1;1;0;0;0;0;0;0;0;0;(-38.5693215 -3.7278979);
VHE1382;2022-11-20 22:00:00;Avenida Doutor Theberge;RUA MANACA;;ALVARO WEYNE;951643;Colisão Transversal;Via Iluminada;Bom;Seca;Cruz;Pare;Cruzamento;0;1;1;1;1;0;0;0;0;0;0;0;0;(-38.5637496 -3.7110864);
HSY5357;2022-11-16 23:00:00;Avenida Presidente Juscelino Kubitschek;;;PASSARE;971507;Colisão Lateral;Mal Iluminada;Bom;Seca;Meio de quadra;Não há Controle;Longo da via;0;1;1;1;1;0;0;0;0;0;0;0;0;(-38.53457108926917 -3.820549171664612);
FAW0270;2022-11-01 23:00:00;Rua 12 de Julho;RUA JULIO BRAGA;;JOAO XXIII;972235;Colisão Lateral;Via Iluminada;Bom;Seca;Cruz;Pare;Longo da via;0;1;1;2;0;0;0;0;0;0;0;0;0;(-38.5843925 -3.7732264);
PXE9344;2022-11-01 13:00:00;RUA IPE;RUA ERETIDES MARTINS;;MONTE CASTELO;972119;Colisão Lateral;Luz do Dia;Bom;Seca;T;Outros;Longo da via;0;1;1;1;1;0;0;0;0;0;0;0;0;(-38.55912403399865 -3.729999596269851);
GFN5560;2022-11-07 22:50:00;Avenida Francisco Sá;;;ALVARO WEYNE;971443;Colisão Lateral;Mal Iluminada;Bom;Seca;Meio de quadra;Outros;Longo da via;0;1;1;1;1;0;0;0;0;0;0;0;0;(-38.56357113168608 -3.715289279433632);
SXG0173;2022-11-16 22:20:00;Avenida Visconde do Rio Branco;;;JOSE BONIFACIO;971265;Colisão Traseira;Via Iluminada;Bom;Seca;Meio de quadra;Outros;Longo da via;0;1;1;1;1;0;0;0;0;0;0;0;0;(-38.52257088074123 -3.743459079603187);
PWW8482;2022-11-07 18:15:00;Avenida Frei Cirilo;;;MESSEJANA;971436;Colisão Lateral;Luz do Dia;Bom;Seca;Meio de quadra;Semáforo;Longo da via;0;1;1;1;1;0;0;0;0;0;0;0;0;(-38.49601700592095 -3.820579279455967);
VLW9600;2022-11-25 21:40:00;Avenida Lineu Machado;;;JOQUEI CLUBE;971492;Colisão Lateral;Luz do Dia;Bom;Seca;Meio de quadra;Pare;Longo da via;0;1;0;0;3;0;0;0;0;0;0;0;0;(-38.58120397449835 -3.774088250646654);
ZZS0491;2022-11-25 18:00:00;RUA PRO HERIBALTO COSTA;;;HENRIQUE JORGE;969592;Colisão Transversal;Luz do Dia;Bom;Seca;Não informado;Pare;Longo da via;0;1;1;1;1;0;0;0;0;0;0;0;0;(-38.58312979939814 -3.758516861377505);
SSZ7110;2022-11-07 21:30:00;Avenida Pontes Vieira;AV VIS RIO BRANCO;;FATIMA;970748;Atropelamento;Via Iluminada;Bom;Seca;Cruz;Semáforo;Longo da via;0;0;1;0;0;0;0;1;0;0;0;0;0;(-38.52036981507054 -3.753552636354002);
VGK1034;2022-11-24 18:05:00;RUA VERBENA ;RUA SAO FRANCISCO D34;;BONSUCESSO;972381;Colisão Lateral;Luz do Dia;Bom;Seca;Cruz;Pare;Cruzamento;1;1;1;1;2;0;0;0;0;0;0;0;0;(-38.589615 -3.78413);
ZHM2092;2022-11-24 22:30:00;AV DOM MANUEL;RUA FRANKLIN TAVORA;;CENTRO;972328;Atropelamento;Via Iluminada;Bom;Seca;Cruz;Pare;Cruzamento;0;1;0;1;0;0;0;0;0;0;0;0;0;(-38.521624 -3.7300486);
MJF3624;2022-11-07 22:00:00;Rua Meton de Alencar;RUA SOLON PINHEIRO;;CENTRO;970746;Colisão Transversal;Via Iluminada;Bom;Seca;Cruz;Semáforo;Longo da via;0;0;1;1;0;0;0;1;0;0;0;0;0;(-38.52758124869462 -3.734667447431886);
PBY8806;2022-11-24 14:50:00;RUA VALDETARIO MOTA;AV ENG ALBERTO SA;;PAPICU;972307;Colisão Transversal;Luz do Dia;Bom;Seca;Cruz;Semáforo;Cruzamento;0;1;1;1;1;0;0;0;0;0;0;0;0;(-38.4786897 -3.7337748);
OTE6582;2022-11-07 10:30:00;Rua Professor José Silveira;RUA TRAJANO DE MORAES;;PASSARE;970598;Colisão Transversal;Luz do Dia;Nublado;Molhada;Cruz;Pare;Longo da via;0;1;1;1;1;0;0;0;0;0;0;0;0;(-38.5234189 -3.810011);
CLG2603;2022-11-24 19:00:00;Avenida Sargento Hermínio Sampaio;;;MONTE CASTELO;972256;Colisão Transversal;Luz do Dia;Bom;Seca;Meio de quadra;Não há Controle;Longo da via;0;1;1;1;1;0;0;0;0;0;0;0;0;(-38.5646127 -3.7272446);
OAA1724;2022-11-22 22:00:00;AV AUGUSTO DOS ANJOS;;;VILA PERY;972411;Colisão Lateral;Via Iluminada;Bom;Seca;T;Não informado;Longo da via;0;0;2;1;1;0;0;0;0;0;0;0;0;(-38.58125594730725 -3.782601059786017);
QLE0188;2022-11-22 11:40:00;Avenida Presidente Castelo Branco;;;CARLITO PAMPLONA;972176;Colisão Traseira;Luz do Dia;Bom;Seca;Meio de quadra;Outros;Longo da via;0;1;2;0;2;0;0;0;0;0;0;0;0;(-38.554985 -3.7120792);
BHC3950;2022-11-07 10:50:00;Avenida José Jatahy;;;PARQUE ARAXA;960764;Queda;Amanhecer;Chuva;Molhada;Não informado;Semáforo;Longo da via;0;0;0;1;0;0;0;0;0;0;0;0;0;(-38.54422703136205 -3.735475754000172);
GKJ2193;2022-11-05 15:30:00;Avenida João Pessoa;RUA ANA NERY;;DAMAS;971877;Colisão Transversal;Luz do Dia;Bom;Seca;Cruz;Pare;Longo da via;0;0;3;0;3;0;0;0;0;0;0;0;0;(-38.54680196315213 -3.749463086697172);
VCR7036;2022-11-05 13:00:00;Avenida Oscar Araripe;AV GAL OSORIO DE PAIVA;;BOM JARDIM;971819;Colisão Traseira;Luz do Dia;Bom;Seca;Cruz;Semáforo;Longo da via;0;0;1;0;2;0;0;0;0;0;0;0;0;(-38.59187380121123 -3.794126836663087);
TYB2873;2022-11-05 11:00:00;Avenida Doutor Silas Munguba;;;SERRINHA;971818;Colisão Traseira;Luz do Dia;Bom;Seca;Meio de quadra;Semáforo;Longo da via;0;0;3;0;3;0;0;0;0;0;0;0;0;(-38.5479284836495 -3.787639387671191);
BDX7000;2022-11-05 12:30:00;Rua Joaquim Frota;RUA MIN ABNER VASCONCELOS;;ALAGADICO;971762;Colisão Transversal;Luz do Dia;Bom;Seca;Cruz;Pare;Longo da via;0;0;1;2;0;0;0;0;0;0;0;0;0;(-38.47864703188125 -3.801947038385256);
BDX2982;2022-10-15 22:55:00;Avenida Aguanambi;;;FATIMA;966233;Choque c/ Obstáculo Fixo;Não informado;Bom;Seca;Meio de quadra;Outros;Longo da via;0;0;0;0;1;0;0;0;0;0;0;0;0;(-38.52369738741542 -3.757960161660388);
ZFN6630;2022-10-11 22:30:00;Avenida Senador Virgílio Távora;;;DIONISIO TORRES;45139;Colisão Lateral;Via Iluminada;Bom;Seca;Meio de quadra;Outros;Longo da via;0;1;1;1;1;0;0;0;0;0;0;0;0;(-38.49123732484406 -3.730925674218183);
RTK7449;2022-12-03 23:00:00;Rua Tibúrcio Frota;RUA CAP GUSTAVO;;SAO JOAO DO TAUAPE;972084;Colisão Transversal;Via Iluminada;Bom;Seca;Cruz;Pare;Longo da via;0;0;0;1;1;0;0;0;0;0;0;0;0;(-38.51673976107126 -3.755281708416165);
BNS7833;2022-12-03 18:00:00;Rua Ministro Joaquim Bastos;RUA EUSEBIO DE SOUZA;;FATIMA;971994;Choque c/ Obstáculo Fixo;Luz do Dia;Bom;Seca;T;Não há Controle;Longo da via;0;0;1;0;1;0;0;0;0;0;0;0;0;(-38.53110300000001 -3.7513025);
DRJ0147;2022-12-03 13:10:00;Rua Cônego de Castro;RUA CORACAO DE MARIA;;CONJUNTO ESPERANCA;971993;Colisão Traseira;Luz do Dia;Bom;Seca;Cruz;Pare;Longo da via;0;0;2;0;1;0;1;1;0;0;0;0;0;(-38.5962967 -3.8100052);
TFW0330;2022-12-03 07:40:00;Avenida Barão de Studart;;;ALDEOTA;971948;Choque c/ Obstáculo Fixo;Amanhecer;Bom;Seca;Meio de quadra;Não há Controle;Longo da via;0;0;0;0;1;0;0;0;0;0;0;0;0;(-38.50922957684188 -3.742969951611967);