COD_ACIDENTE;DATA;LOG1;LOG2;NUMERO;BAIRRO;AMC;NATUREZA;ILUMINACAO;TEMPO;SUPERFICIEPISTA;TIPOCRUZAMENTO;CONTROLETRAFEGO;USOSOLO;MORTOS;FERIDOS;ILESOS;MOTOCICLETA;AUTOMOVEL;MICROONIBUS;CAMINHAO;ONIBUS;CICLOMOTOR;BICICLETA;OUTROS;TREM;TRACAOANIMAL;COORDENADAS
KYZ4529;2022-12-03 07:10:00;Rua Monsenhor Hipólito Brasil;RUA RIBEIRO LEITAO;;HENRIQUE JORGE;971385;Colisão Transversal;Luz do Dia;Bom;Seca;Cruz;Pare;Longo da via;0;0;1;1;1;0;0;0;0;0;0;0;0;(-38.5761936123719 -3.760340184285031);
GOD0562;2022-12-03 04:00:00;Rua 15 de Novembro;RUA BAR CANINDE;;MONTESE;970415;Colisão Lateral;Via Iluminada;Bom;Seca;Cruz;Semáforo;Longo da via;0;0;0;0;2;0;0;0;0;0;0;0;0;(-38.55675298127393 -3.768637091713444);
MHY0119;2022-12-02 10:15:00;Rua 2 de Maio;RUA SAO FRANCISCO D34;;PICI;971386;Colisão Transversal;Luz do Dia;Bom;Seca;Cruz;Não há Controle;Longo da via;0;0;1;1;1;0;0;0;0;0;0;0;0;(-38.57901528754939 -3.752380431777745);
JDU1195;2022-12-01 11:00:00;Avenida Bernardo Manuel;;;ITAPERI;972281;Colisão Traseira;Luz do Dia;Nublado;Seca;T;Semáforo;Longo da via;0;3;0;2;0;0;0;0;0;0;0;0;0;(-38.5550968 -3.8105975);
LFF6791;2022-12-01 23:30:00;Rua 26º Batalhão;RUA OSCAR BENEVIDES;;MONDUBIM;972067;Colisão Lateral;Mal Iluminada;Bom;Seca;Cruz;Pare;Longo da via;0;1;1;0;2;0;0;0;0;0;0;0;0;(-38.56999770246107 -3.811501398004408);
URN8573;2022-12-01 18:07:00;Rua Máximo Linhares;;;CAMBEBA;971991;Colisão Transversal;Luz do Dia;Bom;Seca;Meio de quadra;Não informado;Longo da via;0;0;2;1;1;0;0;0;0;0;0;0;0;(-38.49266425133381 -3.798805049357833);
ASP3887;2022-12-01 19:00:00;Rua São Paulo;RUA AGAPITO DOS SANTOS;;CENTRO;971656;Colisão Transversal;Luz do Dia;Bom;Seca;Cruz;Pare;Longo da via;0;0;0;0;2;0;0;0;0;0;0;0;0;(-38.53787020490539 -3.722644468568266);
QOH1129;2022-12-01 10:00:00;Avenida Borges de Melo;;;JARDIM AMERICA;971493;Colisão Transversal;Não informado;Bom;Não informado;Meio de quadra;Não informado;Longo da via;0;2;1;1;1;0;0;0;0;0;0;0;0;(-38.534877505391 -3.755898751801777);
OGP8768;2022-10-11 09:30:00;Avenida Doutor Corrêa Lima;AV EDILSON B SOARES;;EDSON QUEIROZ;971830;Colisão;Luz do Dia;Bom;Seca;Outros;Não informado;Cruzamento;0;2;1;1;1;0;0;0;0;0;0;0;0;(-38.4592776 -3.7876613);
EQS4511;2022-12-01 22:00:00;Rua Eduardo Perdigão;;;PARANGABA;971262;Colisão Transversal;Via Iluminada;Bom;Seca;Cruz;Cancela;Longo da via;0;0;2;0;1;0;0;0;0;0;0;1;0;(-38.5639655 -3.7765172);
TKS7438;2022-10-11 20:30:00;Avenida Almirante Henrique Sabóia;;;SAO JOAO DO TAUAPE;971920;Colisão Lateral;Via Iluminada;Bom;Seca;Meio de quadra;Não há Controle;Longo da via;0;1;1;0;2;0;0;0;0;0;0;0;0;(-38.50364362982393 -3.754819937027049);
VLD9433;2022-12-01 10:30:00;Avenida Bernardo Manuel;;;PARQUE DOIS IRMAOS;969908;Colisão Lateral;Luz do Dia;Nublado;Seca;Outros;Semáforo;Longo da via;0;1;1;1;1;0;0;0;0;0;0;0;0;(-38.55332508515043 -3.804698276615099);
UEA3221;2022-10-11 14:23:00;Avenida Alberto Craveiro;;;CASTELAO;971999;Colisão Lateral;Luz do Dia;Bom;Seca;Rotatória;Dê Preferência;Longo da via;0;1;1;1;1;0;0;0;0;0;0;0;0;(-38.52460457161194 -3.806948788976445);
KCV5765;2022-11-27 12:35:00;Rua N;RUA H CJ SANTA CECILIA;;JANGURUSSU;971888;Colisão Traseira;Luz do Dia;Bom;Seca;T;Não há Controle;Cruzamento;0;0;3;0;2;0;0;0;0;0;0;0;0;(-38.54873869690165 -3.833775214736123);
HBE4934;2022-11-28 16:50:00;Rua Tibúrcio Cavalcante;RUA FRANCISCO HOLANDA;;ALDEOTA;971665;Colisão Transversal;Luz do Dia;Bom;Seca;Cruz;Pare;Cruzamento;0;1;1;1;1;0;0;0;0;0;0;0;0;(-38.50649 -3.7480921);
TMZ6808;2022-11-09 12:30:00;Avenida Domingos Olímpio;;;BENFICA;972219;Engavetamento;Luz do Dia;Bom;Seca;Meio de quadra;Semáforo;Longo da via;0;0;3;0;3;0;0;0;0;0;0;0;0;(-38.5360927 -3.734921);
KUP5127;2022-10-14 22:30:00;Rua Carlos Araújo;RUA JOAO TINOCO;;QUINTINO CUNHA;965724;Colisão Transversal;Mal Iluminada;Bom;Seca;Cruz;Pare;Cruzamento;0;0;2;1;1;0;0;0;0;0;0;0;0;(-38.5898316 -3.728781699999999);
QKG5556;2022-11-17 15:40:00;Avenida Dom Manuel;;;CENTRO;971189;Colisão Lateral;Não informado;Bom;Seca;Meio de quadra;Semáforo;Longo da via;0;0;2;0;1;0;0;1;0;0;0;0;0;(-38.52441116825379 -3.738475866311288);
AKR3027;2022-11-17 17:35:00;Rua Monsenhor Antero;RUA VIRGILIO PAES;;CIDADE DOS FUNCIONRAIOS;970969;Colisão Lateral;Luz do Dia;Bom;Seca;Cruz;Pare;Cruzamento;0;0;2;1;1;0;0;0;0;0;0;0;0;(-38.4932436965122 -3.796692764527782);
DPJ6686;2022-11-10 09:45:00;Avenida General Osório de Paiva;;;PARANGABA;972339;Colisão Lateral;Luz do Dia;Bom;Seca;Meio de quadra;Outros;Longo da via;0;1;1;0;0;0;0;1;0;1;0;0;0;(-38.57552305650854 -3.781442945283735);
FZM8040;2022-11-05 23:50:00;Rua São João;;;BONSUCESSO;960880;Choque c/ Obstáculo Fixo;Mal Iluminada;Bom;Seca;Meio de quadra;Não há Controle;Longo da via;0;0;1;0;1;0;0;0;0;0;0;0;0;(-38.5941292 -3.7729511);
GKV3562;2022-11-06 10:00:00;RUA TIBURCIO CAVALCANTE;AV DOM LUIS;;ALDEOTA;969184;Choque c/ Obstáculo Fixo;Luz do Dia;Bom;Seca;T;Semáforo;Cruzamento;0;0;1;0;1;0;0;0;0;0;0;0;0;(-38.5013043 -3.7319799);
PPN3701;2022-11-19 10:30:00;Avenida Val Paraíso;;;JANGURUSSU;972175;Colisão Traseira;Luz do Dia;Bom;Seca;Meio de quadra;Outros;Longo da via;0;0;3;0;3;0;0;0;0;0;0;0;0;(-38.5189138 -3.8463738);
QSC3702;2022-11-19 09:45:00;AV JOR TOMAS COELHO;AV CASTELO DE CASTRO;;JANGURUSSU;972174;Colisão Transversal;Luz do Dia;Bom;Seca;Cruz;Semáforo;Cruzamento;0;1;0;1;1;0;0;0;0;0;0;0;0;(-38.5214356 -3.8286703);
GUA9498;2022-11-19 23:00:00;Rua Londrina;TR NOSSA SRA DE FATIMA;;GRANJA PORTUGAL;972167;Choque c/ Obstáculo Fixo;Não informado;Bom;Seca;T;Não há Controle;Cruzamento;0;1;0;0;1;0;0;0;0;0;0;0;0;(-38.6043089 -3.7807435);
SOS2386;2022-11-19 21:30:00;Avenida Oliveira Paiva;;;CIDADE DOS FUNCIONRAIOS;970410;Queda;Via Iluminada;Bom;Seca;Meio de quadra;Não há Controle;Longo da via;0;1;0;2;0;0;0;0;0;0;0;0;0;(-38.50137606499938 -3.797782696116618);
PSZ6677;2022-11-29 19:50:00;Avenida Jornalista Tomaz Coelho;RUA PAULINA ARRUDA;;BARROSO;968825;Colisão Transversal;Luz do Dia;Bom;Seca;Cruz;Outros;Cruzamento;0;1;1;1;0;0;1;0;0;0;0;0;0;(-38.5120734 -3.8290618);
AIM4660;2022-11-29 10:50:00;RUA JOAO ALENCAR;AV DIOGUINHO;;PRAIA DO FUTURO II;960957;Colisão Lateral;Luz do Dia;Bom;Seca;Cruz;Semáforo;Cruzamento;0;0;0;0;0;0;0;0;0;0;0;0;0;(-38.44866595630717 -3.750338040325219);
MAB6450;2022-11-29 20:30:00;Rua Azevedo Bolão;;;PARQUELANDIA;972066;Colisão Transversal;Via Iluminada;Bom;Seca;Meio de quadra;Outros;Longo da via;0;0;1;1;1;0;0;0;0;0;0;0;0;(-38.5542129 -3.7359883);
EWE9748;2022-11-29 16:40:00;AV BORGES DE MELO;;;ALTO DA BALANCA;972440;Atropelamento;Luz do Dia;Bom;Seca;Meio de quadra;Não há Controle;Longo da via;0;0;1;0;0;0;0;1;0;0;0;0;0;(-38.52026954775224 -3.761262884589491);
YOV2404;2022-11-30 06:30:00;Avenida Bezerra de Menezes;;;PRESIDENTE KENNEDY;970245;Choque c/ Obstáculo Fixo;Via Iluminada;Bom;Seca;Meio de quadra;Semáforo;Longo da via;0;0;0;0;1;0;0;0;0;0;0;0;0;(-38.5663351 -3.7363689);
HPD2728;2022-11-30 12:10:00;RUA JOSE MATIAS DOS SANTOS;;;PREFEITO JOSE VALTER;971820;Choque c/ Obstáculo Fixo;Luz do Dia;Bom;Seca;Meio de quadra;Não há Controle;Longo da via;0;0;1;0;1;0;0;0;0;0;0;0;0;(-38.55256698526175 -3.832615537016913);
VCH8408;2022-11-30 13:10:00;AV BEZERRA DE MENEZES;RUA PRO NOGUEIRA;;PRESIDENTE KENNEDY;972270;Colisão Lateral;Luz do Dia;Nublado;Seca;Cruz;Semáforo;Cruzamento;0;0;2;1;1;0;0;0;0;0;0;0;0;(-38.5499536 -3.7327593);
HGB3801;2022-11-30 10:30:00;Rua Equador;;;ITAPERI;972272;Colisão Transversal;Luz do Dia;Nublado;Seca;Meio de quadra;Semáforo;Longo da via;0;1;1;1;1;0;0;0;0;0;0;0;0;(-38.55583562990658 -3.782952416382189);
GER3133;2022-11-30 10:30:00;Rua José Matias dos Santos;;;PREFEITO JOSE VALTER;972288;Choque c/ Obstáculo Fixo;Luz do Dia;Bom;Seca;Meio de quadra;Não há Controle;Longo da via;0;1;0;0;1;0;0;0;0;0;0;0;0;(-38.53363121328249 -3.837851024979903);
KNK8329;2022-12-01 00:40:00;Avenida José Bastos;RUA CANDIDO JUCA;;BENFICA;972454;Colisão Transversal;Mal Iluminada;Bom;Seca;T;Pare;Cruzamento;0;1;1;1;1;0;0;0;0;0;0;0;0;(-38.54450062469652 -3.743871258382319);
UES2432;2022-11-01 23:00:00;Avenida L;RUA 56 CJ JOSE WALTER;;PREFEITO JOSE VALTER;971875;Colisão Transversal;Luz do Dia;Bom;Seca;Cruz;Outros;Longo da via;0;0;1;1;1;0;0;0;0;0;0;0;0;(-38.55782047009149 -3.832135240734299);
KZO4542;2022-11-01 11:20:00;Avenida João Pessoa;RUA JOAO SORONGO;;JARDIM AMERICA;971777;Colisão Transversal;Luz do Dia;Bom;Seca;Cruz;Pare;Longo da via;0;0;3;0;2;0;0;1;0;0;0;0;0;(-38.54611904469497 -3.748724297620685);
UIO9209;2022-11-01 21:00:00;Avenida Desembargador Moreira;AV PDE ANTONIO TOMAS;;ALDEOTA;971523;Atropelamento;Via Iluminada;Bom;Seca;Cruz;Semáforo;Longo da via;0;1;0;1;0;0;0;0;0;0;0;0;0;(-38.49961118462807 -3.740223870924062);
HCF5731;2022-11-01 12:42:00;Rua Via Láctea;;;VILA UNIAO;970735;Colisão Traseira;Luz do Dia;Bom;Seca;Meio de quadra;Não há Controle;Longo da via;0;0;0;0;2;0;0;0;0;0;0;0;0;(-38.5294076 -3.7627303);
JIZ2551;2022-11-01 16:40:00;Rua Raul Uchôa;;;MONTESE;970081;Colisão Transversal;Não informado;Bom;Seca;Meio de quadra;Não há Controle;Longo da via;0;0;1;1;1;0;0;0;0;0;0;0;0;(-38.54474202480648 -3.76124481867558);
GCW0316;2022-11-01 19:15:00;Rua Barão de Canindé;RUA DOM CARLOTO TAVORA;;MONTESE;970079;Colisão Transversal;Luz do Dia;Bom;Seca;Cruz;Pare;Longo da via;0;0;2;1;1;0;0;0;0;0;0;0;0;(-38.55712847474342 -3.769638068101936);
YVC4045;2022-10-15 23:00:00;Avenida General Osório de Paiva;;;CANINDEZINHO;968707;Choque c/ Obstáculo Fixo;Via Iluminada;Bom;Seca;Meio de quadra;Não há Controle;Longo da via;0;0;0;0;1;0;0;0;0;0;0;0;0;(-38.60237196871281 -3.805238888542075);
DLW3938;2022-10-15 13:15:00;Avenida Frei Cirilo;RUA PAULO SETUBAL;;MESSEJANA;970169;Colisão Transversal;Luz do Dia;Bom;Seca;T;Semáforo;Longo da via;0;0;0;1;1;0;0;0;0;0;0;0;0;(-38.49607049999999 -3.820461299999999);
SLR2215;2022-10-15 11:50:00;Avenida Bernardo Manuel;;;SERRINHA;971073;Colisão Lateral;Luz do Dia;Bom;Seca;Meio de quadra;Não informado;Longo da via;0;0;1;0;2;0;0;0;0;0;0;0;0;(-38.54678586726595 -3.783897841754975);
QKZ1973;2022-10-15 19:30:00;Avenida Rui Barbosa;AV HIS RAIMUNDO GIRAO;;MEIRELES;971785;Colisão Traseira;Luz do Dia;Bom;Seca;Meio de quadra;Não há Controle;Longo da via;0;1;1;1;1;0;0;0;0;0;0;0;0;(-38.5053971 -3.7235718);
EBI5443;2022-10-13 11:00:00;Avenida Treze de Maio;RUA MARTINHO RODRIGUES;;FATIMA;971817;Colisão;Luz do Dia;Bom;Seca;Cruz;Semáforo;Cruzamento;0;1;1;1;1;0;0;0;0;0;0;0;0;(-38.5252555 -3.7528739);
KAJ5827;2022-10-15 23:00:00;Avenida Senador Virgílio Távora;RUA SILVA JATAHY;;ALDEOTA;971917;Engavetamento;Via Iluminada;Não informado;Seca;Não informado;Não há Controle;Cruzamento;0;1;1;0;3;0;0;0;0;0;0;0;0;(-38.4909807 -3.729903);
UBE4268;2022-10-12 19:15:00;Avenida Senador Fernandes Távora;;;HENRIQUE JORGE;UBE4268;Não informado;Não informado;Não informado;Não informado;Não informado;Não informado;Longo da via;0;0;0;0;0;0;0;0;0;0;0;0;0;(-38.5868083 -3.7598014);
NQS6625;2022-10-10 16:00:00;Rua Pinho Pessoa;RUA BAR ARACATI;;JOAQUIM TVORA;972031;Colisão Transversal;Luz do Dia;Bom;Seca;Cruz;Pare;Cruzamento;0;1;1;0;2;0;0;0;0;0;0;0;0;(-38.5159072 -3.7448802);
HMX8483;2022-10-10 22:23:00;AV JULIO VENTURA;RUA DR JOSE LOURENCO;;ALDEOTA;972017;Colisão Transversal;Via Iluminada;Bom;Seca;Cruz;Semáforo;Cruzamento;0;0;2;0;2;0;0;0;0;0;0;0;0;(-38.5090914 -3.7387441);
FTT6838;2022-10-10 11:00:00;Avenida Rui Barbosa;AV ANTONIO SALES;;ALDEOTA;971829;Colisão Lateral;Luz do Dia;Bom;Seca;Cruz;Semáforo;Cruzamento;0;1;1;1;1;0;0;0;0;0;0;0;0;(-38.511553 -3.7426314);
EUS9110;2022-10-14 18:00:00;ESTRADA DO ITAPERI;RUA ELDORADO;;PASSARE;972041;Colisão Transversal;Luz do Dia;Bom;Seca;T;Não há Controle;Cruzamento;0;1;1;1;1;0;0;0;0;0;0;0;0;(-38.5284449 -3.8184512);
CIX3002;2022-10-10 19:20:00;Avenida Jornalista Tomaz Coelho;RUA ROSITA;;MESSEJANA;970744;Colisão Transversal;Luz do Dia;Bom;Seca;T;Outros;Cruzamento;0;1;1;1;0;0;0;1;0;0;0;0;0;(-38.50630749802593 -3.830700371755519);
CAP9430;2022-10-09 19:30:00;Avenida Dom Manuel;;;CENTRO;971943;Choque c/ Obstáculo Fixo;Luz do Dia;Bom;Seca;Meio de quadra;Semáforo;Longo da via;0;0;1;0;1;0;0;0;0;0;0;0;0;(-38.5200276 -3.725421699999999);
RBT8699;2022-10-09 22:50:00;Avenida Santos Dumont;;;ALDEOTA;971531;Colisão Transversal;Via Iluminada;Bom;Seca;Meio de quadra;Não há Controle;Longo da via;0;1;1;1;1;0;0;0;0;0;0;0;0;(-38.4786540387984 -3.74267804712315);
KQJ7004;2022-10-09 06:00:00;AV BR DO RIO BRANCO;RUA DR JOAO MOREIRA;;CENTRO;971075;Colisão Lateral;Não informado;Bom;Não informado;Cruz;Semáforo;Cruzamento;0;1;1;1;1;0;0;0;0;0;0;0;0;(-38.5270576 -3.7227776);
XJR3784;2022-10-08 04:00:00;Rua Isaie Bóris;;;MONTESE;971972;Colisão Lateral;Via Iluminada;Bom;Seca;Não informado;Não há Controle;Longo da via;0;1;1;1;1;0;0;0;0;0;0;0;0;(-38.5474916 -3.7668518);
LPH6833;2022-10-08 18:57:00;AV SANTOS DUMONT;;;PAPICU;971007;Colisão Traseira;Luz do Dia;Bom;Seca;Não informado;Não informado;Longo da via;0;0;2;0;2;0;0;0;0;0;0;0;0;(-38.46344042937699 -3.747583033295439);
UCH7509;2022-10-08 04:15:00;Avenida Augusto dos Anjos;RUA PRO GOMES BRASIL;;PARANGABA;970537;Colisão Lateral;Via Iluminada;Bom;Seca;Cruz;Semáforo;Cruzamento;0;1;1;1;1;0;0;0;0;0;0;0;0;(-38.570480627027 -3.770507648676635);
SVE2764;2022-10-08 21:00:00;Avenida Alberto Craveiro;;;CASTELAO;966854;Colisão Transversal;Via Iluminada;Bom;Seca;Rotatória;Pare;Longo da via;0;0;2;1;1;0;0;0;0;0;0;0;0;(-38.52455747921392 -3.806842239153729);
NYP1485;2022-10-07 19:00:00;AV FERNANDES TAVORA;RUA AUDISIO PINHEIRO;;HENRIQUE JORGE;971977;Colisão Transversal;Luz do Dia;Bom;Seca;Cruz;Pare;Cruzamento;0;0;2;1;1;0;0;0;0;0;0;0;0;(-38.5889133 -3.7586228);
DWL4939;2022-12-15 13:52:00;Via Provinciale;;;BARRA DO CEARA;DWL4939;Não informado;Não informado;Não informado;Não informado;Não informado;Não informado;Longo da via;0;0;0;0;0;0;0;0;0;0;0;0;0;(10.9392399 44.2692931);
EMK1699;2022-12-21 13:40:00;Via Provinciale;;;BARRA DO CEARA;EMK1699;Não informado;Não informado;Não informado;Não informado;Não informado;Não informado;Longo da via;0;0;0;0;0;0;0;0;0;0;0;0;0;(10.9392399 44.2692931);
CTR8142;2022-12-27 13:38:00;Via Provinciale;;;BARROSO;CTR8142;Não informado;Não informado;Não informado;Não informado;Não informado;Não informado;Longo da via;0;0;0;0;0;0;0;0;0;0;0;0;0;(10.9392399 44.2692931);
ZWF9186;2022-10-07 12:00:00;Avenida Desembargador Gonzaga;;;CIDADE DOS FUNCIONRAIOS;971941;Colisão Transversal;Luz do Dia;Bom;Seca;Meio de quadra;Semáforo;Longo da via;1;0;1;0;0;0;1;0;0;1;0;0;0;(-38.500899 -3.7949476);
PCK6890;2022-10-07 11:30:00;Avenida Governador Raul Barbosa;;;AEROLANDIA;971940;Colisão Traseira;Luz do Dia;Bom;Seca;Outros;Outros;Cruzamento;0;1;2;1;2;0;0;0;0;0;0;0;0;(-38.51035098721127 -3.769491116677216);
HJW2438;2022-10-08 00:44:00;AV BERNARDO MANUEL;AV BENJAMIM BRASIL;;PARQUE DOIS IRMAOS;971831;Engavetamento;Via Iluminada;Bom;Seca;T;Semáforo;Cruzamento;0;0;4;0;4;0;0;0;0;0;0;0;0;(-38.55490891776626 -3.810032371931244);
;2022-12-01 02:03:46;Catole;;;Conjunto Palmeiras;;Queda;;Não informado;;Meio De Quadra;;;0;1;0;1;0;0;0;0;0;0;0;0;0;(-38.5210498 -3.8489781);
;2022-12-01 00:54:47;Tenente Moaci Matos;;;Montese;;Queda;;Não informado;;Meio De Quadra;;;0;1;0;1;0;0;0;0;0;0;0;0;0;(-38.5559367 -3.7652413);
;2022-11-30 23:05:17;Sao Basilio;;;Parque Santa Rosa;;Colisão;;Não informado;;Meio De Quadra;;;0;3;0;0;2;0;0;0;0;0;0;0;0;(-38.599973 -3.8176418);
;2022-11-30 22:05:07;General Osorio De Paiva;;;Siqueira;;Queda;;Não informado;;Meio De Quadra Sem Numero;;;0;1;0;1;0;0;0;0;0;0;0;0;0;(-38.6103328 -3.8133833);
;2022-11-30 21:17:49;BR 116;;;Messejana;;Colisão;;Não informado;;Meio De Quadra;;;0;1;0;1;1;0;0;0;0;0;0;0;0;(0 0);
;2022-11-30 21:15:23;Washington Soares;;;Cambeba;;Colisão;;Não informado;;Meio De Quadra;;;0;1;0;1;1;0;0;0;0;0;0;0;0;(-38.4818348 -3.8157519);
;2022-11-30 20:54:22;Avenida Conego De Castro;;;Vila Peri;;Colisão;;Não informado;;Meio De Quadra;;;0;1;0;1;1;0;0;0;0;0;0;0;0;(-38.5781455 -3.7900111);
;2022-11-30 20:05:19;Avenida Bernardo Manuel -;;;Serrinha;;Atropelamento;;Não informado;;Meio De Quadra;;;0;1;0;0;1;0;0;0;0;0;0;0;0;(-38.5466716 -3.7839425);
;2022-11-30 19:11:49;Rua Maceio;;;Henrique Jorge;;Colisão;;Não informado;;Meio De Quadra;;;0;1;0;1;1;0;0;0;0;0;0;0;0;(-38.5886549 -3.7598892);
;2022-11-30 18:45:59;Alexandre Barauna;;;Rodolfo Teofilo;;Colisão;;Não informado;;Meio De Quadra;;;0;1;0;1;1;0;0;0;0;0;0;0;0;(-38.5527574 -3.7473648);
;2022-11-30 17:57:41;Rua  Padre De Sa Leitão;;;Joao Xxiii;;Colisão;;Não informado;;Meio De Quadra;;;0;1;0;1;1;0;0;0;0;0;0;0;0;(-38.58676 -3.772319);
;2022-11-30 17:32:57;Imperador;;;Centro;;Colisão;;Não informado;;Meio De Quadra;;;0;1;0;1;1;0;0;0;0;0;0;0;0;(-38.5342916 -3.7274624);
;2022-11-30 15:23:10;Avenida Frei Cirilo;;;Messejana;;Atropelamento;;Não informado;;Meio De Quadra;;;0;1;0;1;0;0;0;0;0;0;0;0;0;(-38.4963871 -3.8194338);
;2022-11-30 14:42:54;Osorio De Paiva;;;Bom Jardim;;Atropelamento;;Não informado;;Meio De Quadra;;;0;1;0;0;1;0;0;0;0;0;0;0;0;(-38.5947114 -3.7967475);
;2022-11-30 11:59:07;Leste Oeste;;;Centro;;Colisão;;Não informado;;Meio De Quadra Sem Numero;;;0;1;0;1;1;0;0;0;0;0;0;0;0;(-38.5308038 -3.7199409);
;2022-11-30 10:38:13;Santa Liduina;;;Parque Sao Jose;;Colisão;;Não informado;;Meio De Quadra Sem Numero;;;0;1;0;1;1;0;0;0;0;0;0;0;0;(-38.5851895 -3.8002154);
;2022-11-30 10:37:58;Rua Batista De Oliveira;;;Coco;;Queda;;Não informado;;Meio De Quadra;;;0;1;0;1;0;0;0;0;0;0;0;0;0;(-38.481711 -3.7453458);
;2022-11-30 10:11:07;Costa  Barros  Esq.;Av  Barao De  Studart;;Aldeota;;Queda;;Não informado;;Cruzamento;;;0;1;0;1;0;0;0;0;0;0;0;0;0;(-38.50315 -3.7331);
;2022-11-30 10:07:52;Val Paraiso;;;Prefeito Jose Walter;;Colisão;;Não informado;;Meio De Quadra Sem Numero;;;0;1;0;0;2;0;0;0;0;0;0;0;0;(-38.5189138 -3.8463738);
;2022-11-30 09:02:04;Fernandes Tavora;Padre Sa Leitao;;Joquei Clube;;Colisão;;Não informado;;Cruzamento;;;0;1;0;2;0;0;0;0;0;0;0;0;0;(-38.5816662 -3.7624136);
;2022-11-30 08:38:13;Roque Medeiros;;;Mondubim;;Queda;;Não informado;;Meio De Quadra;;;0;1;0;1;0;0;0;0;0;0;0;0;0;(-38.5626537 -3.8202585);
;2022-11-30 00:47:14;Delmiro  Golveia;;;Parque Genibau;;Queda;;Não informado;;Meio De Quadra;;;0;1;0;0;0;0;0;0;0;1;0;0;0;(-38.6095447 -3.7558851);
;2022-11-30 00:11:00;Valdetario Mota;;;Papicu;;Colisão;;Não informado;;Meio De Quadra;;;0;1;0;1;1;0;0;0;0;0;0;0;0;(-38.4800463 -3.7357959);
;2022-11-29 22:05:06;Washington Soares;;;Parque Manibura;;Colisão;;Não informado;;Meio De Quadra;;;0;1;0;1;1;0;0;0;0;0;0;0;0;(-38.4806392 -3.7929617);
;2022-11-29 21:37:04;Maceio;Avenida Porto Velho;;Henrique Jorge;;Colisão;;Não informado;;Cruzamento;;;0;1;0;0;2;0;0;0;0;0;0;0;0;(-38.5907423 -3.7639694);
;2022-11-29 21:05:16;Washington Soares;;;Edson Queiroz;;Colisão;;Não informado;;Meio De Quadra Sem Numero;;;0;1;0;1;1;0;0;0;0;0;0;0;0;(-38.481665 -3.7762191);
;2022-11-29 20:20:16;Eretides Martins;;;Sao Gerardo;;Atropelamento;;Não informado;;Meio De Quadra;;;0;1;0;0;0;0;0;0;0;1;0;0;0;(-38.5596432 -3.7291267);
;2022-11-29 19:43:01;Rua Antonio Barros;Rua Pergentino Maia;;Messejana;;Colisão;;Não informado;;Cruzamento;;;0;3;0;0;1;0;0;1;0;0;0;0;0;(-38.4889943 -3.8313815);
;2022-11-29 19:16:50;Romeu Martins;Joao Firmino;;Montese;;Colisão;;Não informado;;Cruzamento;;;0;1;0;2;0;0;0;0;0;0;0;0;0;(-38.5555606 -3.7642744);
;2022-11-29 17:45:01;Avenida Duque De Caxias;;;Centro;;Queda;;Não informado;;Meio De Quadra;;;0;1;0;1;0;0;0;0;0;0;0;0;0;(-38.5427886 -3.7276901);
;2022-11-29 17:27:26;Washington Soares;;;Coacu;;Colisão;;Não informado;;Meio De Quadra;;;0;1;0;1;1;0;0;0;0;0;0;0;0;(0 0);
;2022-11-29 16:25:59;Alberto Magno;Professor Costa Mendes;;Montese;;Colisão;;Não informado;;Cruzamento;;;0;1;0;1;1;0;0;0;0;0;0;0;0;(-38.54356070000001 -3.7575175);
;2022-11-29 15:56:12;Monsenhor Dantas;;;Jacarecanga;;Colisão;;Não informado;;Meio De Quadra;;;0;1;0;0;2;0;0;0;0;0;0;0;0;(-38.5438315 -3.7207883);
;2022-11-29 13:50:45;Princesa Isabel;;;Centro;;Atropelamento;;Não informado;;Meio De Quadra;;;0;1;0;0;1;0;0;0;0;0;0;0;0;(-38.5364801 -3.7301981);
;2022-11-29 13:14:16;Quarto Anel Viario;;;Ancuri;;Colisão;;Não informado;;Meio De Quadra;;;0;1;0;2;0;0;0;0;0;0;0;0;0;(-38.5072052 -3.8695408);
;2022-11-29 12:42:09;Germano Franck;;;Parangaba;;Queda;;Não informado;;Meio De Quadra;;;0;1;0;1;0;0;0;0;0;0;0;0;0;(-38.5631391 -3.7783724);
;2022-11-29 12:31:04;Senador Pompeu;;;Centro;;Atropelamento;;Não informado;;Meio De Quadra;;;0;2;0;1;0;0;0;0;0;0;0;0;0;(-38.5300058 -3.7287936);
;2022-11-29 11:49:27;Contorno;;;Edson Queiroz;;Queda;;Não informado;;Meio De Quadra Sem Numero;;;0;1;0;1;0;0;0;0;0;0;0;0;0;(-38.4741084 -3.7697689);
;2022-11-29 11:47:15;Coronel Virgilio Nogueira;;;Bom Jardim;;Colisão;;Não informado;;Meio De Quadra;;;0;3;0;2;0;0;0;0;0;0;0;0;0;(-38.6077371 -3.7853237);
;2022-11-29 11:40:44;Engenheiro Ronaldo De Castro  Barbosa;;;Engenheiro Luciano Cavalcante;;Queda;;Não informado;;Meio De Quadra;;;0;1;0;1;0;0;0;0;0;0;0;0;0;(-38.487943 -3.785719);