COD_ACIDENTE;DATA;LOG1;LOG2;NUMERO;BAIRRO;AMC;NATUREZA;ILUMINACAO;TEMPO;SUPERFICIEPISTA;TIPOCRUZAMENTO;CONTROLETRAFEGO;USOSOLO;MORTOS;FERIDOS;ILESOS;MOTOCICLETA;AUTOMOVEL;MICROONIBUS;CAMINHAO;ONIBUS;CICLOMOTOR;BICICLETA;OUTROS;TREM;TRACAOANIMAL;COORDENADAS
;2022-11-29 10:41:48;Dioguinho - Praia Do Futuro;;;Não informado;;Colisão;;Não informado;;Meio De Quadra;;;0;1;0;1;1;0;0;0;0;0;0;0;0;(0 0);
;2022-11-29 10:35:52;Sete De Setembro;;;Parangaba;;Colisão;;Não informado;;Meio De Quadra;;;0;1;0;2;0;0;0;0;0;0;0;0;0;(-38.5624383 -3.772948599999999);
;2022-11-29 10:09:53;Quarto Anel Viario - Quase;Br 116;;Ancuri;;Colisão;;Não informado;;Cruzamento;;;0;1;0;2;0;0;0;0;0;0;0;0;0;(-38.4977674 -3.8637865);
;2022-11-29 03:23:58;Santos Dumont;Doutor Francisco Matos;;Papicu;;Colisão;;Não informado;;Cruzamento;;;0;1;0;0;2;0;0;0;0;0;0;0;0;(-38.4697176 -3.7455144);
;2022-11-29 02:02:33;Engenheiro Alberto Sa;Rua Prisco Bezerra;;Papicu;;Colisão;;Não informado;;Cruzamento;;;0;1;0;1;1;0;0;0;0;0;0;0;0;(-38.4708861 -3.7360101);
;2022-11-29 00:52:33;Bernardo Manuel;;;Serrinha;;Colisão;;Não informado;;Meio De Quadra;;;0;1;0;2;0;0;0;0;0;0;0;0;0;(-38.5478959 -3.7868097);
;2022-11-28 23:45:47;Ana Neri;Pastor Samuel Munguba;;Rodolfo Teofilo;;Colisão;;Não informado;;Cruzamento;;;0;1;0;0;2;0;0;0;0;0;0;0;0;(-38.5490886 -3.7473944);
;2022-11-28 23:02:14;6 Companheiros;;;Barra Do Ceara;;Queda;;Não informado;;Meio De Quadra;;;0;1;0;1;0;0;0;0;0;0;0;0;0;(0 0);
;2022-11-28 22:51:14;Tristao Gonçalves;;;Centro;;Colisão;;Não informado;;Meio De Quadra;;;0;1;0;0;2;0;0;0;0;0;0;0;0;(-38.5321295 -3.72433);
;2022-11-28 22:30:16;Jornalista Tomaz Coelho;;;Messejana;;Atropelamento;;Não informado;;Meio De Quadra Sem Numero;;;0;1;0;1;0;0;0;0;0;0;0;0;0;(-38.5107767 -3.8295793);
;2022-11-28 20:39:12;Capitao Gustavo;;;Joaquim Tavora;;Atropelamento;;Não informado;;Meio De Quadra;;;0;2;0;1;0;0;0;0;0;0;0;0;0;(-38.5173649 -3.7511877);
;2022-11-28 18:34:09;Professor Jose Leite Gondim;;;Antonio Bezerra;;Colisão;;Não informado;;Meio De Quadra;;;0;1;0;1;1;0;0;0;0;0;0;0;0;(-38.5936352 -3.7417589);
;2022-11-28 16:48:40;Conselheiro Tristao;;;Jose Bonifacio;;Atropelamento;;Não informado;;Meio De Quadra;;;0;1;0;1;0;0;0;0;0;0;0;0;0;(-38.528159 -3.7428824);
;2022-11-28 16:25:46;Augusto Dos Anjos;;;Parangaba;;Atropelamento;;Não informado;;Meio De Quadra;;;0;1;0;1;0;0;0;0;0;0;0;0;0;(-38.5709169 -3.7708661);
;2022-11-28 16:25:41;Rua Paula Ney;Vicente Leite;;Aldeota;;Colisão;;Não informado;;Cruzamento;;;0;1;0;0;2;0;0;0;0;0;0;0;0;(-38.4963771 -3.7401446);
;2022-11-28 16:08:59;Rua Padre Valdevino;Rua . J Da Penha;;Centro;;Colisão;;Não informado;;Cruzamento;;;0;1;0;0;2;0;0;0;0;0;0;0;0;(-38.52070740000001 -3.7378973);
;2022-11-28 15:53:35;Santos Dumont;;;De Lourdes;;Queda;;Não informado;;Meio De Quadra;;;0;1;0;1;0;0;0;0;0;0;0;0;0;(-38.4561638 -3.749981099999999);
;2022-11-28 15:51:16;Santos  Dumont;Audizio Moscade Carvalho;;Manoel Dias Branco;;Queda;;Não informado;;Cruzamento;;;0;1;0;1;0;0;0;0;0;0;0;0;0;(-38.46463749999999 -3.7470554);
;2022-11-28 15:37:01;Julio Braga;;;Joao Xxiii;;Colisão;;Não informado;;Meio De Quadra;;;0;1;0;1;1;0;0;0;0;0;0;0;0;(-38.5866601 -3.7737766);
;2022-11-28 15:35:31;Padre Saletao;;;Joquei Clube;;Colisão;;Não informado;;Meio De Quadra;;;0;2;0;2;0;0;0;0;0;0;0;0;0;(-38.5812424 -3.7614755);
;2022-11-28 15:29:35;Rio Grande Do Sul;Pernambuco N° 306;;Democrito Rocha;;Colisão;;Não informado;;Cruzamento;;;0;1;0;1;1;0;0;0;0;0;0;0;0;(-38.5685523 -3.7598854);
;2022-11-28 15:18:59;Santos Dumont;;;Aldeota;;Colisão;;Não informado;;Meio De Quadra;;;0;1;0;0;2;0;0;0;0;0;0;0;0;(-38.4952375 -3.7370968);
;2022-11-28 15:00:06;Mister Hull;;;Antonio Bezerra;;Colisão;;Não informado;;Meio De Quadra;;;0;1;0;0;2;0;0;0;0;0;0;0;0;(-38.5859578 -3.7384873);
;2022-11-28 14:53:18;Via Expressa;Juvento Vasconcelos;;Mucuripe;;Colisão;;Não informado;;Cruzamento;;;0;2;0;0;2;0;0;0;0;0;0;0;0;(-38.49085 -3.7457388);
;2022-11-28 14:36:56;Deputado Paulino Rocha;;;Cajazeiras;;Colisão;;Não informado;;Meio De Quadra;;;0;1;0;1;1;0;0;0;0;0;0;0;0;(-38.5113719 -3.8119637);
;2022-11-28 14:13:04;Avenida Conselheiro Gomes De Freitas;;;Sapiranga;;Queda;;Não informado;;Meio De Quadra;;;0;1;0;1;0;0;0;0;0;0;0;0;0;(-38.4772193 -3.7956114);
;2022-11-28 13:02:47;Oliveira Paiva;;;Não informado;;Colisão;;Não informado;;Meio De Quadra;;;0;1;0;1;1;0;0;0;0;0;0;0;0;(-38.50158 -3.7977338);
;2022-11-28 12:08:34;Belem;;;Henrique Jorge;;Colisão;;Não informado;;Meio De Quadra Sem Numero;;;0;1;0;1;1;0;0;0;0;0;0;0;0;(-38.5926072 -3.7579092);
;2022-11-28 12:02:38;Belem;;;Autran Nunes;;Colisão;;Não informado;;Meio De Quadra;;;0;1;0;1;1;0;0;0;0;0;0;0;0;(-38.5946528 -3.7616229);
;2022-11-28 11:55:10;Tristao Gonçalves;;;Centro;;Atropelamento;;Não informado;;Meio De Quadra;;;0;1;0;0;1;0;0;0;0;0;0;0;0;(-38.5334939 -3.727281);
;2022-11-28 11:35:20;Frei Cirilo;;;Messejana;;Colisão;;Não informado;;Meio De Quadra;;;0;1;0;1;1;0;0;0;0;0;0;0;0;(-38.4963264 -3.8202178);
;2022-11-28 11:11:53;Crizanto Moreira Da Rocha;Amancio Valente;;Cambeba;;Colisão;;Não informado;;Cruzamento;;;0;1;0;0;2;0;0;0;0;0;0;0;0;(-38.482891 -3.8078718);
;2022-11-28 10:43:19;Santos Dumont;;;Papicu;;Colisão;;Não informado;;Meio De Quadra;;;0;2;0;1;1;0;0;0;0;0;0;0;0;(-38.484633 -3.7405266);
;2022-11-28 10:13:48;Santa Eliza;;;Pirambu;;Atropelamento;;Não informado;;Meio De Quadra;;;0;1;0;0;1;0;0;0;0;0;0;0;0;(-38.5669399 -3.7036406);
;2022-11-28 10:11:00;A     3;Etapa;;Conjunto Ceara;;Atropelamento;;Não informado;;Cruzamento;;;0;1;0;1;0;0;0;0;0;0;0;0;0;(0 0);
;2022-11-28 09:50:51;Oscar França;;;Granja Lisboa;;Colisão;;Não informado;;Meio De Quadra;;;0;1;0;1;1;0;0;0;0;0;0;0;0;(-38.623191 -3.784682);
;2022-11-28 07:51:57;Washington Luiz;;;Jardim Guanabara;;Colisão;;Não informado;;Meio De Quadra;;;0;1;0;1;1;0;0;0;0;0;0;0;0;(-38.5931329 -3.716243);
;2022-11-28 03:28:15;Belem Figueredo;;;Jardim Iracema;;Queda;;Não informado;;Meio De Quadra;;;0;1;0;1;0;0;0;0;0;0;0;0;0;(0 0);
;2022-11-28 02:29:34;Godofredo Maciel;;;Mondubim;;Atropelamento;;Não informado;;Meio De Quadra;;;0;2;0;0;0;0;0;0;0;0;1;0;0;(-38.579187 -3.8244816);
;2022-11-28 00:37:32;Coronel Mozart Gondim;;;Sao Gerardo;;Colisão;;Não informado;;Meio De Quadra;;;0;1;0;1;1;0;0;0;0;0;0;0;0;(-38.5596849 -3.7320997);
;2022-11-28 00:30:54;Gomes Brasil - Prox. Terminal Lagoa;;;Parangaba;;Colisão;;Não informado;;Meio De Quadra Sem Numero;;;0;1;0;0;2;0;0;0;0;0;0;0;0;(-38.5702057 -3.7714418);
;2022-11-28 00:12:52;Av. Porto Velho;Rua Brigadeiro Torres;;Joao Xxiii;;Colisão;;Não informado;;Cruzamento;;;0;1;0;1;1;0;0;0;0;0;0;0;0;(-38.58155550000001 -3.768816299999999);
;2022-11-27 23:54:36;Holanda;;;Itaperi;;Colisão;;Não informado;;Meio De Quadra;;;0;1;0;1;1;0;0;0;0;0;0;0;0;(-38.5566199 -3.8073039);
;2022-11-27 23:43:55;Francisco Sá;;;Alvaro Weyne;;Queda;;Não informado;;Meio De Quadra;;;0;1;0;1;0;0;0;0;0;0;0;0;0;(-38.5729182 -3.7122008);
;2022-11-27 22:00:04;Alberto Craveiro;;;Dias Macedo;;Colisão;;Não informado;;Meio De Quadra Sem Numero;;;0;1;0;1;1;0;0;0;0;0;0;0;0;(-38.5169862 -3.788271);
;2022-11-27 21:45:14;Senador Carlos Jereissati;;;Serrinha;;Colisão;;Não informado;;Meio De Quadra Sem Numero;;;0;1;0;1;1;0;0;0;0;0;0;0;0;(-38.5416215 -3.7803066);
;2022-11-27 20:56:22;Raul Barbosa;Via Expressa;;Sao Joao Do Tauape;;Colisão;;Não informado;;Cruzamento;;;0;1;0;0;2;0;0;0;0;0;0;0;0;(-38.5046054 -3.7583541);
;2022-11-27 20:27:20;Prefeito Ayres De Moura;;;Mondubim;;Colisão;;Não informado;;Meio De Quadra;;;0;1;0;1;1;0;0;0;0;0;0;0;0;(-38.5661861 -3.8201931);
;2022-11-27 20:13:46;Guaranir;Rua Sobreira  Filho;;Bonsucesso;;Colisão;;Não informado;;Cruzamento;;;0;1;0;1;1;0;0;0;0;0;0;0;0;(-38.5872038 -3.7775593);
;2022-11-27 18:53:05;Br116 - Sentindo Centro - Viaduto Do Makro;;;Aerolandia;;Queda;;Não informado;;Meio De Quadra Sem Numero;;;0;1;0;1;0;0;0;0;0;0;0;0;0;(-38.5152306 -3.7760061);
;2022-11-27 18:39:46;Perimetral;;;Jangurussu;;Colisão;;Não informado;;Meio De Quadra;;;0;1;0;1;1;0;0;0;0;0;0;0;0;(-38.5090259 -3.8301765);
;2022-11-27 14:59:53;Rua Alemanha;;;Itaperi;;Queda;;Não informado;;Meio De Quadra;;;0;1;0;0;0;0;0;0;0;1;0;0;0;(-38.557465 -3.782842599999999);
;2022-11-27 14:45:57;Dos Jangadeiro;;;Mucuripe;;Colisão;;Não informado;;Meio De Quadra;;;0;1;0;0;2;0;0;0;0;0;0;0;0;(-38.4792923 -3.7262628);
;2022-11-27 14:37:50;Padre Perdigao Sampaio;;;Antonio Bezerra;;Queda;;Não informado;;Meio De Quadra;;;0;1;0;1;0;0;0;0;0;0;0;0;0;(-38.5942851 -3.741605);
;2022-11-27 12:55:02;Da Abolição;Av. Virgilio Tavora;;Meireles;;Colisão;;Não informado;;Cruzamento;;;0;1;0;1;1;0;0;0;0;0;0;0;0;(-38.4918539 -3.7326626);
;2022-11-27 10:42:27;Rua Carnaubal;;;Floresta;;Colisão;;Não informado;;Meio De Quadra;;;0;1;0;1;1;0;0;0;0;0;0;0;0;(0 0);
;2022-11-27 09:56:27;Avenida Major Assis;;;Vila Velha;;Queda;;Não informado;;Meio De Quadra;;;0;1;0;1;0;0;0;0;0;0;0;0;0;(-38.5973721 -3.721387099999999);
;2022-11-27 09:54:50;Fernandes Tavora;;;Autran Nunes;;Colisão;;Não informado;;Meio De Quadra;;;0;1;0;0;2;0;0;0;0;0;0;0;0;(-38.5976836 -3.7550345);
;2022-11-27 08:12:52;Washington Soares;;;Edson Queiroz;;Colisão;;Não informado;;Meio De Quadra Sem Numero;;;0;1;0;0;2;0;0;0;0;0;0;0;0;(-38.481665 -3.7762191);
;2022-11-27 06:28:23;Monsenhor Catao;Beni De Carvalho;;Aldeota;;Queda;;Não informado;;Cruzamento;;;0;1;0;1;0;0;0;0;0;0;0;0;0;(-38.4931191 -3.7466036);
;2022-11-27 03:44:49;Barao De Studart;Rua Julio Ventura;;Aldeota;;Colisão;;Não informado;;Cruzamento;;;0;2;0;1;1;0;0;0;0;0;0;0;0;(-38.5075257 -3.7376132);
;2022-11-27 03:31:31;Pernambuco;;;Pici;;Atropelamento;;Não informado;;Meio De Quadra;;;0;1;0;0;1;0;0;0;0;0;0;0;0;(-38.5715231 -3.7581756);
;2022-11-27 02:46:01;Jose Dantas Pereira - Upa Canindeinho;;;Canindezinho;;Queda de moto;;Não informado;;Meio De Quadra Sem Numero;;;0;2;0;2;0;0;0;0;0;0;0;0;0;(-38.6088561 -3.8217799);
;2022-11-27 02:02:38;E (Cj Jardim Fluminense);;;Canindezinho;;Colisão;;Não informado;;Meio De Quadra;;;0;2;0;2;0;0;0;0;0;0;0;0;0;(-38.6024728 -3.816824899999999);
;2022-11-27 01:31:28;Caetano Silva;;;Passare;;Colisão;;Não informado;;Meio De Quadra;;;0;1;0;2;0;0;0;0;0;0;0;0;0;(-38.5381425 -3.8221943);
;2022-11-27 00:54:16;Itarema;;;Passare;;Queda;;Não informado;;Meio De Quadra;;;0;1;0;1;0;0;0;0;0;0;0;0;0;(0 0);
;2022-11-26 22:04:17;Senador Alencar;General Sampaio;;Centro;;Colisão;;Não informado;;Cruzamento;;;0;1;0;1;1;0;0;0;0;0;0;0;0;(-38.5299962 -3.7241994);
;2022-11-26 20:22:42;Washington Soares;;;Jose De Alencar;;Queda;;Não informado;;Meio De Quadra;;;0;1;0;1;0;0;0;0;0;0;0;0;0;(-38.4783781 -3.810477799999999);
;2022-11-26 19:50:12;Rua Maceio;;;Henrique Jorge;;Atropelamento;;Não informado;;Meio De Quadra;;;0;1;0;0;1;0;0;0;0;0;0;0;0;(-38.5917287 -3.7655843);
;2022-11-26 16:53:53;Rua Jose Bonfim Junior ( Vila Da Pascoa );;;Lagoa Redonda;;Queda;;Não informado;;Meio De Quadra;;;0;1;0;0;0;0;0;0;0;1;0;0;0;(-38.4718087 -3.8226187);
;2022-11-26 16:53:18;Vila Da Pascoa;;;Lagoa Redonda;;Queda;;Não informado;;Meio De Quadra;;;0;1;0;0;0;0;0;0;0;1;0;0;0;(-38.4709052 -3.8227941);
;2022-11-26 16:44:48;Deputado Paulino Rocha;;;Passare;;Colisão;;Não informado;;Meio De Quadra;;;0;1;0;1;1;0;0;0;0;0;0;0;0;(-38.519489 -3.8103032);
;2022-11-26 15:41:12;Cearim;;;Messejana;;Queda;;Não informado;;Meio De Quadra;;;0;1;0;1;0;0;0;0;0;0;0;0;0;(-38.5007803 -3.8170706);
;2022-11-26 14:54:35;Avenida Prisco Bezerra;;;Vicente Pinzon;;Colisão;;Não informado;;Meio De Quadra;;;0;1;0;1;1;0;0;0;0;0;0;0;0;(-38.47049440000001 -3.7375983);
;2022-11-26 14:50:18;Rua Porto Velho;;;Joao Xxiii;;Atropelamento;;Não informado;;Meio De Quadra;;;0;1;0;0;1;0;0;0;0;0;0;0;0;(-38.5818228 -3.7689736);
;2022-11-26 14:30:00;Avenida Bezerra De Menezes;Conrrado Cabral;;Sao Gerardo;;Colisão;;Não informado;;Cruzamento;;;0;1;0;1;1;0;0;0;0;0;0;0;0;(-38.5499536 -3.7327593);
;2022-11-26 13:20:17;Washington Soares;;;Guararapes;;Queda;;Não informado;;Meio De Quadra;;;0;1;0;0;0;0;0;0;0;1;0;0;0;(-38.4861832 -3.7580641);
;2022-11-26 12:33:24;Penetração Norte Sul;;;Conjunto Esperanca;;Colisão;;Não informado;;Meio De Quadra;;;0;1;0;1;1;0;0;0;0;0;0;0;0;(-38.5909755 -3.8124174);
;2022-11-26 11:50:14;Aguanambi;;;Fatima;;Colisão;;Não informado;;Meio De Quadra;;;0;2;0;2;0;0;0;0;0;0;0;0;0;(-38.5244385 -3.7484472);
;2022-11-26 11:35:35;Ministro Albuqurque Lima [A Mesma Av.Central];;;Conjunto Ceara;;Queda;;Não informado;;Meio De Quadra;;;0;1;0;0;0;0;0;0;0;1;0;0;0;(-38.6072107 -3.7689213);
;2022-11-26 09:46:29;Godofredo Maciel;R.Julio Alcides;;Maraponga;;Colisão;;Não informado;;Cruzamento;;;0;2;0;1;1;0;0;0;0;0;0;0;0;(-38.5667298 -3.7878613);
;2022-11-26 09:43:07;Perimentral;;;Jangurussu;;Colisão;;Não informado;;Meio De Quadra;;;0;1;0;2;0;0;0;0;0;0;0;0;0;(-38.5327995 -3.8276466);
;2022-11-26 09:15:39;Presidente Costa E Silva;;;Jangurussu;;Colisão;;Não informado;;Meio De Quadra;;;0;2;0;1;1;0;0;0;0;0;0;0;0;(-38.52958599999999 -3.8291815);
;2022-11-26 04:55:56;Tompson Gonçalves;Emilio De Menezes;;Bonsucesso;;Queda;;Não informado;;Cruzamento;;;0;2;0;1;0;0;0;0;0;0;0;0;0;(-38.5828548 -3.783015499999999);
;2022-11-26 04:38:04;BR 116;;;Não informado;;Colisão;;Não informado;;Meio De Quadra Sem Numero;;;0;2;0;0;2;0;0;0;0;0;0;0;0;(0 0);
;2022-11-26 01:00:00;Deputado Matoso Filho;;;Quintino Cunha;;Colisão;;Não informado;;Meio De Quadra;;;0;1;0;2;0;0;0;0;0;0;0;0;0;(-38.5927127 -3.7335949);
;2022-11-25 23:55:01;Av Osorio De Paiva;Eduardo Perdigao;;Parangaba;;Colisão;;Não informado;;Cruzamento;;;0;1;0;1;1;0;0;0;0;0;0;0;0;(-38.5654394 -3.7747773);
;2022-11-25 20:46:33;Sargento Herminio;;;Padre Andrade;;Colisão;;Não informado;;Meio De Quadra;;;0;1;0;2;0;0;0;0;0;0;0;0;0;(-38.5802069 -3.732039599999999);
;2022-11-25 20:45:23;Castelo De Castro;;;Jangurussu;;Queda;;Não informado;;Meio De Quadra Sem Numero;;;0;1;0;0;0;0;0;0;0;1;0;0;0;(-38.5216603 -3.8435121);
;2022-11-25 19:35:48;Avenida Audizio Pinheiro;;;Henrique Jorge;;Queda;;Não informado;;Meio De Quadra;;;0;1;0;1;0;0;0;0;0;0;0;0;0;(-38.5929689 -3.7670503);
;2022-11-25 19:35:44;Washington Soares;;;Edson Queiroz;;Choque c/ Obstáculo Fixo;;Não informado;;Meio De Quadra;;;0;1;0;0;1;0;0;0;0;0;0;0;0;(-38.48195330000001 -3.78361);
;2022-11-25 18:42:23;Santos Dumont;;;Papicu;;Atropelamento;;Não informado;;Meio De Quadra;;;0;1;0;0;1;0;0;0;0;0;0;0;0;(-38.4803502 -3.741619399999999);
;2022-11-25 18:13:38;Idelfonso Albano;;;Meireles;;Atropelamento;;Não informado;;Meio De Quadra;;;0;1;0;0;0;0;0;0;0;0;1;0;0;(-38.5097504 -3.7230021);
;2022-11-25 17:48:56;Avenida Sargento Herminio Sampaio -;;;Monte Castelo;;Colisão;;Não informado;;Meio De Quadra;;;0;1;0;1;1;0;0;0;0;0;0;0;0;(-38.5614169 -3.726648);
;2022-11-25 17:04:42;Rua Dona Mendinha -;;;Cristo Redentor;;Colisão;;Não informado;;Meio De Quadra;;;0;1;0;1;1;0;0;0;0;0;0;0;0;(-38.5697001 -3.7088011);
;2022-11-25 16:59:58;Rua Doutor Alfredo Weyne;;;Fatima;;Colisão;;Não informado;;Meio De Quadra;;;0;1;0;1;1;0;0;0;0;0;0;0;0;(-38.5330425 -3.7548168);
;2022-11-25 16:26:34;Rua Jose Sombra;;;Parque Araxa;;Atropelamento;;Não informado;;Meio De Quadra;;;0;1;0;0;0;0;0;1;0;0;0;0;0;(-38.5472686 -3.7328958);
;2022-11-25 14:08:22;Rua Comendador Luis Ribeiro;;;Carlito Pamplona;;Colisão;;Não informado;;Meio De Quadra;;;0;1;0;0;2;0;0;0;0;0;0;0;0;(-38.55335230000001 -3.7206419);
;2022-11-25 13:33:48;Teodoro De Castro;;;Granja Portugal;;Colisão;;Não informado;;Meio De Quadra;;;0;1;0;2;0;0;0;0;0;0;0;0;0;(-38.6119498 -3.7779391);
;2022-11-25 12:04:05;Rua Vital Brasil;;;Granja Portugal;;Queda;;Não informado;;Meio De Quadra Sem Numero;;;0;1;0;1;0;0;0;0;0;0;0;0;0;(-38.5997943 -3.7774883);
;2022-11-25 09:19:42;Jose Dantas Pereira;;;Canindezinho;;Queda;;Não informado;;Meio De Quadra Sem Numero;;;0;1;0;1;0;0;0;0;0;0;0;0;0;(-38.607706 -3.8224972);
;2022-11-25 09:09:40;Coronel De Carvalho;;;Barra Do Ceara;;Queda de moto;;Não informado;;Meio De Quadra;;;0;1;0;2;0;0;0;0;0;0;0;0;0;(-38.5877738 -3.7189306);
;2022-11-25 05:13:49;Crateus;;;Parquelandia;;Colisão;;Não informado;;Meio De Quadra;;;0;1;0;0;2;0;0;0;0;0;0;0;0;(-38.5632382 -3.738524599999999);
;2022-11-25 03:01:09;Washington Soares;;;Messejana;;Capotamento;;Não informado;;Meio De Quadra Sem Numero;;;0;2;0;0;1;0;0;0;0;0;0;0;0;(-38.4822017 -3.828229);
;2022-11-25 02:22:26;Primeiro De Maio;;;Bonsucesso;;Colisão;;Não informado;;Meio De Quadra;;;0;1;0;1;1;0;0;0;0;0;0;0;0;(-38.5878029 -3.7829356);
;2022-11-25 01:46:28;Julio Abreu;Rua Professor Silas Ribeiro;;Papicu;;Colisão;;Não informado;;Cruzamento;;;0;1;0;1;1;0;0;0;0;0;0;0;0;(-38.4849083 -3.7362582);
;2022-11-25 01:43:11;Imperatriz;;;Mondubim;;Queda;;Não informado;;Meio De Quadra;;;0;1;0;1;0;0;0;0;0;0;0;0;0;(0 0);
;2022-11-25 00:20:52;Godofredo Marciel -;;;Mondubim;;Atropelamento;;Não informado;;Meio De Quadra;;;0;1;0;0;1;0;0;0;0;0;0;0;0;(-38.58048369999999 -3.8287278);
;2022-11-25 00:18:20;Heraclito Graça;Antonio Augusto;;Aldeota;;Atropelamento;;Não informado;;Cruzamento;;;0;1;0;0;0;0;0;1;0;0;0;0;0;(-38.5156221 -3.7364156);
;2022-11-24 23:40:12;Henrique Ellery;;;Vila Ellery;;Colisão;;Não informado;;Meio De Quadra;;;0;1;0;0;2;0;0;0;0;0;0;0;0;(-38.5611393 -3.720809);
;2022-11-24 23:12:48;Edgar Falcao;;;Presidente Kennedy;;Colisão;;Não informado;;Meio De Quadra;;;0;3;0;1;1;0;0;0;0;0;0;0;0;(-38.57215559999999 -3.7325149);
;2022-11-24 22:48:30;Jose Americo;;;Cambeba;;Colisão;;Não informado;;Meio De Quadra Sem Numero;;;0;1;0;1;1;0;0;0;0;0;0;0;0;(-38.4863826 -3.8091057);
;2022-11-24 22:03:37;Senador Robert Kenedy;;;Barra Do Ceara;;Colisão;;Não informado;;Meio De Quadra;;;0;1;0;0;2;0;0;0;0;0;0;0;0;(-38.5795776 -3.7047793);
;2022-11-24 21:56:01;Franklin Tavora;;;Centro;;Atropelamento;;Não informado;;Meio De Quadra;;;0;1;0;1;0;0;0;0;0;0;0;0;0;(-38.52143969999999 -3.7301421);
;2022-11-24 21:24:35;Rua Monsenhor Hipolito Brasil -;;;Joquei Clube;;Colisão;;Não informado;;Meio De Quadra;;;0;2;0;1;1;0;0;0;0;0;0;0;0;(-38.5754978 -3.760748);
;2022-11-24 19:57:06;Presidente Castelo Branco;;;Cristo Redentor;;Atropelamento;;Não informado;;Meio De Quadra Sem Numero;;;0;1;0;0;0;0;0;0;0;0;1;0;0;(-38.5645486 -3.7095397);
;2022-11-24 18:49:39;Jerusalem;;;Passare;;Queda;;Não informado;;Meio De Quadra;;;0;1;0;1;0;0;0;0;0;0;0;0;0;(-38.53022929999999 -3.8204276);
;2022-11-24 18:35:02;Isaies Boris;;;Montese;;Colisão;;Não informado;;Meio De Quadra;;;0;1;0;0;2;0;0;0;0;0;0;0;0;(-38.549262 -3.767626);
;2022-11-24 18:30:01;BR 116 KM 8;;;Messejana;;Atropelamento;;Não informado;;Meio De Quadra Sem Numero;;;0;1;0;0;0;0;0;0;0;0;1;0;0;(0 0);
;2022-11-24 18:21:32;Avenida Jose Tavares;;;Canindezinho;;Atropelamento;;Não informado;;Meio De Quadra;;;0;1;0;1;0;0;0;0;0;0;0;0;0;(-38.6037097 -3.809117);
;2022-11-24 18:18:39;Verbena;Rua Sao Francisco;;Bonsucesso;;Colisão;;Não informado;;Cruzamento;;;0;2;0;1;1;0;0;0;0;0;0;0;0;(-38.589615 -3.78413);
;2022-11-24 18:02:40;Henrique Rabelo;Joaquin Torres;;Joaquim Tavora;;Atropelamento;;Não informado;;Cruzamento;;;0;1;0;0;0;0;0;0;0;0;1;0;0;(-38.521538 -3.7408998);
;2022-11-24 18:01:32;Rua Meton De Alencar;;;Centro;;Queda;;Não informado;;Meio De Quadra;;;0;1;0;1;0;0;0;0;0;0;0;0;0;(-38.5391287 -3.7310196);
;2022-11-24 17:46:30;Silas Mngumba;;;Serrinha;;Colisão;;Não informado;;Meio De Quadra;;;0;1;0;2;0;0;0;0;0;0;0;0;0;(-38.5542436 -3.7838372);
;2022-11-24 16:24:13;Pedro Martins;Rua Maria Julia;;Bom Jardim;;Queda;;Não informado;;Cruzamento;;;0;1;0;1;0;0;0;0;0;0;0;0;0;(-38.6019359 -3.7992341);
;2022-11-24 16:13:24;Em Frente Ao Terminal Da Lagoa;;;Parangaba;;Colisão;;Não informado;;Meio De Quadra Sem Numero;;;0;1;0;1;1;0;0;0;0;0;0;0;0;(-38.5702057 -3.7714418);
;2022-11-24 16:05:59;Senador Virgilio Tavora;Maria Tomazia;;Aldeota;;Colisão;;Não informado;;Cruzamento;;;0;1;0;1;1;0;0;0;0;0;0;0;0;(-38.4931364 -3.7368195);
;2022-11-24 15:50:05;Engenheiro  Alberto Sá;;;Papicu;;Colisão;;Não informado;;Meio De Quadra;;;0;1;0;1;1;0;0;0;0;0;0;0;0;(-38.4786884 -3.7340156);
;2022-11-24 15:36:33;Duarte Da Costa;Rua Eudes Cardoso;;Messejana;;Colisão;;Não informado;;Cruzamento;;;0;1;0;1;1;0;0;0;0;0;0;0;0;(-38.4865505 -3.8262249);
;2022-11-24 15:32:59;Rua Maria Tomasia Esq.;Av  Virgilio Tavora;;Aldeota;;Colisão;;Não informado;;Cruzamento;;;0;1;0;1;1;0;0;0;0;0;0;0;0;(-38.4950843 -3.736184);
;2022-11-24 14:44:07;Silvia Paulet;Rua Torres Camara;;Aldeota;;Queda;;Não informado;;Cruzamento;;;0;1;0;0;0;0;0;0;0;1;0;0;0;(-38.5058641 -3.7359709);
;2022-11-24 13:59:02;Rogaciano Leite;;;Edson Queiroz;;Queda;;Não informado;;Meio De Quadra Sem Numero;;;0;1;0;1;0;0;0;0;0;0;0;0;0;(-38.4916753 -3.7578878);
;2022-11-24 13:30:01;Avenida Lineu Machado;;;Joquei Clube;;Colisão;;Não informado;;Meio De Quadra;;;0;1;0;1;1;0;0;0;0;0;0;0;0;(-38.5786998 -3.7688441);
;2022-11-24 13:28:55;Leste Oeste - Sentindo Centro;;;Pirambu;;Colisão;;Não informado;;Meio De Quadra Sem Numero;;;0;1;0;0;2;0;0;0;0;0;0;0;0;(-38.5533245 -3.7123711);