COD_ACIDENTE;DATA;LOG1;LOG2;NUMERO;BAIRRO;AMC;NATUREZA;ILUMINACAO;TEMPO;SUPERFICIEPISTA;TIPOCRUZAMENTO;CONTROLETRAFEGO;USOSOLO;MORTOS;FERIDOS;ILESOS;MOTOCICLETA;AUTOMOVEL;MICROONIBUS;CAMINHAO;ONIBUS;CICLOMOTOR;BICICLETA;OUTROS;TREM;TRACAOANIMAL;COORDENADAS
;2022-11-24 12:32:41;Joao Amora;Rua Santa Liduina;;Manuel Satiro;;Colisão;;Não informado;;Cruzamento;;;0;1;0;2;0;0;0;0;0;0;0;0;0;(-38.58515939999999 -3.7996529);
;2022-11-24 12:21:55;Leste Oeste;;;Pirambu;;Colisão;;Não informado;;Meio De Quadra;;;0;1;0;1;1;0;0;0;0;0;0;0;0;(-38.5506273 -3.7129468);
;2022-11-24 10:59:54;Washington Soares;;;Jose De Alencar;;Colisão;;Não informado;;Meio De Quadra Sem Numero;;;0;1;0;1;1;0;0;0;0;0;0;0;0;(-38.4788176 -3.8109469);
;2022-11-24 10:47:26;Contorno Sul;;;Jangurussu;;Queda;;Não informado;;Meio De Quadra Sem Numero;;;0;1;0;0;0;0;0;0;0;1;0;0;0;(-38.5199088 -3.8377883);
;2022-11-24 10:41:55;Mister  Hull;;;Antonio Bezerra;;Atropelamento;;Não informado;;Meio De Quadra Sem Numero;;;0;1;0;1;0;0;0;0;0;0;0;0;0;(-38.5918137 -3.7395231);
;2022-11-24 10:33:51;Avenida Independencia;;;Quintino Cunha;;Colisão;;Não informado;;Meio De Quadra;;;0;1;0;1;1;0;0;0;0;0;0;0;0;(-38.5990538 -3.7245491);
;2022-11-24 10:11:30;Avenida Juscelino Kubitschek;;;Passare;;Queda;;Não informado;;Meio De Quadra;;;0;1;0;1;0;0;0;0;0;0;0;0;0;(-38.5278176 -3.8114354);
;2022-11-24 10:02:09;Oscar Araripe 347;Vicente Pinheiro;;Bom Jardim;;Colisão;;Não informado;;Cruzamento;;;0;1;0;0;2;0;0;0;0;0;0;0;0;(-38.5945052 -3.7928008);
;2022-11-24 08:48:21;Dom Lino;;;Sao Gerardo;;Colisão;;Não informado;;Meio De Quadra;;;0;1;0;0;2;0;0;0;0;0;0;0;0;(-38.5574545 -3.7353354);
;2022-11-24 05:27:03;Jose Dantas Pereira;;;Canindezinho;;Queda;;Não informado;;Meio De Quadra Sem Numero;;;0;1;0;1;0;0;0;0;0;0;0;0;0;(-38.607706 -3.8224972);
;2022-11-24 04:43:18;Bezerra De Menezes;;;Sao Gerardo;;Colisão;;Não informado;;Meio De Quadra Sem Numero;;;0;2;0;0;2;0;0;0;0;0;0;0;0;(-38.556584 -3.7339243);
;2022-11-24 03:45:42;Contorno Oeste;;;Mondubim;;Colisão;;Não informado;;Meio De Quadra;;;0;1;0;0;2;0;0;0;0;0;0;0;0;(0 0);
;2022-11-24 01:42:21;Osorio De Paiva;;;Vila Peri;;Colisão;;Não informado;;Meio De Quadra Sem Numero;;;0;1;0;1;1;0;0;0;0;0;0;0;0;(-38.5817733 -3.7853969);
;2022-11-24 00:33:06;Bom Jesus;;;Granja Lisboa;;Queda de moto;;Não informado;;Meio De Quadra;;;0;1;0;2;0;0;0;0;0;0;0;0;0;(-38.6172294 -3.7893233);
;2022-11-24 00:13:01;Coronel Carvalho;;;Barra Do Ceara;;Queda;;Não informado;;Meio De Quadra;;;0;1;0;1;0;0;0;0;0;0;0;0;0;(-38.5889352 -3.712775);
;2022-11-23 22:26:40;Frei Mansueto;;;Meireles;;Colisão;;Não informado;;Meio De Quadra;;;0;1;0;1;1;0;0;0;0;0;0;0;0;(-38.48927450000001 -3.7277487);
;2022-11-23 21:12:58;Rua Vilebaldo Aguiar;;;Coco;;Queda;;Não informado;;Meio De Quadra;;;0;1;0;1;0;0;0;0;0;0;0;0;0;(-38.4689849 -3.746545099999999);
;2022-11-23 20:08:14;Argentina;Viriato Ribeiro;;Bela Vista;;Colisão;;Não informado;;Cruzamento;;;0;2;0;2;0;0;0;0;0;0;0;0;0;(-38.5617027 -3.7498475);
;2022-11-23 19:56:48;Avenida Ministro Jose Americo -;;;Cambeba;;Colisão;;Não informado;;Meio De Quadra Sem Numero;;;0;1;0;1;1;0;0;0;0;0;0;0;0;(-38.4863826 -3.8091057);
;2022-11-23 19:50:21;Leste Oeste;;;Cristo Redentor;;Colisão;;Não informado;;Meio De Quadra;;;0;1;0;0;2;0;0;0;0;0;0;0;0;(0 0);
;2022-11-23 19:44:32;Washington Soares;;;Jose De Alencar;;Colisão;;Não informado;;Meio De Quadra Sem Numero;;;0;1;0;1;1;0;0;0;0;0;0;0;0;(-38.4788176 -3.8109469);
;2022-11-23 18:07:39;Avenida Dom Luis;Dias Da Rocha;;Meireles;;Colisão;;Não informado;;Cruzamento;;;0;1;0;0;2;0;0;0;0;0;0;0;0;(-38.4915892 -3.7351382);
;2022-11-23 17:58:34;Aguanambi;Av.Domingos Olimpio;;Fatima;;Colisão;;Não informado;;Cruzamento;;;0;1;0;2;0;0;0;0;0;0;0;0;0;(-38.5245127 -3.738708599999999);
;2022-11-23 17:26:08;Raimundo Arruda;Sampaio Correia;;Parquelandia;;Colisão;;Não informado;;Cruzamento;;;0;1;0;1;1;0;0;0;0;0;0;0;0;(-38.5514835 -3.7365234);
;2022-11-23 16:17:31;Coronel Ferraz;;;Centro;;Colisão;;Não informado;;Meio De Quadra;;;0;1;0;0;2;0;0;0;0;0;0;0;0;(-38.5235728 -3.7283566);
;2022-11-23 16:10:00;Escritor Tom Jobim;;;Barroso;;Colisão;;Não informado;;Meio De Quadra;;;0;1;0;1;1;0;0;0;0;0;0;0;0;(-38.5133423 -3.8244528);
;2022-11-23 14:56:23;Pedro Americo;;;Carlito Pamplona;;Colisão;;Não informado;;Meio De Quadra;;;0;1;0;1;1;0;0;0;0;0;0;0;0;(-38.566058 -3.7112132);
;2022-11-23 14:44:16;Irineu De Sousa;;;Cristo Redentor;;Colisão;;Não informado;;Meio De Quadra;;;0;2;0;1;1;0;0;0;0;0;0;0;0;(-38.5665195 -3.7126395);
;2022-11-23 13:42:16;Senador Robert Kennedy;;;Barra Do Ceara;;Colisão;;Não informado;;Meio De Quadra;;;0;1;0;1;1;0;0;0;0;0;0;0;0;(-38.5808121 -3.7080781);
;2022-11-23 13:35:00;Doutor Silas Monguba;;;Serrinha;;Atropelamento;;Não informado;;Meio De Quadra;;;0;1;0;0;1;0;0;0;0;0;0;0;0;(-38.5409312 -3.7899312);
;2022-11-23 13:30:34;Padre Perdro De Alencar;;;Messejana;;Queda;;Não informado;;Meio De Quadra Sem Numero;;;0;1;0;1;0;0;0;0;0;0;0;0;0;(-38.494095 -3.8355645);
;2022-11-23 13:23:49;Jovita Feitosa;;;Parquelandia;;Queda;;Não informado;;Meio De Quadra;;;0;1;0;1;0;0;0;0;0;0;0;0;0;(-38.5510959 -3.738964);
;2022-11-23 11:09:06;Carlos Chagas;;;Bonsucesso;;Colisão;;Não informado;;Meio De Quadra;;;0;1;0;1;1;0;0;0;0;0;0;0;0;(-38.5881555 -3.7793676);
;2022-11-23 10:25:08;Joao Amora;;;Manuel Satiro;;Atropelamento;;Não informado;;Meio De Quadra;;;0;1;0;0;1;0;0;0;0;0;0;0;0;(-38.5799034 -3.7998439);
;2022-11-23 09:22:38;Antonio Justa;Vicente Leite;;Meireles;;Colisão;;Não informado;;Cruzamento;;;0;1;0;1;1;0;0;0;0;0;0;0;0;(-38.4925996 -3.7282953);
;2022-11-23 06:46:49;Petronilia Bezerra;;;Manuel Satiro;;Queda;;Não informado;;Meio De Quadra;;;0;1;0;1;0;0;0;0;0;0;0;0;0;(-38.5861321 -3.8002564);
;2022-11-23 05:31:22;BR 116;;;Messejana;;Queda;;Não informado;;Meio De Quadra Sem Numero;;;0;1;0;1;0;0;0;0;0;0;0;0;0;(0 0);
;2022-11-23 04:36:03;Professor Otavio Lobo;;;Papicu;;Queda;;Não informado;;Meio De Quadra;;;0;1;0;1;0;0;0;0;0;0;0;0;0;(-38.4763127 -3.7401998);
;2022-11-23 03:03:30;Br116 - Subindo O Viaduto;;;Sao Joao Do Tauape;;Colisão;;Não informado;;Meio De Quadra Sem Numero;;;0;1;0;1;1;0;0;0;0;0;0;0;0;(-38.5192496 -3.7600264);
;2022-11-23 00:31:11;Recanto Verde;;;Jangurussu;;Colisão;;Não informado;;Meio De Quadra;;;0;1;0;0;1;0;0;0;0;1;0;0;0;(-38.5143685 -3.8458727);
;2022-11-23 00:10:11;Carneiro De Mendonça;;;Democrito Rocha;;Colisão;;Não informado;;Meio De Quadra;;;0;1;0;1;1;0;0;0;0;0;0;0;0;(-38.5637599 -3.7656603);
;2022-11-22 23:13:34;Humberto Monte;;;Bela Vista;;Colisão;;Não informado;;Meio De Quadra;;;0;1;0;1;1;0;0;0;0;0;0;0;0;(-38.5633612 -3.7460998);
;2022-11-22 21:59:34;Avenida Augusto Dos Anjos;;;Bonsucesso;;Colisão;;Não informado;;Meio De Quadra;;;0;1;0;0;2;0;0;0;0;0;0;0;0;(-38.581273 -3.7829215);
;2022-11-22 21:51:18;Contorno Sul;;;Jangurussu;;Queda;;Não informado;;Meio De Quadra Sem Numero;;;0;1;0;0;0;0;0;0;0;1;0;0;0;(-38.5199088 -3.8377883);
;2022-11-22 21:40:32;Rua Leandro Henrique;Irineu Machado;;Siqueira;;Colisão;;Não informado;;Cruzamento;;;0;1;0;1;1;0;0;0;0;0;0;0;0;(-38.6245551 -3.8138237);
;2022-11-22 20:25:46;BR 116 KM 3;;;Sao Joao Do Tauape;;Colisão;;Não informado;;Meio De Quadra Sem Numero;;;0;2;0;0;2;0;0;0;0;0;0;0;0;(0 0);
;2022-11-22 20:02:45;Dionizio Alencar;;;Ancuri;;Queda;;Não informado;;Meio De Quadra;;;0;1;0;1;0;0;0;0;0;0;0;0;0;(-38.5037414 -3.848773999999999);
;2022-11-22 19:50:42;Avenida Benjamim Brasil;;;Jardim Cearense;;Colisão;;Não informado;;Meio De Quadra;;;0;1;0;1;1;0;0;0;0;0;0;0;0;(-38.5703694 -3.8036348);
;2022-11-22 19:23:09;Rua Amancio Pereira;;;Passare;;Colisão;;Não informado;;Meio De Quadra;;;0;1;0;0;2;0;0;0;0;0;0;0;0;(-38.5229879 -3.8156743);
;2022-11-22 19:05:05;Avenida Washinton Soares - Agua Fria;;;Não informado;;Colisão;;Não informado;;Meio De Quadra;;;0;2;0;0;2;0;0;0;0;0;0;0;0;(-38.4810998 -3.7779221);
;2022-11-22 18:45:32;Rua Rio Araguaia -;Jardim Iracema;;Jardim Iracema;;Colisão;;Não informado;;Cruzamento;;;0;2;0;1;1;0;0;0;0;0;0;0;0;(-38.5820285 -3.7243268);
;2022-11-22 17:56:38;Bezerra De Meneses;;;Sao Gerardo;;Colisão;;Não informado;;Meio De Quadra;;;0;1;0;1;1;0;0;0;0;0;0;0;0;(-38.5581255 -3.7345787);
;2022-11-22 15:53:47;Jose Vilar;;;Dionisio Torres;;Colisão;;Não informado;;Meio De Quadra;;;0;2;0;2;0;0;0;0;0;0;0;0;0;(-38.5050089 -3.7378292);
;2022-11-22 14:03:48;BR 116 KM 3;;;Aerolandia;;Colisão;;Não informado;;Meio De Quadra Sem Numero;;;0;1;0;1;1;0;0;0;0;0;0;0;0;(0 0);
;2022-11-22 13:20:46;Br116 Km;;;Cidade Dos Funcionarios;;Colisão;;Não informado;;Meio De Quadra Sem Numero;;;0;1;0;1;1;0;0;0;0;0;0;0;0;(-38.5073921 -3.7945692);
;2022-11-22 12:26:59;Rua Wenefrido Melo;;;Mondubim;;Colisão;;Não informado;;Meio De Quadra Sem Numero;;;0;2;0;2;0;0;0;0;0;0;0;0;0;(-38.5773854 -3.8094497);
;2022-11-22 12:10:07;Solon Pinheiro 1332;Saldanha Marinho;;Jose Bonifacio;;Colisão;;Não informado;;Cruzamento;;;0;1;0;1;1;0;0;0;0;0;0;0;0;(-38.5304082 -3.7424009);
;2022-11-22 11:33:20;Leste Oeste;;;Jacarecanga;;Atropelamento;;Não informado;;Meio De Quadra;;;0;1;0;0;1;0;0;0;0;0;0;0;0;(-38.55498499999999 -3.7120792);
;2022-11-22 11:15:49;Rua Governador Sampaio;;;Centro;;Colisão;;Não informado;;Meio De Quadra;;;0;2;0;1;1;0;0;0;0;0;0;0;0;(-38.5243156 -3.7280423);
;2022-11-22 10:44:55;Rua Quixada;;;Benfica;;Queda;;Não informado;;Meio De Quadra;;;0;1;0;0;0;0;0;0;0;1;0;0;0;(-38.5352886 -3.7360338);
;2022-11-22 10:32:16;Sargento Herminio;R. Mozart Gondim;;Monte Castelo;;Colisão;;Não informado;;Cruzamento;;;0;1;0;1;1;0;0;0;0;0;0;0;0;(-38.5613276 -3.7264869);
;2022-11-22 10:29:50;Coronel Matos Dourado  ( Perimetral );;;Pici;;Colisão;;Não informado;;Meio De Quadra Sem Numero;;;0;2;0;1;1;0;0;0;0;0;0;0;0;(-38.5846875 -3.7481374);
;2022-11-22 00:46:49;Nova Fortaleza;Rua Morada Nova;;Não informado;;Colisão;;Não informado;;Cruzamento;;;0;1;0;1;1;0;0;0;0;0;0;0;0;(-38.5725853 -3.839870699999999);
;2022-11-21 23:15:34;Ze Carias Florindo;;;Bom Jardim;;Colisão;;Não informado;;Meio De Quadra;;;0;3;0;2;0;0;0;0;0;0;0;0;0;(0 0);
;2022-11-21 22:00:13;Visconde Do Rio Branco;;;Sao Joao Do Tauape;;Colisão;;Não informado;;Meio De Quadra;;;0;1;0;1;1;0;0;0;0;0;0;0;0;(-38.51994690000001 -3.7555306);
;2022-11-21 21:10:30;Rua Pinto Madeira;;;Aldeota;;Queda;;Não informado;;Meio De Quadra;;;0;1;0;1;0;0;0;0;0;0;0;0;0;(-38.5153604 -3.7330326);
;2022-11-21 21:07:50;Avenida Sargento Herminio;;;Monte Castelo;;Queda;;Não informado;;Meio De Quadra Sem Numero;;;0;1;0;1;0;0;0;0;0;0;0;0;0;(-38.5536455 -3.7251204);
;2022-11-21 20:47:02;Pernanbuco;Rua Monteiro Lobato;;Pici;;Colisão;;Não informado;;Cruzamento;;;0;1;0;1;1;0;0;0;0;0;0;0;0;(-38.5796252 -3.7505702);
;2022-11-21 20:20:45;Avenida Almirante Henrique Saboia;Raul Barbosa A;;Coco;;Colisão;;Não informado;;Cruzamento;;;0;1;0;1;1;0;0;0;0;0;0;0;0;(-38.5044157 -3.7565087);
;2022-11-21 19:56:34;Rua Castro E Silva;General Bezerril;;Centro;;Colisão;;Não informado;;Cruzamento;;;0;1;0;1;1;0;0;0;0;0;0;0;0;(-38.52553870000001 -3.724462999999999);
;2022-11-21 19:17:49;Rua Ministro Joaquim Bastos;Padre  Leopoldo Fernandes;;Fatima;;Atropelamento;;Não informado;;Cruzamento;;;0;1;0;0;1;0;0;0;0;0;0;0;0;(-38.5299862 -3.7522502);
;2022-11-21 19:06:26;Barao De Caninde;;;Montese;;Colisão;;Não informado;;Meio De Quadra;;;0;1;0;1;1;0;0;0;0;0;0;0;0;(-38.5514441 -3.761015);
;2022-11-21 18:47:51;Bernardo Manuel;;;Itaperi;;Colisão;;Não informado;;Meio De Quadra;;;0;1;0;1;1;0;0;0;0;0;0;0;0;(-38.5525728 -3.8013991);
;2022-11-21 18:37:23;Rua Maria Amalia;;;Passare;;Colisão;;Não informado;;Meio De Quadra;;;0;1;0;1;1;0;0;0;0;0;0;0;0;(-38.5223674 -3.8124308);
;2022-11-21 18:19:03;Professor Costa  Mendes;;;Rodolfo Teofilo;;Colisão;;Não informado;;Meio De Quadra;;;0;1;0;2;0;0;0;0;0;0;0;0;0;(-38.5519584 -3.750251);
;2022-11-21 16:50:31;Rua Mimosa Coelho;;;Maraponga;;Queda;;Não informado;;Meio De Quadra;;;0;1;0;1;0;0;0;0;0;0;0;0;0;(-38.5638944 -3.7966091);
;2022-11-21 16:20:06;Rua Ildefonso Albano;;;Aldeota;;Colisão;;Não informado;;Meio De Quadra;;;0;1;0;1;1;0;0;0;0;0;0;0;0;(-38.5159769 -3.7416949);
;2022-11-21 15:27:30;Miguel Dias;;;Guararapes;;Colisão;;Não informado;;Meio De Quadra;;;0;1;0;2;0;0;0;0;0;0;0;0;0;(-38.4884828 -3.7583893);
;2022-11-21 15:21:41;Professor Heraclito;;;Papicu;;Colisão;;Não informado;;Meio De Quadra;;;0;1;0;0;2;0;0;0;0;0;0;0;0;(-38.4791906 -3.7313497);
;2022-11-21 13:35:11;Bezerra De Menezes;Avenida Jose Jathay;;Sao Gerardo;;Colisão;;Não informado;;Cruzamento;;;0;1;0;0;1;0;0;0;0;1;0;0;0;(-38.5450206 -3.7315183);
;2022-11-21 12:58:36;Rua Avila Goulart;;;Papicu;;Colisão;;Não informado;;Meio De Quadra Sem Numero;;;0;1;0;1;1;0;0;0;0;0;0;0;0;(-38.4791684 -3.7345161);
;2022-11-21 12:56:40;Professor Heribaldo Costa;;;Pici;;Colisão;;Não informado;;Meio De Quadra;;;0;1;0;0;2;0;0;0;0;0;0;0;0;(-38.5819553 -3.7549792);
;2022-11-21 12:38:18;Jose Bastos;;;Democrito Rocha;;Colisão;;Não informado;;Meio De Quadra;;;0;2;0;2;0;0;0;0;0;0;0;0;0;(-38.5592006 -3.7574944);
;2022-11-21 12:13:04;Coronel Carvalho;;;Antonio Bezerra;;Colisão;;Não informado;;Meio De Quadra Sem Numero;;;0;2;0;1;1;0;0;0;0;0;0;0;0;(-38.5843725 -3.7363281);
;2022-11-21 12:05:14;Santos Dumont;;;Papicu;;Colisão;;Não informado;;Meio De Quadra;;;0;1;0;1;1;0;0;0;0;0;0;0;0;(-38.4828158 -3.7414701);
;2022-11-21 11:58:12;Carneiro De Mendonça;;;Parangaba;;Queda;;Não informado;;Meio De Quadra;;;0;1;0;1;0;0;0;0;0;0;0;0;0;(-38.5637099 -3.765359);
;2022-11-21 11:55:39;Presidente Castelo Branco;;;Pirambu;;Colisão;;Não informado;;Meio De Quadra;;;0;1;0;1;1;0;0;0;0;0;0;0;0;(-38.5621204 -3.7104492);
;2022-11-21 11:45:29;Jovita Feitosa;;;Parquelandia;;Colisão;;Não informado;;Meio De Quadra;;;0;2;0;1;1;0;0;0;0;0;0;0;0;(-38.5449829 -3.7376629);
;2022-11-21 11:37:54;Eduardo Bezerra;;;Sao Joao Do Tauape;;Colisão;;Não informado;;Meio De Quadra;;;0;1;0;1;1;0;0;0;0;0;0;0;0;(-38.510521 -3.753781);
;2022-11-21 11:06:05;Conselheiro Lafayette;;;Jardim Iracema;;Colisão;;Não informado;;Meio De Quadra;;;0;1;0;2;0;0;0;0;0;0;0;0;0;(-38.5855684 -3.7179136);
;2022-11-21 10:55:08;Soriano Albuquerque;;;Joaquim Tavora;;Colisão;;Não informado;;Meio De Quadra;;;0;1;0;1;1;0;0;0;0;0;0;0;0;(-38.5188836 -3.7481247);
;2022-11-21 10:47:34;Murilo Borges;;;Engenheiro Luciano Cavalcante;;Colisão;;Não informado;;Meio De Quadra Sem Numero;;;0;1;0;1;1;0;0;0;0;0;0;0;0;(-38.4980672 -3.7672671);
;2022-11-21 10:41:01;Humberto Monte;;;Pici;;Queda;;Não informado;;Meio De Quadra Sem Numero;;;0;1;0;1;0;0;0;0;0;0;0;0;0;(-38.5674402 -3.7409193);
;2022-11-21 10:28:54;Alvaro Chaves;Marques De Abrante;;Mondubim;;Colisão;;Não informado;;Cruzamento;;;0;2;0;1;1;0;0;0;0;0;0;0;0;(-38.5799551 -3.8245566);
;2022-11-21 10:26:57;Av Dom Luis;;;Meireles;;Queda;;Não informado;;Meio De Quadra;;;0;1;0;1;0;0;0;0;0;0;0;0;0;(0 0);
;2022-11-21 10:25:19;Conego De Castro;;;Vila Peri;;Colisão;;Não informado;;Meio De Quadra;;;0;1;0;1;1;0;0;0;0;0;0;0;0;(-38.575579 -3.7874081);
;2022-11-21 10:25:07;Lineu Machado;;;Joquei Clube;;Queda;;Não informado;;Meio De Quadra;;;0;1;0;1;0;0;0;0;0;0;0;0;0;(-38.5755334 -3.7629667);
;2022-11-21 10:07:33;Edson Martins;;;Granja Lisboa;;Queda;;Não informado;;Meio De Quadra;;;0;1;0;1;0;0;0;0;0;0;0;0;0;(-38.6225633 -3.7830444);
;2022-11-21 10:05:37;15 De Novembro;;;Montese;;Queda;;Não informado;;Meio De Quadra;;;0;1;0;1;0;0;0;0;0;0;0;0;0;(-38.5555982 -3.768853999999999);
;2022-11-21 09:31:38;Senador Pompeu;Castro De Silva;;Centro;;Queda;;Não informado;;Cruzamento;;;0;1;0;1;0;0;0;0;0;0;0;0;0;(-38.5307849 -3.7305786);
;2022-11-21 09:28:07;Avenida Presidente Costa E Silva;;;Mondubim;;Colisão;;Não informado;;Meio De Quadra Sem Numero;;;0;1;0;0;1;0;0;0;0;1;0;0;0;(-38.5647962 -3.8178905);
;2022-11-21 08:49:18;Rua Teodomiro De Castro;;;Alvaro Weyne;;Atropelamento;;Não informado;;Meio De Quadra;;;0;1;0;1;0;0;0;0;0;0;0;0;0;(-38.5716601 -3.719161);
;2022-11-21 08:43:49;Valdetario Mota;;;Vicente Pinzon;;Colisão;;Não informado;;Meio De Quadra;;;0;1;0;1;1;0;0;0;0;0;0;0;0;(-38.4814219 -3.7381737);
;2022-11-21 07:51:30;Presidente Costa E Silva;;;Prefeito Jose Walter;;Colisão;;Não informado;;Meio De Quadra;;;0;1;0;0;2;0;0;0;0;0;0;0;0;(-38.5424391 -3.8246917);
;2022-11-21 04:22:10;Rua Joao Tinoco;;;Olavo Oliveira;;Queda;;Não informado;;Meio De Quadra;;;0;1;0;0;0;0;0;0;0;1;0;0;0;(-38.5895762 -3.7285107);
;2022-11-21 04:14:01;Aeroporto Pinto Martins;;;Aeroporto;;Queda;;Não informado;;Meio De Quadra Sem Numero;;;0;1;0;1;0;0;0;0;0;0;0;0;0;(-38.53309660000001 -3.7771555);
;2022-11-21 02:03:23;Radialista Lima Verde;;;Barra Do Ceara;;Colisão;;Não informado;;Meio De Quadra Sem Numero;;;0;2;0;1;1;0;0;0;0;0;0;0;0;(-38.5898182 -3.7023369);
;2022-11-20 23:33:55;Rogaciano Leite;;;Guararapes;;Colisão;;Não informado;;Meio De Quadra;;;0;2;0;2;0;0;0;0;0;0;0;0;0;(-38.4949911 -3.763657);
;2022-11-20 23:05:15;Independencia;;;Quintino Cunha;;Colisão;;Não informado;;Meio De Quadra;;;0;1;0;0;2;0;0;0;0;0;0;0;0;(-38.5933683 -3.7260789);
;2022-11-20 22:29:49;Heleno Moura;;;Democrito Rocha;;Colisão;;Não informado;;Meio De Quadra;;;0;1;0;0;2;0;0;0;0;0;0;0;0;(-38.5654055 -3.763935);
;2022-11-20 21:33:38;Jose Bastos;;;Parangaba;;Queda;;Não informado;;Meio De Quadra;;;0;1;0;1;0;0;0;0;0;0;0;0;0;(0 0);
;2022-11-20 19:02:02;Rua Pernambuco;;;Pici;;Queda;;Não informado;;Meio De Quadra;;;0;1;0;1;0;0;0;0;0;0;0;0;0;(-38.5747922 -3.755035);
;2022-11-20 18:52:49;Rua Luis Oria;;;Jose De Alencar;;Queda;;Não informado;;Meio De Quadra;;;0;1;0;0;0;0;0;0;0;1;0;0;0;(-38.4794174 -3.8158051);
;2022-11-20 17:47:09;Rua Alves De Sousa;;;Canindezinho;;Choque c/ Obstáculo Fixo;;Não informado;;Meio De Quadra;;;0;1;0;0;1;0;0;0;0;0;0;0;0;(-38.595341 -3.803532);
;2022-11-20 15:49:35;Rua Ari Barroso;;;Papicu;;Colisão;;Não informado;;Meio De Quadra Sem Numero;;;0;1;0;1;1;0;0;0;0;0;0;0;0;(-38.4723755 -3.7399426);
;2022-11-20 15:07:11;Rua Dos Trevos;;;Canindezinho;;Queda;;Não informado;;Meio De Quadra;;;0;1;0;1;0;0;0;0;0;0;0;0;0;(0 0);
;2022-11-20 12:31:33;Presidente Castelo Branco;;;Cristo Redentor;;Queda;;Não informado;;Meio De Quadra Sem Numero;;;0;1;0;1;0;0;0;0;0;0;0;0;0;(-38.5645486 -3.7095397);
;2022-11-20 12:23:58;Rua Aracaju;;;Henrique Jorge;;Colisão;;Não informado;;Meio De Quadra;;;0;2;0;2;0;0;0;0;0;0;0;0;0;(-38.59141100000001 -3.7676395);
;2022-11-20 11:19:40;Avenida Doutor Theberge -Com Avenida Sargento Herminio;;;Presidente Kennedy;;Colisão;;Não informado;;Meio De Quadra Sem Numero;;;0;1;0;1;1;0;0;0;0;0;0;0;0;(-38.5693215 -3.7278979);
;2022-11-20 09:13:33;Silas Munguba;;;Serrinha;;Colisão;;Não informado;;Meio De Quadra Sem Numero;;;0;1;0;0;2;0;0;0;0;0;0;0;0;(-38.542238 -3.7897477);
;2022-11-20 06:10:50;Eduardo Girao;;;Benfica;;Colisão;;Não informado;;Meio De Quadra;;;0;1;0;2;0;0;0;0;0;0;0;0;0;(0 0);
;2022-11-20 03:27:09;Major Assis;;;Vila Velha;;Colisão;;Não informado;;Meio De Quadra;;;0;1;0;2;0;0;0;0;0;0;0;0;0;(-38.6024068 -3.7201527);
;2022-11-20 01:27:20;Coronel De Carvalho;;;Antonio Bezerra;;Colisão;;Não informado;;Meio De Quadra Sem Numero;;;0;1;0;1;1;0;0;0;0;0;0;0;0;(-38.5843725 -3.7363281);
;2022-11-19 23:51:42;Barra Vermelha;Londrina;;Granja Portugal;;Colisão;;Não informado;;Cruzamento;;;0;1;0;2;0;0;0;0;0;0;0;0;0;(-38.6121988 -3.7785122);
;2022-11-19 23:38:36;Major Assis;;;Jardim Iracema;;Queda;;Não informado;;Meio De Quadra;;;0;1;0;1;0;0;0;0;0;0;0;0;0;(-38.58545429999999 -3.7239628);
;2022-11-19 23:14:58;Verbena;;;Bonsucesso;;Queda;;Não informado;;Meio De Quadra;;;0;1;0;0;0;0;0;0;0;1;0;0;0;(-38.58989400000001 -3.7843495);
;2022-11-19 22:40:49;Estado Do Rio;;;Democrito Rocha;;Colisão;;Não informado;;Meio De Quadra;;;0;1;0;1;1;0;0;0;0;0;0;0;0;(-38.5700429 -3.7573642);
;2022-11-19 22:04:42;Oliveira Paiva;;;Cidade Dos Funcionarios;;Colisão;;Não informado;;Meio De Quadra Sem Numero;;;0;2;0;1;1;0;0;0;0;0;0;0;0;(-38.49671 -3.7957203);
;2022-11-19 21:32:16;Londrina;;;Granja Portugal;;Colisão;;Não informado;;Meio De Quadra;;;0;1;0;0;2;0;0;0;0;0;0;0;0;(-38.5986573 -3.782167);
;2022-11-19 21:21:17;Avenida Imperador;;;Centro;;Atropelamento;;Não informado;;Meio De Quadra;;;0;1;0;0;1;0;0;0;0;0;0;0;0;(-38.53442099999999 -3.72797);
;2022-11-19 21:09:15;Rua Sao Francisco;;;Bonsucesso;;Queda;;Não informado;;Meio De Quadra;;;0;1;0;0;0;0;0;0;0;1;0;0;0;(-38.5912589 -3.783911899999999);
;2022-11-19 19:56:31;Maestro Lisboa;;;Lagoa Redonda;;Queda;;Não informado;;Meio De Quadra;;;0;1;0;0;0;0;0;0;0;1;0;0;0;(0 0);
;2022-11-19 19:30:33;Guilherme Rocha;Padre Mororo;;Centro;;Colisão;;Não informado;;Cruzamento;;;0;1;0;1;1;0;0;0;0;0;0;0;0;(-38.5370494 -3.7240422);
;2022-11-19 18:56:27;Rua Visconde De Cauipe;;;Joao Xxiii;;Atropelamento;;Não informado;;Meio De Quadra;;;0;1;0;0;1;0;0;0;0;0;0;0;0;(-38.5868758 -3.7712);
;2022-11-19 18:16:24;C;;;Prefeito Jose Walter;;Colisão;;Não informado;;Meio De Quadra;;;0;1;0;1;1;0;0;0;0;0;0;0;0;(-38.5489144 -3.8277701);