COD_ACIDENTE;DATA;LOG1;LOG2;NUMERO;BAIRRO;AMC;NATUREZA;ILUMINACAO;TEMPO;SUPERFICIEPISTA;TIPOCRUZAMENTO;CONTROLETRAFEGO;USOSOLO;MORTOS;FERIDOS;ILESOS;MOTOCICLETA;AUTOMOVEL;MICROONIBUS;CAMINHAO;ONIBUS;CICLOMOTOR;BICICLETA;OUTROS;TREM;TRACAOANIMAL;COORDENADAS
;2022-11-19 15:31:33;Rua Deputado Matoso Filho -;;;Olavo Oliveira;;Colisão;;Não informado;;Meio De Quadra;;;0;1;0;0;2;0;0;0;0;0;0;0;0;(-38.5939324 -3.7339992);
;2022-11-19 13:28:38;Augusto Dos Anjos;;;Bonsucesso;;Atropelamento;;Não informado;;Meio De Quadra;;;0;1;0;0;1;0;0;0;0;0;0;0;0;(-38.5805554 -3.7816417);
;2022-11-19 06:20:46;13 De Maio;;;Benfica;;Atropelamento;;Não informado;;Meio De Quadra;;;0;1;0;1;0;0;0;0;0;0;0;0;0;(0 0);
;2022-11-19 05:51:17;L   - Upa Vila Velha;;;Vila Velha;;Queda de moto;;Não informado;;Meio De Quadra Sem Numero;;;0;1;0;2;0;0;0;0;0;0;0;0;0;(-38.6017678 -3.7169314);
;2022-11-19 02:44:08;Candido Maia;;;Antonio Bezerra;;Atropelamento;;Não informado;;Meio De Quadra;;;0;1;0;0;1;0;0;0;0;0;0;0;0;(-38.5901092 -3.7371858);
;2022-11-19 02:43:50;Manuel Queiroz;Bento Albuquerque;;Coco;;Colisão;;Não informado;;Cruzamento;;;0;1;0;1;1;0;0;0;0;0;0;0;0;(-38.4674506 -3.7488102);
;2022-11-19 01:57:34;Henrique Ellery;;;Vila Ellery;;Colisão;;Não informado;;Meio De Quadra;;;0;3;0;2;0;0;0;0;0;0;0;0;0;(-38.5608321 -3.7225458);
;2022-11-19 01:13:35;Amelia Benebien;;;Papicu;;Colisão;;Não informado;;Meio De Quadra;;;0;1;0;1;1;0;0;0;0;0;0;0;0;(-38.4783108 -3.7379087);
;2022-11-18 22:54:27;Bento Albuquerque;;;Coco;;Colisão;;Não informado;;Meio De Quadra;;;0;2;0;2;0;0;0;0;0;0;0;0;0;(-38.47778479999999 -3.7452713);
;2022-11-18 22:49:12;Washington Soares;;;Messejana;;Colisão;;Não informado;;Meio De Quadra Sem Numero;;;0;1;0;1;1;0;0;0;0;0;0;0;0;(-38.4822017 -3.828229);
;2022-11-18 22:36:11;Sargento Herminio;;;Padre Andrade;;Atropelamento;;Não informado;;Meio De Quadra;;;0;2;0;1;0;0;0;0;0;0;0;0;0;(-38.5785461 -3.7309525);
;2022-11-18 20:53:18;Avenida Alberto Craveiro;;;Dias Macedo;;Colisão;;Não informado;;Meio De Quadra;;;0;2;0;1;1;0;0;0;0;0;0;0;0;(-38.5168931 -3.7831769);
;2022-11-18 20:48:04;Avenida Osorio De Paiva;;;Siqueira;;Colisão;;Não informado;;Meio De Quadra;;;0;1;0;1;1;0;0;0;0;0;0;0;0;(-38.590468 -3.7925101);
;2022-11-18 20:29:43;Godofredo Maciel;Rodrigo Codes;;Maraponga;;Colisão;;Não informado;;Cruzamento;;;0;1;0;1;1;0;0;0;0;0;0;0;0;(-38.572456 -3.8048837);
;2022-11-18 19:17:02;Rua Ana Gonçalves;;;Sao Joao Do Tauape;;Queda;;Não informado;;Meio De Quadra;;;0;1;0;1;0;0;0;0;0;0;0;0;0;(0 0);
;2022-11-18 19:00:30;Avenida Castelo De Castro - Saõ Cristovao;;;Jangurussu;;Colisão;;Não informado;;Meio De Quadra;;;0;1;0;1;1;0;0;0;0;0;0;0;0;(-38.5245016 -3.838473699999999);
;2022-11-18 18:17:12;Avenida Dolor Barreira;;;Vicente Pinzon;;Queda;;Não informado;;Meio De Quadra;;;0;1;0;1;0;0;0;0;0;0;0;0;0;(-38.4732433 -3.7274643);
;2022-11-18 16:49:44;Rua Maranhao;;;Pan Americano;;Colisão;;Não informado;;Meio De Quadra;;;0;1;0;1;1;0;0;0;0;0;0;0;0;(-38.5651176 -3.7559876);
;2022-11-18 12:41:07;Rua 1111;;;Conjunto Ceara;;Colisão;;Não informado;;Meio De Quadra;;;0;1;0;1;1;0;0;0;0;0;0;0;0;(-38.6133041 -3.7642171);
;2022-11-18 12:14:27;Aracaju;;;Henrique Jorge;;Colisão;;Não informado;;Meio De Quadra;;;0;1;0;1;1;0;0;0;0;0;0;0;0;(-38.5884174 -3.7614916);
;2022-11-18 10:29:56;BR 116 KM 10;;;Messejana;;Queda;;Não informado;;Meio De Quadra Sem Numero;;;0;1;0;1;0;0;0;0;0;0;0;0;0;(0 0);
;2022-11-18 08:42:52;Santos Dumont;;;Papicu;;Atropelamento;;Não informado;;Meio De Quadra;;;0;1;0;0;0;0;0;0;0;1;0;0;0;(-38.4761289 -3.7432896);
;2022-11-18 07:04:26;Cotorno Sul;;;Novo Mondubim;;Queda;;Não informado;;Meio De Quadra;;;0;1;0;1;0;0;0;0;0;0;0;0;0;(-38.588637 -3.8092536);
;2022-11-18 00:54:14;G Esquina;Av I;;Prefeito Jose Walter;;Colisão;;Não informado;;Cruzamento;;;0;1;0;0;2;0;0;0;0;0;0;0;0;(-38.5537971 -3.8353486);
;2022-11-18 00:04:42;Euclides Onofre De Souza;;;Sapiranga;;Queda;;Não informado;;Meio De Quadra;;;0;1;0;1;0;0;0;0;0;0;0;0;0;(-38.468018 -3.797304999999999);
;2022-11-17 23:22:31;Treze De Maio;;;Benfica;;Colisão;;Não informado;;Meio De Quadra Sem Numero;;;0;1;0;1;0;0;1;0;0;0;0;0;0;(-38.5374927 -3.742407);
;2022-11-17 23:01:42;Senador Fernandes Tavora;;;Joquei Clube;;Colisão;;Não informado;;Meio De Quadra;;;0;1;0;1;1;0;0;0;0;0;0;0;0;(-38.5792029 -3.7636373);
;2022-11-17 21:50:36;Avenida Presidente Costa E Silva;;;Mondubim;;Atropelamento;;Não informado;;Meio De Quadra;;;0;1;0;1;0;0;0;0;0;0;0;0;0;(-38.5710002 -3.8132542);
;2022-11-17 21:46:12;Oscar França;;;Granja Lisboa;;Colisão;;Não informado;;Meio De Quadra;;;0;3;0;0;2;0;0;0;0;0;0;0;0;(-38.62488949999999 -3.7841969);
;2022-11-17 21:39:06;Av N;;;Prefeito Jose Walter;;Atropelamento;;Não informado;;Meio De Quadra;;;0;1;0;1;0;0;0;0;0;0;0;0;0;(0 0);
;2022-11-17 20:32:00;Rua Nossa Senhora Das Graças;;;Pirambu;;Colisão;;Não informado;;Meio De Quadra;;;0;1;0;0;2;0;0;0;0;0;0;0;0;(-38.5538753 -3.710049399999999);
;2022-11-17 20:10:42;Ministro Jose Americo;;;Cambeba;;Colisão;;Não informado;;Meio De Quadra Sem Numero;;;0;2;0;1;1;0;0;0;0;0;0;0;0;(-38.4863826 -3.8091057);
;2022-11-17 19:53:40;Avenida Carneiro De Mendonça;;;Joquei Clube;;Colisão;;Não informado;;Meio De Quadra;;;0;1;0;0;2;0;0;0;0;0;0;0;0;(-38.5675858 -3.763839399999999);
;2022-11-17 19:29:06;Augusto Dos Anjos;;;Bonsucesso;;Colisão;;Não informado;;Meio De Quadra;;;0;1;0;0;2;0;0;0;0;0;0;0;0;(-38.5850762 -3.7867456);
;2022-11-17 19:10:49;Avenida Das Flamboyantes;;;Cidade 2000;;Colisão;;Não informado;;Meio De Quadra;;;0;2;0;0;2;0;0;0;0;0;0;0;0;(-38.4756922 -3.751115699999999);
;2022-11-17 18:37:17;Rua Teodoro De Castro - Barro Vermelho;;;Granja Portugal;;Colisão;;Não informado;;Meio De Quadra Sem Numero;;;0;3;0;0;2;0;0;0;0;0;0;0;0;(-38.6015101 -3.7807371);
;2022-11-17 18:22:22;Porto Velho;Rua Professor Miramar Da Ponte;;Henrique Jorge;;Colisão;;Não informado;;Cruzamento;;;0;1;0;0;2;0;0;0;0;0;0;0;0;(-38.5877332 -3.7655486);
;2022-11-17 16:59:17;Professor Carvalho;;;Sao Joao Do Tauape;;Colisão;;Não informado;;Meio De Quadra;;;0;1;0;0;2;0;0;0;0;0;0;0;0;(-38.5150252 -3.753436499999999);
;2022-11-17 16:25:54;Bezerra De Menezes;;;Sao Gerardo;;Colisão;;Não informado;;Meio De Quadra;;;0;1;0;0;2;0;0;0;0;0;0;0;0;(-38.5625203 -3.7348667);
;2022-11-17 14:38:55;João Pessoa;;;Damas;;Colisão;;Não informado;;Meio De Quadra;;;0;1;0;1;1;0;0;0;0;0;0;0;0;(-38.5559327 -3.7599371);
;2022-11-17 12:39:54;D  2° Etpa;;;Prefeito Jose Walter;;Colisão;;Não informado;;Meio De Quadra;;;0;1;0;0;2;0;0;0;0;0;0;0;0;(-38.55249 -3.825364);
;2022-11-17 11:59:33;Senador Carlos Jereissati;;;Dias Macedo;;Queda;;Não informado;;Meio De Quadra;;;0;1;0;1;0;0;0;0;0;0;0;0;0;(-38.5339203 -3.7831776);
;2022-11-17 11:34:07;Jose Bastos;;;Rodolfo Teofilo;;Colisão;;Não informado;;Meio De Quadra;;;0;3;0;2;0;0;0;0;0;0;0;0;0;(0 0);
;2022-11-17 10:50:29;Desembargador Moreira;Rua Padre Valdivino;;Aldeota;;Queda;;Não informado;;Cruzamento;;;0;1;0;1;0;0;0;0;0;0;0;0;0;(-38.5008975 -3.744083799999999);
;2022-11-17 10:38:52;Almirante Henrique Saboia;;;Aldeota;;Queda;;Não informado;;Meio De Quadra Sem Numero;;;0;2;0;1;0;0;0;0;0;0;0;0;0;(-38.4892751 -3.7429478);
;2022-11-17 10:35:55;Fernandes Tavora;Av. Prof. Heribaldo Costa;;Henrique Jorge;;Colisão;;Não informado;;Cruzamento;;;0;1;0;0;1;0;0;1;0;0;0;0;0;(-38.5850593 -3.7621902);
;2022-11-17 10:19:52;Dom Manuel;;;Centro;;Colisão;;Não informado;;Meio De Quadra;;;0;1;0;1;1;0;0;0;0;0;0;0;0;(-38.5214026 -3.7297418);
;2022-11-17 10:03:21;Jornalista  Tomaz Coelho;;;Jangurussu;;Colisão;;Não informado;;Meio De Quadra Sem Numero;;;0;1;0;1;1;0;0;0;0;0;0;0;0;(-38.5112128 -3.8294137);
;2022-11-17 09:44:35;B;Rua Verde 35;;Jangurussu;;Queda;;Não informado;;Cruzamento;;;0;1;0;1;0;0;0;0;0;0;0;0;0;(-38.5127536 -3.8491909);
;2022-11-17 09:43:49;Avenida Lineu Machado;& Av. Fernandes Tavora;;Joquei Clube;;Atropelamento;;Não informado;;Cruzamento;;;0;1;0;0;1;0;0;0;0;0;0;0;0;(-38.5785727 -3.7692026);
;2022-11-17 07:34:59;Godofredo Maciel;;;Mondubim;;Colisão;;Não informado;;Meio De Quadra;;;0;1;0;0;2;0;0;0;0;0;0;0;0;(-38.57915089999999 -3.8267169);
;2022-11-17 05:26:53;Avenida Presidente Costa E Silva;;;Prefeito Jose Walter;;Queda;;Não informado;;Meio De Quadra Sem Numero;;;0;1;0;1;0;0;0;0;0;0;0;0;0;(-38.5443558 -3.8244455);
;2022-11-17 00:15:25;Lions Clube;;;Jangurussu;;Queda;;Não informado;;Meio De Quadra;;;0;1;0;1;0;0;0;0;0;0;0;0;0;(-38.5139477 -3.8382505);
;2022-11-17 00:02:33;Jose Bastos;;;Benfica;;Queda;;Não informado;;Meio De Quadra;;;0;1;0;1;0;0;0;0;0;0;0;0;0;(-38.5466932 -3.7460232);
;2022-11-16 23:20:28;Teodomiro De Castro;Graça Aranha;;Alvaro Weyne;;Colisão;;Não informado;;Cruzamento;;;0;1;0;1;1;0;0;0;0;0;0;0;0;(-38.5763528 -3.7170201);
;2022-11-16 22:49:43;Silas Munguba;;;Parangaba;;Queda;;Não informado;;Meio De Quadra;;;0;1;0;1;0;0;0;0;0;0;0;0;0;(0 0);
;2022-11-16 22:24:24;Leiria De Andrade;;;Monte Castelo;;Colisão;;Não informado;;Meio De Quadra;;;0;1;0;1;1;0;0;0;0;0;0;0;0;(-38.5465767 -3.729857399999999);
;2022-11-16 21:54:57;Castelo De Castro - Sao Cristovao;;;Jangurussu;;Queda;;Não informado;;Meio De Quadra;;;0;1;0;1;0;0;0;0;0;0;0;0;0;(-38.5245016 -3.838473699999999);
;2022-11-16 21:52:49;Avenida Visconde Do Rio Branco;;;Joaquim Tavora;;Colisão;;Não informado;;Meio De Quadra;;;0;1;0;1;1;0;0;0;0;0;0;0;0;(-38.5222184 -3.7434047);
;2022-11-16 21:29:51;Costa Freire;Leao Do Norte;;Vila Peri;;Colisão;;Não informado;;Cruzamento;;;0;1;0;1;1;0;0;0;0;0;0;0;0;(-38.5772129 -3.7839782);
;2022-11-16 21:15:47;Rua Humaita;;;Parque Genibau;;Atropelamento;;Não informado;;Meio De Quadra;;;0;1;0;1;0;0;0;0;0;0;0;0;0;(-38.5997243 -3.7560354);
;2022-11-16 20:52:30;Rua Teodorico Barroso -;;;Vila Uniao;;Colisão;;Não informado;;Meio De Quadra;;;0;1;0;1;1;0;0;0;0;0;0;0;0;(-38.539049 -3.7675267);
;2022-11-16 20:00:40;Senador Alencar;Rua Agapto Dos Santos;;Centro;;Colisão;;Não informado;;Cruzamento;;;0;1;0;1;1;0;0;0;0;0;0;0;0;(-38.5375843 -3.7218023);
;2022-11-16 19:58:29;Joao Carvalho 940;Padre Antonio Tomas;;Aldeota;;Colisão;;Não informado;;Cruzamento;;;0;1;0;1;1;0;0;0;0;0;0;0;0;(-38.5037568 -3.7390526);
;2022-11-16 19:47:42;Verde  44;Verde 5  - Sitio Sao Joao;;Jangurussu;;Colisão;;Não informado;;Cruzamento;;;0;2;0;1;1;0;0;0;0;0;0;0;0;(-38.516646 -3.8474567);
;2022-11-16 19:40:07;Senador Carlos Jereissati;;;Serrinha;;Colisão;;Não informado;;Meio De Quadra Sem Numero;;;0;2;0;1;1;0;0;0;0;0;0;0;0;(-38.5416215 -3.7803066);
;2022-11-16 17:42:49;Avenida Padre Antonio Tomas;Av Virgilio Tavora;;Aldeota;;Colisão;;Não informado;;Cruzamento;;;0;1;0;1;1;0;0;0;0;0;0;0;0;(-38.4947063 -3.7417463);
;2022-11-16 16:53:59;Avenida Viena Weyne;;;Cambeba;;Colisão;;Não informado;;Meio De Quadra;;;0;1;0;1;1;0;0;0;0;0;0;0;0;(-38.48628590000001 -3.8018701);
;2022-11-16 11:39:35;Gonçalves Ledo;Rua Pinto Madeira;;Centro;;Colisão;;Não informado;;Cruzamento;;;0;2;0;2;0;0;0;0;0;0;0;0;0;(-38.5164756 -3.7325989);
;2022-11-16 11:23:03;Santa Liduina;;;Manuel Satiro;;Colisão;;Não informado;;Meio De Quadra;;;0;1;0;1;1;0;0;0;0;0;0;0;0;(-38.5851423 -3.7979946);
;2022-11-16 10:47:41;Pompilio Gomes;;;Barroso;;Colisão;;Não informado;;Meio De Quadra;;;0;1;0;2;0;0;0;0;0;0;0;0;0;(-38.5201406 -3.8115595);
;2022-11-16 10:36:05;BR 116 KM 12;;;Messejana;;Colisão;;Não informado;;Meio De Quadra Sem Numero;;;0;1;0;1;1;0;0;0;0;0;0;0;0;(0 0);
;2022-11-16 10:35:40;Padre Anchieta;;;Monte Castelo;;Colisão;;Não informado;;Meio De Quadra;;;0;1;0;1;1;0;0;0;0;0;0;0;0;(-38.5519748 -3.7310147);
;2022-11-16 09:53:56;Br. 116 KM 6;;;Cajazeiras;;Colisão;;Não informado;;Meio De Quadra;;;0;1;0;1;1;0;0;0;0;0;0;0;0;(-38.5054894 -3.7996206);
;2022-11-16 02:33:40;Santa Rita;;;Granja Lisboa;;Queda;;Não informado;;Meio De Quadra;;;0;2;0;1;0;0;0;0;0;0;0;0;0;(-38.62447909999999 -3.7938203);
;2022-11-16 02:32:39;Upa Bom Jardim > Ijf [Vaga Zero];;;Não informado;;Queda;;Não informado;;Meio De Quadra Sem Numero;;;0;1;0;1;0;0;0;0;0;0;0;0;0;(-38.6247272 -3.7910194);
;2022-11-16 00:43:34;Joao Carvalho;Nunes Valente;;Aldeota;;Colisão;;Não informado;;Cruzamento;;;0;1;0;1;1;0;0;0;0;0;0;0;0;(-38.5041116 -3.7374128);
;2022-11-15 23:29:08;Regina De Fatima;Professor Moreira De Sousa;;Passare;;Colisão;;Não informado;;Cruzamento;;;0;1;0;0;1;0;0;0;0;1;0;0;0;(-38.5262819 -3.8127425);
;2022-11-15 21:59:37;Cidade Ecologica;;;Edson Queiroz;;Queda;;Não informado;;Meio De Quadra;;;0;1;0;0;0;0;0;0;0;1;0;0;0;(-38.4663708 -3.7737355);
;2022-11-15 21:08:58;Rua Joao Sorongo -;;;Jardim America;;Colisão;;Não informado;;Meio De Quadra;;;0;1;0;0;2;0;0;0;0;0;0;0;0;(-38.5440803 -3.7507512);
;2022-11-15 20:58:47;Av:Jose Tavares;;;Canindezinho;;Colisão;;Não informado;;Meio De Quadra;;;0;1;0;1;1;0;0;0;0;0;0;0;0;(-38.6014134 -3.8108335);
;2022-11-15 20:32:36;Conego De Castro;R. Agamenon;;Manuel Satiro;;Colisão;;Não informado;;Cruzamento;;;0;1;0;1;1;0;0;0;0;0;0;0;0;(-38.5830486 -3.795399);
;2022-11-15 20:16:57;Dioguinho;Bairro Praia Futuro;;Praia Futuro;;Colisão;;Não informado;;Cruzamento;;;0;1;0;0;2;0;0;0;0;0;0;0;0;(0 0);
;2022-11-15 20:05:09;Rua Margarida Queiros;;;Cidade Dos Funcionarios;;Colisão;;Não informado;;Meio De Quadra;;;0;1;0;0;1;0;0;0;0;1;0;0;0;(-38.5040544 -3.794363);
;2022-11-15 18:45:21;Rua Sao Jose - Vila Do Mar;;;Barra Do Ceara;;Colisão;;Não informado;;Meio De Quadra;;;0;1;0;0;2;0;0;0;0;0;0;0;0;(-38.5754318 -3.6986199);
;2022-11-15 18:27:13;Clarindo De Queiroz;Imperador;;Centro;;Colisão;;Não informado;;Cruzamento;;;0;1;0;1;1;0;0;0;0;0;0;0;0;(-38.53560960000001 -3.7309597);
;2022-11-15 17:47:52;Meton De Alencar;Imperador;;Centro;;Colisão;;Não informado;;Cruzamento;;;0;1;0;0;2;0;0;0;0;0;0;0;0;(-38.5358268 -3.7319841);
;2022-11-15 17:24:20;1018    -  Hnsc;;;Conjunto Ceara;;Queda de moto;;Não informado;;Meio De Quadra;;;0;1;0;2;0;0;0;0;0;0;0;0;0;(-38.6161906 -3.7704822);
;2022-11-15 15:07:53;Avenida Washington Soares;;;Edson Queiroz;;Colisão;;Não informado;;Meio De Quadra;;;0;1;0;1;1;0;0;0;0;0;0;0;0;(-38.4794344 -3.803640999999999);
;2022-11-15 12:15:42;Pasteur;;;Carlito Pamplona;;Queda;;Não informado;;Meio De Quadra;;;0;1;0;1;0;0;0;0;0;0;0;0;0;(-38.55879789999999 -3.711698);
;2022-11-15 10:33:07;Avenida Osorio De Paiva;;;Parangaba;;Colisão;;Não informado;;Meio De Quadra;;;0;1;0;1;1;0;0;0;0;0;0;0;0;(-38.5684262 -3.7767287);
;2022-11-15 07:14:17;Melo De Oliveira;;;Joao Xxiii;;Colisão;;Não informado;;Meio De Quadra Sem Numero;;;0;2;0;0;2;0;0;0;0;0;0;0;0;(-38.5790982 -3.7742572);
;2022-11-15 04:21:19;Rio Grande Do Sul;;;Bela Vista;;Colisão;;Não informado;;Meio De Quadra;;;0;1;0;0;2;0;0;0;0;0;0;0;0;(-38.5683959 -3.7601713);
;2022-11-15 02:03:25;Carneiro De Mendonça;;;Democrito Rocha;;Queda;;Não informado;;Meio De Quadra;;;0;1;0;1;0;0;0;0;0;0;0;0;0;(-38.5666375 -3.7641927);
;2022-11-15 01:24:38;Raimundo Gomes;Avenida Mozart Pinheiro De Lucena;;Jardim Guanabara;;Queda;;Não informado;;Cruzamento;;;0;2;0;1;0;0;0;0;0;0;0;0;0;(-38.5941781 -3.7131369);
;2022-11-15 00:25:25;Perdigao De Oliveira;Rua Santa Ligia;;Parangaba;;Colisão;;Não informado;;Cruzamento;;;0;1;0;2;0;0;0;0;0;0;0;0;0;(-38.5739296 -3.775615499999999);
;2022-11-14 22:46:49;Mozart Lucena;;;Barra Do Ceara;;Queda;;Não informado;;Meio De Quadra;;;0;1;0;1;0;0;0;0;0;0;0;0;0;(-38.5956471 -3.718446299999999);
;2022-11-14 21:06:07;Rua Rio Grande Do Sul - Maranhão;;;Pan Americano;;Colisão;;Não informado;;Meio De Quadra Sem Numero;;;0;1;0;1;1;0;0;0;0;0;0;0;0;(-38.5656775 -3.755702799999999);
;2022-11-14 20:46:56;Rua Coronel Fabriciano;;;Granja Portugal;;Colisão;;Não informado;;Meio De Quadra;;;0;1;0;1;1;0;0;0;0;0;0;0;0;(0 0);
;2022-11-14 20:22:39;Avenida Mister Hull;;;Antonio Bezerra;;Colisão;;Não informado;;Meio De Quadra Sem Numero;;;0;2;0;0;2;0;0;0;0;0;0;0;0;(-38.5918137 -3.7395231);
;2022-11-14 19:30:26;Antonio Sales;;;Dionisio Torres;;Colisão;;Não informado;;Meio De Quadra;;;0;2;0;1;1;0;0;0;0;0;0;0;0;(-38.503921 -3.7452027);
;2022-11-14 18:28:07;Rua General Piragibe;;;Parquelandia;;Colisão;;Não informado;;Meio De Quadra;;;0;2;0;2;0;0;0;0;0;0;0;0;0;(-38.5573724 -3.7414301);
;2022-11-14 17:24:05;Oscar Araripe;;;Bom Jardim;;Colisão;;Não informado;;Meio De Quadra;;;0;1;0;0;2;0;0;0;0;0;0;0;0;(-38.6161956 -3.7856646);
;2022-11-14 16:55:21;Rua Doutor Abdenago;;;Pici;;Colisão;;Não informado;;Meio De Quadra;;;0;2;0;0;2;0;0;0;0;0;0;0;0;(-38.5695272 -3.7401175);
;2022-11-14 14:49:11;Avenida Placido Castelo;;;Jardim Das Oliveiras;;Queda;;Não informado;;Meio De Quadra;;;0;1;0;1;0;0;0;0;0;0;0;0;0;(-38.5086716 -3.783867);
;2022-11-14 14:26:30;Bernardo Manuel;Avendia Benjamim Brasil;;Parque Dois Irmaos;;Colisão;;Não informado;;Cruzamento;;;0;1;0;1;1;0;0;0;0;0;0;0;0;(-38.5540171 -3.8074526);
;2022-11-14 13:48:02;Leste Oeste;;;Moura Brasil;;Colisão;;Não informado;;Meio De Quadra Sem Numero;;;0;1;0;1;1;0;0;0;0;0;0;0;0;(-38.5344252 -3.718373);
;2022-11-14 11:41:36;Osorio De Paiva;;;Vila Peri;;Atropelamento;;Não informado;;Meio De Quadra Sem Numero;;;0;1;0;0;1;0;0;0;0;0;0;0;0;(-38.5817733 -3.7853969);
;2022-11-14 11:15:17;Washington Soares;;;Edson Queiroz;;Colisão;;Não informado;;Meio De Quadra;;;0;1;0;1;1;0;0;0;0;0;0;0;0;(-38.47873269999999 -3.8054817);
;2022-11-14 10:48:46;Dioguinho;;;Não informado;;Colisão;;Não informado;;Meio De Quadra;;;0;1;0;0;1;0;1;0;0;0;0;0;0;(-38.4458974 -3.7563119);
;2022-11-14 10:42:08;Dioguinho  -  Praia Do Futuro;;;Antonio Diogo;;Colisão;;Não informado;;Meio De Quadra;;;0;1;0;0;1;0;1;0;0;0;0;0;0;(0 0);
;2022-11-14 10:27:45;Coronel De Carvalho;;;Jardim Guanabara;;Atropelamento;;Não informado;;Meio De Quadra;;;0;1;0;1;0;0;0;0;0;0;0;0;0;(-38.5861216 -3.723672);
;2022-11-14 09:53:57;Rua Barão Do Rio Branco;;;Centro;;Colisão;;Não informado;;Meio De Quadra;;;0;2;0;2;0;0;0;0;0;0;0;0;0;(-38.5282822 -3.7254882);
;2022-11-14 09:39:53;Rua Rio Grande Do Sul;;;Pan Americano;;Atropelamento;;Não informado;;Meio De Quadra;;;0;1;0;0;0;0;0;0;0;1;0;0;0;(-38.56392659999999 -3.7530629);
;2022-11-14 09:31:58;Rua Nunes Valente;;;Dionisio Torres;;Queda;;Não informado;;Meio De Quadra;;;0;1;0;1;0;0;0;0;0;0;0;0;0;(-38.5059089 -3.7434275);
;2022-11-14 09:17:34;Carlos Vasconcelos;João Carvalho;;Meireles;;Colisão;;Não informado;;Cruzamento;;;0;1;0;1;1;0;0;0;0;0;0;0;0;(-38.5096525 -3.7294082);
;2022-11-14 08:03:46;Padre Cicero;;;Benfica;;Queda;;Não informado;;Meio De Quadra;;;0;1;0;1;0;0;0;0;0;0;0;0;0;(-38.5417856 -3.746907799999999);
;2022-11-14 03:40:49;Vital Brasil;;;Bonsucesso;;Colisão;;Não informado;;Meio De Quadra;;;0;1;0;1;1;0;0;0;0;0;0;0;0;(-38.5818676 -3.7827633);
;2022-11-14 03:33:42;Presidente Castelo Branco;Francisco Alisio;;Barra Do Ceara;;Queda;;Não informado;;Cruzamento;;;0;1;0;1;0;0;0;0;0;0;0;0;0;(-38.5705084 -3.7076418);
;2022-11-14 02:44:25;Thompson Gonçalves;;;Bonsucesso;;Colisão;;Não informado;;Meio De Quadra;;;0;1;0;1;1;0;0;0;0;0;0;0;0;(0 0);
;2022-11-14 02:44:16;Vital Brasil;;;Bonsucesso;;Colisão;;Não informado;;Meio De Quadra;;;0;1;0;1;1;0;0;0;0;0;0;0;0;(-38.5834156 -3.7819915);
;2022-11-14 02:26:37;Raul Barbosa No Retorno Antes De Chegar Via Expressa;;;Sao Joao Do Tauape;;Colisão;;Não informado;;Meio De Quadra Sem Numero;;;0;1;0;1;1;0;0;0;0;0;0;0;0;(-38.49085 -3.7457388);
;2022-11-14 02:26:35;Vereadora Zelia Correia De Sousa;;;Mondubim;;Queda;;Não informado;;Meio De Quadra;;;0;1;0;1;0;0;0;0;0;0;0;0;0;(-38.5577359 -3.8144358);
;2022-11-14 02:13:07;Santo Inacio;;;Moura Brasil;;Queda;;Não informado;;Meio De Quadra;;;0;1;0;1;0;0;0;0;0;0;0;0;0;(-38.5405825 -3.7177728);
;2022-11-13 23:24:41;Rua Silva Jatahy;Tenente Benévolo;;Meireles;;Colisão;;Não informado;;Cruzamento;;;0;1;0;1;1;0;0;0;0;0;0;0;0;(-38.4968074 -3.7280316);
;2022-11-13 23:02:37;Otavio Paranhos;;;Jardim Guanabara;;Queda;;Não informado;;Meio De Quadra;;;0;1;0;0;0;0;0;0;0;1;0;0;0;(-38.5860398 -3.723487);
;2022-11-13 22:47:16;Mister Hull;;;Antonio Bezerra;;Colisão;;Não informado;;Meio De Quadra;;;0;1;0;1;1;0;0;0;0;0;0;0;0;(-38.5933496 -3.7394494);
;2022-11-13 22:26:19;Silva Jatahy;Rua Nunes Valente;;Meireles;;Colisão;;Não informado;;Cruzamento;;;0;1;0;1;1;0;0;0;0;0;0;0;0;(-38.5006976 -3.7267769);
;2022-11-13 22:07:55;Barao Do Rio Branco;;;Centro;;Queda;;Não informado;;Meio De Quadra;;;0;1;0;1;0;0;0;0;0;0;0;0;0;(-38.5314298 -3.7342386);
;2022-11-13 21:23:02;Israel Bezerra;Av Engenheiro Santana Junior;;Coco;;Colisão;;Não informado;;Cruzamento;;;0;1;0;0;2;0;0;0;0;0;0;0;0;(-38.4905406 -3.7510859);
;2022-11-13 21:11:20;Avenida Senador Fernandes Tavora -;;;Parque Genibau;;Colisão;;Não informado;;Meio De Quadra;;;0;1;0;1;1;0;0;0;0;0;0;0;0;(-38.5976836 -3.7550345);
;2022-11-13 20:33:37;Avenida Monsenhor Tabosa;;;Praia De Iracema;;Colisão;;Não informado;;Meio De Quadra;;;0;1;0;0;2;0;0;0;0;0;0;0;0;(-38.5069901 -3.7244966);
;2022-11-13 20:17:16;Avenida Juscelino Kubitschek;;;Passare;;Colisão;;Não informado;;Meio De Quadra;;;0;1;0;2;0;0;0;0;0;0;0;0;0;(-38.53060079999999 -3.8157329);