COD_ACIDENTE;DATA;LOG1;LOG2;NUMERO;BAIRRO;AMC;NATUREZA;ILUMINACAO;TEMPO;SUPERFICIEPISTA;TIPOCRUZAMENTO;CONTROLETRAFEGO;USOSOLO;MORTOS;FERIDOS;ILESOS;MOTOCICLETA;AUTOMOVEL;MICROONIBUS;CAMINHAO;ONIBUS;CICLOMOTOR;BICICLETA;OUTROS;TREM;TRACAOANIMAL;COORDENADAS
;2022-11-13 20:00:54;Conselheiro Lafayette;;;Jardim Iracema;;Choque c/ Obstáculo Fixo;;Não informado;;Meio De Quadra;;;0;1;0;0;1;0;0;0;0;0;0;0;0;(-38.5827237 -3.718172);
;2022-11-13 19:23:42;Rua Icapuy;;;Siqueira;;Atropelamento;;Não informado;;Meio De Quadra;;;0;1;0;1;0;0;0;0;0;0;0;0;0;(-38.6058439 -3.8064114);
;2022-11-13 18:06:30;Rua Cidade Ecologica;;;Edson Queiroz;;Colisão;;Não informado;;Meio De Quadra;;;0;1;0;0;2;0;0;0;0;0;0;0;0;(-38.4633069 -3.7740058);
;2022-11-13 16:22:53;Avenida Presidente Costa E Silva;;;Passare;;Queda;;Não informado;;Meio De Quadra;;;0;1;0;1;0;0;0;0;0;0;0;0;0;(-38.5384058 -3.8257735);
;2022-11-13 13:35:25;Rua Joaquim Albano;;;Padre Andrade;;Colisão;;Não informado;;Meio De Quadra;;;0;1;0;2;0;0;0;0;0;0;0;0;0;(-38.57785080000001 -3.7350213);
;2022-11-13 12:49:24;Via Expressa;;;Dionisio Torres;;Capotamento;;Não informado;;Meio De Quadra Sem Numero;;;0;3;0;0;1;0;0;0;0;0;0;0;0;(-38.49085 -3.7457388);
;2022-11-13 11:07:28;Osorio De Paiva;;;Canindezinho;;Queda;;Não informado;;Meio De Quadra;;;0;1;0;1;0;0;0;0;0;0;0;0;0;(-38.6074176 -3.8099494);
;2022-11-13 10:53:28;Betel;;;Itaperi;;Atropelamento;;Não informado;;Meio De Quadra Sem Numero;;;0;1;0;0;1;0;0;0;0;0;0;0;0;(-38.5526492 -3.7922126);
;2022-11-13 10:47:59;Osorio De Paiva;;;Siqueira;;Queda;;Não informado;;Meio De Quadra;;;0;2;0;1;0;0;0;0;0;0;0;0;0;(-38.5969047 -3.7997276);
;2022-11-13 10:06:13;B;Rua 44;;Jangurussu;;Colisão;;Não informado;;Cruzamento;;;0;1;0;1;1;0;0;0;0;0;0;0;0;(-38.5125111 -3.8531651);
;2022-11-13 09:32:33;Avenida Rogaciano Leite;;;Engenheiro Luciano Cavalcante;;Queda;;Não informado;;Meio De Quadra;;;0;1;0;1;0;0;0;0;0;0;0;0;0;(-38.4994562 -3.7741541);
;2022-11-13 08:50:25;Rua Oscarito;;;Conjunto Palmeiras;;Queda;;Não informado;;Meio De Quadra;;;0;1;0;1;0;0;0;0;0;0;0;0;0;(-38.5283232 -3.8465611);
;2022-11-13 08:28:31;Alberto Nepomuceno;Adolfo Caminha;;Centro;;Queda;;Não informado;;Cruzamento;;;0;1;0;1;0;0;0;0;0;0;0;0;0;(-38.5231802 -3.7211892);
;2022-11-13 08:19:49;BR 116;;;Fatima;;Colisão;;Não informado;;Meio De Quadra Sem Numero;;;0;2;0;1;1;0;0;0;0;0;0;0;0;(0 0);
;2022-11-13 07:59:33;Francisco Sa;;;Carlito Pamplona;;Atropelamento;;Não informado;;Meio De Quadra;;;0;1;0;0;1;0;0;0;0;0;0;0;0;(-38.5573962 -3.7174729);
;2022-11-13 05:45:13;Avenida Monsenhor Amarilio Rodrigues Cj Sao Cristovao;;;Jangurussu;;Colisão;;Não informado;;Meio De Quadra Sem Numero;;;0;1;0;0;2;0;0;0;0;0;0;0;0;(-38.5245016 -3.838473699999999);
;2022-11-13 04:04:39;Belem;Florianopoles;;Autran Nunes;;Colisão;;Não informado;;Cruzamento;;;0;1;0;2;0;0;0;0;0;0;0;0;0;(-38.5926072 -3.757909199999999);
;2022-11-13 03:14:58;N;Avenida D;;Prefeito Jose Walter;;Colisão;;Não informado;;Cruzamento;;;0;1;0;1;1;0;0;0;0;0;0;0;0;(-38.5543871 -3.8268878);
;2022-11-13 02:43:01;Rogaciano Leite;;;Engenheiro Luciano Cavalcante;;Atropelamento;;Não informado;;Meio De Quadra;;;0;1;0;0;1;0;0;0;0;0;0;0;0;(-38.4990969 -3.7730687);
;2022-11-13 01:36:58;Desembargador Guimaraes;;;Presidente Kennedy;;Colisão;;Não informado;;Meio De Quadra;;;0;1;0;2;0;0;0;0;0;0;0;0;0;(-38.5752172 -3.7321599);
;2022-11-13 01:35:32;Deputado Matoso Filho;;;Quintino Cunha;;Colisão;;Não informado;;Meio De Quadra;;;0;1;0;0;2;0;0;0;0;0;0;0;0;(-38.5938299 -3.7340204);
;2022-11-13 01:31:40;Tenente Benévolo;Nunes Valente;;Meireles;;Colisão;;Não informado;;Cruzamento;;;0;1;0;1;1;0;0;0;0;0;0;0;0;(-38.501865 -3.730391);
;2022-11-13 01:22:29;Oliveira Paiva;;;Cidade Dos Funcionarios;;Colisão;;Não informado;;Meio De Quadra;;;0;1;0;0;1;0;0;0;0;1;0;0;0;(-38.5018675 -3.7981778);
;2022-11-13 01:05:35;Rua Joao Brigido;;;Joaquim Tavora;;Queda;;Não informado;;Meio De Quadra;;;0;1;0;1;0;0;0;0;0;0;0;0;0;(-38.522287 -3.738827999999999);
;2022-11-13 00:18:11;Jose Bastos;;;Democrito Rocha;;Colisão;;Não informado;;Meio De Quadra;;;0;1;0;1;1;0;0;0;0;0;0;0;0;(-38.5520391 -3.7513292);
;2022-11-13 00:08:14;Jovita Feitosa;Avenida Humberto Monte;;Parquelandia;;Colisão;;Não informado;;Cruzamento;;;0;1;0;0;1;0;0;0;0;1;0;0;0;(-38.5665031 -3.7419566);
;2022-11-12 23:30:21;Augusto Dos Anjos;Rua Vital Brasil;;Bonsucesso;;Colisão;;Não informado;;Cruzamento;;;0;1;0;1;1;0;0;0;0;0;0;0;0;(-38.5814163 -3.7827517);
;2022-11-12 21:59:45;Maria Mirtes Pereira;;;Passare;;Atropelamento;;Não informado;;Meio De Quadra;;;0;1;0;0;1;0;0;0;0;0;0;0;0;(-38.5394849 -3.8149611);
;2022-11-12 21:57:44;Avenida Val Paraiso;;;Conjunto Palmeiras;;Queda;;Não informado;;Meio De Quadra;;;0;1;0;1;0;0;0;0;0;0;0;0;0;(-38.515918 -3.8470869);
;2022-11-12 19:47:54;Rua Santa Julia;;;Parangaba;;Colisão;;Não informado;;Meio De Quadra;;;0;2;0;2;0;0;0;0;0;0;0;0;0;(0 0);
;2022-11-12 19:22:01;Avenida General Osorio De Paiva;;;Siqueira;;Colisão;;Não informado;;Meio De Quadra;;;0;1;0;1;1;0;0;0;0;0;0;0;0;(-38.6166554 -3.8194222);
;2022-11-12 19:19:54;Raul Barbosa;;;Aerolandia;;Queda;;Não informado;;Meio De Quadra;;;0;1;0;1;0;0;0;0;0;0;0;0;0;(-38.5130908 -3.7749704);
;2022-11-12 19:07:21;Rua General Clarindo De Queiroz;;;Centro;;Colisão;;Não informado;;Meio De Quadra;;;0;1;0;2;0;0;0;0;0;0;0;0;0;(-38.533427 -3.731538);
;2022-11-12 18:57:37;Dinaja Severo;Julio Coufe;;Siqueira;;Queda;;Não informado;;Cruzamento;;;0;1;0;0;0;0;0;0;0;1;0;0;0;(-38.6274767 -3.8070849);
;2022-11-12 17:34:17;Rua Padre Valdevino;;;Joaquim Tavora;;Colisão;;Não informado;;Meio De Quadra;;;0;1;0;0;2;0;0;0;0;0;0;0;0;(-38.5177651 -3.7389224);
;2022-11-12 15:26:33;Americo Vespucio;Av. Silas Munguba;;Serrinha;;Colisão;;Não informado;;Cruzamento;;;0;1;0;0;2;0;0;0;0;0;0;0;0;(-38.5498598 -3.7865838);
;2022-11-12 15:16:53;Alberto Craveiro;;;Boa Vista;;Colisão;;Não informado;;Meio De Quadra Sem Numero;;;0;1;0;0;2;0;0;0;0;0;0;0;0;(-38.5200995 -3.8012212);
;2022-11-12 14:13:53;Crisanto Arruda;;;Passare;;Colisão;;Não informado;;Meio De Quadra;;;0;1;0;1;1;0;0;0;0;0;0;0;0;(-38.523546 -3.8138221);
;2022-11-12 13:44:56;Washington Soares;;;Cambeba;;Colisão;;Não informado;;Meio De Quadra;;;0;1;0;1;1;0;0;0;0;0;0;0;0;(-38.4798957 -3.7991856);
;2022-11-12 13:09:54;Leon Gradvol 1413 -;Avenida Benjamin Brasil;;Mondubim;;Colisão;;Não informado;;Cruzamento;;;0;1;0;1;1;0;0;0;0;0;0;0;0;(-38.568847 -3.802852);
;2022-11-12 12:59:44;I;;;Conjunto Ceara;;Colisão;;Não informado;;Meio De Quadra;;;0;1;0;1;1;0;0;0;0;0;0;0;0;(-38.6030033 -3.7739632);
;2022-11-12 12:10:07;Visconde Do Rio Branco;;;Joaquim Tavora;;Colisão;;Não informado;;Meio De Quadra;;;0;1;0;1;1;0;0;0;0;0;0;0;0;(-38.52222260000001 -3.7443664);
;2022-11-12 11:58:44;Engenheiro Santana Junior;;;Papicu;;Colisão;;Não informado;;Meio De Quadra;;;0;1;0;1;1;0;0;0;0;0;0;0;0;(-38.4837195 -3.7389242);
;2022-11-12 11:58:02;Oito  - Residencial Lago Azul;;;Barroso;;Queda;;Não informado;;Meio De Quadra;;;0;1;0;1;0;0;0;0;0;0;0;0;0;(-38.5084128 -3.8200438);
;2022-11-12 11:47:54;Jaime Benevolo;Rua Meton De Alencar;;Centro;;Colisão;;Não informado;;Cruzamento;;;0;1;0;1;1;0;0;0;0;0;0;0;0;(-38.52636030000001 -3.7350302);
;2022-11-12 10:56:43;Tebas;;;Siqueira;;Colisão;;Não informado;;Meio De Quadra;;;0;1;0;1;1;0;0;0;0;0;0;0;0;(0 0);
;2022-11-12 10:34:51;Rua Leandro Henrique 1100 -;Rua São Francisco Xavier;;Siqueira;;Colisão;;Não informado;;Cruzamento;;;0;1;0;1;1;0;0;0;0;0;0;0;0;(-38.6232468 -3.8147128);
;2022-11-12 09:51:42;Santos Dumont;;;Papicu;;Queda;;Não informado;;Meio De Quadra Sem Numero;;;0;1;0;1;0;0;0;0;0;0;0;0;0;(-38.4748801 -3.7440913);
;2022-11-12 09:37:34;Raul Barbosa;;;Aerolandia;;Colisão;;Não informado;;Meio De Quadra;;;0;1;0;0;2;0;0;0;0;0;0;0;0;(-38.5123831 -3.7733544);
;2022-11-12 03:35:42;Doutor Theberge;;;Presidente Kennedy;;Colisão;;Não informado;;Meio De Quadra;;;0;1;0;2;0;0;0;0;0;0;0;0;0;(-38.5686608 -3.7254993);
;2022-11-12 01:50:56;Nossa Senhora Das Graças;;;Pirambu;;Queda;;Não informado;;Meio De Quadra;;;0;1;0;1;0;0;0;0;0;0;0;0;0;(-38.5501679 -3.7111649);
;2022-11-12 00:45:58;Desembargador Praxedes;Alberto Magno;;Montese;;Colisão;;Não informado;;Cruzamento;;;0;2;0;2;0;0;0;0;0;0;0;0;0;(-38.5468244 -3.7612301);
;2022-11-12 00:41:21;Joao Pessoa;;;Parangaba;;Colisão;;Não informado;;Meio De Quadra;;;0;1;0;1;1;0;0;0;0;0;0;0;0;(-38.5524292 -3.7553786);
;2022-11-11 23:18:06;Av Contorno Oeste;Joaquim Alfredo;;Novo Mondubim;;Colisão;;Não informado;;Cruzamento;;;0;2;0;1;1;0;0;0;0;0;0;0;0;(-38.5867839 -3.8051711);
;2022-11-11 22:32:15;Bernardo Manuel;;;Serrinha;;Queda;;Não informado;;Meio De Quadra Sem Numero;;;0;1;0;1;0;0;0;0;0;0;0;0;0;(-38.5479782 -3.7875025);
;2022-11-11 21:15:00;Rua Francisco Glicerio;Franco Forte;;Manuel Satiro;;Colisão;;Não informado;;Cruzamento;;;0;2;0;2;0;0;0;0;0;0;0;0;0;(-38.5783012 -3.7947609);
;2022-11-11 21:13:24;Rua Conego De Castro - Santa Liduina;;;Vila Peri;;Colisão;;Não informado;;Meio De Quadra;;;0;2;0;0;2;0;0;0;0;0;0;0;0;(-38.58503 -3.797556);
;2022-11-11 21:05:32;Jose Bastos;;;Pan Americano;;Colisão;;Não informado;;Meio De Quadra;;;0;3;0;0;2;0;0;0;0;0;0;0;0;(-38.5613805 -3.7614236);
;2022-11-11 20:54:08;Avenida Augusto Dos Anjos;;;Vila Peri;;Colisão;;Não informado;;Meio De Quadra;;;0;2;0;2;0;0;0;0;0;0;0;0;0;(-38.5831695 -3.7850521);
;2022-11-11 20:16:48;Rua Monsenhor Bruno;Joao Carvalho;;Aldeota;;Colisão;;Não informado;;Cruzamento;;;0;1;0;1;1;0;0;0;0;0;0;0;0;(-38.510779 -3.7365884);
;2022-11-11 18:44:33;Presidente Castelo Branco;;;Cristo Redentor;;Colisão;;Não informado;;Meio De Quadra Sem Numero;;;0;1;0;0;2;0;0;0;0;0;0;0;0;(-38.5645486 -3.7095397);
;2022-11-11 18:12:29;Avenida Maria Alice Ferraz;Rua Comodoro Estacio Brigido;;Engenheiro Luciano Cavalcante;;Colisão;;Não informado;;Cruzamento;;;0;1;0;1;1;0;0;0;0;0;0;0;0;(-38.491673 -3.7740998);
;2022-11-11 18:10:36;Aboliçao;;;Meireles;;Colisão;;Não informado;;Meio De Quadra;;;0;1;0;1;1;0;0;0;0;0;0;0;0;(-38.4931173 -3.7273338);
;2022-11-11 17:53:17;Avenida Frei Cirilo;;;Messejana;;Colisão;;Não informado;;Meio De Quadra;;;0;1;0;1;1;0;0;0;0;0;0;0;0;(-38.4962639 -3.8203628);
;2022-11-11 17:35:12;Rua Diamantina;;;Joquei Clube;;Colisão;;Não informado;;Meio De Quadra;;;0;1;0;0;2;0;0;0;0;0;0;0;0;(-38.5696285 -3.7638041);
;2022-11-11 17:32:08;Estevao De Campos;Rua Caubi;;Barra Do Ceara;;Colisão;;Não informado;;Cruzamento;;;0;2;0;2;0;0;0;0;0;0;0;0;0;(-38.5788521 -3.7054532);
;2022-11-11 17:30:33;Joaquim Figueredo Filho;Crisanto Da Rocha;;Cambeba;;Colisão;;Não informado;;Cruzamento;;;0;1;0;1;1;0;0;0;0;0;0;0;0;(-38.4814297 -3.8015283);
;2022-11-11 16:32:22;Avenida Santos Dumont;;;Centro;;Colisão;;Não informado;;Meio De Quadra;;;0;1;0;1;1;0;0;0;0;0;0;0;0;(-38.47627790000001 -3.7430873);
;2022-11-11 16:24:43;Contorno Norte;;;Conjunto Esperanca;;Colisão;;Não informado;;Meio De Quadra;;;0;1;0;1;1;0;0;0;0;0;0;0;0;(-38.5916375 -3.8097049);
;2022-11-11 16:05:05;Gomes De Matos;;;Montese;;Colisão;;Não informado;;Meio De Quadra;;;0;1;0;1;1;0;0;0;0;0;0;0;0;(-38.5465376 -3.7624517);
;2022-11-11 14:56:05;Rua Conego De Castro;;;Vila Peri;;Colisão;;Não informado;;Meio De Quadra;;;0;1;0;1;1;0;0;0;0;0;0;0;0;(-38.5819832 -3.7943644);
;2022-11-11 14:34:03;Rua Alberto Magno;;;Montese;;Colisão;;Não informado;;Meio De Quadra;;;0;1;0;1;1;0;0;0;0;0;0;0;0;(-38.5525113 -3.767817);
;2022-11-11 13:59:05;Barao De Aratanha;Meton De Alencar;;Centro;;Colisão;;Não informado;;Cruzamento;;;0;1;0;1;1;0;0;0;0;0;0;0;0;(-38.52701130000001 -3.7348268);
;2022-11-11 13:52:58;Padre Perdigao Sampaio;;;Quintino Cunha;;Colisão;;Não informado;;Meio De Quadra;;;0;1;0;1;1;0;0;0;0;0;0;0;0;(-38.59530609999999 -3.735297);
;2022-11-11 12:45:24;Carapinima;;;Benfica;;Colisão;;Não informado;;Meio De Quadra;;;0;1;0;1;1;0;0;0;0;0;0;0;0;(-38.5410754 -3.741229);
;2022-11-11 12:33:19;Aquiles Boris;;;Montese;;Colisão;;Não informado;;Meio De Quadra;;;0;1;0;2;0;0;0;0;0;0;0;0;0;(-38.548937 -3.7684919);
;2022-11-11 11:15:22;Alfredo Mamede;;;Mondubim;;Colisão;;Não informado;;Meio De Quadra;;;0;2;0;1;1;0;0;0;0;0;0;0;0;(-38.5824022 -3.8115589);
;2022-11-11 10:41:22;Penetração Norte;Av. F;;Conjunto Esperanca;;Colisão;;Não informado;;Cruzamento;;;0;2;0;1;1;0;0;0;0;0;0;0;0;(-38.5866376 -3.815559);
;2022-11-11 09:04:55;Mister Hull;;;Antonio Bezerra;;Queda;;Não informado;;Meio De Quadra Sem Numero;;;0;1;0;1;0;0;0;0;0;0;0;0;0;(-38.5918137 -3.7395231);
;2022-11-11 07:19:08;Francisco Sa;;;Carlito Pamplona;;Colisão;;Não informado;;Meio De Quadra;;;0;1;0;0;2;0;0;0;0;0;0;0;0;(-38.56262290000001 -3.7157884);
;2022-11-11 01:33:18;Joaquim Albano;;;Antonio Bezerra;;Atropelamento;;Não informado;;Meio De Quadra Sem Numero;;;0;1;0;0;1;0;0;0;0;0;0;0;0;(-38.5843725 -3.7363281);
;2022-11-11 01:15:10;Jose Tavares;;;Parque Santa Rosa;;Colisão;;Não informado;;Meio De Quadra;;;0;1;0;2;0;0;0;0;0;0;0;0;0;(0 0);
;2022-11-10 22:54:48;Jornalista Cesar Magalhaes;;;Guararapes;;Colisão;;Não informado;;Meio De Quadra;;;0;3;0;1;1;0;0;0;0;0;0;0;0;(-38.4890221 -3.7676987);
;2022-11-10 22:22:38;Tomas Acioli;Rui Barbosa;;Joaquim Tavora;;Colisão;;Não informado;;Cruzamento;;;0;1;0;1;1;0;0;0;0;0;0;0;0;(-38.5120472 -3.7441524);
;2022-11-10 22:18:46;Perimetral;;;Mondubim;;Queda;;Não informado;;Meio De Quadra Sem Numero;;;0;1;0;1;0;0;0;0;0;0;0;0;0;(-38.5327995 -3.8276466);
;2022-11-10 21:58:22;Jose Jatahy;;;Monte Castelo;;Queda;;Não informado;;Meio De Quadra Sem Numero;;;0;1;0;1;0;0;0;0;0;0;0;0;0;(-38.5461763 -3.7247691);
;2022-11-10 21:24:54;Sargento Herminio;Virgilio Brigido;;Presidente Kennedy;;Colisão;;Não informado;;Cruzamento;;;0;1;0;1;1;0;0;0;0;0;0;0;0;(-38.5703748 -3.7281392);
;2022-11-10 21:11:20;Carlos Jereissati - Sentindo Montese;;;Aeroporto;;Colisão;;Não informado;;Meio De Quadra Sem Numero;;;0;1;0;1;1;0;0;0;0;0;0;0;0;(-38.5357467 -3.7820759);
;2022-11-10 20:49:13;Independencia;;;Quintino Cunha;;Queda;;Não informado;;Meio De Quadra;;;0;1;0;1;0;0;0;0;0;0;0;0;0;(-38.590189 -3.727107);
;2022-11-10 20:43:21;Ministro Jose Americo;;;Cambeba;;Colisão;;Não informado;;Meio De Quadra Sem Numero;;;0;1;0;1;1;0;0;0;0;0;0;0;0;(-38.4863826 -3.8091057);
;2022-11-10 20:20:48;Rua Professor Dias Da Rocha;Santos Dumont;;Aldeota;;Colisão;;Não informado;;Cruzamento;;;0;1;0;1;1;0;0;0;0;0;0;0;0;(-38.4925174 -3.7381421);
;2022-11-10 20:17:06;Oliveira Filho;;;Vicente Pinzon;;Colisão;;Não informado;;Meio De Quadra;;;0;2;0;0;2;0;0;0;0;0;0;0;0;(-38.4637047 -3.7276979);
;2022-11-10 19:52:33;Avenida Jornalista Tomaz Coelho -;;;Messejana;;Colisão;;Não informado;;Meio De Quadra Sem Numero;;;0;1;0;1;1;0;0;0;0;0;0;0;0;(-38.5107767 -3.8295793);
;2022-11-10 18:22:08;Antonio Sales;Rua Barao De Aracati;;Aldeota;;Colisão;;Não informado;;Cruzamento;;;0;1;0;1;1;0;0;0;0;0;0;0;0;(-38.5149098 -3.7415702);
;2022-11-10 18:06:28;Rua Pedro De Queiros-;Conego Pena Forte;;Parquelandia;;Colisão;;Não informado;;Cruzamento;;;0;1;0;2;0;0;0;0;0;0;0;0;0;(-38.5586613 -3.745412899999999);
;2022-11-10 16:46:10;Carapinima;Luis Miranda;;Benfica;;Colisão;;Não informado;;Cruzamento;;;0;1;0;1;1;0;0;0;0;0;0;0;0;(-38.5382058 -3.7381072);
;2022-11-10 16:17:56;Lauro Nogueira;Batista De Oliveira;;Papicu;;Colisão;;Não informado;;Cruzamento;;;0;1;0;2;0;0;0;0;0;0;0;0;0;(-38.4783365 -3.7400851);
;2022-11-10 16:10:16;Padre Pedro De Alencar;;;Messejana;;Queda;;Não informado;;Meio De Quadra;;;0;2;0;1;0;0;0;0;0;0;0;0;0;(-38.4943341 -3.8343046);
;2022-11-10 13:56:12;Marechal Deodoro;;;Benfica;;Queda;;Não informado;;Meio De Quadra;;;0;1;0;1;0;0;0;0;0;0;0;0;0;(-38.5346532 -3.7383965);
;2022-11-10 12:30:45;Osorio De Paiva;;;Vila Peri;;Colisão;;Não informado;;Meio De Quadra;;;0;1;0;0;2;0;0;0;0;0;0;0;0;(-38.5868515 -3.788788599999999);
;2022-11-10 12:22:56;Gustavo Sampaio;;;Sao Gerardo;;Colisão;;Não informado;;Meio De Quadra;;;0;1;0;1;1;0;0;0;0;0;0;0;0;(-38.5505216 -3.7342037);
;2022-11-10 11:48:16;Mozart Pinheiro De Lucena;;;Quintino Cunha;;Colisão;;Não informado;;Meio De Quadra;;;0;1;0;0;1;0;0;0;0;1;0;0;0;(-38.5985633 -3.7278442);
;2022-11-10 11:22:06;Principe Nassau;R.Eretides De Alencar;;Jardim Iracema;;Colisão;;Não informado;;Cruzamento;;;0;2;0;2;0;0;0;0;0;0;0;0;0;(-38.5831224 -3.7286549);
;2022-11-10 11:02:23;Rua Almirante Rubim;;;Montese;;Queda;;Não informado;;Meio De Quadra;;;0;1;0;1;0;0;0;0;0;0;0;0;0;(0 0);
;2022-11-10 09:59:43;Osorio De Paiva;;;Vila Peri;;Colisão;;Não informado;;Meio De Quadra Sem Numero;;;0;1;0;0;2;0;0;0;0;0;0;0;0;(-38.5817733 -3.7853969);
;2022-11-10 09:50:49;Brigadeiro Torres;;;Joao Xxiii;;Colisão;;Não informado;;Meio De Quadra Sem Numero;;;0;1;0;1;1;0;0;0;0;0;0;0;0;(-38.5815733 -3.7688544);
;2022-11-10 09:41:48;Domingos Olimpio;;;Benfica;;Colisão;;Não informado;;Meio De Quadra;;;0;1;0;0;1;0;0;1;0;0;0;0;0;(-38.5343187 -3.7352631);
;2022-11-10 09:16:13;13 De Maio;;;Benfica;;Queda;;Não informado;;Meio De Quadra Sem Numero;;;0;1;0;1;0;0;0;0;0;0;0;0;0;(-38.5374927 -3.742407);
;2022-11-10 08:40:27;Avenida Leste Oeste;;;Jacarecanga;;Queda;;Não informado;;Meio De Quadra;;;0;1;0;1;0;0;0;0;0;0;0;0;0;(-38.5507336 -3.7131746);
;2022-11-10 08:35:15;Rio Grande Do Norte;Rio Grande Do Sul;;Democrito Rocha;;Queda;;Não informado;;Cruzamento;;;0;1;0;1;0;0;0;0;0;0;0;0;0;(-38.56756 -3.7586142);
;2022-11-10 03:01:58;Paulino Rocha;;;Passare;;Colisão;;Não informado;;Meio De Quadra Sem Numero;;;0;1;0;1;1;0;0;0;0;0;0;0;0;(-38.5195682 -3.8100305);
;2022-11-10 02:44:28;Costa Barros;;;Centro;;Colisão;;Não informado;;Meio De Quadra;;;0;1;0;2;0;0;0;0;0;0;0;0;0;(-38.5215719 -3.7268974);
;2022-11-10 01:18:26;Rui Barbosa;Joao Carvalho;;Aldeota;;Colisão;;Não informado;;Cruzamento;;;0;1;0;1;1;0;0;0;0;0;0;0;0;(-38.5097261 -3.7369304);
;2022-11-10 01:15:57;Leste Oeste;;;Pirambu;;Queda;;Não informado;;Meio De Quadra Sem Numero;;;0;1;0;1;0;0;0;0;0;0;0;0;0;(-38.5533245 -3.7123711);
;2022-11-10 01:04:14;Silvio Romero Esquina;Teodomiro De Castro;;Alvaro Weyne;;Colisão;;Não informado;;Cruzamento;;;0;1;0;2;0;0;0;0;0;0;0;0;0;(-38.5702429 -3.7185364);
;2022-11-10 00:56:26;BR 116 - Sentindo Centro;;;Cidade Dos Funcionarios;;Colisão;;Não informado;;Meio De Quadra Sem Numero;;;0;1;0;1;1;0;0;0;0;0;0;0;0;(0 0);
;2022-11-09 23:40:58;Perimentral;;;Não informado;;Colisão;;Não informado;;Meio De Quadra;;;0;1;0;0;2;0;0;0;0;0;0;0;0;(-38.6725196 -3.898683799999999);
;2022-11-09 22:23:42;Governador Sampaio;;;Centro;;Colisão;;Não informado;;Meio De Quadra;;;0;2;0;0;1;0;0;1;0;0;0;0;0;(-38.5243156 -3.7280423);
;2022-11-09 22:20:47;Vicente Leite Esquina;R. Canuto De Aguiar;;Aldeota;;Colisão;;Não informado;;Cruzamento;;;0;1;0;1;1;0;0;0;0;0;0;0;0;(-38.4964904 -3.7302794);
;2022-11-09 21:54:43;Gaspar Lemos;;;Bela Vista;;Queda;;Não informado;;Meio De Quadra;;;0;1;0;1;0;0;0;0;0;0;0;0;0;(-38.5692198 -3.750481999999999);
;2022-11-09 21:54:18;Coronel  Francisco Pereira;;;Messejana;;Colisão;;Não informado;;Meio De Quadra Sem Numero;;;0;1;0;2;0;0;0;0;0;0;0;0;0;(-38.4928363 -3.830874);
;2022-11-09 21:24:17;Radialista  Jose  Lima  Verde;;;Barra Do Ceara;;Queda;;Não informado;;Meio De Quadra Sem Numero;;;0;1;0;1;0;0;0;0;0;0;0;0;0;(-38.5898182 -3.7023369);
;2022-11-09 21:11:34;Senador Carlos Jereissate;;;Serrinha;;Colisão;;Não informado;;Meio De Quadra Sem Numero;;;0;1;0;0;2;0;0;0;0;0;0;0;0;(-38.5416215 -3.7803066);
;2022-11-09 20:00:48;Alberto Craveiro;;;Passare;;Colisão;;Não informado;;Meio De Quadra Sem Numero;;;0;1;0;2;0;0;0;0;0;0;0;0;0;(-38.5222393 -3.8039402);
;2022-11-09 19:33:10;Perimetral;;;Messejana;;Colisão;;Não informado;;Meio De Quadra Sem Numero;;;0;1;0;1;1;0;0;0;0;0;0;0;0;(-38.5327995 -3.8276466);
;2022-11-09 19:10:42;Avenida Rui Barbosa;Rua Livio Barreto;;Aldeota;;Colisão;;Não informado;;Cruzamento;;;0;2;0;2;0;0;0;0;0;0;0;0;0;(-38.5135683 -3.7487897);
;2022-11-09 18:59:36;Avenida Dom Luis;;;Meireles;;Atropelamento;;Não informado;;Meio De Quadra;;;0;1;0;1;0;0;0;0;0;0;0;0;0;(-38.4900843 -3.736109299999999);
;2022-11-09 18:01:15;Mister Hull;;;Antonio Bezerra;;Colisão;;Não informado;;Meio De Quadra Sem Numero;;;0;2;0;0;2;0;0;0;0;0;0;0;0;(-38.5918137 -3.7395231);
;2022-11-09 17:09:27;Avenida Castelo De Castro;;;Jangurussu;;Colisão;;Não informado;;Meio De Quadra;;;0;1;0;1;1;0;0;0;0;0;0;0;0;(-38.5217145 -3.834005);
;2022-11-09 16:47:23;Avenida Ulisses Bezerra;;;Cidade Dos Funcionarios;;Colisão;;Não informado;;Meio De Quadra;;;0;1;0;1;1;0;0;0;0;0;0;0;0;(-38.5018534 -3.7993308);
;2022-11-09 14:31:36;Avenida Jose Lima Verde;Embaixo Da Ponte;;Barra Do Ceara;;Atropelamento;;Não informado;;Cruzamento;;;0;1;0;0;0;0;0;0;0;0;1;0;0;(-38.5882494 -3.6998523);
;2022-11-09 14:25:53;Mister Hull;;;Presidente Kennedy;;Queda;;Não informado;;Meio De Quadra Sem Numero;;;0;1;0;1;0;0;0;0;0;0;0;0;0;(-38.5736743 -3.7369751);
;2022-11-09 11:58:28;Conego De Castro -Siqueira;;;Parque Santa Rosa;;Colisão;;Não informado;;Meio De Quadra;;;0;1;0;0;2;0;0;0;0;0;0;0;0;(-38.59836 -3.8137242);