COD_ACIDENTE;DATA;LOG1;LOG2;NUMERO;BAIRRO;AMC;NATUREZA;ILUMINACAO;TEMPO;SUPERFICIEPISTA;TIPOCRUZAMENTO;CONTROLETRAFEGO;USOSOLO;MORTOS;FERIDOS;ILESOS;MOTOCICLETA;AUTOMOVEL;MICROONIBUS;CAMINHAO;ONIBUS;CICLOMOTOR;BICICLETA;OUTROS;TREM;TRACAOANIMAL;COORDENADAS
;2022-11-09 11:30:42;Rogaciano Lete;;;Engenheiro Luciano Cavalcante;;Colisão;;Não informado;;Meio De Quadra;;;0;1;0;1;1;0;0;0;0;0;0;0;0;(-38.4969414 -3.7667797);
;2022-11-09 10:45:00;Leitao Siqueira;;;Prefeito Jose Walter;;Queda;;Não informado;;Meio De Quadra;;;0;1;0;0;0;0;0;0;0;1;0;0;0;(-38.5630126 -3.830292);
;2022-11-09 10:36:50;Sousa Girao;;;Fatima;;Colisão;;Não informado;;Meio De Quadra;;;0;1;0;1;1;0;0;0;0;0;0;0;0;(-38.5246706 -3.743825);
;2022-11-09 10:10:39;Almirante Rubim;;;Parangaba;;Colisão;;Não informado;;Meio De Quadra;;;0;1;0;1;1;0;0;0;0;0;0;0;0;(-38.5575285 -3.7730934);
;2022-11-09 10:04:06;C    >   Casa 262 > Aracapé;;;Não informado;;Queda;;Não informado;;Meio De Quadra Sem Numero;;;0;1;0;1;0;0;0;0;0;0;0;0;0;(0 0);
;2022-11-08 23:43:43;Dom Luis;;;Aldeota;;Atropelamento;;Não informado;;Meio De Quadra Sem Numero;;;0;1;0;0;1;0;0;0;0;0;0;0;0;(-38.4954412 -3.7339158);
;2022-11-08 23:42:14;Alberto Craveiro;;;Boa Vista;;Colisão;;Não informado;;Meio De Quadra;;;0;1;0;1;1;0;0;0;0;0;0;0;0;(-38.5195813 -3.8015484);
;2022-11-08 23:13:20;Presidente Costa E Silva;;;Prefeito Jose Walter;;Colisão;;Não informado;;Meio De Quadra Sem Numero;;;0;1;0;1;1;0;0;0;0;0;0;0;0;(-38.5443558 -3.8244455);
;2022-11-08 22:10:41;Quarto Anel Viario Px Igreja Batista Central;;;Ancuri;;Queda;;Não informado;;Meio De Quadra Sem Numero;;;0;1;0;1;0;0;0;0;0;0;0;0;0;(-38.5016209 -3.869457);
;2022-11-08 21:54:45;Lineu Machado;Rua Estrada Do Pici;;Henrique Jorge;;Colisão;;Não informado;;Cruzamento;;;0;1;0;1;1;0;0;0;0;0;0;0;0;(-38.5777323 -3.7673366);
;2022-11-08 21:21:11;Cacilda Becker;;;Joao Xxiii;;Colisão;;Não informado;;Meio De Quadra;;;0;1;0;2;0;0;0;0;0;0;0;0;0;(-38.5883769 -3.7731613);
;2022-11-08 21:14:24;Avenida Doutor Silas Munguba;;;Parangaba;;Colisão;;Não informado;;Meio De Quadra;;;0;1;0;2;0;0;0;0;0;0;0;0;0;(-38.55798770000001 -3.7812623);
;2022-11-08 21:10:07;Central;;;Passare;;Colisão;;Não informado;;Meio De Quadra;;;0;2;0;0;2;0;0;0;0;0;0;0;0;(0 0);
;2022-11-08 20:31:46;Washington Soares;Av. Oliveira Paiva;;Edson Queiroz;;Atropelamento;;Não informado;;Cruzamento;;;0;1;0;0;0;0;0;0;0;0;1;0;0;(-38.4798789 -3.7957517);
;2022-11-08 19:50:11;Rua Xavier De Oliveira;;;Amadeu Furtado;;Colisão;;Não informado;;Meio De Quadra;;;0;1;0;1;1;0;0;0;0;0;0;0;0;(-38.559207 -3.747232);
;2022-11-08 19:19:03;Rua Joaquim Franklin;;;Não informado;;Atropelamento;;Não informado;;Meio De Quadra;;;0;1;0;0;1;0;0;0;0;0;0;0;0;(-38.5924053 -3.7433096);
;2022-11-08 19:06:39;Contorno Norte;;;Conjunto Esperanca;;Atropelamento;;Não informado;;Meio De Quadra;;;0;1;0;1;0;0;0;0;0;0;0;0;0;(-38.5895967 -3.811857);
;2022-11-08 19:03:42;Carlos Chagas;;;Bonsucesso;;Atropelamento;;Não informado;;Meio De Quadra;;;0;1;0;1;0;0;0;0;0;0;0;0;0;(-38.591985 -3.7783992);
;2022-11-08 17:36:26;Benjamin Brasil;;;Jardim Cearense;;Colisão;;Não informado;;Meio De Quadra;;;0;1;0;1;1;0;0;0;0;0;0;0;0;(-38.5585174 -3.8079668);
;2022-11-08 17:17:11;Rogaciano Leite;;;Jardim Das Oliveiras;;Atropelamento;;Não informado;;Meio De Quadra;;;0;1;0;0;1;0;0;0;0;0;0;0;0;(-38.500871 -3.7771593);
;2022-11-08 15:27:33;Jose Vilar;;;Aldeota;;Colisão;;Não informado;;Meio De Quadra;;;0;1;0;1;1;0;0;0;0;0;0;0;0;(-38.50566269999999 -3.7380385);
;2022-11-08 11:36:18;Almirante Maximiniano Da Fonseca;;;Engenheiro Luciano Cavalcante;;Colisão;;Não informado;;Meio De Quadra;;;0;1;0;1;1;0;0;0;0;0;0;0;0;(-38.4866554 -3.7711446);
;2022-11-08 11:14:24;G;Av. J;;Prefeito Jose Walter;;Colisão;;Não informado;;Cruzamento;;;0;1;0;1;1;0;0;0;0;0;0;0;0;(-38.5562435 -3.8328216);
;2022-11-08 11:08:11;Jovita Feitosa;;;Parquelandia;;Colisão;;Não informado;;Meio De Quadra;;;0;1;0;1;1;0;0;0;0;0;0;0;0;(-38.5657709 -3.7415889);
;2022-11-08 10:40:32;Jose Vilar;;;Joaquim Tavora;;Colisão;;Não informado;;Meio De Quadra;;;0;1;0;1;1;0;0;0;0;0;0;0;0;(0 0);
;2022-11-08 10:13:51;Jose Pedra;Rua Major  Telesford;;Parque Dois Irmaos;;Colisão;;Não informado;;Cruzamento;;;0;1;0;0;2;0;0;0;0;0;0;0;0;(-38.5505232 -3.7982734);
;2022-11-08 09:42:34;Avenida Rui Barbosa;;;Aerolandia;;Atropelamento;;Não informado;;Meio De Quadra;;;0;1;0;0;1;0;0;0;0;0;0;0;0;(-38.5100337 -3.7378812);
;2022-11-08 09:15:54;Washington Soares;;;Cidade Dos Funcionarios;;Atropelamento;;Não informado;;Meio De Quadra Sem Numero;;;0;1;0;1;0;0;0;0;0;0;0;0;0;(-38.4794868 -3.8019547);
;2022-11-08 01:50:54;Pontes Vieira;;;Joaquim Tavora;;Atropelamento;;Não informado;;Meio De Quadra Sem Numero;;;0;1;0;0;0;0;0;1;0;0;0;0;0;(-38.514955 -3.752857);
;2022-11-08 00:14:24;Joao Pessoa;;;Parangaba;;Queda;;Não informado;;Meio De Quadra;;;0;1;0;1;0;0;0;0;0;0;0;0;0;(-38.5614852 -3.771575);
;2022-11-07 23:34:13;Valdetario Mota;Riamundo Oliveira Filho;;Papicu;;Colisão;;Não informado;;Cruzamento;;;0;1;0;1;1;0;0;0;0;0;0;0;0;(-38.4804926 -3.7366591);
;2022-11-07 23:27:17;Cabo Frio;;;Barra Do Ceara;;Queda;;Não informado;;Meio De Quadra;;;0;1;0;1;0;0;0;0;0;0;0;0;0;(-38.5717871 -3.7055246);
;2022-11-07 21:22:47;Doutor Fernando Augusto;Rua Valdemar Paz;;Bom Jardim;;Queda;;Não informado;;Cruzamento;;;0;1;0;1;0;0;0;0;0;0;0;0;0;(-38.601844 -3.7935132);
;2022-11-07 21:12:53;Rua Gonçalves Ledo;;;Praia De Iracema;;Colisão;;Não informado;;Meio De Quadra;;;0;1;0;0;2;0;0;0;0;0;0;0;0;(0 0);
;2022-11-07 21:10:22;Meton De Alencar;Rua Solon Pinheiro;;Centro;;Colisão;;Não informado;;Cruzamento;;;0;1;0;0;2;0;0;0;0;0;0;0;0;(-38.5276808 -3.7346398);
;2022-11-07 21:09:27;B ( Sitio Sao Joao );;;Conjunto Palmeiras;;Colisão;;Não informado;;Meio De Quadra;;;0;1;0;1;1;0;0;0;0;0;0;0;0;(-38.518883 -3.849476);
;2022-11-07 20:58:46;Carnaubal;Mário Campos;;Jardim Guanabara;;Queda;;Não informado;;Cruzamento;;;0;1;0;1;0;0;0;0;0;0;0;0;0;(-38.5875163 -3.7221362);
;2022-11-07 20:56:12;Gonçalves Ledo;;;Aldeota;;Atropelamento;;Não informado;;Meio De Quadra;;;0;1;0;0;1;0;0;0;0;0;0;0;0;(-38.5153477 -3.7311442);
;2022-11-07 20:29:26;Avenida General Osorio De Paiva -;;;Siqueira;;Colisão;;Não informado;;Meio De Quadra;;;0;1;0;2;0;0;0;0;0;0;0;0;0;(-38.6120921 -3.8143736);
;2022-11-07 19:48:03;Avenida Governador Raul Barbosa;;;Aerolandia;;Colisão;;Não informado;;Meio De Quadra Sem Numero;;;0;2;0;2;0;0;0;0;0;0;0;0;0;(-38.512539 -3.7729647);
;2022-11-07 19:47:40;Ferreira Dos Santos;Rua Dr. Hugo Rocha;;Alvaro Weyne;;Colisão;;Não informado;;Cruzamento;;;0;1;0;1;1;0;0;0;0;0;0;0;0;(-38.5701812 -3.7168632);
;2022-11-07 18:38:40;Carlos Amora;;;Parangaba;;Colisão;;Não informado;;Meio De Quadra;;;0;1;0;1;1;0;0;0;0;0;0;0;0;(-38.5631541 -3.7751269);
;2022-11-07 18:30:41;H;Av L;;Conjunto Ceara;;Colisão;;Não informado;;Cruzamento;;;0;1;0;1;1;0;0;0;0;0;0;0;0;(-38.6076014 -3.7755211);
;2022-11-07 18:06:46;Zeze Diogo;;;Mucuripe;;Atropelamento;;Não informado;;Meio De Quadra Sem Numero;;;0;1;0;0;0;0;1;0;0;0;0;0;0;(-38.4661155 -3.7139517);
;2022-11-07 17:51:46;Padre Guerra;General Piragibe;;Parquelandia;;Colisão;;Não informado;;Cruzamento;;;0;1;0;1;1;0;0;0;0;0;0;0;0;(-38.5577482 -3.7389177);
;2022-11-07 17:42:54;Gomes De Matos;Alberto Magno;;Montese;;Colisão;;Não informado;;Cruzamento;;;0;1;0;2;0;0;0;0;0;0;0;0;0;(-38.5425919 -3.7576267);
;2022-11-07 14:28:22;Maria Julia;Senhor Do Bonfim;;Bom Jardim;;Colisão;;Não informado;;Cruzamento;;;0;1;0;1;1;0;0;0;0;0;0;0;0;(-38.6036539 -3.8026951);
;2022-11-07 14:20:28;Rua Altaneira Esq Rua Rio Paraguaia;;;Jardim Iracema;;Colisão;;Não informado;;Meio De Quadra;;;0;1;0;1;0;0;1;0;0;0;0;0;0;(-38.5818227 -3.7216499);
;2022-11-07 13:30:43;Rua Padre Palhano;;;Siqueira;;Queda;;Não informado;;Meio De Quadra;;;0;1;0;1;0;0;0;0;0;0;0;0;0;(0 0);
;2022-11-07 12:39:14;Tulipa;;;Jardim Iracema;;Colisão;;Não informado;;Meio De Quadra;;;0;1;0;0;2;0;0;0;0;0;0;0;0;(-38.5790443 -3.713588499999999);
;2022-11-07 12:21:23;Avenida Heraclito Graça -;;;Aldeota;;Colisão;;Não informado;;Meio De Quadra;;;0;1;0;1;1;0;0;0;0;0;0;0;0;(-38.51689280000001 -3.7356431);
;2022-11-07 10:39:56;Jose  Jathai;;;Parque Araxa;;Queda;;Não informado;;Meio De Quadra;;;0;1;0;1;0;0;0;0;0;0;0;0;0;(-38.5444085 -3.7355989);
;2022-11-07 10:29:26;Jose Silveira 1481;Trajano De Morais;;Passare;;Colisão;;Não informado;;Cruzamento;;;0;2;0;1;1;0;0;0;0;0;0;0;0;(-38.5235522 -3.8100411);
;2022-11-07 10:24:43;Rua Moura Matos - Cj Jardim Uniao;;;Passare;;Colisão;;Não informado;;Meio De Quadra;;;0;1;0;1;1;0;0;0;0;0;0;0;0;(-38.5417902 -3.814012);
;2022-11-07 09:56:47;Frei Caneca;;;Jardim Das Oliveiras;;Queda;;Não informado;;Meio De Quadra;;;0;1;0;1;0;0;0;0;0;0;0;0;0;(-38.504889 -3.7867845);
;2022-11-07 09:47:56;Coronel Carvalho  - Em Cima Do Viaduto;;;Barra Do Ceara;;Colisão;;Não informado;;Meio De Quadra Sem Numero;;;0;2;0;1;1;0;0;0;0;0;0;0;0;(-38.5899797 -3.7097209);
;2022-11-07 07:09:56;Avenida Juscelino Kubitschek;;;Passare;;Colisão;;Não informado;;Meio De Quadra;;;0;1;0;0;2;0;0;0;0;0;0;0;0;(0 0);
;2022-11-07 01:43:36;Brigadeiro Torres - Px Mercadinho Elias;;;Henrique Jorge;;Atropelamento;;Não informado;;Meio De Quadra;;;0;1;0;0;1;0;0;0;0;0;0;0;0;(-38.5811706 -3.767890199999999);
;2022-11-07 00:40:01;Murilo Borges - Sentindo Avenida Rogaciano Leite;;;Engenheiro Luciano Cavalcante;;Colisão;;Não informado;;Meio De Quadra Sem Numero;;;0;3;0;0;2;0;0;0;0;0;0;0;0;(-38.497413 -3.767585);
;2022-11-07 00:14:55;Sebastiao De Abreu;;;Edson Queiroz;;Colisão;;Não informado;;Meio De Quadra Sem Numero;;;0;1;0;1;1;0;0;0;0;0;0;0;0;(-38.4832888 -3.7559611);
;2022-11-06 23:38:13;Washington Soares;;;Edson Queiroz;;Colisão;;Não informado;;Meio De Quadra Sem Numero;;;0;1;0;1;1;0;0;0;0;0;0;0;0;(-38.481665 -3.7762191);
;2022-11-06 22:26:06;Osvaldo Cruz;Desemb.Leite Albuquerque;;Meireles;;Colisão;;Não informado;;Cruzamento;;;0;1;0;2;0;0;0;0;0;0;0;0;0;(-38.5006337 -3.7366184);
;2022-11-06 22:06:24;Avenida Deputado Paulino Rocha;;;Não informado;;Queda;;Não informado;;Meio De Quadra Sem Numero;;;0;1;0;1;0;0;0;0;0;0;0;0;0;(-38.5162212 -3.8108679);
;2022-11-06 21:53:46;Jose Lima Verme;;;Barra Do Ceara;;Colisão;;Não informado;;Meio De Quadra Sem Numero;;;0;1;0;0;1;0;0;0;0;1;0;0;0;(-38.586837 -3.6986506);
;2022-11-06 21:50:57;Rua Caio Prado;;;Parangaba;;Colisão;;Não informado;;Meio De Quadra;;;0;1;0;1;1;0;0;0;0;0;0;0;0;(0 0);
;2022-11-06 21:42:34;Avenida Oscar Araripe;;;Bom Jardim;;Colisão;;Não informado;;Meio De Quadra;;;0;1;0;0;2;0;0;0;0;0;0;0;0;(-38.5922617 -3.7934078);
;2022-11-06 21:35:00;Sargento João Pinheiro;;;Bom Jardim;;Atropelamento;;Não informado;;Meio De Quadra Sem Numero;;;0;1;0;0;1;0;0;0;0;0;0;0;0;(-38.6230856 -3.7838172);
;2022-11-06 20:12:36;Avenida Coronel De Carvalho;;;Barra Do Ceara;;Queda;;Não informado;;Meio De Quadra;;;0;1;0;1;0;0;0;0;0;0;0;0;0;(-38.5918548 -3.7028988);
;2022-11-06 19:45:49;Julio Azevedo;;;Papicu;;Colisão;;Não informado;;Meio De Quadra;;;0;1;0;2;0;0;0;0;0;0;0;0;0;(-38.4793968 -3.7381303);
;2022-11-06 19:23:49;Maria Julia;Pedro Martins 409;;Bom Jardim;;Colisão;;Não informado;;Cruzamento;;;0;1;0;1;1;0;0;0;0;0;0;0;0;(-38.6006644 -3.7948342);
;2022-11-06 18:22:36;Rua Getulio Vargas;;;Parque Santa Rosa;;Colisão;;Não informado;;Meio De Quadra;;;0;1;0;0;2;0;0;0;0;0;0;0;0;(-38.5934763 -3.818244099999999);
;2022-11-06 17:03:56;Rua Coronel Alexandrino;;;Montese;;Colisão;;Não informado;;Meio De Quadra;;;0;1;0;1;1;0;0;0;0;0;0;0;0;(-38.554747 -3.7635576);
;2022-11-06 16:26:23;Avenida Francisco Sa;;;Carlito Pamplona;;Colisão;;Não informado;;Meio De Quadra;;;0;2;0;1;1;0;0;0;0;0;0;0;0;(-38.563846 -3.715409);
;2022-11-06 11:33:47;Audizio Pinheiro;;;Henrique Jorge;;Queda;;Não informado;;Meio De Quadra;;;0;2;0;0;0;0;0;0;0;1;0;0;0;(0 0);
;2022-11-06 10:16:42;Dom Manuel;;;Centro;;Colisão;;Não informado;;Meio De Quadra;;;0;1;0;2;0;0;0;0;0;0;0;0;0;(-38.5213257 -3.729956);
;2022-11-06 09:45:24;Desembargador Moreira;;;Aldeota;;Colisão;;Não informado;;Meio De Quadra;;;0;1;0;2;0;0;0;0;0;0;0;0;0;(-38.5017861 -3.748107399999999);
;2022-11-06 06:11:24;Professor Alvaro Costa;;;Vicente Pinzon;;Colisão;;Não informado;;Meio De Quadra;;;0;1;0;1;1;0;0;0;0;0;0;0;0;(-38.469703 -3.725635);
;2022-11-06 05:14:11;Av. Jose Bastos;;;Rodolfo Teofilo;;Queda;;Não informado;;Meio De Quadra;;;0;1;0;1;0;0;0;0;0;0;0;0;0;(0 0);
;2022-11-06 04:44:45;Presidente Costa E Silva;;;Mondubim;;Colisão;;Não informado;;Meio De Quadra Sem Numero;;;0;3;0;2;0;0;0;0;0;0;0;0;0;(-38.5647962 -3.8178905);
;2022-11-06 03:53:03;Osorio De Paiva;;;Siqueira;;Atropelamento;;Não informado;;Meio De Quadra;;;0;1;0;0;1;0;0;0;0;0;0;0;0;(-38.6158047 -3.8190625);
;2022-11-06 03:29:58;Frei Cirilo;;;Messejana;;Colisão;;Não informado;;Meio De Quadra Sem Numero;;;0;1;0;1;1;0;0;0;0;0;0;0;0;(-38.4968631 -3.8184466);
;2022-11-06 03:28:49;Frei Cirilo;Rua Leticia;;Messejana;;Colisão;;Não informado;;Cruzamento;;;0;1;0;1;1;0;0;0;0;0;0;0;0;(-38.49521379999999 -3.8222248);
;2022-11-06 03:19:00;Emilia Gonçalves;;;Quintino Cunha;;Queda;;Não informado;;Meio De Quadra;;;0;2;0;1;0;0;0;0;0;0;0;0;0;(-38.5961406 -3.7256743);
;2022-11-06 03:00:03;Ceara;;;Democrito Rocha;;Queda;;Não informado;;Meio De Quadra;;;0;1;0;1;0;0;0;0;0;0;0;0;0;(-38.5647865 -3.7597249);
;2022-11-06 02:52:06;Julio Silva;;;Não informado;;Queda;;Não informado;;Meio De Quadra;;;0;1;0;1;0;0;0;0;0;0;0;0;0;(-38.4542732 -3.744987999999999);
;2022-11-06 02:29:51;Waldir Diogo;;;Manuel Satiro;;Atropelamento;;Não informado;;Meio De Quadra;;;0;1;0;1;0;0;0;0;0;0;0;0;0;(-38.5845471 -3.805043999999999);
;2022-11-06 01:58:50;Iracema;;;Conjunto Palmeiras;;Colisão;;Não informado;;Meio De Quadra;;;0;3;0;2;0;0;0;0;0;0;0;0;0;(-38.5281408 -3.8444017);
;2022-11-06 00:58:05;Bezerra De Menzes;;;Sao Gerardo;;Colisão;;Não informado;;Meio De Quadra;;;0;1;0;1;1;0;0;0;0;0;0;0;0;(-38.5475348 -3.7319719);
;2022-11-06 00:39:38;Senador Alvaro Adolfo;;;Padre Andrade;;Colisão;;Não informado;;Meio De Quadra;;;0;1;0;1;1;0;0;0;0;0;0;0;0;(-38.5801043 -3.7334242);
;2022-11-06 00:16:06;Luis Torres;;;Maraponga;;Colisão;;Não informado;;Meio De Quadra;;;0;1;0;1;1;0;0;0;0;0;0;0;0;(-38.5629268 -3.7931497);
;2022-11-05 23:03:27;Rua Gustavo Sampaio -;;;Parque Araxa;;Queda;;Não informado;;Meio De Quadra;;;0;1;0;1;0;0;0;0;0;0;0;0;0;(-38.5630741 -3.7368203);
;2022-11-05 22:36:45;BR 116;;;Sao Joao Do Tauape;;Colisão;;Não informado;;Meio De Quadra Sem Numero;;;0;1;0;1;1;0;0;0;0;0;0;0;0;(0 0);
;2022-11-05 20:53:10;Rua Pernambuco;;;Democrito Rocha;;Colisão;;Não informado;;Meio De Quadra;;;0;2;0;1;1;0;0;0;0;0;0;0;0;(-38.57590260000001 -3.7538762);
;2022-11-05 20:46:54;Sao Francisco ( Conj Parque Santo Amaro);;;Bom Jardim;;Colisão;;Não informado;;Meio De Quadra;;;0;1;0;0;1;0;0;0;0;1;0;0;0;(-38.6016513 -3.7985961);
;2022-11-05 20:02:35;Alanes Maria   Laurindo;;;Conjunto Ceara;;Queda;;Não informado;;Meio De Quadra;;;0;1;0;1;0;0;0;0;0;0;0;0;0;(-38.6071318 -3.7680946);
;2022-11-05 19:25:10;Castelo De Castro;;;Jangurussu;;Colisão;;Não informado;;Meio De Quadra;;;0;1;0;2;0;0;0;0;0;0;0;0;0;(-38.5217056 -3.8334798);
;2022-11-05 19:12:55;Rua  Tenente Lisboa;;;Alvaro Weyne;;Atropelamento;;Não informado;;Meio De Quadra;;;0;1;0;0;0;0;0;0;0;0;1;0;0;(-38.5644987 -3.720407199999999);
;2022-11-05 18:35:04;Rua Frei Mansueto - Maria Tomaz;;;Aldeota;;Colisão;;Não informado;;Meio De Quadra;;;0;1;0;1;1;0;0;0;0;0;0;0;0;(-38.4887183 -3.7337501);
;2022-11-05 18:24:23;Rua Sao Benedito;;;Maraponga;;Queda;;Não informado;;Meio De Quadra Sem Numero;;;0;1;0;0;0;0;0;0;0;1;0;0;0;(-38.5744048 -3.7977126);
;2022-11-05 17:17:18;Rua Estevao De Campos;Rua Irapuan;;Barra Do Ceara;;Colisão;;Não informado;;Cruzamento;;;0;1;0;1;1;0;0;0;0;0;0;0;0;(-38.584081 -3.7030052);
;2022-11-05 13:47:28;Julio Braga;Perimetral;;Joao Xxiii;;Colisão;;Não informado;;Cruzamento;;;0;1;0;2;0;0;0;0;0;0;0;0;0;(-38.5831101 -3.7742971);
;2022-11-05 13:13:23;Perimetral;;;Henrique Jorge;;Colisão;;Não informado;;Meio De Quadra;;;0;1;0;0;2;0;0;0;0;0;0;0;0;(0 0);
;2022-11-05 12:49:49;Joaquim Frota;Ministro Abner De Vasconcelossap;;Sabiaguaba;;Colisão;;Não informado;;Cruzamento;;;0;1;0;1;1;0;0;0;0;0;0;0;0;(-38.4718163 -3.8013533);
;2022-11-05 08:39:39;Leste Oeste;;;Pirambu;;Queda;;Não informado;;Meio De Quadra Sem Numero;;;0;2;0;1;0;0;0;0;0;0;0;0;0;(-38.5533245 -3.7123711);
;2022-11-05 05:32:21;13 De Maio;;;Benfica;;Queda de moto;;Não informado;;Meio De Quadra Sem Numero;;;0;1;0;2;0;0;0;0;0;0;0;0;0;(-38.5374927 -3.742407);
;2022-11-05 05:30:32;13 De Maio;;;Fatima;;Colisão;;Não informado;;Meio De Quadra;;;0;1;0;0;2;0;0;0;0;0;0;0;0;(-38.5434021 -3.7374201);
;2022-11-05 05:28:05;Avenida Julio Braga;;;Não informado;;Colisão;;Não informado;;Meio De Quadra;;;0;1;0;0;2;0;0;0;0;0;0;0;0;(-38.5852752 -3.7732876);
;2022-11-05 03:23:14;Costa Freire;;;Vila Peri;;Colisão;;Não informado;;Meio De Quadra Sem Numero;;;0;1;0;2;0;0;0;0;0;0;0;0;0;(-38.5819108 -3.7892461);
;2022-11-05 01:47:26;Paraguaçu;;;Serrinha;;Queda;;Não informado;;Meio De Quadra;;;0;1;0;0;0;0;0;0;0;1;0;0;0;(-38.5369061 -3.7820556);
;2022-11-05 01:04:52;Av. Perimetral - Costa Silva;;;Prefeito Jose Walter;;Queda;;Não informado;;Meio De Quadra;;;0;1;0;1;0;0;0;0;0;0;0;0;0;(-38.5424391 -3.8246917);
;2022-11-05 00:29:24;Washington Soares;;;Messejana;;Atropelamento;;Não informado;;Meio De Quadra;;;0;1;0;0;1;0;0;0;0;0;0;0;0;(-38.4818301 -3.8255644);
;2022-11-05 00:05:22;Jornalista Tomaz Coelho No Viaduto;;;Messejana;;Atropelamento;;Não informado;;Meio De Quadra Sem Numero;;;0;1;0;0;1;0;0;0;0;0;0;0;0;(-38.5017582 -3.8319805);
;2022-11-04 23:41:23;Senador Fernandes Tavora;;;Parque Genibau;;Atropelamento;;Não informado;;Meio De Quadra;;;0;1;0;0;1;0;0;0;0;0;0;0;0;(-38.5972327 -3.7551532);
;2022-11-04 23:37:02;Carlos Jereissati;;;Serrinha;;Colisão;;Não informado;;Meio De Quadra Sem Numero;;;0;2;0;2;0;0;0;0;0;0;0;0;0;(-38.5416215 -3.7803066);
;2022-11-04 23:16:51;Av. Oscar Araripe;Osorio De Paiva;;Bom Jardim;;Atropelamento;;Não informado;;Cruzamento;;;0;1;0;0;0;0;0;0;0;0;1;0;0;(-38.5918034 -3.794082699999999);
;2022-11-04 22:42:34;Padre Anchieta;;;Sao Gerardo;;Colisão;;Não informado;;Meio De Quadra;;;0;1;0;1;1;0;0;0;0;0;0;0;0;(-38.551911 -3.731070399999999);
;2022-11-04 22:09:57;Nossa Senhora Das Graças;;;Pirambu;;Colisão;;Não informado;;Meio De Quadra;;;0;1;0;0;2;0;0;0;0;0;0;0;0;(-38.5564686 -3.7092969);
;2022-11-04 20:53:04;Avenida Bernardo Manuel;;;Itaperi;;Colisão;;Não informado;;Meio De Quadra Sem Numero;;;0;1;0;1;1;0;0;0;0;0;0;0;0;(-38.5482911 -3.7882912);
;2022-11-04 20:37:05;Rua Joaquim Dos Anjos;;;Planalto Ayrton Senna;;Atropelamento;;Não informado;;Meio De Quadra;;;0;1;0;0;0;0;0;0;0;1;0;0;0;(0 0);
;2022-11-04 19:24:50;Jose De Pontes;;;Sao Gerardo;;Colisão;;Não informado;;Meio De Quadra;;;0;1;0;1;1;0;0;0;0;0;0;0;0;(-38.5683133 -3.7374423);
;2022-11-04 18:48:10;Rua Desembargador Otacilio Peixoto;;;Passare;;Colisão;;Não informado;;Meio De Quadra;;;0;1;0;0;2;0;0;0;0;0;0;0;0;(-38.5372945 -3.8002483);
;2022-11-04 18:04:54;Avenida C;Rua 41;;Prefeito Jose Walter;;Colisão;;Não informado;;Cruzamento;;;0;1;0;2;0;0;0;0;0;0;0;0;0;(-38.5571545 -3.8282152);
;2022-11-04 16:43:47;Avenida Presidente Costa E Silva;Av Bernardo Manuel;;Mondubim;;Queda;;Não informado;;Cruzamento;;;0;1;0;1;0;0;0;0;0;0;0;0;0;(-38.55814 -3.8210641);
;2022-11-04 16:21:22;Avenida Visconde Do Rio Branco;;;Fatima;;Colisão;;Não informado;;Meio De Quadra;;;0;1;0;1;1;0;0;0;0;0;0;0;0;(-38.5212231 -3.7493048);
;2022-11-04 14:25:35;Avenida Presidente Costa E Silva -;;;Mondubim;;Colisão;;Não informado;;Meio De Quadra;;;0;1;0;1;1;0;0;0;0;0;0;0;0;(-38.5716366 -3.8126085);
;2022-11-04 13:35:54;Dom Manuel;Padre Valdivino;;Centro;;Colisão;;Não informado;;Cruzamento;;;0;2;0;1;1;0;0;0;0;0;0;0;0;(-38.52402319999999 -3.7368769);
;2022-11-04 13:29:22;Duque De Caxias;;;Centro;;Queda;;Não informado;;Meio De Quadra;;;0;1;0;1;0;0;0;0;0;0;0;0;0;(-38.5252456 -3.7334014);
;2022-11-04 12:39:42;Oliveira Filho;;;Vicente Pinzon;;Colisão;;Não informado;;Meio De Quadra;;;0;1;0;1;1;0;0;0;0;0;0;0;0;(-38.4631697 -3.7288355);
;2022-11-04 11:40:34;Via Expressa - Capitao Aragao;;;Aerolandia;;Queda;;Não informado;;Meio De Quadra Sem Numero;;;0;1;0;1;0;0;0;0;0;0;0;0;0;(-38.5134525 -3.764938);
;2022-11-04 09:49:59;Avenida Rui Barbosa;;;Sao Joao Do Tauape;;Queda;;Não informado;;Meio De Quadra;;;0;2;0;1;0;0;0;0;0;0;0;0;0;(0 0);
;2022-11-04 09:45:46;Silas Munguba;;;Parangaba;;Queda;;Não informado;;Meio De Quadra;;;0;1;0;1;0;0;0;0;0;0;0;0;0;(-38.5609856 -3.7791625);
;2022-11-04 09:07:44;Silas Munguba;;;Parangaba;;Queda;;Não informado;;Meio De Quadra Sem Numero;;;0;1;0;1;0;0;0;0;0;0;0;0;0;(-38.5568892 -3.7816343);
;2022-11-04 04:56:02;Pereira De Miranda;;;Papicu;;Atropelamento;;Não informado;;Meio De Quadra Sem Numero;;;0;2;0;1;0;0;0;0;0;0;0;0;0;(-38.4778514 -3.7411076);
;2022-11-04 00:03:57;Pergentino Maia;;;Messejana;;Choque c/ Obstáculo Fixo;;Não informado;;Meio De Quadra;;;0;1;0;0;1;0;0;0;0;0;0;0;0;(-38.4820457 -3.832498);