COD_ACIDENTE;DATA;LOG1;LOG2;NUMERO;BAIRRO;AMC;NATUREZA;ILUMINACAO;TEMPO;SUPERFICIEPISTA;TIPOCRUZAMENTO;CONTROLETRAFEGO;USOSOLO;MORTOS;FERIDOS;ILESOS;MOTOCICLETA;AUTOMOVEL;MICROONIBUS;CAMINHAO;ONIBUS;CICLOMOTOR;BICICLETA;OUTROS;TREM;TRACAOANIMAL;COORDENADAS
;2022-11-03 23:51:02;Edgard De Arruda;;;Henrique Jorge;;Colisão;;Não informado;;Meio De Quadra;;;0;1;0;1;1;0;0;0;0;0;0;0;0;(-38.5835753 -3.7590404);
;2022-11-03 22:51:36;Governador Raul Barbosa;Murilo Borges;;Aerolandia;;Colisão;;Não informado;;Cruzamento;;;0;1;0;0;2;0;0;0;0;0;0;0;0;(-38.512539 -3.7729647);
;2022-11-03 22:17:35;Rua Conego De Castro;;;Parangaba;;Colisão;;Não informado;;Meio De Quadra;;;0;1;0;0;2;0;0;0;0;0;0;0;0;(-38.5686718 -3.7789921);
;2022-11-03 21:07:29;Rua Conselheiro Lafayette -;;;Jardim Iracema;;Atropelamento;;Não informado;;Meio De Quadra;;;0;1;0;0;0;0;0;0;0;0;1;0;0;(-38.5870629 -3.7176987);
;2022-11-03 20:22:09;Avenida Governador Raul Barbosa;;;Aerolandia;;Colisão;;Não informado;;Meio De Quadra;;;0;1;0;1;1;0;0;0;0;0;0;0;0;(-38.5119467 -3.7719597);
;2022-11-03 18:49:14;Comodoro Estacio Brigido;Av Pinto Bandeira;;Guararapes;;Colisão;;Não informado;;Cruzamento;;;0;1;0;1;1;0;0;0;0;0;0;0;0;(-38.4878757 -3.7769084);
;2022-11-03 18:38:50;Brigadeiro Torres;Rua Jockey Club;;Joquei Clube;;Colisão;;Não informado;;Cruzamento;;;0;2;0;1;0;0;1;0;0;0;0;0;0;(-38.5784828 -3.7628653);
;2022-11-03 17:01:39;Rua Sao Joao;;;Bonsucesso;;Colisão;;Não informado;;Meio De Quadra;;;0;1;0;1;1;0;0;0;0;0;0;0;0;(-38.595055 -3.7722478);
;2022-11-03 16:36:25;Rua Araça;;;Bonsucesso;;Queda;;Não informado;;Meio De Quadra;;;0;1;0;0;0;0;0;0;0;1;0;0;0;(-38.584192 -3.78317);
;2022-11-03 16:15:17;Desembargado Felix Candido;;;Joao Xxiii;;Colisão;;Não informado;;Meio De Quadra;;;0;1;0;0;2;0;0;0;0;0;0;0;0;(-38.5795863 -3.7729886);
;2022-11-03 15:37:16;Francisco Sa Barra;;;Carlito Pamplona;;Colisão;;Não informado;;Meio De Quadra;;;0;1;0;1;1;0;0;0;0;0;0;0;0;(-38.5564955 -3.7175988);
;2022-11-03 15:28:05;Bernardo Manuel;;;Serrinha;;Colisão;;Não informado;;Meio De Quadra;;;0;2;0;1;1;0;0;0;0;0;0;0;0;(-38.5469541 -3.7837537);
;2022-11-03 14:53:28;Rua Rui Monte;;;Antonio Bezerra;;Colisão;;Não informado;;Meio De Quadra;;;0;1;0;1;1;0;0;0;0;0;0;0;0;(-38.5871804 -3.7440769);
;2022-11-03 14:43:57;Heraclito Graça;Rua Rodrigues Junior;;Centro;;Colisão;;Não informado;;Cruzamento;;;0;2;0;1;1;0;0;0;0;0;0;0;0;(-38.52184039999999 -3.7344203);
;2022-11-03 14:09:48;Avenida Maestro Lisboa;;;Lagoa Redonda;;Colisão;;Não informado;;Meio De Quadra;;;0;1;0;1;1;0;0;0;0;0;0;0;0;(-38.4658425 -3.8080905);
;2022-11-03 10:48:02;Aguanambi;Avenida Domingos Olimpio;;Fatima;;Colisão;;Não informado;;Cruzamento;;;0;1;0;1;1;0;0;0;0;0;0;0;0;(-38.5245127 -3.738708599999999);
;2022-11-03 10:07:41;Joise Cavalcante Sobrinho;Av. Barao De Aquiraz;;Messejana;;Colisão;;Não informado;;Cruzamento;;;0;1;0;1;1;0;0;0;0;0;0;0;0;(-38.4874598 -3.8382321);
;2022-11-03 07:38:57;Avenida Filomeno Gomes;;;Jacarecanga;;Queda;;Não informado;;Meio De Quadra;;;0;1;0;1;0;0;0;0;0;0;0;0;0;(-38.5430134 -3.7195792);
;2022-11-03 01:46:02;Mister Hull;Rua Padre Perdigão;;Antonio Bezerra;;Colisão;;Não informado;;Cruzamento;;;0;2;0;2;0;0;0;0;0;0;0;0;0;(-38.5945839 -3.740306);
;2022-11-02 23:49:21;Professor  Dias Da Rocha;;;Meireles;;Colisão;;Não informado;;Meio De Quadra;;;0;1;0;1;1;0;0;0;0;0;0;0;0;(-38.4901211 -3.7308054);
;2022-11-02 21:39:36;Rua Carlos Vasconcelos;Joao Carvalho;;Aldeota;;Colisão;;Não informado;;Cruzamento;;;0;2;0;1;1;0;0;0;0;0;0;0;0;(-38.5118448 -3.7362396);
;2022-11-02 20:18:40;Rua Barao De Aratanha;;;Centro;;Colisão;;Não informado;;Meio De Quadra;;;0;1;0;1;1;0;0;0;0;0;0;0;0;(-38.5271741 -3.7348731);
;2022-11-02 19:10:29;Avenida Doutor Joao Maciel Filho;;;Jardim Das Oliveiras;;Colisão;;Não informado;;Meio De Quadra;;;0;1;0;1;1;0;0;0;0;0;0;0;0;(-38.4950322 -3.7843714);
;2022-11-02 18:59:31;Avenida Senador Carlos Jereissati;;;Dias Macedo;;Colisão;;Não informado;;Meio De Quadra Sem Numero;;;0;2;0;1;1;0;0;0;0;0;0;0;0;(-38.5242645 -3.7832708);
;2022-11-02 18:57:56;H;Rua Joao Pinheiro;;Conjunto Ceara;;Colisão;;Não informado;;Cruzamento;;;0;1;0;1;1;0;0;0;0;0;0;0;0;(-38.6230856 -3.7838172);
;2022-11-02 14:02:47;Rua Princesa Isabel;;;Centro;;Colisão;;Não informado;;Meio De Quadra;;;0;1;0;0;2;0;0;0;0;0;0;0;0;(-38.53786789999999 -3.7354566);
;2022-11-02 13:11:55;Almirante Rubi;;;Montese;;Colisão;;Não informado;;Meio De Quadra;;;0;2;0;1;1;0;0;0;0;0;0;0;0;(0 0);
;2022-11-02 11:02:38;Men De Sa;R. Vasco De Ataide;;Messejana;;Colisão;;Não informado;;Cruzamento;;;0;1;0;1;1;0;0;0;0;0;0;0;0;(-38.484895 -3.8243016);
;2022-11-02 10:59:08;Professor Heribaldo Costa;;;Henrique Jorge;;Atropelamento;;Não informado;;Meio De Quadra;;;0;1;0;0;1;0;0;0;0;0;0;0;0;(-38.5855375 -3.763528299999999);
;2022-11-02 09:25:21;Avenida Anselmo Nogueira;;;Bonsucesso;;Atropelamento;;Não informado;;Meio De Quadra Sem Numero;;;0;1;0;0;1;0;0;0;0;0;0;0;0;(-38.5874325 -3.7819845);
;2022-11-02 03:01:47;Jose Dantas Pereira;;;Canindezinho;;Queda de moto;;Não informado;;Meio De Quadra Sem Numero;;;0;1;0;2;0;0;0;0;0;0;0;0;0;(-38.607706 -3.8224972);
;2022-11-02 01:09:30;Rua Urucutuba;;;Bom Jardim;;Atropelamento;;Não informado;;Meio De Quadra;;;0;1;0;1;0;0;0;0;0;0;0;0;0;(-38.6100266 -3.7980662);
;2022-11-01 23:17:12;Senador Carlos Jereissati;;;Aeroporto;;Atropelamento;;Não informado;;Meio De Quadra Sem Numero;;;0;1;0;0;1;0;0;0;0;0;0;0;0;(-38.5357467 -3.7820759);
;2022-11-01 23:01:53;Julio Braga;;;Joao Xxiii;;Colisão;;Não informado;;Meio De Quadra;;;0;1;0;1;1;0;0;0;0;0;0;0;0;(-38.5841639 -3.7732155);
;2022-11-01 23:01:39;L;56;;Prefeito Jose Walter;;Colisão;;Não informado;;Cruzamento;;;0;1;0;1;1;0;0;0;0;0;0;0;0;(0 0);
;2022-11-01 21:59:21;Mister Hull;;;Não informado;;Colisão;;Não informado;;Meio De Quadra Sem Numero;;;0;1;0;1;1;0;0;0;0;0;0;0;0;(-38.5162026 -3.82789);
;2022-11-01 20:56:46;Desembargador Moreira;Av. Padre Ant Tomas;;Aldeota;;Atropelamento;;Não informado;;Cruzamento;;;0;2;0;1;0;0;0;0;0;0;0;0;0;(-38.4986128 -3.7370942);
;2022-11-01 20:36:46;Avenida Sargento Herminio;;;Vila Ellery;;Colisão;;Não informado;;Meio De Quadra;;;0;1;0;1;1;0;0;0;0;0;0;0;0;(-38.5628501 -3.7270194);
;2022-11-01 19:11:40;Rodrigues Junior;;;Aldeota;;Colisão;;Não informado;;Meio De Quadra;;;0;1;0;0;2;0;0;0;0;0;0;0;0;(-38.520114 -3.729429499999999);
;2022-11-01 18:45:55;Avenida Professor Gomes De Matos -;;;Montese;;Colisão;;Não informado;;Meio De Quadra;;;0;1;0;1;1;0;0;0;0;0;0;0;0;(-38.5436068 -3.7585959);
;2022-11-01 17:27:50;Perimetral;;;Jangurussu;;Colisão;;Não informado;;Meio De Quadra;;;0;1;0;1;1;0;0;0;0;0;0;0;0;(-38.5327995 -3.8276466);
;2022-11-01 17:04:09;Duque De Caxias;;;Centro;;Colisão;;Não informado;;Meio De Quadra;;;0;1;0;0;2;0;0;0;0;0;0;0;0;(-38.5360999 -3.729675);
;2022-11-01 16:47:51;Rua Uberlandia;;;Messejana;;Colisão;;Não informado;;Meio De Quadra;;;0;1;0;1;0;0;1;0;0;0;0;0;0;(-38.5025558 -3.8353695);
;2022-11-01 15:31:22;Jose Dantas Pereira;;;Canindezinho;;Colisão;;Não informado;;Meio De Quadra Sem Numero;;;0;1;0;0;2;0;0;0;0;0;0;0;0;(-38.607706 -3.8224972);
;2022-11-01 15:07:15;Eredites Martins;Ipe;;Sao Gerardo;;Colisão;;Não informado;;Cruzamento;;;0;1;0;1;1;0;0;0;0;0;0;0;0;(-38.55914509999999 -3.729930399999999);
;2022-11-01 14:56:53;Genibau;;;Parque Genibau;;Colisão;;Não informado;;Meio De Quadra;;;0;1;0;1;1;0;0;0;0;0;0;0;0;(0 0);
;2022-11-01 14:55:21;Mister Hull;;;Não informado;;Colisão;;Não informado;;Meio De Quadra;;;0;1;0;1;1;0;0;0;0;0;0;0;0;(-38.607296 -3.7422393);
;2022-11-01 13:41:47;General Tomé  Cordeiro;Rua Sempre Viva;;Jardim Iracema;;Colisão;;Não informado;;Cruzamento;;;0;2;0;2;0;0;0;0;0;0;0;0;0;(-38.5812312 -3.7166821);
;2022-11-01 13:09:41;Miguel Dias;;;Edson Queiroz;;Colisão;;Não informado;;Meio De Quadra Sem Numero;;;0;1;0;1;1;0;0;0;0;0;0;0;0;(-38.4875809 -3.7653693);
;2022-11-01 11:26:17;Presidente Costa E Silva;;;Jangurussu;;Colisão;;Não informado;;Meio De Quadra;;;0;1;0;0;2;0;0;0;0;0;0;0;0;(-38.5307846 -3.828869399999999);
;2022-11-01 10:59:16;Bento Albuquerque;Cesar Fonseca;;Coco;;Colisão;;Não informado;;Cruzamento;;;0;1;0;1;1;0;0;0;0;0;0;0;0;(-38.4741033 -3.7466991);
;2022-11-01 10:54:27;Humberto Monte;;;Pici;;Atropelamento;;Não informado;;Meio De Quadra Sem Numero;;;0;1;0;1;0;0;0;0;0;0;0;0;0;(-38.5674402 -3.7409193);
;2022-11-01 10:18:32;Senador Pompeu;;;Centro;;Atropelamento;;Não informado;;Meio De Quadra Sem Numero;;;0;1;0;0;1;0;0;0;0;0;0;0;0;(-38.5307849 -3.7305786);
;2022-11-01 10:06:44;Avenida Oliveira Paiva;;;Cidade Dos Funcionarios;;Colisão;;Não informado;;Meio De Quadra;;;0;1;0;0;2;0;0;0;0;0;0;0;0;(-38.492897 -3.7954154);
;2022-11-01 09:28:03;Godofredo Maciel;;;Mondubim;;Colisão;;Não informado;;Meio De Quadra;;;0;1;0;0;2;0;0;0;0;0;0;0;0;(-38.5743582 -3.809849499999999);
;2022-11-01 03:40:10;C;;;Conjunto Ceara;;Queda;;Não informado;;Meio De Quadra;;;0;1;0;1;0;0;0;0;0;0;0;0;0;(0 0);
;2022-11-01 01:47:53;Contorno Sul  Upa Jangurussu;;;Jangurussu;;Queda;;Não informado;;Meio De Quadra Sem Numero;;;0;1;0;1;0;0;0;0;0;0;0;0;0;(-38.5225174 -3.839064099999999);
;2022-11-01 00:05:16;Raul Barbosa;;;Aerolandia;;Colisão;;Não informado;;Meio De Quadra;;;0;1;0;1;1;0;0;0;0;0;0;0;0;(-38.513053 -3.7745336);
;2022-10-31 23:42:19;Avenida Alberto Nepomuceno;Adolfo Caminha;;Centro;;Queda;;Não informado;;Cruzamento;;;0;1;0;1;0;0;0;0;0;0;0;0;0;(-38.5231802 -3.7211892);
;2022-10-31 21:24:56;Avenida Presidente Costa E Silva;;;Mondubim;;Queda;;Não informado;;Meio De Quadra Sem Numero;;;0;1;0;1;0;0;0;0;0;0;0;0;0;(-38.5647962 -3.8178905);
;2022-10-31 21:16:01;Rua Teodomiro De Castro;;;Alvaro Weyne;;Queda;;Não informado;;Meio De Quadra;;;0;1;0;1;0;0;0;0;0;0;0;0;0;(-38.5774618 -3.7165108);
;2022-10-31 20:30:47;Nereu Ramos;;;Vila Peri;;Colisão;;Não informado;;Meio De Quadra;;;0;1;0;0;2;0;0;0;0;0;0;0;0;(-38.5753628 -3.7830374);
;2022-10-31 20:10:12;Maestro Lisboa;;;Jose De Alencar;;Colisão;;Não informado;;Meio De Quadra Sem Numero;;;0;1;0;1;1;0;0;0;0;0;0;0;0;(-38.4704086 -3.8078115);
;2022-10-31 20:09:55;Benjamim Brasil;;;Maraponga;;Colisão;;Não informado;;Meio De Quadra;;;0;1;0;1;1;0;0;0;0;0;0;0;0;(0 0);
;2022-10-31 19:38:19;Maria Gomes De Sa;Av. Godofredo Maciel;;Planalto Ayrton Senna;;Queda;;Não informado;;Cruzamento;;;0;1;0;1;0;0;0;0;0;0;0;0;0;(-38.5796823 -3.8270123);
;2022-10-31 18:51:41;George Cavalcante;;;Quintino Cunha;;Atropelamento;;Não informado;;Meio De Quadra;;;0;1;0;1;0;0;0;0;0;0;0;0;0;(-38.5927906 -3.7237384);
;2022-10-31 16:44:15;Bolivia;Viriato Ribeiro;;Bela Vista;;Colisão;;Não informado;;Cruzamento;;;0;2;0;2;0;0;0;0;0;0;0;0;0;(-38.5661005 -3.7453397);
;2022-10-31 16:22:28;Avenida Presidente Costa E Silva;;;Prefeito Jose Walter;;Colisão;;Não informado;;Meio De Quadra;;;0;1;0;0;2;0;0;0;0;0;0;0;0;(-38.5401209 -3.8259116);
;2022-10-31 16:21:23;Rua Joao Brigido;;;Dionisio Torres;;Colisão;;Não informado;;Meio De Quadra;;;0;1;0;0;2;0;0;0;0;0;0;0;0;(-38.5181968 -3.739775299999999);
;2022-10-31 15:02:01;Avenida Rogaciano Leite;;;Engenheiro Luciano Cavalcante;;Colisão;;Não informado;;Meio De Quadra;;;0;1;0;1;1;0;0;0;0;0;0;0;0;(-38.4937398 -3.7618336);
;2022-10-31 14:54:23;Joaquim Bastos;;;Fatima;;Colisão;;Não informado;;Meio De Quadra;;;0;1;0;2;0;0;0;0;0;0;0;0;0;(-38.5279949 -3.753682699999999);
;2022-10-31 14:15:30;Frederico Borges 584;Rua Pereira Valente;;Varjota;;Colisão;;Não informado;;Cruzamento;;;0;1;0;1;1;0;0;0;0;0;0;0;0;(-38.4892605 -3.7349077);
;2022-10-31 13:45:14;Vila Paraiso, Esq Avenidade Jose Martiniano De Alencar;; Esq Avenidade Jose Martiniano De Alencar ;Cambeba;;Queda;;Não informado;;Meio De Quadra;;;0;1;0;0;0;0;0;0;0;1;0;0;0;(-38.4799238 -3.8102953);
;2022-10-31 12:39:43;BR 116 KM 5;;;Cajazeiras;;Queda;;Não informado;;Meio De Quadra;;;0;1;0;1;0;0;0;0;0;0;0;0;0;(0 0);
;2022-10-31 12:27:40;BR 116 KM 54;;;Messejana;;Queda;;Não informado;;Meio De Quadra;;;0;1;0;1;0;0;0;0;0;0;0;0;0;(-38.5041401 -3.8259496);
;2022-10-31 12:23:35;Rua Isaie Boris;;;Montese;;Queda;;Não informado;;Meio De Quadra;;;0;1;0;1;0;0;0;0;0;0;0;0;0;(-38.55047020000001 -3.767638);
;2022-10-31 11:48:27;Raimundo Bizarria;;;Padre Andrade;;Queda;;Não informado;;Meio De Quadra;;;0;1;0;0;0;0;0;0;0;1;0;0;0;(-38.5804407 -3.7288834);
;2022-10-31 11:45:19;Padre Pedro De Alencar;;;Messejana;;Colisão;;Não informado;;Meio De Quadra;;;0;1;0;2;0;0;0;0;0;0;0;0;0;(-38.4944163 -3.8398056);
;2022-10-31 10:44:47;Do Vaqueiro;;;Ancuri;;Colisão;;Não informado;;Meio De Quadra;;;0;1;0;0;2;0;0;0;0;0;0;0;0;(-38.5035532 -3.8606516);
;2022-10-31 10:39:00;Rua Conselheiro Lafayette;;;Jardim Iracema;;Colisão;;Não informado;;Meio De Quadra;;;0;1;0;2;0;0;0;0;0;0;0;0;0;(-38.5798275 -3.7186254);
;2022-10-31 07:39:17;860;;;Conjunto Ceara;;Queda de moto;;Não informado;;Meio De Quadra Sem Numero;;;0;1;0;2;0;0;0;0;0;0;0;0;0;(-38.5993337 -3.7689275);
;2022-10-31 06:54:11;Contorno Sul;;;Jangurussu;;Queda de moto;;Não informado;;Meio De Quadra Sem Numero;;;0;1;0;2;0;0;0;0;0;0;0;0;0;(-38.5199088 -3.8377883);
;2022-10-31 05:14:57;Dom Luis;Osvaldo Cruz;;Meireles;;Colisão;;Não informado;;Cruzamento;;;0;1;0;1;1;0;0;0;0;0;0;0;0;(-38.4993628 -3.732610799999999);
;2022-10-31 01:14:06;Padre Francisco Pinto;;;Benfica;;Colisão;;Não informado;;Meio De Quadra Sem Numero;;;0;3;0;0;2;0;0;0;0;0;0;0;0;(-38.5403057 -3.7432498);
;2022-10-31 00:17:57;George Rocha;;;Joquei Clube;;Queda;;Não informado;;Meio De Quadra Sem Numero;;;0;1;0;1;0;0;0;0;0;0;0;0;0;(-38.5738678 -3.7637381);
;2022-10-30 23:20:01;Presidente Costa E Silva;;;Prefeito Jose Walter;;Queda de moto;;Não informado;;Meio De Quadra Sem Numero;;;0;1;0;2;0;0;0;0;0;0;0;0;0;(-38.5443558 -3.8244455);
;2022-10-30 23:04:31;Coronel Juca;;;Meireles;;Colisão;;Não informado;;Meio De Quadra;;;0;1;0;2;0;0;0;0;0;0;0;0;0;(-38.4913367 -3.7372351);
;2022-10-30 22:41:52;Senador Carlos Jereissati;;;Dias Macedo;;Atropelamento;;Não informado;;Meio De Quadra Sem Numero;;;0;1;0;0;1;0;0;0;0;0;0;0;0;(-38.5242645 -3.7832708);
;2022-10-30 22:40:08;Avenida Urucutuba;;;Granja Lisboa;;Atropelamento;;Não informado;;Meio De Quadra;;;0;2;0;1;0;0;0;0;0;0;0;0;0;(0 0);
;2022-10-30 22:14:19;Sargento Herminio;;;Presidente Kennedy;;Colisão;;Não informado;;Meio De Quadra;;;0;1;0;2;0;0;0;0;0;0;0;0;0;(-38.5724834 -3.728909499999999);
;2022-10-30 22:10:26;Castro De Alencar;;;Jardim Das Oliveiras;;Colisão;;Não informado;;Meio De Quadra;;;0;1;0;1;1;0;0;0;0;0;0;0;0;(-38.5040544 -3.7826674);
;2022-10-30 20:42:06;Franscisco Bento;;;Mondubim;;Colisão;;Não informado;;Meio De Quadra;;;0;1;0;1;1;0;0;0;0;0;0;0;0;(-38.5758395 -3.8126328);
;2022-10-30 20:02:38;Raimundo  Pinheiro;Rua Nereide;;Bom Jardim;;Atropelamento;;Não informado;;Cruzamento;;;0;1;0;0;0;0;0;0;0;0;1;0;0;(-38.5968372 -3.7881558);
;2022-10-30 19:58:33;Avenida Senador Fernandes Tavora;;;Joquei Clube;;Colisão;;Não informado;;Meio De Quadra;;;0;2;0;2;0;0;0;0;0;0;0;0;0;(-38.5955056 -3.755751799999999);
;2022-10-30 19:49:50;Avenida Frei Cirilo Em Cima Do Viaduto;;;Messejana;;Colisão;;Não informado;;Meio De Quadra Sem Numero;;;0;1;0;1;1;0;0;0;0;0;0;0;0;(-38.4968631 -3.8184466);
;2022-10-30 19:47:45;Avenida Areia Branca;;;Vicente Pinzon;;Atropelamento;;Não informado;;Meio De Quadra;;;0;3;0;0;1;0;0;0;0;0;0;0;0;(-38.4745094 -3.728524599999999);
;2022-10-30 19:21:49;Oscar França;Barra Vermelha;;Bom Jardim;;Colisão;;Não informado;;Cruzamento;;;0;4;0;0;2;0;0;0;0;0;0;0;0;(-38.6146698 -3.7870382);
;2022-10-30 19:03:35;Rua Humaita;;;Parque Genibau;;Queda;;Não informado;;Meio De Quadra;;;0;1;0;1;0;0;0;0;0;0;0;0;0;(-38.600328 -3.759364);
;2022-10-30 18:00:15;Rua 15;Avenida H - Cidade Jardim 2;;Prefeito Jose Walter;;Colisão;;Não informado;;Cruzamento;;;0;1;0;0;2;0;0;0;0;0;0;0;0;(-38.5532233 -3.8432979);
;2022-10-30 17:53:39;Maria Julia;Rua Jardim Paroara;;Canindezinho;;Colisão;;Não informado;;Cruzamento;;;0;1;0;1;1;0;0;0;0;0;0;0;0;(-38.6033101 -3.8020974);
;2022-10-30 17:51:56;Avenida Genibau;;;Parque Genibau;;Colisão;;Não informado;;Meio De Quadra;;;0;1;0;1;1;0;0;0;0;0;0;0;0;(-38.5967712 -3.761506);
;2022-10-30 17:47:38;Rua Doutor Pergentino Maia;;;Messejana;;Queda;;Não informado;;Meio De Quadra;;;0;1;0;0;0;0;0;0;0;1;0;0;0;(-38.4947041 -3.8306985);
;2022-10-30 16:21:22;Rua 503;;;Conjunto Ceara;;Queda;;Não informado;;Meio De Quadra;;;0;1;0;1;0;0;0;0;0;0;0;0;0;(-38.6089975 -3.7691619);
;2022-10-30 16:04:52;Avenida Euclides Paulino Barroso;;;Canindezinho;;Colisão;;Não informado;;Meio De Quadra;;;0;3;0;2;0;0;0;0;0;0;0;0;0;(-38.610719 -3.819798199999999);
;2022-10-30 15:45:00;Sargento Barbosa;;;Granja Lisboa;;Colisão;;Não informado;;Meio De Quadra;;;0;2;0;2;0;0;0;0;0;0;0;0;0;(-38.62195 -3.791758999999999);
;2022-10-30 14:48:12;Rua Raimundo Nery;;;Parque Sao Jose;;Queda;;Não informado;;Meio De Quadra;;;0;1;0;0;0;0;0;0;0;1;0;0;0;(-38.5861423 -3.7953258);
;2022-10-30 14:48:07;Avenida Sargento Herminio Sampaio;;;Presidente Kennedy;;Colisão;;Não informado;;Meio De Quadra Sem Numero;;;0;1;0;1;1;0;0;0;0;0;0;0;0;(-38.5709958 -3.7283072);
;2022-10-30 13:41:52;BR 116 KM 13;;;Ancuri;;Colisão;;Não informado;;Meio De Quadra;;;0;1;0;2;0;0;0;0;0;0;0;0;0;(0 0);
;2022-10-30 11:55:57;Rua Padre Valdevino;;;Aldeota;;Queda;;Não informado;;Meio De Quadra;;;0;1;0;0;0;0;0;0;0;1;0;0;0;(-38.5040031 -3.7430397);
;2022-10-30 08:46:09;Germano Franck;;;Parangaba;;Colisão;;Não informado;;Meio De Quadra Sem Numero;;;0;1;0;1;1;0;0;0;0;0;0;0;0;(-38.5609667 -3.7763221);
;2022-10-30 07:15:03;Sila Munguba X Av. Germano Franklin;;;Parangaba;;Colisão;;Não informado;;Meio De Quadra Sem Numero;;;0;1;0;1;1;0;0;0;0;0;0;0;0;(-38.56165 -3.777759999999999);
;2022-10-30 05:59:29;Padre Mororo;;;Centro;;Colisão;;Não informado;;Meio De Quadra;;;0;1;0;0;2;0;0;0;0;0;0;0;0;(-38.5375256 -3.7261766);
;2022-10-30 05:42:06;Rua Jose Torres -;Rua Londrina;;Granja Portugal;;Colisão;;Não informado;;Cruzamento;;;0;1;0;2;0;0;0;0;0;0;0;0;0;(-38.607276 -3.7799311);
;2022-10-30 05:32:28;Avenida Pasteur;;;Alvaro Weyne;;Atropelamento;;Não informado;;Meio De Quadra;;;0;1;0;0;1;0;0;0;0;0;0;0;0;(-38.5598542 -3.713946);
;2022-10-30 05:10:14;Avenida Perimetral;;;Prefeito Jose Walter;;Colisão;;Não informado;;Meio De Quadra;;;0;1;0;2;0;0;0;0;0;0;0;0;0;(-38.5327995 -3.8276466);
;2022-10-30 03:59:00;Capitao Justino Ferreira Ramos;;;Guajiru;;Atropelamento;;Não informado;;Meio De Quadra;;;0;1;0;0;0;0;0;0;0;0;1;0;0;(-38.4755956 -3.8307721);
;2022-10-30 03:39:18;Contorno Sul  Upa Jangurussu;;;Jangurussu;;Queda;;Não informado;;Meio De Quadra Sem Numero;;;0;1;0;0;0;0;0;0;0;1;0;0;0;(-38.5225174 -3.839064099999999);
;2022-10-30 02:17:43;Alberto Craveiro;;;Boa Vista;;Colisão;;Não informado;;Meio De Quadra;;;0;1;0;0;2;0;0;0;0;0;0;0;0;(-38.5228023 -3.8044848);
;2022-10-30 01:58:16;Rua Sargento Joao Pinheiro;;;Bom Jardim;;Colisão;;Não informado;;Meio De Quadra Sem Numero;;;0;1;0;2;0;0;0;0;0;0;0;0;0;(-38.6230856 -3.7838172);
;2022-10-30 01:30:52;Contorno Sul;;;Conjunto Esperanca;;Atropelamento;;Não informado;;Meio De Quadra;;;0;1;0;0;1;0;0;0;0;0;0;0;0;(-38.5926512 -3.8150148);
;2022-10-30 00:55:48;General Osorio De Paiva;;;Parangaba;;Queda de moto;;Não informado;;Meio De Quadra;;;0;1;0;2;0;0;0;0;0;0;0;0;0;(-38.571673 -3.779614);
;2022-10-30 00:42:21;Was . Soares;;;Messejana;;Atropelamento;;Não informado;;Meio De Quadra;;;0;1;0;0;1;0;0;0;0;0;0;0;0;(-38.4811422 -3.822946899999999);
;2022-10-30 00:33:30;Radialista Joao Ramos;;;Planalto Ayrton Senna;;Colisão;;Não informado;;Meio De Quadra;;;0;1;0;1;1;0;0;0;0;0;0;0;0;(-38.5691884 -3.8431115);
;2022-10-30 00:21:20;Avenida Dom Luis;;;Aldeota;;Colisão;;Não informado;;Meio De Quadra;;;0;1;0;1;1;0;0;0;0;0;0;0;0;(0 0);
;2022-10-29 23:11:41;Beira Rio;;;Canindezinho;;Colisão;;Não informado;;Meio De Quadra;;;0;1;0;0;2;0;0;0;0;0;0;0;0;(-38.5955528 -3.8068006);
;2022-10-29 23:10:04;Presidente Costa E Silva;;;Prefeito Jose Walter;;Atropelamento;;Não informado;;Meio De Quadra Sem Numero;;;0;1;0;1;0;0;0;0;0;0;0;0;0;(-38.5443558 -3.8244455);
;2022-10-29 21:07:29;Emilio De Menezes;;;Granja Portugal;;Atropelamento;;Não informado;;Meio De Quadra;;;0;1;0;1;0;0;0;0;0;0;0;0;0;(-38.6011112 -3.7779696);
;2022-10-29 20:43:14;Rua Euclides Onofre De Souza;;;Sapiranga;;Queda;;Não informado;;Meio De Quadra;;;0;1;0;1;0;0;0;0;0;0;0;0;0;(-38.4669003 -3.7971965);
;2022-10-29 19:13:30;Meneses De Oliveira;Rua 07;;Vila Velha;;Colisão;;Não informado;;Cruzamento;;;0;1;0;1;1;0;0;0;0;0;0;0;0;(-38.5914497 -3.7108844);
;2022-10-29 17:22:31;Avenida Jose Bastos;;;Damas;;Colisão;;Não informado;;Meio De Quadra;;;0;1;0;2;0;0;0;0;0;0;0;0;0;(0 0);
;2022-10-29 16:42:30;Avenida Monsenhor Tabosa;;;Praia De Iracema;;Colisão;;Não informado;;Meio De Quadra Sem Numero;;;0;1;0;1;1;0;0;0;0;0;0;0;0;(-38.5155722 -3.7238102);
;2022-10-29 16:32:34;Jose Bastos;;;Rodolfo Teofilo;;Colisão;;Não informado;;Meio De Quadra;;;0;1;0;2;0;0;0;0;0;0;0;0;0;(-38.5451689 -3.7444701);