COD_ACIDENTE;DATA;LOG1;LOG2;NUMERO;BAIRRO;AMC;NATUREZA;ILUMINACAO;TEMPO;SUPERFICIEPISTA;TIPOCRUZAMENTO;CONTROLETRAFEGO;USOSOLO;MORTOS;FERIDOS;ILESOS;MOTOCICLETA;AUTOMOVEL;MICROONIBUS;CAMINHAO;ONIBUS;CICLOMOTOR;BICICLETA;OUTROS;TREM;TRACAOANIMAL;COORDENADAS
;2022-10-29 15:45:52;Fernandes Tavora;;;Parangaba;;Colisão;;Não informado;;Meio De Quadra Sem Numero;;;0;1;0;1;1;0;0;0;0;0;0;0;0;(-38.5744848 -3.7663439);
;2022-10-29 15:40:45;Litoranea - Divisa;Eusebio;;Sabiaguaba;;Queda;;Não informado;;Cruzamento;;;0;1;0;1;0;0;0;0;0;0;0;0;0;(-38.4226087 -3.8177098);
;2022-10-29 14:49:17;Rua Moçambique;;;Parque Genibau;;Colisão;;Não informado;;Meio De Quadra;;;0;1;0;1;1;0;0;0;0;0;0;0;0;(-38.598976 -3.763966899999999);
;2022-10-29 12:08:21;Sargento Herminio;Rua Dom Mauricio;;Presidente Kennedy;;Colisão;;Não informado;;Cruzamento;;;0;1;0;0;2;0;0;0;0;0;0;0;0;(-38.5768393 -3.730572199999999);
;2022-10-29 12:01:54;Presidente Costa E Silva;;;Prefeito Jose Walter;;Colisão;;Não informado;;Meio De Quadra Sem Numero;;;0;1;0;1;1;0;0;0;0;0;0;0;0;(-38.5443558 -3.8244455);
;2022-10-29 10:57:11;Osorio De Paiva;;;Canindezinho;;Colisão;;Não informado;;Meio De Quadra;;;0;1;0;1;1;0;0;0;0;0;0;0;0;(0 0);
;2022-10-29 10:22:59;Padre Valdivino;Rua Carlos Vasconcelos;;Aldeota;;Colisão;;Não informado;;Cruzamento;;;0;2;0;1;1;0;0;0;0;0;0;0;0;(-38.5131881 -3.740306699999999);
;2022-10-29 07:59:09;Washington Soares;;;Engenheiro Luciano Cavalcante;;Atropelamento;;Não informado;;Meio De Quadra;;;0;1;0;0;1;0;0;0;0;0;0;0;0;(-38.48195330000001 -3.78361);
;2022-10-29 05:15:34;Rua João Carvalho;;;Aldeota;;Colisão;;Não informado;;Meio De Quadra Sem Numero;;;0;1;0;0;2;0;0;0;0;0;0;0;0;(-38.508115 -3.7374676);
;2022-10-29 05:08:17;Senador Fernandes Tavora;;;Autran Nunes;;Queda;;Não informado;;Meio De Quadra;;;0;1;0;0;0;0;0;0;0;1;0;0;0;(-38.5937402 -3.7561086);
;2022-10-29 01:24:01;Senador Robert Kennedy;;;Barra Do Ceara;;Queda;;Não informado;;Meio De Quadra;;;0;1;0;1;0;0;0;0;0;0;0;0;0;(-38.5773876 -3.7010519);
;2022-10-28 23:39:14;Sargento João Pinheiro;;;Bom Jardim;;Queda;;Não informado;;Meio De Quadra Sem Numero;;;0;1;0;0;0;0;0;0;0;1;0;0;0;(-38.6230856 -3.7838172);
;2022-10-28 21:05:45;Rua Nereu Ramos -Tchecoslovaquia;;;Parangaba;;Colisão;;Não informado;;Meio De Quadra;;;0;1;0;0;1;0;0;0;0;1;0;0;0;(-38.5708669 -3.7867146);
;2022-10-28 21:01:23;Avenida Duque De Caxias - Padre Ibiapina;;;Centro;;Queda;;Não informado;;Meio De Quadra Sem Numero;;;0;1;0;0;0;0;0;0;0;1;0;0;0;(-38.5402067 -3.7284103);
;2022-10-28 19:54:36;Coronel Virgilio Nogueira;;;Granja Portugal;;Atropelamento;;Não informado;;Meio De Quadra;;;0;1;0;1;0;0;0;0;0;0;0;0;0;(-38.6072742 -3.7845259);
;2022-10-28 19:33:51;Rua Fausto Cabral;;;Papicu;;Colisão;;Não informado;;Meio De Quadra;;;0;1;0;1;1;0;0;0;0;0;0;0;0;(0 0);
;2022-10-28 19:22:14;Rua Leon Gradvol;Rua Rosa Cruz;;Maraponga;;Colisão;;Não informado;;Cruzamento;;;0;1;0;0;2;0;0;0;0;0;0;0;0;(-38.5670383 -3.7987992);
;2022-10-28 18:55:30;Rua Carlos Camara - Joao Solongo;;;Damas;;Colisão;;Não informado;;Meio De Quadra;;;0;1;0;1;1;0;0;0;0;0;0;0;0;(-38.5452291 -3.749580699999999);
;2022-10-28 17:57:24;15;Avenida Silas Monguba;;Dias Macedo;;Colisão;;Não informado;;Cruzamento;;;0;1;0;0;2;0;0;0;0;0;0;0;0;(-38.5614618 -3.778051);
;2022-10-28 16:43:38;Alberto Magno;Alan Cardeck;;Montese;;Colisão;;Não informado;;Cruzamento;;;0;1;0;1;1;0;0;0;0;0;0;0;0;(-38.5484941 -3.7632253);
;2022-10-28 15:23:50;Rua Maestro Neo Miranda;Adelia Feijó;;Boa Vista;;Colisão;;Não informado;;Cruzamento;;;0;2;0;1;1;0;0;0;0;0;0;0;0;(-38.5194828 -3.8031245);
;2022-10-28 11:35:28;Jose  Facanha;;;Bela Vista;;Queda;;Não informado;;Meio De Quadra;;;0;1;0;1;0;0;0;0;0;0;0;0;0;(-38.5591678 -3.7502525);
;2022-10-28 10:58:50;Avenida Governador Raul Barbosa;;;Aerolandia;;ACIDENTE ONIBUS (TRANSPORTE COLETIVO);;Não informado;;Meio De Quadra;;;0;1;0;0;0;0;0;1;0;0;0;0;0;(-38.5128599 -3.7759951);
;2022-10-28 09:36:00;Santos Dumont X Dom Manuel;;;Centro;;Colisão;;Não informado;;Meio De Quadra Sem Numero;;;0;1;0;1;1;0;0;0;0;0;0;0;0;(0 0);
;2022-10-28 09:26:19;Godofredo Maciel;;;Conjunto Esperanca;;Colisão;;Não informado;;Meio De Quadra Sem Numero;;;0;1;0;1;1;0;0;0;0;0;0;0;0;(-38.572465 -3.8044711);
;2022-10-28 07:22:49;Godofredo Maciel;;;Maraponga;;Atropelamento;;Não informado;;Meio De Quadra Sem Numero;;;0;1;0;0;1;0;0;0;0;0;0;0;0;(-38.5700693 -3.7966838);
;2022-10-27 21:45:23;Eduardo Garcia;;;Não informado;;Colisão;;Não informado;;Meio De Quadra;;;0;1;0;1;1;0;0;0;0;0;0;0;0;(-38.4967156 -3.7387663);
;2022-10-27 21:43:56;Rua Dulcineia Gondim -;;;Bom Futuro;;Queda de moto;;Não informado;;Meio De Quadra;;;0;1;0;2;0;0;0;0;0;0;0;0;0;(-38.5477235 -3.7571287);
;2022-10-27 21:39:56;Ministro Jose Americo;;;Cambeba;;Colisão;;Não informado;;Meio De Quadra Sem Numero;;;0;1;0;1;1;0;0;0;0;0;0;0;0;(-38.4863826 -3.8091057);
;2022-10-27 21:31:03;124 - Conj Tupan Mirim;;;Parque Dois Irmaos;;Colisão;;Não informado;;Meio De Quadra;;;0;1;0;0;2;0;0;0;0;0;0;0;0;(-38.544942 -3.798167);
;2022-10-27 21:21:08;Das Goiabeiras;;;Barra Do Ceara;;Queda;;Não informado;;Meio De Quadra;;;0;1;0;1;0;0;0;0;0;0;0;0;0;(-38.5837279 -3.696637999999999);
;2022-10-27 20:43:39;Maestro Lisboa;Odilon Guimaraes;;Lagoa Redonda;;Colisão;;Não informado;;Cruzamento;;;0;3;0;0;2;0;0;0;0;0;0;0;0;(-38.4616631 -3.8078104);
;2022-10-27 20:43:31;Radialista Joao Ramos;;;Planalto Ayrton Senna;;Colisão;;Não informado;;Meio De Quadra;;;0;1;0;0;1;0;0;0;0;1;0;0;0;(0 0);
;2022-10-27 20:25:33;Beira Mar;;;Praia De Iracema;;Queda;;Não informado;;Meio De Quadra;;;0;1;0;0;0;0;0;0;0;1;0;0;0;(-38.5103867 -3.7208594);
;2022-10-27 20:23:16;Godofredo Maciel;;;Maraponga;;Colisão;;Não informado;;Meio De Quadra Sem Numero;;;0;2;0;1;1;0;0;0;0;0;0;0;0;(-38.5700693 -3.7966838);
;2022-10-27 20:14:35;Rua Paulo Candido;;;Jardim Cearense;;Queda;;Não informado;;Meio De Quadra;;;0;1;0;0;0;0;0;0;0;1;0;0;0;(-38.565791 -3.801852);
;2022-10-27 20:00:56;Germano Franck;;;Parangaba;;Colisão;;Não informado;;Meio De Quadra;;;0;1;0;1;1;0;0;0;0;0;0;0;0;(-38.5630126 -3.7784427);
;2022-10-27 19:38:51;Avenida Francisco Sa -;;;Barra Do Ceara;;Colisão;;Não informado;;Meio De Quadra;;;0;1;0;1;1;0;0;0;0;0;0;0;0;(-38.5783219 -3.7101269);
;2022-10-27 19:29:44;Luciano Carneiro;Av Borges De Melo;;Fatima;;Colisão;;Não informado;;Cruzamento;;;0;1;0;1;1;0;0;0;0;0;0;0;0;(-38.5341213 -3.7563791);
;2022-10-27 18:42:18;Borges De Melo;;;Montese;;Colisão;;Não informado;;Meio De Quadra Sem Numero;;;0;1;0;0;2;0;0;0;0;0;0;0;0;(-38.5283938 -3.7602384);
;2022-10-27 18:23:48;Doutor Silas Munguba;;;Parangaba;;Colisão;;Não informado;;Meio De Quadra;;;0;1;0;1;1;0;0;0;0;0;0;0;0;(-38.5592593 -3.780137599999999);
;2022-10-27 18:19:51;Avenida Jose Bastos;;;Rodolfo Teofilo;;Colisão;;Não informado;;Meio De Quadra Sem Numero;;;0;1;0;1;1;0;0;0;0;0;0;0;0;(-38.5497635 -3.7493857);
;2022-10-27 18:14:49;Henriqueta Galeno;Coronel Linhares;;Aldeota;;Colisão;;Não informado;;Cruzamento;;;0;1;0;1;1;0;0;0;0;0;0;0;0;(-38.4972085 -3.7460172);
;2022-10-27 16:02:23;Silas Munguba;;;Parangaba;;Queda;;Não informado;;Meio De Quadra;;;0;1;0;1;0;0;0;0;0;0;0;0;0;(-38.5606496 -3.7795662);
;2022-10-27 15:25:15;Rua Amaro Jose Sousa;;;Mondubim;;Colisão;;Não informado;;Meio De Quadra;;;0;1;0;1;1;0;0;0;0;0;0;0;0;(-38.5678324 -3.8249533);
;2022-10-27 15:13:09;Avenida Professor Jose Arthur De Carvalho;;;Lagoa Redonda;;Colisão;;Não informado;;Meio De Quadra;;;0;1;0;1;1;0;0;0;0;0;0;0;0;(-38.4571951 -3.824392999999999);
;2022-10-27 14:02:12;Barao De Caninde Esq,  Dom Carloto Tavora;;  Dom Carloto Tavora ;Itaoca;;Colisão;;Não informado;;Meio De Quadra;;;0;2;0;2;0;0;0;0;0;0;0;0;0;(0 0);
;2022-10-27 10:26:34;Parsifal Barroso;;;Presidente Kennedy;;Colisão;;Não informado;;Meio De Quadra Sem Numero;;;0;2;0;1;1;0;0;0;0;0;0;0;0;(-38.5691076 -3.7320742);
;2022-10-27 10:16:45;Avenida Professor Jose Arthur De Carvalho;;;Lagoa Redonda;;Colisão;;Não informado;;Meio De Quadra;;;0;2;0;2;0;0;0;0;0;0;0;0;0;(-38.4553615 -3.823802999999999);
;2022-10-27 09:08:08;Avenida Mozart Pinheiro De Lucena -;;;Vila Velha;;Queda;;Não informado;;Meio De Quadra;;;0;1;0;1;0;0;0;0;0;0;0;0;0;(-38.5972488 -3.7229979);
;2022-10-27 02:58:48;Teodoro De Castro;R. Antono Nery;;Granja Portugal;;Colisão;;Não informado;;Cruzamento;;;0;1;0;1;1;0;0;0;0;0;0;0;0;(-38.60100389999999 -3.7808823);
;2022-10-26 23:44:13;Rua Francisco Ramos;;;Parque Genibau;;Queda;;Não informado;;Meio De Quadra;;;0;1;0;1;0;0;0;0;0;0;0;0;0;(-38.6034067 -3.7523845);
;2022-10-26 22:31:37;Joao Pessoa;;;Parangaba;;Colisão;;Não informado;;Meio De Quadra;;;0;1;0;2;0;0;0;0;0;0;0;0;0;(-38.5615359 -3.768615);
;2022-10-26 22:23:54;Rua Padre Maximo Feitosa;;;Presidente Kennedy;;Colisão;;Não informado;;Meio De Quadra;;;0;1;0;0;1;0;0;0;0;1;0;0;0;(-38.574886 -3.7295804);
;2022-10-26 21:06:47;Avenida  Washington Soares;;;Edson Queiroz;;Colisão;;Não informado;;Meio De Quadra Sem Numero;;;0;2;0;1;1;0;0;0;0;0;0;0;0;(-38.481665 -3.7762191);
;2022-10-26 20:36:00;Rua Conego De Castro -;;;Parque Santa Rosa;;Colisão;;Não informado;;Meio De Quadra;;;0;1;0;0;2;0;0;0;0;0;0;0;0;(-38.5997746 -3.8161619);
;2022-10-26 20:31:04;Avenida Bezerra De Menezes;;;Sao Gerardo;;Colisão;;Não informado;;Meio De Quadra;;;0;1;0;0;2;0;0;0;0;0;0;0;0;(-38.5567776 -3.734403);
;2022-10-26 19:20:08;Barao De Caninde;;;Montese;;Colisão;;Não informado;;Meio De Quadra;;;0;1;0;1;1;0;0;0;0;0;0;0;0;(-38.556761 -3.7687214);
;2022-10-26 17:12:24;Waldir Diogo [ A Mesma Perimetral];;;Parque Manibura;;Queda;;Não informado;;Meio De Quadra;;;0;1;0;0;0;0;0;0;0;1;0;0;0;(-38.5839976 -3.8052467);
;2022-10-26 15:59:50;João Pessoa;;;Parangaba;;Colisão;;Não informado;;Meio De Quadra;;;0;1;0;1;1;0;0;0;0;0;0;0;0;(-38.5615376 -3.7716647);
;2022-10-26 15:58:42;Osorio De Paiva;;;Siqueira;;Colisão;;Não informado;;Meio De Quadra Sem Numero;;;0;1;0;0;2;0;0;0;0;0;0;0;0;(-38.6103328 -3.8133833);
;2022-10-26 12:56:35;Rua Professor Heribaldo Costa;;;Henrique Jorge;;Colisão;;Não informado;;Meio De Quadra;;;0;2;0;1;1;0;0;0;0;0;0;0;0;(-38.5828363 -3.757652199999999);
;2022-10-26 11:55:54;Vicente De Castro;;;Cais Do Porto;;Queda;;Não informado;;Meio De Quadra;;;0;1;0;1;0;0;0;0;0;0;0;0;0;(-38.4751567 -3.716285);
;2022-10-26 11:50:36;Avenida Independencia;Rua Ant Arruda;;Vila Velha;;Colisão;;Não informado;;Cruzamento;;;0;1;0;1;1;0;0;0;0;0;0;0;0;(-38.5955644 -3.7255108);
;2022-10-26 11:15:14;Rua Pero Coelho;;;Centro;;Colisão;;Não informado;;Meio De Quadra;;;0;1;0;1;1;0;0;0;0;0;0;0;0;(-38.5209973 -3.7338441);
;2022-10-26 11:04:32;Jose Abilio;Rua Itajai;;Granja Portugal;;Atropelamento;;Não informado;;Cruzamento;;;0;1;0;0;1;0;0;0;0;0;0;0;0;(-38.5960313 -3.784586399999999);
;2022-10-26 10:49:55;Rua Major Facundo;;;Centro;;Colisão;;Não informado;;Meio De Quadra;;;0;1;0;1;1;0;0;0;0;0;0;0;0;(-38.5315539 -3.7386845);
;2022-10-26 09:54:24;Godofredo Maciel;;;Maraponga;;Colisão;;Não informado;;Meio De Quadra;;;0;1;0;2;0;0;0;0;0;0;0;0;0;(-38.5725902 -3.8056246);
;2022-10-26 09:45:05;Avenida Antonio Sales -;;;Dionisio Torres;;Queda;;Não informado;;Meio De Quadra;;;0;1;0;1;0;0;0;0;0;0;0;0;0;(0 0);
;2022-10-26 09:10:30;Verde 5;Verde 35 (Sitio São João;;Jangurussu;;Colisão;;Não informado;;Cruzamento;;;0;1;0;0;2;0;0;0;0;0;0;0;0;(-38.516646 -3.8474567);
;2022-10-26 03:00:35;Abolição;;;Meireles;;Queda;;Não informado;;Meio De Quadra;;;0;1;0;1;0;0;0;0;0;0;0;0;0;(-38.4980295 -3.7268591);
;2022-10-26 01:02:42;Padre Ibiapina;;;Jacarecanga;;Queda;;Não informado;;Meio De Quadra;;;0;1;0;1;0;0;0;0;0;0;0;0;0;(-38.5405927 -3.724916);
;2022-10-26 00:14:25;Via Lactea 512 -;Rua 13 De Abril;;Vila Uniao;;Colisão;;Não informado;;Cruzamento;;;0;1;0;1;1;0;0;0;0;0;0;0;0;(0 0);
;2022-10-25 22:20:49;Senador Carlos Jeressati;;;Aeroporto;;Colisão;;Não informado;;Meio De Quadra Sem Numero;;;0;1;0;1;1;0;0;0;0;0;0;0;0;(-38.5357467 -3.7820759);
;2022-10-25 22:06:59;C;Rua 1068;;Conjunto Ceara;;Colisão;;Não informado;;Cruzamento;;;0;1;0;1;1;0;0;0;0;0;0;0;0;(-38.6134339 -3.767799);
;2022-10-25 21:58:30;Rua Moreira De Sousa;;;Parquelandia;;Queda;;Não informado;;Meio De Quadra;;;0;1;0;0;0;0;0;0;0;1;0;0;0;(-38.5668108 -3.7411093);
;2022-10-25 21:27:22;Julio Braga N° 910;Silveira Filho;;Joao Xxiii;;Colisão;;Não informado;;Cruzamento;;;0;2;0;1;1;0;0;0;0;0;0;0;0;(-38.5790826 -3.7758442);
;2022-10-25 21:11:57;Jose Hipolito;;;Coacu;;Colisão;;Não informado;;Meio De Quadra;;;0;1;0;1;1;0;0;0;0;0;0;0;0;(-38.4844182 -3.8367699);
;2022-10-25 19:42:19;Avenida Heraclito Graça;;;Centro;;Colisão;;Não informado;;Meio De Quadra;;;0;1;0;0;2;0;0;0;0;0;0;0;0;(-38.5166553 -3.7358345);
;2022-10-25 17:58:27;Aboliçaõ;;;Praia De Iracema;;Colisão;;Não informado;;Meio De Quadra;;;0;1;0;1;1;0;0;0;0;0;0;0;0;(-38.4864296 -3.726299);
;2022-10-25 15:41:29;Vasco Da Gama;Queiroz Ribeiro;;Montese;;Colisão;;Não informado;;Cruzamento;;;0;1;0;2;0;0;0;0;0;0;0;0;0;(-38.5461164 -3.7632769);
;2022-10-25 15:19:29;Avenida General Osorio De Paiva -;;;Canindezinho;;Colisão;;Não informado;;Meio De Quadra;;;0;1;0;1;1;0;0;0;0;0;0;0;0;(-38.6081067 -3.811315);
;2022-10-25 13:41:39;Senador Fernandes  Tavora;;;Autran Nunes;;Colisão;;Não informado;;Meio De Quadra;;;0;1;0;1;1;0;0;0;0;0;0;0;0;(-38.5964296 -3.7553055);
;2022-10-25 11:14:50;BR  116 KM ?;;;Cidade Dos Funcionarios;;Colisão;;Não informado;;Meio De Quadra Sem Numero;;;0;1;0;1;1;0;0;0;0;0;0;0;0;(-38.5073921 -3.7945692);
;2022-10-25 11:08:44;Acapulco;;;Itaperi;;Colisão;;Não informado;;Meio De Quadra;;;0;1;0;0;2;0;0;0;0;0;0;0;0;(-38.5497497 -3.7913653);
;2022-10-25 10:29:19;Conego De Castro;Jardim Fluminense;;Canindezinho;;Colisão;;Não informado;;Cruzamento;;;0;1;0;0;2;0;0;0;0;0;0;0;0;(-38.6024728 -3.816824899999999);
;2022-10-25 10:24:43;Jose Vilar;R. Isac Amaral;;Dionisio Torres;;Colisão;;Não informado;;Cruzamento;;;0;1;0;0;1;0;0;0;0;1;0;0;0;(-38.5096796 -3.7512837);
;2022-10-25 09:53:13;Lins Do  Rego;Rua Espanha;;Vila Peri;;Queda;;Não informado;;Cruzamento;;;0;2;0;1;0;0;0;0;0;0;0;0;0;(-38.574878 -3.784568);
;2022-10-25 06:01:26;Dom Manuel;;;Centro;;Atropelamento;;Não informado;;Meio De Quadra;;;0;1;0;0;1;0;0;0;0;0;0;0;0;(0 0);
;2022-10-25 02:27:02;Abolicao;;;Mucuripe;;Colisão;;Não informado;;Meio De Quadra;;;0;1;0;1;0;0;1;0;0;0;0;0;0;(-38.48276 -3.72461);
;2022-10-25 01:28:48;Emilio De Menezes;;;Bonsucesso;;Queda;;Não informado;;Meio De Quadra;;;0;1;0;1;0;0;0;0;0;0;0;0;0;(-38.5857938 -3.7820888);
;2022-10-25 00:11:56;Contorno Sul;;;Jangurussu;;Queda;;Não informado;;Meio De Quadra Sem Numero;;;0;1;0;1;0;0;0;0;0;0;0;0;0;(-38.5199088 -3.8377883);
;2022-10-25 00:00:01;Terezina;;;Henrique Jorge;;Queda;;Não informado;;Meio De Quadra;;;0;1;0;0;0;0;0;0;0;1;0;0;0;(-38.5936557 -3.7628184);
;2022-10-24 22:34:22;Avenida Ministro Jose Americo;;;Cambeba;;Queda;;Não informado;;Meio De Quadra;;;0;2;0;1;0;0;0;0;0;0;0;0;0;(-38.4967156 -3.811401499999999);
;2022-10-24 22:13:19;Dom Henrique;;;Vila Peri;;Queda;;Não informado;;Meio De Quadra;;;0;2;0;1;0;0;0;0;0;0;0;0;0;(-38.5800838 -3.7890957);
;2022-10-24 20:59:30;Rua  Tebas - Jardim Jatoba;;;Siqueira;;Queda;;Não informado;;Meio De Quadra;;;0;1;0;1;0;0;0;0;0;0;0;0;0;(-38.62113009999999 -3.815000199999999);
;2022-10-24 20:46:54;Aguanambi;;;Fatima;;Colisão;;Não informado;;Meio De Quadra Sem Numero;;;0;1;0;1;1;0;0;0;0;0;0;0;0;(-38.5236413 -3.7512287);
;2022-10-24 20:41:27;Rua Americo Vespucio;;;Serrinha;;Queda;;Não informado;;Meio De Quadra;;;0;1;0;0;0;0;0;0;0;1;0;0;0;(-38.5488703 -3.783272799999999);
;2022-10-24 20:29:08;Doze De Julho;;;Joao Xxiii;;Colisão;;Não informado;;Meio De Quadra;;;0;1;0;0;2;0;0;0;0;0;0;0;0;(-38.5842356 -3.7726484);
;2022-10-24 20:27:15;Borges De Melo;;;Aerolandia;;Colisão;;Não informado;;Meio De Quadra Sem Numero;;;0;2;0;1;1;0;0;0;0;0;0;0;0;(-38.5283938 -3.7602384);
;2022-10-24 20:18:06;Avenida Washington Soares;;;Edson Queiroz;;Colisão;;Não informado;;Meio De Quadra;;;0;1;0;1;1;0;0;0;0;0;0;0;0;(0 0);
;2022-10-24 17:47:47;Avenida Major Assis - Mario Campos;;;Jardim Guanabara;;Colisão;;Não informado;;Meio De Quadra Sem Numero;;;0;1;0;1;1;0;0;0;0;0;0;0;0;(-38.5876772 -3.7237005);
;2022-10-24 16:00:11;Avenida Senador Carlos Jereissati;;;Montese;;Colisão;;Não informado;;Meio De Quadra Sem Numero;;;0;1;0;1;1;0;0;0;0;0;0;0;0;(-38.5498147 -3.770406);
;2022-10-24 15:28:49;Rua Dom Pedro Ii;;;Parangaba;;Atropelamento;;Não informado;;Meio De Quadra Sem Numero;;;0;2;0;0;0;0;0;1;0;0;0;0;0;(-38.5692257 -3.7809169);
;2022-10-24 15:21:15;Antonio Sales;;;Dionisio Torres;;Atropelamento;;Não informado;;Meio De Quadra;;;0;2;0;1;0;0;0;0;0;0;0;0;0;(-38.49782829999999 -3.7467203);
;2022-10-24 12:19:00;Rua Grijalva Costa;;;Jardim America;;Queda;;Não informado;;Meio De Quadra;;;0;1;0;0;0;0;0;0;0;1;0;0;0;(-38.540659 -3.751276);
;2022-10-24 11:44:15;Mister Hull;;;Antonio Bezerra;;Queda;;Não informado;;Meio De Quadra;;;0;1;0;1;0;0;0;0;0;0;0;0;0;(-38.5843587 -3.7390777);
;2022-10-24 11:40:34;Rua Peru;;;Montese;;Colisão;;Não informado;;Meio De Quadra;;;0;1;0;0;2;0;0;0;0;0;0;0;0;(-38.5498125 -3.7692325);
;2022-10-24 11:39:23;Sargento Barbosa;;;Granja Lisboa;;Colisão;;Não informado;;Meio De Quadra;;;0;1;0;2;0;0;0;0;0;0;0;0;0;(-38.6187048 -3.7799225);
;2022-10-24 06:24:42;Julio Silva (Praia Do Futuro);;;Antonio Diogo;;Queda de moto;;Não informado;;Meio De Quadra;;;0;1;0;2;0;0;0;0;0;0;0;0;0;(0 0);
;2022-10-24 04:52:42;Domingos Olimpio;;;Centro;;Choque c/ Obstáculo Fixo;;Não informado;;Meio De Quadra;;;0;1;0;0;1;0;0;0;0;0;0;0;0;(-38.5369453 -3.734965);
;2022-10-24 03:01:13;Aeroporto Pinto Martins;;;Aeroporto;;Colisão;;Não informado;;Meio De Quadra;;;0;1;0;0;2;0;0;0;0;0;0;0;0;(-38.53309660000001 -3.7771555);
;2022-10-24 01:38:28;Rua 333 B;;;Conjunto Ceara;;Queda;;Não informado;;Meio De Quadra;;;0;1;0;1;0;0;0;0;0;0;0;0;0;(-38.6132931 -3.7736347);
;2022-10-24 00:59:49;Manuel Jesuino;;;Varjota;;Colisão;;Não informado;;Meio De Quadra;;;0;1;0;0;2;0;0;0;0;0;0;0;0;(-38.485444 -3.7288256);
;2022-10-24 00:03:02;Barao Do Rio Branco   - Ijf Centro;;;Centro;;Atropelamento;;Não informado;;Meio De Quadra Sem Numero;;;0;1;0;0;0;0;0;0;0;0;1;0;0;(-38.5314298 -3.7342386);
;2022-10-23 23:39:56;Humberto Monte;;;Bela Vista;;Colisão;;Não informado;;Meio De Quadra;;;0;1;0;1;1;0;0;0;0;0;0;0;0;(-38.5681899 -3.740315);
;2022-10-23 22:23:27;Morena De Angola;;;Jangurussu;;Atropelamento;;Não informado;;Meio De Quadra;;;0;1;0;0;1;0;0;0;0;0;0;0;0;(0 0);
;2022-10-23 21:58:13;Rua Joao Lobo Filho;;;Fatima;;Atropelamento;;Não informado;;Meio De Quadra;;;0;1;0;0;1;0;0;0;0;0;0;0;0;(-38.5222286 -3.7530778);
;2022-10-23 19:27:41;Rua Maria Quintino;;;Parque Santa Maria;;Queda;;Não informado;;Meio De Quadra;;;0;1;0;1;0;0;0;0;0;0;0;0;0;(-38.4999591 -3.8501731);
;2022-10-23 16:39:46;Jose Roberto Sales  - Vila Do Mar;;;Barra Do Ceara;;Colisão;;Não informado;;Meio De Quadra;;;0;1;0;1;1;0;0;0;0;0;0;0;0;(-38.5754318 -3.6986199);
;2022-10-23 13:46:41;Padre  Anchieta;;;Monte Castelo;;Queda;;Não informado;;Meio De Quadra;;;0;1;0;1;0;0;0;0;0;0;0;0;0;(0 0);
;2022-10-23 13:39:34;Jose Tavares;;;Canindezinho;;Queda;;Não informado;;Meio De Quadra;;;0;1;0;1;0;0;0;0;0;0;0;0;0;(-38.6037097 -3.809117);
;2022-10-23 11:08:30;Avenida Pompilio Gomes;;;Passare;;Colisão;;Não informado;;Meio De Quadra;;;0;1;0;1;1;0;0;0;0;0;0;0;0;(-38.5213932 -3.8205412);
;2022-10-23 10:23:37;Doutor Aldy Mentor;;;Cidade 2000;;Colisão;;Não informado;;Meio De Quadra Sem Numero;;;0;2;0;2;0;0;0;0;0;0;0;0;0;(-38.467366 -3.7529279);
;2022-10-23 09:34:45;Manuel Mavignier;;;Sabiaguaba;;Colisão;;Não informado;;Meio De Quadra;;;0;1;0;2;0;0;0;0;0;0;0;0;0;(-38.4101075 -3.8125272);
;2022-10-23 06:06:40;Avenida Jornalista Tomaz Coelho;;;Messejana;;Queda;;Não informado;;Meio De Quadra;;;0;1;0;1;0;0;0;0;0;0;0;0;0;(-38.5002055 -3.8325294);
;2022-10-23 05:54:26;Rua Porto Velho;;;Parque Genibau;;Queda;;Não informado;;Meio De Quadra;;;0;1;0;1;0;0;0;0;0;0;0;0;0;(0 0);
;2022-10-23 05:41:57;Betel;;;Itaperi;;Queda;;Não informado;;Meio De Quadra Sem Numero;;;0;1;0;1;0;0;0;0;0;0;0;0;0;(-38.5526492 -3.7922126);
;2022-10-23 03:18:37;13 De Maio;;;Benfica;;Colisão;;Não informado;;Meio De Quadra Sem Numero;;;0;1;0;1;1;0;0;0;0;0;0;0;0;(-38.5374927 -3.742407);
;2022-10-23 02:07:56;Tito Barros;;;Cajazeiras;;Colisão;;Não informado;;Meio De Quadra;;;0;1;0;1;1;0;0;0;0;0;0;0;0;(-38.5074618 -3.8006527);
;2022-10-23 01:47:56;Tristao Gonçalves;;;Centro;;Atropelamento;;Não informado;;Meio De Quadra;;;0;1;0;0;1;0;0;0;0;0;0;0;0;(-38.5343408 -3.7311705);
;2022-10-23 01:12:05;Presidente Costa E Silva;;;Prefeito Jose Walter;;Atropelamento;;Não informado;;Meio De Quadra Sem Numero;;;0;1;0;0;1;0;0;0;0;0;0;0;0;(-38.5443558 -3.8244455);
;2022-10-23 00:22:56;Osorio De Paiva;;;Siqueira;;Colisão;;Não informado;;Meio De Quadra;;;0;1;0;1;1;0;0;0;0;0;0;0;0;(-38.6164875 -3.8191785);