COD_ACIDENTE;DATA;LOG1;LOG2;NUMERO;BAIRRO;AMC;NATUREZA;ILUMINACAO;TEMPO;SUPERFICIEPISTA;TIPOCRUZAMENTO;CONTROLETRAFEGO;USOSOLO;MORTOS;FERIDOS;ILESOS;MOTOCICLETA;AUTOMOVEL;MICROONIBUS;CAMINHAO;ONIBUS;CICLOMOTOR;BICICLETA;OUTROS;TREM;TRACAOANIMAL;COORDENADAS
;2022-10-22 23:24:42;Miguel Gurgel;;;Messejana;;Atropelamento;;Não informado;;Meio De Quadra Sem Numero;;;0;1;0;1;0;0;0;0;0;0;0;0;0;(-38.4817409 -3.830818);
;2022-10-22 22:32:05;Barao De Aracati;Av Monsenhor Tabosa;;Praia De Iracema;;Colisão;;Não informado;;Cruzamento;;;0;1;0;1;1;0;0;0;0;0;0;0;0;(-38.5091718 -3.7242136);
;2022-10-22 21:46:58;Rua Raimundo Esteves;;;Antonio Diogo;;Atropelamento;;Não informado;;Meio De Quadra Sem Numero;;;0;1;0;0;1;0;0;0;0;0;0;0;0;(-38.4577946 -3.7346303);
;2022-10-22 21:32:45;Leste Oeste;;;Carlito Pamplona;;Colisão;;Não informado;;Meio De Quadra;;;0;1;0;1;1;0;0;0;0;0;0;0;0;(-38.5591553 -3.7112485);
;2022-10-22 21:26:43;Osorio De Paiva;;;Canindezinho;;Colisão;;Não informado;;Meio De Quadra;;;0;1;0;1;1;0;0;0;0;0;0;0;0;(-38.5984786 -3.8013566);
;2022-10-22 21:07:48;Avenida Padre Joaquim Colaço Dourado;Desembagador Ubirajara Carneiro;;De Lourdes;;Colisão;;Não informado;;Cruzamento;;;0;1;0;1;1;0;0;0;0;0;0;0;0;(-38.4656478 -3.7417268);
;2022-10-22 19:23:00;Godofredo Maciel;;;Maraponga;;Colisão;;Não informado;;Meio De Quadra;;;0;1;0;1;1;0;0;0;0;0;0;0;0;(-38.572938 -3.8054871);
;2022-10-22 18:49:41;Antonio Teixeira Leite;;;Serrinha;;Colisão;;Não informado;;Meio De Quadra;;;0;1;0;2;0;0;0;0;0;0;0;0;0;(-38.5396387 -3.7914287);
;2022-10-22 18:11:42;Avenida Americo Barreira - Rio Grande Do Norte;;;Democrito Rocha;;Colisão;;Não informado;;Meio De Quadra;;;0;1;0;1;1;0;0;0;0;0;0;0;0;(-38.5644354 -3.760606299999999);
;2022-10-22 17:58:27;Alameda Das Tulipas;;;Cidade 2000;;Colisão;;Não informado;;Meio De Quadra;;;0;1;0;1;1;0;0;0;0;0;0;0;0;(-38.4686153 -3.7526442);
;2022-10-22 17:51:53;Duque De Caxias;;;Jacarecanga;;Colisão;;Não informado;;Meio De Quadra;;;0;1;0;1;1;0;0;0;0;0;0;0;0;(-38.54182369999999 -3.7277705);
;2022-10-22 17:25:15;0861 Quadra 8 Lote 6 Bloco 6 - Cidade Jardim 2 Apt 310;;;Prefeito Jose Walter;;Queda;;Não informado;;Meio De Quadra Sem Numero;;;0;1;0;1;0;0;0;0;0;0;0;0;0;(-38.5508843 -3.8449848);
;2022-10-22 16:53:04;Joao Pessoa;Rua Francisco Pinto;;Fatima;;Colisão;;Não informado;;Cruzamento;;;0;1;0;1;1;0;0;0;0;0;0;0;0;(0 0);
;2022-10-22 15:55:11;Avenida Maciel Bezerra;;;Siqueira;;Colisão;;Não informado;;Meio De Quadra;;;0;1;0;2;0;0;0;0;0;0;0;0;0;(-38.6301433 -3.8085615);
;2022-10-22 15:52:01;Rua Vital Brasil -;;;Granja Portugal;;Colisão;;Não informado;;Meio De Quadra;;;0;1;0;1;0;0;1;0;0;0;0;0;0;(-38.5977414 -3.7779509);
;2022-10-22 14:56:06;Leste Oeste;Rua Vicente Saboia;;Carlito Pamplona;;Colisão;;Não informado;;Cruzamento;;;0;2;0;1;1;0;0;0;0;0;0;0;0;(-38.5601276 -3.7108725);
;2022-10-22 14:23:40;Bernardo Manuel;Av Dois;;Itaperi;;Colisão;;Não informado;;Cruzamento;;;0;2;0;1;1;0;0;0;0;0;0;0;0;(-38.55329589999999 -3.8045839);
;2022-10-22 13:07:05;Avenida Coronel Carvalho Bezerra;;;Jardim Guanabara;;Atropelamento;;Não informado;;Meio De Quadra;;;0;1;0;0;1;0;0;0;0;0;0;0;0;(-38.5846749 -3.7313649);
;2022-10-22 13:01:10;Filomeno Gomes;;;Jacarecanga;;Colisão;;Não informado;;Meio De Quadra;;;0;1;0;1;1;0;0;0;0;0;0;0;0;(-38.5416265 -3.7177198);
;2022-10-22 12:57:18;Carlos Amora -;Rua Dom Pedro Ii;;Parangaba;;Queda;;Não informado;;Cruzamento;;;0;1;0;1;0;0;0;0;0;0;0;0;0;(-38.5692257 -3.7809169);
;2022-10-22 12:46:18;Professor  Hiribaldo  Costa;;;Henrique Jorge;;Queda;;Não informado;;Meio De Quadra;;;0;1;0;1;0;0;0;0;0;0;0;0;0;(-38.5862551 -3.7641888);
;2022-10-22 10:56:56;Avenida Pessoa Anta;;;Centro;;Queda;;Não informado;;Meio De Quadra Sem Numero;;;0;1;0;0;0;0;0;0;0;1;0;0;0;(-38.5198807 -3.7208728);
;2022-10-22 10:33:02;Silas Munguba;;;Serrinha;;Queda;;Não informado;;Meio De Quadra;;;0;1;0;1;0;0;0;0;0;0;0;0;0;(-38.5298755 -3.801038999999999);
;2022-10-22 08:29:41;Avenida Ninisro Jose Americo;;;Cambeba;;Colisão;;Não informado;;Meio De Quadra Sem Numero;;;0;1;0;1;1;0;0;0;0;0;0;0;0;(-38.4863826 -3.8091057);
;2022-10-22 02:16:22;Piaui -;;;Pan Americano;;Colisão;;Não informado;;Meio De Quadra;;;0;1;0;1;1;0;0;0;0;0;0;0;0;(-38.5703447 -3.754340399999999);
;2022-10-22 01:57:24;Eduardo Girao;;;Benfica;;Queda;;Não informado;;Meio De Quadra;;;0;1;0;1;0;0;0;0;0;0;0;0;0;(-38.5450406 -3.7453795);
;2022-10-21 23:12:32;Viaduto Br116;4 Anel Viario;;Ancuri;;Queda;;Não informado;;Cruzamento;;;0;1;0;1;0;0;0;0;0;0;0;0;0;(-38.4977674 -3.8637865);
;2022-10-21 22:49:44;Areia Branca;;;Vicente Pinzon;;Queda;;Não informado;;Meio De Quadra;;;0;1;0;0;0;0;0;0;0;1;0;0;0;(-38.476563 -3.7272759);
;2022-10-21 21:59:11;Presidente Castelo Branco;;;Cristo Redentor;;Queda;;Não informado;;Meio De Quadra Sem Numero;;;0;1;0;0;0;0;0;0;0;1;0;0;0;(-38.5645486 -3.7095397);
;2022-10-21 20:43:09;Emanoel Moura;;;Jardim Iracema;;Atropelamento;;Não informado;;Meio De Quadra;;;0;1;0;0;0;0;0;0;0;0;1;0;0;(-38.5834668 -3.715165099999999);
;2022-10-21 20:28:34;Avenida Bernardo Manuel;;;Serrinha;;Colisão;;Não informado;;Meio De Quadra;;;0;1;0;1;1;0;0;0;0;0;0;0;0;(-38.5561405 -3.8146784);
;2022-10-21 20:21:46;Avenida Sargento Herminio Sampaio - Capitao Nestor Goes;;;Vila Ellery;;Colisão;;Não informado;;Meio De Quadra;;;0;2;0;2;0;0;0;0;0;0;0;0;0;(-38.5604807 -3.7263496);
;2022-10-21 19:53:03;Leste Oeste;;;Pirambu;;Atropelamento;;Não informado;;Meio De Quadra;;;0;1;0;0;1;0;0;0;0;0;0;0;0;(-38.5496372 -3.7132068);
;2022-10-21 19:29:22;Avenida Val Paraiso;Avenida Iracema;;Conjunto Palmeiras;;Colisão;;Não informado;;Cruzamento;;;0;1;0;1;1;0;0;0;0;0;0;0;0;(-38.5256987 -3.8442229);
;2022-10-21 19:11:07;Avenida Presidente Castelo Branco;;;Barra Do Ceara;;Colisão;;Não informado;;Meio De Quadra;;;0;2;0;1;1;0;0;0;0;0;0;0;0;(-38.5784126 -3.7041942);
;2022-10-21 18:36:06;Rua Meton De Alencar - Barao De Alencar;;;Centro;;Atropelamento;;Não informado;;Meio De Quadra;;;0;1;0;1;0;0;0;0;0;0;0;0;0;(-38.5324379 -3.7331199);
;2022-10-21 17:59:36;Jose Leon;;;Cidade Dos Funcionarios;;Queda;;Não informado;;Meio De Quadra;;;0;2;0;1;0;0;0;0;0;0;0;0;0;(0 0);
;2022-10-21 16:59:44;Rua Rio Grande Do Sul;;;Bela Vista;;Atropelamento;;Não informado;;Meio De Quadra;;;0;1;0;0;1;0;0;0;0;0;0;0;0;(-38.5633304 -3.7519154);
;2022-10-21 15:59:40;Rua Porto Velho;;;Joao Xxiii;;Colisão;;Não informado;;Meio De Quadra;;;0;1;0;1;1;0;0;0;0;0;0;0;0;(-38.591702 -3.763433);
;2022-10-21 15:32:41;Arei Branca;;;Mucuripe;;Queda;;Não informado;;Meio De Quadra;;;0;1;0;1;0;0;0;0;0;0;0;0;0;(-38.4768372 -3.7270017);
;2022-10-21 15:27:14;Jorge Dummar;;;Não informado;;Atropelamento;;Não informado;;Meio De Quadra Sem Numero;;;0;1;0;0;1;0;0;0;0;0;0;0;0;(-38.539514 -3.7532604);
;2022-10-21 15:05:34;Rua Rosinha Sampaio;Rua Padre Teodoro;;Quintino Cunha;;Queda de moto;;Não informado;;Cruzamento;;;0;1;0;2;0;0;0;0;0;0;0;0;0;(-38.59134650000001 -3.7259965);
;2022-10-21 14:45:26;Antonio Adolfo;Rua Julio Braga;;Joao Xxiii;;Atropelamento;;Não informado;;Cruzamento;;;0;1;0;0;1;0;0;0;0;0;0;0;0;(-38.5831101 -3.7742971);
;2022-10-21 14:44:27;Rua Rio Araguaia;;;Jardim Iracema;;Queda;;Não informado;;Meio De Quadra;;;0;1;0;1;0;0;0;0;0;0;0;0;0;(-38.5819411 -3.7225595);
;2022-10-21 14:25:36;Virgilio Nogueira;Rua Nereide;;Granja Lisboa;;Atropelamento;;Não informado;;Cruzamento;;;0;2;0;1;0;0;0;0;0;0;0;0;0;(-38.6074071 -3.7848149);
;2022-10-21 14:14:21;Ac Montese  - Avenida Professor Gomes De Mato;;;Montese;;Atropelamento;;Não informado;;Meio De Quadra;;;0;1;0;0;1;0;0;0;0;0;0;0;0;(-38.5446804 -3.759910099999999);
;2022-10-21 13:08:22;Avenida Tenente Lisboa;;;Padre Andrade;;Queda;;Não informado;;Meio De Quadra;;;0;2;0;1;0;0;0;0;0;0;0;0;0;(-38.5812013 -3.7298241);
;2022-10-21 11:51:29;Avenida Sargento Herminio Sampaio;;;Monte Castelo;;Colisão;;Não informado;;Meio De Quadra Sem Numero;;;0;2;0;1;0;0;0;0;0;0;0;0;0;(-38.5536455 -3.7251204);
;2022-10-21 11:09:25;Jose Mendonça;;;Parque Genibau;;Queda;;Não informado;;Meio De Quadra;;;0;1;0;1;0;0;0;0;0;0;0;0;0;(0 0);
;2022-10-21 10:02:53;Jose Aragao;;;Paupina;;Colisão;;Não informado;;Meio De Quadra;;;0;1;0;0;2;0;0;0;0;0;0;0;0;(-38.493405 -3.845657);
;2022-10-21 09:26:03;General Clarindo De Queiroz;;;Centro;;Colisão;;Não informado;;Meio De Quadra;;;0;1;0;0;2;0;0;0;0;0;0;0;0;(-38.53582 -3.7309341);
;2022-10-21 04:28:49;Rua Doutor Pergentino Maia -;;;Messejana;;Acidente com transporte ferroviário;;Não informado;;Meio De Quadra;;;0;1;0;0;0;0;0;0;0;0;0;0;0;(0 0);
;2022-10-21 00:44:08;Jose Leon;;;Jardim Das Oliveiras;;Colisão;;Não informado;;Meio De Quadra;;;0;1;0;1;1;0;0;0;0;0;0;0;0;(-38.5023353 -3.7875413);
;2022-10-21 00:13:33;Porto Alegre;;;Henrique Jorge;;Colisão;;Não informado;;Meio De Quadra;;;0;1;0;1;1;0;0;0;0;0;0;0;0;(-38.5878132 -3.7615532);
;2022-10-20 22:31:51;Continuação Da Av. Da Silas Munguba;;;Parangaba;;Atropelamento;;Não informado;;Meio De Quadra Sem Numero;;;0;1;0;1;0;0;0;0;0;0;0;0;0;(-38.5568892 -3.7816343);
;2022-10-20 21:45:30;Contorno Sul;;;Jangurussu;;Queda;;Não informado;;Meio De Quadra Sem Numero;;;0;1;0;1;0;0;0;0;0;0;0;0;0;(-38.5199088 -3.8377883);
;2022-10-20 21:33:00;Avenida Carlos Amora;;;Parangaba;;Atropelamento;;Não informado;;Meio De Quadra;;;0;1;0;1;0;0;0;0;0;0;0;0;0;(-38.5640585 -3.7749749);
;2022-10-20 21:25:36;Amazonas 1435;Estado Do Rio;;Pan Americano;;Colisão;;Não informado;;Cruzamento;;;0;1;0;2;0;0;0;0;0;0;0;0;0;(-38.5662836 -3.752158199999999);
;2022-10-20 21:05:50;Jornalista Sao Ramos;;;Prefeito Jose Walter;;Colisão;;Não informado;;Meio De Quadra;;;0;1;0;1;0;0;1;0;0;0;0;0;0;(-38.564158 -3.8431726);
;2022-10-20 20:56:53;Verbena;;;Bonsucesso;;Colisão;;Não informado;;Meio De Quadra;;;0;1;0;0;2;0;0;0;0;0;0;0;0;(0 0);
;2022-10-20 20:51:44;Benjamim Barroso;;;Monte Castelo;;Atropelamento;;Não informado;;Meio De Quadra;;;0;2;0;0;1;0;0;0;0;0;0;0;0;(-38.54986520000001 -3.7249762);
;2022-10-20 20:22:50;Joao De França;Rua A;;Parque Dois Irmaos;;Colisão;;Não informado;;Cruzamento;;;0;1;0;1;1;0;0;0;0;0;0;0;0;(-38.5483941 -3.7958726);
;2022-10-20 19:52:31;Rua Do Pocinho;;;Centro;;Colisão;;Não informado;;Meio De Quadra;;;0;1;0;1;1;0;0;0;0;0;0;0;0;(-38.5253875 -3.7282133);
;2022-10-20 18:33:15;Washigton Soares;;;Messejana;;Colisão;;Não informado;;Meio De Quadra;;;0;1;0;1;1;0;0;0;0;0;0;0;0;(-38.4827131 -3.8348575);
;2022-10-20 18:01:08;Francisco Sa;;;Carlito Pamplona;;Queda;;Não informado;;Meio De Quadra;;;0;1;0;1;0;0;0;0;0;0;0;0;0;(-38.5608694 -3.7160611);
;2022-10-20 17:45:04;Av Washington Soares -;;;Sapiranga;;Colisão;;Não informado;;Meio De Quadra;;;0;1;0;1;1;0;0;0;0;0;0;0;0;(-38.4796535 -3.7928862);
;2022-10-20 17:39:57;Rua Carapinima;Senador Catunda;;Benfica;;Colisão;;Não informado;;Cruzamento;;;0;1;0;1;1;0;0;0;0;0;0;0;0;(-38.5381511 -3.7381528);
;2022-10-20 17:23:35;Washington Soares;;;Edson Queiroz;;Colisão;;Não informado;;Meio De Quadra Sem Numero;;;0;1;0;2;0;0;0;0;0;0;0;0;0;(-38.481665 -3.7762191);
;2022-10-20 17:04:15;Avenida Santos Dumont;;;Não informado;;Queda;;Não informado;;Meio De Quadra;;;0;1;0;1;0;0;0;0;0;0;0;0;0;(-38.4801053 -3.742436);
;2022-10-20 16:47:02;Aguanambi;;;Fatima;;Colisão;;Não informado;;Meio De Quadra Sem Numero;;;0;1;0;1;0;0;1;0;0;0;0;0;0;(-38.5236413 -3.7512287);
;2022-10-20 16:08:42;Capitao Guthemberg;;;Cidade Dos Funcionarios;;Queda;;Não informado;;Meio De Quadra;;;0;1;0;1;0;0;0;0;0;0;0;0;0;(-38.5059075 -3.7935111);
;2022-10-20 15:58:49;Andrade Frutado -;;;Cidade 2000;;Colisão;;Não informado;;Meio De Quadra;;;0;1;0;1;1;0;0;0;0;0;0;0;0;(-38.4734656 -3.7476383);
;2022-10-20 15:43:59;Luciano Carneiro;;;Fatima;;Queda;;Não informado;;Meio De Quadra;;;0;1;0;0;0;0;0;0;0;1;0;0;0;(-38.53201 -3.749585);
;2022-10-20 15:43:16;Princesa Isabel;;;Vicente Pinzon;;Queda;;Não informado;;Meio De Quadra;;;0;1;0;1;0;0;0;0;0;0;0;0;0;(-38.4714925 -3.7273225);
;2022-10-20 15:18:52;Gonçalves Dias;;;Rodolfo Teofilo;;Queda;;Não informado;;Meio De Quadra;;;0;1;0;1;0;0;0;0;0;0;0;0;0;(-38.5565381 -3.7455835);
;2022-10-20 15:07:45;Senador Alencar;;;Centro;;Atropelamento;;Não informado;;Meio De Quadra;;;0;1;0;1;0;0;0;0;0;0;0;0;0;(-38.5348891 -3.7228316);
;2022-10-20 14:57:04;Avenida Das Adenanteras;;;Cidade 2000;;Colisão;;Não informado;;Meio De Quadra;;;0;2;0;1;1;0;0;0;0;0;0;0;0;(-38.4692416 -3.7546718);
;2022-10-20 14:22:35;Teodoro De Castro;;;Granja Portugal;;Queda;;Não informado;;Meio De Quadra;;;0;1;0;1;0;0;0;0;0;0;0;0;0;(-38.61427279999999 -3.777244);
;2022-10-20 12:16:31;Taubate;;;Granja Portugal;;Colisão;;Não informado;;Meio De Quadra;;;0;1;0;1;1;0;0;0;0;0;0;0;0;(-38.5971682 -3.7775607);
;2022-10-20 11:30:22;Dos Expedicionarios;;;Montese;;Colisão;;Não informado;;Meio De Quadra;;;0;1;0;1;0;0;1;0;0;0;0;0;0;(-38.5401003 -3.7620045);
;2022-10-20 10:52:19;Rua Itaborai;;;Passare;;Colisão;;Não informado;;Meio De Quadra;;;0;1;0;1;1;0;0;0;0;0;0;0;0;(-38.5181542 -3.811401499999999);
;2022-10-20 10:51:30;D;;;Prefeito Jose Walter;;Colisão;;Não informado;;Meio De Quadra;;;0;2;0;2;0;0;0;0;0;0;0;0;0;(0 0);
;2022-10-20 10:20:57;Rua Tenente Jose Barreira;;;Alvaro Weyne;;Atropelamento;;Não informado;;Meio De Quadra;;;0;1;0;0;1;0;0;0;0;0;0;0;0;(-38.5719494 -3.7175107);
;2022-10-20 06:22:33;Osorio De Paiva;;;Canindezinho;;Queda;;Não informado;;Meio De Quadra;;;0;1;0;1;0;0;0;0;0;0;0;0;0;(-38.6023262 -3.8047045);
;2022-10-20 05:52:08;Osorio De Paiva;;;Siqueira;;Atropelamento;;Não informado;;Meio De Quadra Sem Numero;;;0;1;0;0;1;0;0;0;0;0;0;0;0;(-38.6103328 -3.8133833);
;2022-10-19 23:46:53;Braz De Francesco;;;Presidente Kennedy;;Colisão;;Não informado;;Meio De Quadra;;;0;1;0;1;1;0;0;0;0;0;0;0;0;(-38.5674555 -3.7347654);
;2022-10-19 23:20:00;Antonio Sales;Nunes Valente;;Dionisio Torres;;Colisão;;Não informado;;Cruzamento;;;0;1;0;1;1;0;0;0;0;0;0;0;0;(-38.5063308 -3.7442374);
;2022-10-19 23:11:21;Verbena;;;Bonsucesso;;Atropelamento;;Não informado;;Meio De Quadra;;;0;2;0;1;0;0;0;0;0;0;0;0;0;(-38.5900971 -3.785543);
;2022-10-19 22:21:41;Prudente Brasil;;;Passare;;Queda de moto;;Não informado;;Meio De Quadra;;;0;1;0;2;0;0;0;0;0;0;0;0;0;(-38.5334004 -3.8057862);
;2022-10-19 22:00:14;Rua Monsenhor Carneiro Da Cunha;Teodoro De Paila;;Engenheiro Luciano Cavalcante;;Colisão;;Não informado;;Cruzamento;;;0;2;0;1;1;0;0;0;0;0;0;0;0;(-38.4932919 -3.7750948);
;2022-10-19 21:14:29;Avenida  Washington Soares;;;Edson Queiroz;;Queda;;Não informado;;Meio De Quadra Sem Numero;;;0;1;0;1;0;0;0;0;0;0;0;0;0;(-38.481665 -3.7762191);
;2022-10-19 19:31:19;Rua Carlos Chagas;;;Bonsucesso;;Colisão;;Não informado;;Meio De Quadra;;;0;1;0;1;1;0;0;0;0;0;0;0;0;(-38.5889509 -3.779224999999999);
;2022-10-19 18:35:41;Meton De Alencar;Conselheiro Tristao;;Centro;;Colisão;;Não informado;;Cruzamento;;;0;1;0;1;1;0;0;0;0;0;0;0;0;(-38.5254098 -3.7353455);
;2022-10-19 15:54:40;Juscelino Kubstcheck  - Castelao;;;Não informado;;Colisão;;Não informado;;Meio De Quadra Sem Numero;;;0;1;0;1;1;0;0;0;0;0;0;0;0;(-38.5321687 -3.8168436);
;2022-10-19 14:37:25;Jovita Feitosa;;;Parquelandia;;Colisão;;Não informado;;Meio De Quadra;;;0;1;0;0;2;0;0;0;0;0;0;0;0;(-38.5502857 -3.7384429);
;2022-10-19 14:21:29;Bernardo Manuel;;;Planalto Ayrton Senna;;Queda;;Não informado;;Meio De Quadra;;;0;1;0;1;0;0;0;0;0;0;0;0;0;(-38.5634843 -3.8373727);
;2022-10-19 12:10:51;Alberto Craveiro;;;Boa Vista;;Colisão;;Não informado;;Meio De Quadra;;;0;1;0;1;1;0;0;0;0;0;0;0;0;(-38.5195505 -3.8011925);
;2022-10-19 12:09:54;Rua Machado De Assis;;;Damas;;Colisão;;Não informado;;Meio De Quadra;;;0;1;0;1;1;0;0;0;0;0;0;0;0;(-38.5476087 -3.748505);
;2022-10-19 12:09:03;Ana Brito >   Bairro Aracapé;;;Aracapé;;Colisão;;Não informado;;Meio De Quadra;;;0;1;0;2;0;0;0;0;0;0;0;0;0;(-38.5891259 -3.827531499999999);
;2022-10-19 11:14:27;Avenida Antonio Sales -;;;Joaquim Tavora;;Queda;;Não informado;;Meio De Quadra;;;0;1;0;1;0;0;0;0;0;0;0;0;0;(-38.5228135 -3.739121);
;2022-10-19 11:13:19;Humberto Monte;Jose Bastos;;Bela Vista;;Colisão;;Não informado;;Cruzamento;;;0;2;0;1;1;0;0;0;0;0;0;0;0;(-38.5554949 -3.754928099999999);
;2022-10-19 10:52:42;Naturalista Feijo;;;Monte Castelo;;Atropelamento;;Não informado;;Meio De Quadra;;;0;1;0;0;1;0;0;0;0;0;0;0;0;(-38.5558998 -3.7216988);
;2022-10-19 10:32:20;Coronel De Carvalho;Demetrio De Menezes;;Antonio Bezerra;;Queda;;Não informado;;Cruzamento;;;0;1;0;1;0;0;0;0;0;0;0;0;0;(-38.5842245 -3.7361245);
;2022-10-19 10:25:27;Planalto Pici - B.Planalto Pici;;;Pici;;Queda;;Não informado;;Meio De Quadra;;;0;1;0;0;0;0;0;0;0;1;0;0;0;(0 0);
;2022-10-19 10:20:04;Osorio De Paiva;;;Vila Peri;;Queda;;Não informado;;Meio De Quadra;;;0;1;0;1;0;0;0;0;0;0;0;0;0;(-38.5787712 -3.7831573);
;2022-10-19 10:15:05;Perimetral;;;Prefeito Jose Walter;;Colisão;;Não informado;;Meio De Quadra Sem Numero;;;0;1;0;1;1;0;0;0;0;0;0;0;0;(-38.5300457 -3.8290547);
;2022-10-19 10:09:58;Mister Hull;;;Antonio Bezerra;;Atropelamento;;Não informado;;Meio De Quadra;;;0;1;0;1;0;0;0;0;0;0;0;0;0;(-38.57523 -3.737236);
;2022-10-19 09:58:36;Pomar Carioca;;;Bonsucesso;;Queda de moto;;Não informado;;Meio De Quadra;;;0;1;0;2;0;0;0;0;0;0;0;0;0;(-38.5908471 -3.7845606);
;2022-10-19 09:46:26;Quarto Anel Viario;;;Pedras;;Queda;;Não informado;;Meio De Quadra Sem Numero;;;0;1;0;1;0;0;0;0;0;0;0;0;0;(-38.5103697 -3.8680996);
;2022-10-18 23:36:07;Manuel Antonio Leite;;;Bonsucesso;;Queda;;Não informado;;Meio De Quadra;;;0;1;0;0;0;0;0;0;0;1;0;0;0;(-38.5917158 -3.7730858);
;2022-10-18 23:14:18;Rua Rosinha Sampaio;;;Jardim Guanabara;;Colisão;;Não informado;;Meio De Quadra;;;0;1;0;1;1;0;0;0;0;0;0;0;0;(-38.5866343 -3.7266421);
;2022-10-18 22:03:51;Avenida Carapinina;;;Benfica;;Colisão;;Não informado;;Meio De Quadra;;;0;1;0;2;0;0;0;0;0;0;0;0;0;(-38.5419342 -3.7414166);
;2022-10-18 20:15:46;L;;;Conjunto Ceara;;Colisão;;Não informado;;Meio De Quadra;;;0;2;0;0;2;0;0;0;0;0;0;0;0;(0 0);
;2022-10-18 19:55:00;Avenida Padre Antonio Tomaz;;;Coco;;Colisão;;Não informado;;Meio De Quadra;;;0;2;0;1;1;0;0;0;0;0;0;0;0;(-38.486368 -3.7433342);
;2022-10-18 19:15:56;Avenida Padre Antonio Tomas;;;Aldeota;;Atropelamento;;Não informado;;Meio De Quadra;;;0;1;0;0;1;0;0;0;0;0;0;0;0;(-38.4941992 -3.7423326);
;2022-10-18 18:18:34;Urucutuba;;;Granja Lisboa;;Colisão;;Não informado;;Meio De Quadra;;;0;1;0;0;2;0;0;0;0;0;0;0;0;(-38.6101554 -3.798051899999999);
;2022-10-18 18:08:49;Curitiba N°890;Rua Sao Luiz;;Henrique Jorge;;Colisão;;Não informado;;Cruzamento;;;0;2;0;2;0;0;0;0;0;0;0;0;0;(-38.5909036 -3.7560563);
;2022-10-18 17:13:56;Rua Visconde De Saboia;;;Centro;;Colisão;;Não informado;;Meio De Quadra;;;0;1;0;0;2;0;0;0;0;0;0;0;0;(-38.5252042 -3.7269795);
;2022-10-18 16:12:53;Avenida Francisco Sa;;;Barra Do Ceara;;Atropelamento;;Não informado;;Meio De Quadra;;;0;2;0;1;0;0;0;0;0;0;0;0;0;(-38.5845944 -3.7070579);
;2022-10-18 13:13:22;Presidente Costa E Silva;;;Prefeito Jose Walter;;Atropelamento;;Não informado;;Meio De Quadra Sem Numero;;;0;1;0;1;0;0;0;0;0;0;0;0;0;(-38.5443558 -3.8244455);
;2022-10-18 13:07:28;Marechal Deodoro;Avenida 13 De Maio;;Benfica;;Colisão;;Não informado;;Cruzamento;;;0;1;0;1;1;0;0;0;0;0;0;0;0;(-38.5366052 -3.7431387);
;2022-10-18 11:15:50;Rua Professor Heribaldo Costa;Rua Porto Alegre;;Henrique Jorge;;Colisão;;Não informado;;Cruzamento;;;0;1;0;0;2;0;0;0;0;0;0;0;0;(-38.58540259999999 -3.7630185);
;2022-10-18 10:42:03;Kasel;Enjenheiro Ronaldo Castro Barbosa;;Parque Manibura;;Colisão;;Não informado;;Cruzamento;;;0;1;0;1;1;0;0;0;0;0;0;0;0;(-38.4883992 -3.7890624);
;2022-10-18 10:40:18;Ligia Monte;;;Coco;;Queda;;Não informado;;Meio De Quadra;;;0;1;0;0;0;0;0;0;0;1;0;0;0;(-38.4812449 -3.7484823);
;2022-10-18 10:38:43;Joaquim Nabuco Esq;Rua Torres Camnara;;Meireles;;Queda;;Não informado;;Cruzamento;;;0;1;0;1;0;0;0;0;0;0;0;0;0;(-38.5080168 -3.7352776);
;2022-10-18 10:17:35;Oscar França;;;Granja Lisboa;;Colisão;;Não informado;;Meio De Quadra;;;0;1;0;0;2;0;0;0;0;0;0;0;0;(-38.6185637 -3.7857923);
;2022-10-18 10:12:31;Rubia Sampaio;;;Farias Brito;;Queda;;Não informado;;Meio De Quadra;;;0;1;0;1;0;0;0;0;0;0;0;0;0;(-38.5408465 -3.733127799999999);
;2022-10-18 10:10:43;Monsenhor Catao;Henrique Galeno;;Meireles;;Colisão;;Não informado;;Cruzamento;;;0;1;0;1;1;0;0;0;0;0;0;0;0;(-38.4933365 -3.747297699999999);
;2022-10-18 09:58:22;Mister Hull;;;Antonio Bezerra;;Queda;;Não informado;;Meio De Quadra Sem Numero;;;0;1;0;1;0;0;0;0;0;0;0;0;0;(-38.5918137 -3.7395231);
;2022-10-18 09:48:16;Perimetral;;;Prefeito Jose Walter;;Queda;;Não informado;;Meio De Quadra Sem Numero;;;0;1;0;1;0;0;0;0;0;0;0;0;0;(-38.5300457 -3.8290547);
;2022-10-18 08:12:51;A;;;Conjunto Esperanca;;Queda;;Não informado;;Meio De Quadra;;;0;1;0;1;0;0;0;0;0;0;0;0;0;(0 0);
;2022-10-18 03:19:08;Godofredo Maciel;;;Maraponga;;Queda;;Não informado;;Meio De Quadra;;;0;1;0;1;0;0;0;0;0;0;0;0;0;(-38.565132 -3.780846);
;2022-10-18 00:56:03;Crisanto Moreira Da Rocha;Av Jose Americo;;Cambeba;;Colisão;;Não informado;;Cruzamento;;;0;1;0;1;1;0;0;0;0;0;0;0;0;(-38.4836533 -3.8104543);