COD_ACIDENTE;DATA;LOG1;LOG2;NUMERO;BAIRRO;AMC;NATUREZA;ILUMINACAO;TEMPO;SUPERFICIEPISTA;TIPOCRUZAMENTO;CONTROLETRAFEGO;USOSOLO;MORTOS;FERIDOS;ILESOS;MOTOCICLETA;AUTOMOVEL;MICROONIBUS;CAMINHAO;ONIBUS;CICLOMOTOR;BICICLETA;OUTROS;TREM;TRACAOANIMAL;COORDENADAS
;2022-10-18 00:31:21;Osorio De Paiva;Rua Engenheiro Luiz Montenegro;;Siqueira;;Atropelamento;;Não informado;;Cruzamento;;;0;1;0;0;1;0;0;0;0;0;0;0;0;(-38.6129433 -3.8157506);
;2022-10-17 22:09:42;Dionisio De Alencar;;;Messejana;;Colisão;;Não informado;;Meio De Quadra;;;0;1;0;1;1;0;0;0;0;0;0;0;0;(-38.4865629 -3.828772);
;2022-10-17 21:25:54;Miguel Gurgel   -- Upa Messejana;;;Messejana;;Colisão;;Não informado;;Meio De Quadra Sem Numero;;;0;1;0;0;2;0;0;0;0;0;0;0;0;(-38.48236 -3.839615);
;2022-10-17 21:10:05;Rua Monsenhor Catao;;;Papicu;;Queda;;Não informado;;Meio De Quadra;;;0;1;0;1;0;0;0;0;0;0;0;0;0;(-38.4921579 -3.7441456);
;2022-10-17 21:09:08;Avenida Francisco Sa;;;Cristo Redentor;;Colisão;;Não informado;;Meio De Quadra;;;0;1;0;1;1;0;0;0;0;0;0;0;0;(-38.5686278 -3.7134771);
;2022-10-17 21:08:44;Coronel Carvalho;;;Antonio Bezerra;;Colisão;;Não informado;;Meio De Quadra;;;0;1;0;1;1;0;0;0;0;0;0;0;0;(0 0);
;2022-10-17 20:59:46;Avenida Aguanambi;;;Fatima;;Queda;;Não informado;;Meio De Quadra Sem Numero;;;0;1;0;1;0;0;0;0;0;0;0;0;0;(-38.5236413 -3.7512287);
;2022-10-17 20:36:08;Leste Oeste;;;Jacarecanga;;Colisão;;Não informado;;Meio De Quadra Sem Numero;;;0;1;0;0;2;0;0;0;0;0;0;0;0;(-38.5454338 -3.7149803);
;2022-10-17 19:30:53;Augusto Dos Anjos;;;Parangaba;;Colisão;;Não informado;;Meio De Quadra;;;0;1;0;1;1;0;0;0;0;0;0;0;0;(-38.5724254 -3.7728543);
;2022-10-17 19:24:48;Mister Hull;;;Antonio Bezerra;;Colisão;;Não informado;;Meio De Quadra;;;0;1;0;1;1;0;0;0;0;0;0;0;0;(-38.5869829 -3.7394488);
;2022-10-17 19:21:00;Avenida Carlos Amora;;;Parangaba;;Colisão;;Não informado;;Meio De Quadra;;;0;2;0;1;1;0;0;0;0;0;0;0;0;(-38.5641068 -3.774727);
;2022-10-17 19:04:10;Avenida A -;Avenida Central;;Conjunto Ceara;;Colisão;;Não informado;;Cruzamento;;;0;1;0;1;1;0;0;0;0;0;0;0;0;(-38.6047922 -3.7711497);
;2022-10-17 17:32:51;Rua Rio Araguaia;Rua Aberlado Ferreira;;Jardim Iracema;;Colisão;;Não informado;;Cruzamento;;;0;1;0;2;0;0;0;0;0;0;0;0;0;(-38.5815674 -3.7196582);
;2022-10-17 17:23:08;Barra Vermelha;Rua Londrina;;Granja Portugal;;Colisão;;Não informado;;Cruzamento;;;0;2;0;0;2;0;0;0;0;0;0;0;0;(-38.6121988 -3.7785122);
;2022-10-17 17:17:53;Rua Espirito Santo;;;Pan Americano;;Atropelamento;;Não informado;;Meio De Quadra;;;0;1;0;1;0;0;0;0;0;0;0;0;0;(-38.5684369 -3.7530614);
;2022-10-17 15:58:27;Avenida Godofredo Maciel Esq Rua Nereu Ramos;;;Maraponga;;Colisão;;Não informado;;Meio De Quadra;;;0;1;0;1;1;0;0;0;0;0;0;0;0;(-38.577078 -3.781969);
;2022-10-17 15:14:28;Miguel Gurgel;;;Messejana;;Atropelamento;;Não informado;;Meio De Quadra Sem Numero;;;0;1;0;0;1;0;0;0;0;0;0;0;0;(-38.4817409 -3.830818);
;2022-10-17 15:11:04;Conego De Castro;;;Parque Sao Jose;;Atropelamento;;Não informado;;Meio De Quadra;;;0;2;0;0;1;0;0;0;0;0;0;0;0;(-38.59082670000001 -3.8035497);
;2022-10-17 14:31:09;Doutor Joaquim Bento;;;Messejana;;Colisão;;Não informado;;Meio De Quadra;;;0;1;0;0;2;0;0;0;0;0;0;0;0;(-38.4851258 -3.828468399999999);
;2022-10-17 14:13:19;Duque De Caxias;;;Centro;;Atropelamento;;Não informado;;Meio De Quadra;;;0;1;0;0;1;0;0;0;0;0;0;0;0;(0 0);
;2022-10-17 13:58:22;Washington Soares;;;Parque Manibura;;Atropelamento;;Não informado;;Meio De Quadra;;;0;1;0;0;0;0;0;0;0;1;0;0;0;(-38.480516 -3.793445);
;2022-10-17 12:51:50;Rua Alan Kardec;Rua Jose Do Patrocinio;;Montese;;Colisão;;Não informado;;Cruzamento;;;0;1;0;1;1;0;0;0;0;0;0;0;0;(-38.5456486 -3.7647347);
;2022-10-17 10:42:42;Joao Pessoa;;;Damas;;Colisão;;Não informado;;Meio De Quadra;;;0;1;0;0;2;0;0;0;0;0;0;0;0;(-38.5526548 -3.755604899999999);
;2022-10-17 10:02:52;José Leon Esq Rua;Beija Flor;;Jardim Das Oliveiras;;Colisão;;Não informado;;Cruzamento;;;0;1;0;1;1;0;0;0;0;0;0;0;0;(-38.5070264 -3.7855669);
;2022-10-17 10:00:12;Rua Bruno Valente;;;Serrinha;;Colisão;;Não informado;;Meio De Quadra;;;0;1;0;0;2;0;0;0;0;0;0;0;0;(-38.5383319 -3.78616);
;2022-10-17 09:55:51;Emilio De Menezes;;;Granja Portugal;;Colisão;;Não informado;;Meio De Quadra;;;0;1;0;1;1;0;0;0;0;0;0;0;0;(-38.5941705 -3.7798995);
;2022-10-17 09:07:34;Avenida Washington Soares;;;Engenheiro Luciano Cavalcante;;Queda;;Não informado;;Meio De Quadra Sem Numero;;;0;1;0;1;0;0;0;0;0;0;0;0;0;(-38.481665 -3.7762191);
;2022-10-17 08:33:42;Borges De Melo;Tertuliano Sales;;Vila Uniao;;Queda;;Não informado;;Cruzamento;;;0;1;0;1;0;0;0;0;0;0;0;0;0;(-38.5304855 -3.759662);
;2022-10-17 07:16:03;Francisco Sá;;;Barra Do Ceara;;Colisão;;Não informado;;Meio De Quadra;;;0;1;0;1;1;0;0;0;0;0;0;0;0;(0 0);
;2022-10-17 04:29:44;Godofredo Marciel;;;Mondubim;;Queda;;Não informado;;Meio De Quadra;;;0;1;0;1;0;0;0;0;0;0;0;0;0;(-38.57487589999999 -3.81415);
;2022-10-17 04:29:05;Rua Contorno Sul;;;Conjunto Esperanca;;Choque c/ Obstáculo Fixo;;Não informado;;Meio De Quadra;;;0;1;0;0;1;0;0;0;0;0;0;0;0;(-38.589443 -3.8185127);
;2022-10-17 00:53:21;Padre Guerra;Rua Dom Lino;;Sao Gerardo;;Colisão;;Não informado;;Cruzamento;;;0;1;0;1;1;0;0;0;0;0;0;0;0;(-38.5566469 -3.7387074);
;2022-10-16 22:29:11;Cidade Ecologica;;;Edson Queiroz;;Colisão;;Não informado;;Meio De Quadra;;;0;1;0;0;2;0;0;0;0;0;0;0;0;(-38.4637457 -3.773957);
;2022-10-16 22:01:44;Jornalista Tomaz Coelho;;;Messejana;;Atropelamento;;Não informado;;Meio De Quadra;;;0;1;0;0;1;0;0;0;0;0;0;0;0;(-38.5217139 -3.8285146);
;2022-10-16 21:52:19;Alvaro Fernandes;Matos Vasconcelos;;Damas;;Colisão;;Não informado;;Cruzamento;;;0;1;0;1;1;0;0;0;0;0;0;0;0;(-38.5539282 -3.7550304);
;2022-10-16 21:20:03;Deputado Paulino Rocha;;;Barroso;;Colisão;;Não informado;;Meio De Quadra Sem Numero;;;0;1;0;0;2;0;0;0;0;0;0;0;0;(-38.5143547 -3.8113282);
;2022-10-16 21:04:57;Presidente Costa E Silva;;;Prefeito Jose Walter;;Queda;;Não informado;;Meio De Quadra Sem Numero;;;0;1;0;1;0;0;0;0;0;0;0;0;0;(-38.5443558 -3.8244455);
;2022-10-16 20:38:56;Avenida Senador Carlos Jereissati;;;Serrinha;;Queda;;Não informado;;Meio De Quadra;;;0;1;0;1;0;0;0;0;0;0;0;0;0;(0 0);
;2022-10-16 20:11:51;Presidente Castelo Branco;;;Moura Brasil;;Atropelamento;;Não informado;;Meio De Quadra Sem Numero;;;0;1;0;0;0;0;0;0;0;0;1;0;0;(-38.5344252 -3.718373);
;2022-10-16 18:40:55;Sargento Herminio;Rua Dom Mauricio;;Padre Andrade;;Colisão;;Não informado;;Cruzamento;;;0;1;0;1;1;0;0;0;0;0;0;0;0;(-38.5768393 -3.730572199999999);
;2022-10-16 17:39:25;Avenida Dos Jangadeiros;;;Mucuripe;;Colisão;;Não informado;;Meio De Quadra;;;0;1;0;1;1;0;0;0;0;0;0;0;0;(-38.4788937 -3.725878);
;2022-10-16 16:53:52;Coronel Joaquim Leitao;;;Antonio Bezerra;;Colisão;;Não informado;;Meio De Quadra;;;0;1;0;1;1;0;0;0;0;0;0;0;0;(-38.59164 -3.7474);
;2022-10-16 15:33:52;Avenida Augusto Dos Anjos;;;Parangaba;;Colisão;;Não informado;;Meio De Quadra;;;0;1;0;0;2;0;0;0;0;0;0;0;0;(-38.5761471 -3.776889);
;2022-10-16 15:22:19;Contorno Sul;Cj Sao Cristovao;;Jangurussu;;Colisão;;Não informado;;Cruzamento;;;0;1;0;0;2;0;0;0;0;0;0;0;0;(-38.5268364 -3.8308797);
;2022-10-16 15:16:26;Osorio De Paiva;;;Siqueira;;Atropelamento;;Não informado;;Meio De Quadra Sem Numero;;;0;1;0;0;0;0;0;1;0;0;0;0;0;(-38.6103328 -3.8133833);
;2022-10-16 15:13:19;Avenida Engenheiro Luiz Vieira;;;De Lourdes;;Colisão;;Não informado;;Meio De Quadra;;;0;1;0;0;2;0;0;0;0;0;0;0;0;(-38.4695651 -3.7340859);
;2022-10-16 13:59:59;89;58 N° 141;;Prefeito Jose Walter;;Colisão;;Não informado;;Cruzamento;;;0;1;0;0;2;0;0;0;0;0;0;0;0;(0 0);
;2022-10-16 10:36:00;Perimetral;;;Jangurussu;;Queda;;Não informado;;Meio De Quadra Sem Numero;;;0;1;0;1;0;0;0;0;0;0;0;0;0;(-38.5090259 -3.8301765);
;2022-10-16 10:31:49;Perimentral   > Conj São Cristovão;;;Jangurussu;;Colisão;;Não informado;;Meio De Quadra;;;0;1;0;0;2;0;0;0;0;0;0;0;0;(-38.5189846 -3.8328895);
;2022-10-16 07:31:44;Presidente Costa E Silva;Avenida I;;Prefeito Jose Walter;;Colisão;;Não informado;;Cruzamento;;;0;1;0;0;2;0;0;0;0;0;0;0;0;(-38.5504676 -3.8235316);
;2022-10-16 05:42:26;Contorno Sul;;;Jangurussu;;Queda;;Não informado;;Meio De Quadra Sem Numero;;;0;1;0;1;0;0;0;0;0;0;0;0;0;(-38.5199088 -3.8377883);
;2022-10-16 04:33:42;Antonio Sales;;;Dionisio Torres;;Queda;;Não informado;;Meio De Quadra Sem Numero;;;0;1;0;1;0;0;0;0;0;0;0;0;0;(-38.5024279 -3.7454466);
;2022-10-16 03:32:44;Av. Bernardo Manuel;Perimetral;;Mondubim;;Colisão;;Não informado;;Cruzamento;;;0;1;0;0;2;0;0;0;0;0;0;0;0;(-38.557873 -3.8196342);
;2022-10-16 03:20:35;Rua Tiangua;Teodorico Barroso;;Vila Uniao;;Colisão;;Não informado;;Cruzamento;;;0;1;0;0;2;0;0;0;0;0;0;0;0;(-38.5409995 -3.7668439);
;2022-10-16 01:38:27;Engenheiro Santana Junior;;;Papicu;;Colisão;;Não informado;;Meio De Quadra Sem Numero;;;0;1;0;1;1;0;0;0;0;0;0;0;0;(-38.4838087 -3.7383164);
;2022-10-16 00:51:14;Lineu Machado;Rua Cuiaba;;Joao Xxiii;;Colisão;;Não informado;;Cruzamento;;;0;2;0;1;1;0;0;0;0;0;0;0;0;(-38.5786786 -3.7691506);
;2022-10-16 00:19:58;Joaquim Pinto;;;Alvaro Weyne;;Colisão;;Não informado;;Meio De Quadra;;;0;1;0;1;1;0;0;0;0;0;0;0;0;(-38.5663554 -3.7175614);
;2022-10-15 23:00:10;Rua Oito;Quinze;;Parque Dois Irmaos;;Colisão;;Não informado;;Cruzamento;;;0;1;0;1;1;0;0;0;0;0;0;0;0;(-38.54958250000001 -3.8089596);
;2022-10-15 22:34:05;Rua Antonio Costa Mendes;;;Vila Peri;;Queda;;Não informado;;Meio De Quadra;;;0;1;0;0;0;0;0;0;0;1;0;0;0;(-38.5829235 -3.7888114);
;2022-10-15 20:52:28;Rua Tupi;Monsenhor Hipolito Brasil;;Joquei Clube;;Colisão;;Não informado;;Cruzamento;;;0;1;0;0;1;0;0;0;0;1;0;0;0;(-38.5785207 -3.7590528);
;2022-10-15 20:30:12;I;;;Conjunto Ceara;;Colisão;;Não informado;;Meio De Quadra;;;0;2;0;0;2;0;0;0;0;0;0;0;0;(0 0);
;2022-10-15 20:17:21;Avenida Aguanambi;;;Fatima;;Queda;;Não informado;;Meio De Quadra;;;0;1;0;1;0;0;0;0;0;0;0;0;0;(-38.5229879 -3.7535939);
;2022-10-15 19:45:30;I;Rua 745;;Conjunto Ceara;;Colisão;;Não informado;;Cruzamento;;;0;1;0;1;1;0;0;0;0;0;0;0;0;(-38.6035786 -3.7740617);
;2022-10-15 19:38:28;Fernandes Tavora;;;Henrique Jorge;;Atropelamento;;Não informado;;Meio De Quadra Sem Numero;;;0;1;0;1;0;0;0;0;0;0;0;0;0;(-38.5864649 -3.759898);
;2022-10-15 19:04:58;Rua Eldorado;;;Passare;;Colisão;;Não informado;;Meio De Quadra;;;0;1;0;1;1;0;0;0;0;0;0;0;0;(-38.530826 -3.81683);
;2022-10-15 17:09:36;Rua Clodoaldo Arruda -;;;Cambeba;;Atropelamento;;Não informado;;Meio De Quadra Sem Numero;;;0;1;0;1;0;0;0;0;0;0;0;0;0;(-38.4807191 -3.8133287);
;2022-10-15 16:34:54;Duque De Caxias;Rua 24 De Maio;;Centro;;Colisão;;Não informado;;Cruzamento;;;0;1;0;1;1;0;0;0;0;0;0;0;0;(-38.5332388 -3.730681);
;2022-10-15 16:11:19;Aboliçao;Barao De Sturdart;;Meireles;;Colisão;;Não informado;;Cruzamento;;;0;2;0;1;1;0;0;0;0;0;0;0;0;(-38.503469 -3.7248063);
;2022-10-15 15:59:49;Aguanambi;;;Fatima;;Choque c/ Obstáculo Fixo;;Não informado;;Meio De Quadra;;;0;2;0;0;1;0;0;0;0;0;0;0;0;(-38.524228 -3.757974699999999);
;2022-10-15 15:41:41;Conego De Castro;;;Parque Sao Jose;;Colisão;;Não informado;;Meio De Quadra;;;0;1;0;1;1;0;0;0;0;0;0;0;0;(-38.5907271 -3.803521899999999);
;2022-10-15 14:16:12;Maestro Lisboa;R. Bio Cartaxo;;Jose De Alencar;;Colisão;;Não informado;;Cruzamento;;;0;1;0;1;1;0;0;0;0;0;0;0;0;(-38.4704086 -3.8078115);
;2022-10-15 14:08:56;Washington Soares;;;Messejana;;Colisão;;Não informado;;Meio De Quadra Sem Numero;;;0;1;0;0;2;0;0;0;0;0;0;0;0;(-38.4822017 -3.828229);
;2022-10-15 13:58:28;Avenida Almirante Henrique Saboia;;;Sao Joao Do Tauape;;Colisão;;Não informado;;Meio De Quadra;;;0;1;0;0;2;0;0;0;0;0;0;0;0;(0 0);
;2022-10-15 13:43:05;Rua Padre Valdevino;;;Aldeota;;Colisão;;Não informado;;Meio De Quadra;;;0;1;0;1;1;0;0;0;0;0;0;0;0;(-38.5082931 -3.7420713);
;2022-10-15 10:09:22;Rua Nene Arruda -;R.Paulo De Castro;;Curio;;Colisão;;Não informado;;Cruzamento;;;0;3;0;2;0;0;0;0;0;0;0;0;0;(-38.4777154 -3.8205776);
;2022-10-15 10:09:17;Universidade;;;Benfica;;Colisão;;Não informado;;Meio De Quadra;;;0;1;0;2;0;0;0;0;0;0;0;0;0;(-38.5359821 -3.7376684);
;2022-10-15 09:51:59;Alberto Magno;Costa Mendes;;Montese;;Colisão;;Não informado;;Cruzamento;;;0;1;0;1;1;0;0;0;0;0;0;0;0;(-38.5435607 -3.7575175);
;2022-10-15 09:03:32;Rua Tres Marias;;;Montese;;Atropelamento;;Não informado;;Meio De Quadra;;;0;1;0;0;1;0;0;0;0;0;0;0;0;(-38.5515536 -3.7686357);
;2022-10-15 07:23:46;Presidente Costa E Silva;;;Prefeito Jose Walter;;Colisão;;Não informado;;Meio De Quadra Sem Numero;;;0;1;0;0;2;0;0;0;0;0;0;0;0;(-38.5443558 -3.8244455);
;2022-10-14 21:55:30;Contorno Sul;;;Jangurussu;;Atropelamento;;Não informado;;Meio De Quadra Sem Numero;;;0;1;0;0;1;0;0;0;0;0;0;0;0;(-38.5199088 -3.8377883);
;2022-10-14 21:41:24;Rua Doralice Costa;;;Engenheiro Luciano Cavalcante;;Colisão;;Não informado;;Meio De Quadra;;;0;1;0;1;1;0;0;0;0;0;0;0;0;(-38.4955667 -3.7702036);
;2022-10-14 21:32:34;Avenida Governador Raul Barbosa;;;Aerolandia;;Colisão;;Não informado;;Meio De Quadra Sem Numero;;;0;1;0;1;1;0;0;0;0;0;0;0;0;(-38.512539 -3.7729647);
;2022-10-14 21:13:42;Avenida Tristao Gonçalves;Rua São Paulo;;Centro;;Colisão;;Não informado;;Cruzamento;;;0;1;0;1;1;0;0;0;0;0;0;0;0;(-38.5324318 -3.7244243);
;2022-10-14 21:08:32;Rua Bento Albuquerque;;;Coco;;Colisão;;Não informado;;Meio De Quadra;;;0;1;0;1;1;0;0;0;0;0;0;0;0;(-38.4739241 -3.7469641);
;2022-10-14 20:48:08;Holanda;;;Maraponga;;Colisão;;Não informado;;Meio De Quadra;;;0;1;0;1;1;0;0;0;0;0;0;0;0;(-38.5621362 -3.7982077);
;2022-10-14 19:57:01;Avenida Oliveira Paiva -;;;Cidade Dos Funcionarios;;Colisão;;Não informado;;Meio De Quadra;;;0;1;0;1;1;0;0;0;0;0;0;0;0;(0 0);
;2022-10-14 19:07:14;Av Senador Fernandes Tavora;;;Joquei Clube;;Colisão;;Não informado;;Meio De Quadra;;;0;1;0;1;1;0;0;0;0;0;0;0;0;(-38.5780261 -3.7645265);
;2022-10-14 19:05:07;Avenida Oscar Araripe - Virgilio Nogueira;;;Bom Jardim;;Colisão;;Não informado;;Meio De Quadra Sem Numero;;;0;1;0;2;0;0;0;0;0;0;0;0;0;(-38.6086186 -3.7882278);
;2022-10-14 18:39:07;Rua Amancio Pereira;Cristais Paulista;;Passare;;Colisão;;Não informado;;Cruzamento;;;0;1;0;1;1;0;0;0;0;0;0;0;0;(-38.5238309 -3.8184263);
;2022-10-14 17:49:37;Paulino Rocha;Coronel Jacarias;;Cajazeiras;;Colisão;;Não informado;;Cruzamento;;;0;1;0;1;1;0;0;0;0;0;0;0;0;(-38.5081884 -3.8061682);
;2022-10-14 17:46:29;Jose Lourenço;Padre Valdevino;;Joaquim Tavora;;Colisão;;Não informado;;Cruzamento;;;0;1;0;1;1;0;0;0;0;0;0;0;0;(-38.5099441 -3.7413218);
;2022-10-14 16:41:53;Rua Leitao Cerqueira;;;Mondubim;;Colisão;;Não informado;;Meio De Quadra;;;0;2;0;2;0;0;0;0;0;0;0;0;0;(-38.5620103 -3.8301444);
;2022-10-14 16:26:44;Avenida Imperador;;;Centro;;Atropelamento;;Não informado;;Meio De Quadra Sem Numero;;;0;1;0;1;0;0;0;0;0;0;0;0;0;(-38.5350007 -3.7291837);
;2022-10-14 16:13:07;Rua Capitao Rosita;;;Barroso;;Colisão;;Não informado;;Meio De Quadra;;;0;1;0;0;2;0;0;0;0;0;0;0;0;(-38.50455729999999 -3.8219917);
;2022-10-14 15:36:15;Visconde Do Rio Branco;Rua Soareano Alburquerque;;Joaquim Tavora;;Colisão;;Não informado;;Cruzamento;;;0;1;0;1;1;0;0;0;0;0;0;0;0;(-38.5216786 -3.747642);
;2022-10-14 15:15:14;Rua Leiria De Andrade;;;Monte Castelo;;Colisão;;Não informado;;Meio De Quadra;;;0;1;0;1;1;0;0;0;0;0;0;0;0;(-38.5534232 -3.729055);
;2022-10-14 14:38:28;Cesar Correia;Mario Hermes;;Floresta;;Colisão;;Não informado;;Cruzamento;;;0;2;0;1;1;0;0;0;0;0;0;0;0;(-38.5744591 -3.7151297);
;2022-10-14 14:23:33;Jose Vilar;Tomas Acioli;;Aldeota;;Colisão;;Não informado;;Cruzamento;;;0;1;0;1;1;0;0;0;0;0;0;0;0;(-38.5078284 -3.7454755);
;2022-10-14 11:41:10;Senador Fernandes Tavora;Rua  Arco Verde;;Autran Nunes;;Colisão;;Não informado;;Cruzamento;;;0;1;0;1;1;0;0;0;0;0;0;0;0;(-38.593929 -3.7559543);
;2022-10-14 11:39:30;Leopoldina;Avenida  Antonio Sales;;Centro;;Colisão;;Não informado;;Cruzamento;;;0;1;0;0;1;0;0;0;0;1;0;0;0;(-38.52240279999999 -3.7392209);
;2022-10-14 10:46:57;Jose Bastos;;;Democrito Rocha;;Queda;;Não informado;;Meio De Quadra Sem Numero;;;0;1;0;1;0;0;0;0;0;0;0;0;0;(-38.5584637 -3.7570741);
;2022-10-14 09:47:05;Elcias Lopes;;;Parangaba;;Queda;;Não informado;;Meio De Quadra;;;0;2;0;1;0;0;0;0;0;0;0;0;0;(-38.5570573 -3.770646999999999);
;2022-10-14 07:49:31;Avenida Peimetral;;;Jangurussu;;Atropelamento;;Não informado;;Meio De Quadra;;;0;1;0;0;1;0;0;0;0;0;0;0;0;(0 0);
;2022-10-14 04:02:47;Deputado Paulino Rocha;;;Passare;;Queda;;Não informado;;Meio De Quadra Sem Numero;;;0;1;0;1;0;0;0;0;0;0;0;0;0;(-38.5195682 -3.8100305);
;2022-10-14 03:28:17;Rua Doutor Jose Lino -;;;Varjota;;Queda;;Não informado;;Meio De Quadra;;;0;1;0;0;0;0;0;0;0;1;0;0;0;(-38.4878627 -3.7293683);
;2022-10-14 01:49:45;4 Anel Viario;;;Não informado;;Queda;;Não informado;;Meio De Quadra Sem Numero;;;0;1;0;1;0;0;0;0;0;0;0;0;0;(-38.5779401 -3.8450854);
;2022-10-14 01:44:14;Avenida Doutor Silas Munguba;;;Parangaba;;Queda;;Não informado;;Meio De Quadra;;;0;1;0;1;0;0;0;0;0;0;0;0;0;(0 0);
;2022-10-14 01:27:36;Jose Bastos;;;Rodolfo Teofilo;;Queda;;Não informado;;Meio De Quadra;;;0;1;0;1;0;0;0;0;0;0;0;0;0;(-38.5491472 -3.7484409);
;2022-10-13 21:42:27;Avenida Senador Fernandes Tavora;Lineu Machado;;Joquei Clube;;Colisão;;Não informado;;Cruzamento;;;0;1;0;1;1;0;0;0;0;0;0;0;0;(-38.576509 -3.7652789);
;2022-10-13 21:16:16;Francisco Sa;;;Carlito Pamplona;;Atropelamento;;Não informado;;Meio De Quadra;;;0;1;0;1;0;0;0;0;0;0;0;0;0;(-38.5692879 -3.7126712);
;2022-10-13 21:12:55;Caramuru;Silas Munguba;;Serrinha;;Queda;;Não informado;;Cruzamento;;;0;1;0;0;0;0;0;0;0;1;0;0;0;(-38.5414691 -3.7900053);
;2022-10-13 20:14:08;Rua Emilio De Menezes;;;Bonsucesso;;Colisão;;Não informado;;Meio De Quadra;;;0;2;0;1;1;0;0;0;0;0;0;0;0;(-38.5853736 -3.7823974);
;2022-10-13 19:41:56;Avenida Jornalista Tomaz Coelho;;;Jangurussu;;Colisão;;Não informado;;Meio De Quadra;;;0;1;0;1;0;0;1;0;0;0;0;0;0;(-38.5169793 -3.8282727);
;2022-10-13 18:52:47;Senador Carlos Jereissati;;;Dias Macedo;;Colisão;;Não informado;;Meio De Quadra;;;0;1;0;0;2;0;0;0;0;0;0;0;0;(0 0);
;2022-10-13 18:35:40;Sao Francisco;;;Bonsucesso;;Queda;;Não informado;;Meio De Quadra;;;0;1;0;0;0;0;0;0;0;1;0;0;0;(-38.5922065 -3.7837486);
;2022-10-13 18:33:08;Rua Francisco Das Chagas Mendes;Av Rogaciano Leite;;Engenheiro Luciano Cavalcante;;Colisão;;Não informado;;Cruzamento;;;0;1;0;1;1;0;0;0;0;0;0;0;0;(-38.5004609 -3.7761226);
;2022-10-13 14:28:44;Rua Cambara Esq Rua Julia Alcides;;;Maraponga;;Colisão;;Não informado;;Meio De Quadra Sem Numero;;;0;1;0;1;1;0;0;0;0;0;0;0;0;(-38.5650946 -3.7870004);
;2022-10-13 13:09:26;Waldir Diogo;;;Manuel Satiro;;Atropelamento;;Não informado;;Meio De Quadra;;;0;1;0;1;0;0;0;0;0;0;0;0;0;(-38.586656 -3.8009513);
;2022-10-13 12:34:24;Radialista Joao Ramos;;;Planalto Ayrton Senna;;Colisão;;Não informado;;Meio De Quadra;;;0;1;0;1;1;0;0;0;0;0;0;0;0;(-38.5817313 -3.839602);
;2022-10-13 12:24:23;Rua Equador;;;Não informado;;Colisão;;Não informado;;Meio De Quadra;;;0;1;0;1;1;0;0;0;0;0;0;0;0;(-38.5523928 -3.7736838);
;2022-10-13 11:04:22;Francisco Sa - Tenenete Lisboa;;;Carlito Pamplona;;Atropelamento;;Não informado;;Meio De Quadra;;;0;1;0;0;0;0;0;0;0;0;1;0;0;(0 0);
;2022-10-13 10:59:27;Francisco Sa;;;Carlito Pamplona;;Atropelamento;;Não informado;;Meio De Quadra Sem Numero;;;0;1;0;0;0;0;0;0;0;0;1;0;0;(-38.5564955 -3.7175988);
;2022-10-13 10:06:20;Joao Pessoa;;;Damas;;Colisão;;Não informado;;Meio De Quadra;;;0;2;0;1;1;0;0;0;0;0;0;0;0;(-38.5473398 -3.7501974);
;2022-10-13 07:54:43;Alameda Das Palmeiras;;;Ancuri;;Queda;;Não informado;;Meio De Quadra Sem Numero;;;0;1;0;1;0;0;0;0;0;0;0;0;0;(-38.5132609 -3.8753397);
;2022-10-13 05:51:31;Contorno Sul;;;Jangurussu;;Colisão;;Não informado;;Meio De Quadra Sem Numero;;;0;1;0;0;1;0;1;0;0;0;0;0;0;(-38.5199088 -3.8377883);
;2022-10-13 00:22:22;Costa Mendes;;;Rodolfo Teofilo;;Queda;;Não informado;;Meio De Quadra;;;0;1;0;1;0;0;0;0;0;0;0;0;0;(-38.552461 -3.749845);
;2022-10-13 00:19:31;Conego Lima Sucupira;;;Parangaba;;Colisão;;Não informado;;Meio De Quadra;;;0;1;0;0;2;0;0;0;0;0;0;0;0;(0 0);
;2022-10-12 23:47:00;Rosinha Sampaio - Px Jovem Churrascaria;;;Quintino Cunha;;Atropelamento;;Não informado;;Meio De Quadra;;;0;1;0;0;1;0;0;0;0;0;0;0;0;(-38.5939585 -3.7250544);
;2022-10-12 21:39:57;Rua Germano Franck;;;Parangaba;;Colisão;;Não informado;;Meio De Quadra;;;0;1;0;1;1;0;0;0;0;0;0;0;0;(-38.5605862 -3.776163);
;2022-10-12 20:20:51;Jose Hipolito;;;Messejana;;Colisão;;Não informado;;Meio De Quadra;;;0;1;0;1;1;0;0;0;0;0;0;0;0;(-38.4905721 -3.8336857);
;2022-10-12 19:28:27;Sargento Herminio;;;Padre Andrade;;Colisão;;Não informado;;Meio De Quadra Sem Numero;;;0;2;0;1;1;0;0;0;0;0;0;0;0;(-38.5794802 -3.731588);
;2022-10-12 17:50:41;Rua Joao Brigido;Idelfanso Albano;;Joaquim Tavora;;Colisão;;Não informado;;Cruzamento;;;0;1;0;1;1;0;0;0;0;0;0;0;0;(-38.5157708 -3.7406232);