COD_ACIDENTE;DATA;LOG1;LOG2;NUMERO;BAIRRO;AMC;NATUREZA;ILUMINACAO;TEMPO;SUPERFICIEPISTA;TIPOCRUZAMENTO;CONTROLETRAFEGO;USOSOLO;MORTOS;FERIDOS;ILESOS;MOTOCICLETA;AUTOMOVEL;MICROONIBUS;CAMINHAO;ONIBUS;CICLOMOTOR;BICICLETA;OUTROS;TREM;TRACAOANIMAL;COORDENADAS
;2022-10-12 17:38:44;Estrada Da Sabiaguaba;;;Sabiaguaba;;Colisão;;Não informado;;Meio De Quadra;;;0;1;0;1;1;0;0;0;0;0;0;0;0;(-38.44892040000001 -3.7946356);
;2022-10-12 16:50:29;Avenida Rogaciano Leite -;;;Engenheiro Luciano Cavalcante;;Choque c/ Obstáculo Fixo;;Não informado;;Meio De Quadra;;;0;1;0;0;1;0;0;0;0;0;0;0;0;(-38.4937398 -3.7618336);
;2022-10-12 16:39:10;BR 116 KM 1;;;Fatima;;Colisão;;Não informado;;Meio De Quadra Sem Numero;;;0;2;0;1;1;0;0;0;0;0;0;0;0;(0 0);
;2022-10-12 15:02:25;Ari Maia;R. Bom Jesus;;Bom Jardim;;Colisão;;Não informado;;Cruzamento;;;0;2;0;1;1;0;0;0;0;0;0;0;0;(-38.6225362 -3.7877191);
;2022-10-12 14:59:07;Rua Santa Rosa;;;Carlito Pamplona;;Queda;;Não informado;;Meio De Quadra;;;0;1;0;1;0;0;0;0;0;0;0;0;0;(-38.5534343 -3.714867099999999);
;2022-10-12 13:35:05;Val Paraiso;Edilson Candeia;;Conjunto Palmeiras;;Colisão;;Não informado;;Cruzamento;;;0;1;0;1;1;0;0;0;0;0;0;0;0;(-38.5256127 -3.8442919);
;2022-10-12 12:51:10;Avenida Governador Parsifal Barroso;;;Presidente Kennedy;;Colisão;;Não informado;;Meio De Quadra Sem Numero;;;0;1;0;0;2;0;0;0;0;0;0;0;0;(-38.5691076 -3.7320742);
;2022-10-12 11:42:48;Rua Rui Monte;;;Antonio Bezerra;;Colisão;;Não informado;;Meio De Quadra;;;0;2;0;1;1;0;0;0;0;0;0;0;0;(-38.5872823 -3.7424352);
;2022-10-12 11:33:47;Doutor Silas Munguba;;;Serrinha;;Atropelamento;;Não informado;;Meio De Quadra;;;0;1;0;0;0;0;0;0;0;0;1;0;0;(-38.5361609 -3.7924058);
;2022-10-12 11:10:26;Rua Manuel Moura;;;Barra Do Ceara;;Colisão;;Não informado;;Meio De Quadra;;;0;1;0;1;1;0;0;0;0;0;0;0;0;(-38.5861605 -3.7147347);
;2022-10-12 09:18:28;Avenida Oscar Araripe;;;Bom Jardim;;Colisão;;Não informado;;Meio De Quadra;;;0;2;0;2;0;0;0;0;0;0;0;0;0;(0 0);
;2022-10-11 23:45:51;Tulipa Negra;;;Parque Santa Rosa;;Queda;;Não informado;;Meio De Quadra;;;0;1;0;0;0;0;0;0;0;1;0;0;0;(-38.5942399 -3.8220707);
;2022-10-11 22:43:31;Ipe;Coronel Mozart Gondim;;Sao Gerardo;;Colisão;;Não informado;;Cruzamento;;;0;1;0;0;1;0;1;0;0;0;0;0;0;(-38.5601042 -3.7304558);
;2022-10-11 22:29:57;Beni De Carvalho;;;Aldeota;;Colisão;;Não informado;;Meio De Quadra;;;0;1;0;2;0;0;0;0;0;0;0;0;0;(-38.496897 -3.745446);
;2022-10-11 22:28:06;Senador Virgilio Tavora;;;Dionisio Torres;;Colisão;;Não informado;;Meio De Quadra;;;0;1;0;1;1;0;0;0;0;0;0;0;0;(-38.4965717 -3.747763299999999);
;2022-10-11 22:15:55;Rua Coelho Da Fonseca;;;Alvaro Weyne;;Colisão;;Não informado;;Meio De Quadra;;;0;2;0;1;1;0;0;0;0;0;0;0;0;(-38.5615154 -3.712738799999999);
;2022-10-11 21:34:10;Mister Hull - Sentindo Centro;;;Antonio Bezerra;;Atropelamento;;Não informado;;Meio De Quadra Sem Numero;;;0;1;0;0;1;0;0;0;0;0;0;0;0;(-38.5918137 -3.7395231);
;2022-10-11 21:28:45;Rua Delmiro De Farias;;;Jardim America;;Colisão;;Não informado;;Meio De Quadra;;;0;1;0;0;2;0;0;0;0;0;0;0;0;(-38.5416288 -3.7555681);
;2022-10-11 20:55:39;Joao Cordeiro;;;Joaquim Tavora;;Colisão;;Não informado;;Meio De Quadra;;;0;1;0;1;1;0;0;0;0;0;0;0;0;(-38.5196634 -3.7486874);
;2022-10-11 20:41:55;Avenida Oliveira Paiva;;;Cidade Dos Funcionarios;;Queda;;Não informado;;Meio De Quadra;;;0;1;0;0;0;0;0;0;0;1;0;0;0;(-38.4852158 -3.7960289);
;2022-10-11 20:18:25;Av Francisco Sá;;;Carlito Pamplona;;Colisão;;Não informado;;Meio De Quadra;;;0;2;0;1;0;0;1;0;0;0;0;0;0;(-38.5583774 -3.716340199999999);
;2022-10-11 20:12:03;Rua Meruoca;Avenida Antonio Justa;;Varjota;;Colisão;;Não informado;;Cruzamento;;;0;2;0;1;1;0;0;0;0;0;0;0;0;(-38.4829355 -3.7313988);
;2022-10-11 19:42:27;Avenida Presidente Castelo Branco;;;Cristo Redentor;;Colisão;;Não informado;;Meio De Quadra;;;0;1;0;1;1;0;0;0;0;0;0;0;0;(0 0);
;2022-10-11 18:58:07;General Sampaio;;;Centro;;Atropelamento;;Não informado;;Meio De Quadra;;;0;1;0;1;0;0;0;0;0;0;0;0;0;(-38.5303863 -3.7252621);
;2022-10-11 18:29:22;Rua Barao De Sobral;Euzebio De Queiroz;;Montese;;Colisão;;Não informado;;Cruzamento;;;0;1;0;1;1;0;0;0;0;0;0;0;0;(-38.5541117 -3.7670726);
;2022-10-11 17:57:02;Rua Zuca Accioly;;;Manoel Dias Branco;;Atropelamento;;Não informado;;Meio De Quadra;;;0;1;0;1;0;0;0;0;0;0;0;0;0;(-38.466854 -3.7504474);
;2022-10-11 17:53:49;Av Paulino Rocha;;;Cajazeiras;;Colisão;;Não informado;;Meio De Quadra;;;0;2;0;1;1;0;0;0;0;0;0;0;0;(-38.5098084 -3.8103524);
;2022-10-11 15:42:52;Gustavo Sampaio;;;Sao Gerardo;;Colisão;;Não informado;;Meio De Quadra;;;0;1;0;2;0;0;0;0;0;0;0;0;0;(-38.5560388 -3.735039);
;2022-10-11 14:12:07;Presidente Costa E Silva;;;Mondubim;;Colisão;;Não informado;;Meio De Quadra Sem Numero;;;0;1;0;2;0;0;0;0;0;0;0;0;0;(-38.5647962 -3.8178905);
;2022-10-11 13:08:37;Osvaldo Aguiar;;;Jose De Alencar;;Colisão;;Não informado;;Meio De Quadra;;;0;1;0;1;1;0;0;0;0;0;0;0;0;(-38.4809472 -3.816177699999999);
;2022-10-11 11:41:38;Pinto Madeira;;;Centro;;Colisão;;Não informado;;Meio De Quadra;;;0;1;0;1;1;0;0;0;0;0;0;0;0;(-38.5198867 -3.7314963);
;2022-10-11 11:12:16;Bernardo Manuel;;;Parque Dois Irmaos;;Colisão;;Não informado;;Meio De Quadra;;;0;1;0;1;1;0;0;0;0;0;0;0;0;(-38.5525728 -3.8013991);
;2022-10-11 11:04:45;Barao Do Rio Branco;;;Centro;;Colisão;;Não informado;;Meio De Quadra;;;0;1;0;1;1;0;0;0;0;0;0;0;0;(-38.5304153 -3.7324394);
;2022-10-11 10:38:57;Sublime - Cj. Miguel Arraes;;;Siqueira;;Colisão;;Não informado;;Meio De Quadra;;;0;1;0;1;1;0;0;0;0;0;0;0;0;(-38.6227983 -3.8196807);
;2022-10-11 10:25:21;Desembarcador Felix Candido;;;Bonsucesso;;Atropelamento;;Não informado;;Meio De Quadra;;;0;1;0;1;0;0;0;0;0;0;0;0;0;(-38.5813653 -3.7768932);
;2022-10-11 09:37:42;Avenida Tabeleao Carloto Maia;;;Edson Queiroz;;Colisão;;Não informado;;Meio De Quadra Sem Numero;;;0;2;0;0;1;0;0;0;0;1;0;0;0;(0 0);
;2022-10-11 00:44:20;Presidente Castelo Branco;;;Pirambu;;Colisão;;Não informado;;Meio De Quadra Sem Numero;;;0;1;0;1;1;0;0;0;0;0;0;0;0;(-38.5533245 -3.7123711);
;2022-10-10 22:26:44;Professor Heribaldo Costa;;;Joao Xxiii;;Colisão;;Não informado;;Meio De Quadra;;;0;1;0;1;1;0;0;0;0;0;0;0;0;(-38.5876588 -3.7668415);
;2022-10-10 22:19:26;Rua Salgado Filho;;;Antonio Bezerra;;Colisão;;Não informado;;Meio De Quadra;;;0;1;0;1;1;0;0;0;0;0;0;0;0;(-38.5951726 -3.742233999999999);
;2022-10-10 22:09:57;Santos Dumont;Virgilio Tavora;;Papicu;;Colisão;;Não informado;;Cruzamento;;;0;1;0;0;2;0;0;0;0;0;0;0;0;(-38.4934625 -3.737809);
;2022-10-10 22:03:20;Joaquim Nabuco;Rua Leite Albuquerque;;Aldeota;;Colisão;;Não informado;;Cruzamento;;;0;2;0;1;1;0;0;0;0;0;0;0;0;(-38.5016024 -3.7363036);
;2022-10-10 21:39:19;Rua Graça Aranha;;;Alvaro Weyne;;Colisão;;Não informado;;Meio De Quadra;;;0;1;0;1;1;0;0;0;0;0;0;0;0;(-38.5751937 -3.7138466);
;2022-10-10 20:52:12;Porto Velho;Rua Santa Filomena;;Henrique Jorge;;Colisão;;Não informado;;Cruzamento;;;0;1;0;0;2;0;0;0;0;0;0;0;0;(-38.5921601 -3.7632502);
;2022-10-10 20:49:07;Rua Marechal Bittencourt;;;Dias Macedo;;Queda;;Não informado;;Meio De Quadra;;;0;1;0;1;0;0;0;0;0;0;0;0;0;(-38.5291574 -3.7891941);
;2022-10-10 20:40:01;Aguanambi;;;Fatima;;Colisão;;Não informado;;Meio De Quadra;;;0;1;0;0;2;0;0;0;0;0;0;0;0;(-38.5226801 -3.7573403);
;2022-10-10 20:20:29;Rua Oito De Setembro;;;Varjota;;Colisão;;Não informado;;Meio De Quadra;;;0;1;0;1;1;0;0;0;0;0;0;0;0;(-38.4872098 -3.7378453);
;2022-10-10 20:03:17;Chanceler Edson Queiroz;Jornalista Cesar Magalhaes;;Engenheiro Luciano Cavalcante;;Colisão;;Não informado;;Cruzamento;;;0;1;0;1;1;0;0;0;0;0;0;0;0;(-38.4888555 -3.7673784);
;2022-10-10 19:51:10;Rua Doutor Joaquim Bento;;;Messejana;;Colisão;;Não informado;;Meio De Quadra;;;0;1;0;0;2;0;0;0;0;0;0;0;0;(-38.4901561 -3.8291088);
;2022-10-10 19:31:26;Rosita;Av Jornalista Tomaz Coelho;;Jangurussu;;Colisão;;Não informado;;Cruzamento;;;0;1;0;0;2;0;0;0;0;0;0;0;0;(-38.5112128 -3.8294137);
;2022-10-10 18:30:13;Virgilio Nogueira;;;Bom Jardim;;Colisão;;Não informado;;Meio De Quadra;;;0;1;0;2;0;0;0;0;0;0;0;0;0;(-38.6096262 -3.7911113);
;2022-10-10 17:52:06;Aristide Lobo;;;Boa Vista;;Colisão;;Não informado;;Meio De Quadra;;;0;1;0;0;2;0;0;0;0;0;0;0;0;(0 0);
;2022-10-10 15:55:46;Monsenhor  Tabosa;João Cordeiro;;Praia De Iracema;;Atropelamento;;Não informado;;Cruzamento;;;0;1;0;1;0;0;0;0;0;0;0;0;0;(-38.5126187 -3.7240057);
;2022-10-10 15:27:50;Paulo Firmeza;Rua Professor Carvalho;;Sao Joao Do Tauape;;Colisão;;Não informado;;Cruzamento;;;0;1;0;0;2;0;0;0;0;0;0;0;0;(-38.5140698 -3.7572544);
;2022-10-10 14:59:35;Jose Bastos;;;Rodolfo Teofilo;;Colisão;;Não informado;;Meio De Quadra;;;0;1;0;1;1;0;0;0;0;0;0;0;0;(-38.5522175 -3.75175);
;2022-10-10 12:37:08;Avenida Senador Fernandes Tavora;;;Henrique Jorge;;Colisão;;Não informado;;Meio De Quadra;;;0;1;0;2;0;0;0;0;0;0;0;0;0;(-38.5864538 -3.7597562);
;2022-10-10 12:27:37;Osorio De Paiva;;;Bonsucesso;;Queda de moto;;Não informado;;Meio De Quadra;;;0;1;0;2;0;0;0;0;0;0;0;0;0;(-38.5898222 -3.79179);
;2022-10-10 12:11:02;General Murilo Borges;Av. Raul Barbosa;;Aerolandia;;Colisão;;Não informado;;Cruzamento;;;0;1;0;1;1;0;0;0;0;0;0;0;0;(-38.5129508 -3.7779506);
;2022-10-10 11:54:37;Juscelino Kubitheck - Sentindo Castelão;;;Passare;;Colisão;;Não informado;;Meio De Quadra;;;0;3;0;2;0;0;0;0;0;0;0;0;0;(-38.5224331 -3.8072834);
;2022-10-10 11:09:04;Avenida Barao De Studart - Antonio Sales;;;Meireles;;Colisão;;Não informado;;Meio De Quadra Sem Numero;;;0;1;0;1;1;0;0;0;0;0;0;0;0;(-38.5094276 -3.7432939);
;2022-10-10 10:55:22;Avenida Washington Soares;;;Edson Queiroz;;Colisão;;Não informado;;Meio De Quadra Sem Numero;;;0;1;0;1;1;0;0;0;0;0;0;0;0;(-38.481665 -3.7762191);
;2022-10-10 10:46:59;Avenida Presidente Costa E Silva;;;Prefeito Jose Walter;;Colisão;;Não informado;;Meio De Quadra;;;0;1;0;1;1;0;0;0;0;0;0;0;0;(-38.5424391 -3.8246917);
;2022-10-10 10:35:23;Meton De Lencr Esquina;24 De Maio;;Centro;;Queda;;Não informado;;Cruzamento;;;0;1;0;1;0;0;0;0;0;0;0;0;0;(-38.53216 -3.73323);
;2022-10-10 10:25:54;BR 116 KM 6;;;Cajazeiras;;Colisão;;Não informado;;Meio De Quadra;;;0;1;0;1;1;0;0;0;0;0;0;0;0;(0 0);
;2022-10-10 09:20:14;4º Anel Viario;;;Pedras;;Colisão;;Não informado;;Meio De Quadra Sem Numero;;;0;1;0;1;1;0;0;0;0;0;0;0;0;(-38.5103697 -3.8680996);
;2022-10-10 09:10:54;Francisco Sa;Avenida Pasteur;;Carlito Pamplona;;Colisão;;Não informado;;Cruzamento;;;0;1;0;1;0;0;1;0;0;0;0;0;0;(-38.5605801 -3.7163231);
;2022-10-10 08:58:47;Silas Munguba;;;Serrinha;;Queda;;Não informado;;Meio De Quadra;;;0;1;0;1;0;0;0;0;0;0;0;0;0;(-38.5573482 -3.781222);
;2022-10-10 08:46:50;Bezerra De Menezes;;;Antonio Bezerra;;Colisão;;Não informado;;Meio De Quadra Sem Numero;;;0;3;0;0;2;0;0;0;0;0;0;0;0;(-38.5548599 -3.7335861);
;2022-10-10 07:13:54;Avenida Mister Hull;;;Antonio Bezerra;;Colisão;;Não informado;;Meio De Quadra;;;0;2;0;0;2;0;0;0;0;0;0;0;0;(-38.591001 -3.7392719);
;2022-10-10 02:43:58;Tulipa Negra;;;Parque Presidente Vargas;;Queda;;Não informado;;Meio De Quadra;;;0;1;0;1;0;0;0;0;0;0;0;0;0;(-38.596593 -3.820352);
;2022-10-10 00:12:42;Raul Barbosa;;;Aerolandia;;Atropelamento;;Não informado;;Meio De Quadra;;;0;2;0;1;0;0;0;0;0;0;0;0;0;(-38.5126855 -3.7749003);
;2022-10-09 23:48:38;Jose Rangel;;;Papicu;;Colisão;;Não informado;;Meio De Quadra Sem Numero;;;0;1;0;0;2;0;0;0;0;0;0;0;0;(-38.4715153 -3.7385564);
;2022-10-09 23:36:10;Presidente Costa E Silva;;;Prefeito Jose Walter;;Atropelamento;;Não informado;;Meio De Quadra Sem Numero;;;0;1;0;0;0;0;0;0;0;0;1;0;0;(-38.5443558 -3.8244455);
;2022-10-09 23:05:54;Fernandes Tavora;;;Henrique Jorge;;Atropelamento;;Não informado;;Meio De Quadra;;;0;1;0;0;1;0;0;0;0;0;0;0;0;(-38.5780261 -3.7645265);
;2022-10-09 22:21:44;Jabaquara  - Px Campo Do Rio Negro;;;Boa Vista;;Queda;;Não informado;;Meio De Quadra;;;0;1;0;1;0;0;0;0;0;0;0;0;0;(-38.5780569 -3.8194064);
;2022-10-09 21:48:10;Waldir Diogo - Na Saída Do Túnel Do Mondubim (Sentido Castelão);;;Mondubim;;Colisão;;Não informado;;Meio De Quadra Sem Numero;;;0;1;0;0;2;0;0;0;0;0;0;0;0;(-38.5224331 -3.8072834);
;2022-10-09 20:26:50;Maestro Lisboa;;;Sapiranga;;Colisão;;Não informado;;Meio De Quadra Sem Numero;;;0;2;0;2;0;0;0;0;0;0;0;0;0;(-38.4657642 -3.8077756);
;2022-10-09 19:42:59;Daura;Barroso 1;;Barroso;;Colisão;;Não informado;;Cruzamento;;;0;1;0;1;1;0;0;0;0;0;0;0;0;(-38.5042494 -3.823169);
;2022-10-09 19:13:38;Rua G;;;Parque Dois Irmaos;;Atropelamento;;Não informado;;Meio De Quadra;;;0;1;0;1;0;0;0;0;0;0;0;0;0;(0 0);
;2022-10-09 18:35:43;Rua Ana Neri - C;Rua - Julio Cesar;;Jardim America;;Colisão;;Não informado;;Cruzamento;;;0;1;0;0;2;0;0;0;0;0;0;0;0;(-38.5436801 -3.752305);
;2022-10-09 18:27:10;Julio Cesar;;;Jardim America;;Colisão;;Não informado;;Meio De Quadra;;;0;1;0;0;1;0;0;0;0;1;0;0;0;(-38.5445624 -3.7518607);
;2022-10-09 18:06:30;Santos Dumont;;;Coco;;Queda;;Não informado;;Meio De Quadra;;;0;1;0;1;0;0;0;0;0;0;0;0;0;(-38.4861011 -3.740538);
;2022-10-09 17:08:17;Rua Alagoas -;;;Democrito Rocha;;Queda;;Não informado;;Meio De Quadra;;;0;3;0;1;0;0;0;0;0;0;0;0;0;(-38.5718593 -3.7588996);
;2022-10-09 17:08:07;Avenida Sargento Herminio Sampaio;;;Padre Andrade;;Colisão;;Não informado;;Meio De Quadra;;;0;2;0;0;2;0;0;0;0;0;0;0;0;(-38.5806272 -3.7322001);
;2022-10-09 15:44:21;Avenida Monsenhor Tabosa;Rua Antonio Lima;;Meireles;;Colisão;;Não informado;;Cruzamento;;;0;1;0;2;0;0;0;0;0;0;0;0;0;(-38.5041368 -3.724515099999999);
;2022-10-09 14:53:13;Engenheiro Alberto Sa;;;Papicu;;Queda;;Não informado;;Meio De Quadra;;;0;1;0;0;0;0;0;0;0;1;0;0;0;(-38.4815221 -3.7327263);
;2022-10-09 14:25:51;Rui Barbosa;Monsenhor Tabosa;;Meireles;;Colisão;;Não informado;;Cruzamento;;;0;1;0;1;1;0;0;0;0;0;0;0;0;(-38.5056957 -3.7244353);
;2022-10-09 13:43:09;Aguanambi;Em Cima Viaduto;;Fatima;;Colisão;;Não informado;;Cruzamento;;;0;1;0;2;0;0;0;0;0;0;0;0;0;(-38.5236413 -3.7512287);
;2022-10-09 13:28:16;Presidente Castelo Branco;;;Moura Brasil;;Queda;;Não informado;;Meio De Quadra Sem Numero;;;0;1;0;1;0;0;0;0;0;0;0;0;0;(-38.5344252 -3.718373);
;2022-10-09 13:27:05;Waldir Diogo;;;Vila Peri;;Atropelamento;;Não informado;;Meio De Quadra;;;0;1;0;0;1;0;0;0;0;0;0;0;0;(-38.5879523 -3.8023309);
;2022-10-09 12:56:45;Betel   Bloco  D  Apto 209 Conjunto Itaperi;;;Itaperi;;Queda;;Não informado;;Meio De Quadra;;;0;1;0;1;0;0;0;0;0;0;0;0;0;(0 0);
;2022-10-09 10:07:47;Osorio De Paiva;;;Canindezinho;;Queda;;Não informado;;Meio De Quadra;;;0;1;0;1;0;0;0;0;0;0;0;0;0;(-38.6058887 -3.8089364);
;2022-10-09 08:22:40;Draçao Do Mar;;;Praia De Iracema;;Colisão;;Não informado;;Meio De Quadra;;;0;1;0;1;1;0;0;0;0;0;0;0;0;(-38.5204703 -3.7214564);
;2022-10-09 07:35:44;Bernardo Manuel;Silas Munguba;;Itaperi;;Queda;;Não informado;;Cruzamento;;;0;2;0;1;0;0;0;0;0;0;0;0;0;(-38.5479782 -3.7875025);
;2022-10-09 07:09:51;Doutor Perilo Teixeira;;;Parque Genibau;;Colisão;;Não informado;;Meio De Quadra;;;0;1;0;1;1;0;0;0;0;0;0;0;0;(-38.6018241 -3.7581171);
;2022-10-09 05:03:56;Sargento Joao Pinheiro;;;Granja Lisboa;;Queda;;Não informado;;Meio De Quadra;;;0;1;0;1;0;0;0;0;0;0;0;0;0;(-38.6223026 -3.781406);
;2022-10-09 03:40:50;Avenida Godofredo Maciel;;;Maraponga;;Colisão;;Não informado;;Meio De Quadra;;;0;1;0;1;1;0;0;0;0;0;0;0;0;(-38.5696365 -3.7971324);
;2022-10-09 03:05:24;Rua Sabiaguaba;;;Sabiaguaba;;Capotamento;;Não informado;;Meio De Quadra;;;0;1;0;0;1;0;0;0;0;0;0;0;0;(-38.4435643 -3.7895146);
;2022-10-09 02:31:37;Eça De Queiroz  - Cidade Jardim Dois;;;Prefeito Jose Walter;;Queda;;Não informado;;Meio De Quadra Sem Numero;;;0;1;0;1;0;0;0;0;0;0;0;0;0;(-38.5507697 -3.8261238);
;2022-10-09 02:28:48;860;;;Conjunto Ceara;;Queda;;Não informado;;Meio De Quadra Sem Numero;;;0;1;0;1;0;0;0;0;0;0;0;0;0;(-38.5993337 -3.7689275);
;2022-10-09 02:17:27;Miguel Aragao;;;Mondubim;;Atropelamento;;Não informado;;Meio De Quadra Sem Numero;;;0;1;0;1;0;0;0;0;0;0;0;0;0;(-38.5877687 -3.8327635);
;2022-10-09 00:11:36;21 De Abril;;;Bela Vista;;Queda;;Não informado;;Meio De Quadra;;;0;1;0;1;0;0;0;0;0;0;0;0;0;(-38.5653928 -3.7449632);
;2022-10-08 23:43:58;Avenida Senador Fernandes Tavora;;;Joquei Clube;;Atropelamento;;Não informado;;Meio De Quadra;;;0;1;0;1;0;0;0;0;0;0;0;0;0;(-38.5819394 -3.762106);
;2022-10-08 22:36:10;Raul Barbosa;;;Aerolandia;;Colisão;;Não informado;;Meio De Quadra;;;0;1;0;1;1;0;0;0;0;0;0;0;0;(-38.5126266 -3.7738656);
;2022-10-08 22:35:24;Carlos Chagas;;;Bonsucesso;;Colisão;;Não informado;;Meio De Quadra;;;0;1;0;1;1;0;0;0;0;0;0;0;0;(-38.5822572 -3.7810762);
;2022-10-08 22:31:12;J - Vila Velha 3;;;Vila Velha;;Atropelamento;;Não informado;;Meio De Quadra;;;0;1;0;0;1;0;0;0;0;0;0;0;0;(0 0);
;2022-10-08 22:03:57;Avenida Independencia;;;Jardim Guanabara;;Colisão;;Não informado;;Meio De Quadra;;;0;1;0;1;1;0;0;0;0;0;0;0;0;(-38.5885819 -3.72773);
;2022-10-08 20:25:46;Avenida Palmeira Dos Indios;;;Pedras;;Colisão;;Não informado;;Meio De Quadra;;;0;1;0;1;1;0;0;0;0;0;0;0;0;(-38.5093811 -3.8751463);
;2022-10-08 18:50:34;Rua Dom Lino;;;Parquelandia;;Colisão;;Não informado;;Meio De Quadra;;;0;2;0;2;0;0;0;0;0;0;0;0;0;(-38.55720830000001 -3.7351895);
;2022-10-08 17:56:19;Osorio De Paiva;;;Canindezinho;;Queda;;Não informado;;Meio De Quadra;;;0;1;0;1;0;0;0;0;0;0;0;0;0;(-38.613256 -3.8158994);
;2022-10-08 17:48:08;Pedro Dantas;;;Dias Macedo;;Queda;;Não informado;;Meio De Quadra;;;0;1;0;0;0;0;0;0;0;1;0;0;0;(-38.5238088 -3.7856913);
;2022-10-08 16:04:51;Sobreira Filho;;;Bonsucesso;;Queda;;Não informado;;Meio De Quadra;;;0;1;0;0;0;0;0;0;0;1;0;0;0;(-38.5824727 -3.7792879);
;2022-10-08 15:56:44;Coronel De Carvalhoant. Bezerra;;;Barra Do Ceara;;Queda;;Não informado;;Meio De Quadra;;;0;1;0;0;0;0;0;0;0;1;0;0;0;(0 0);
;2022-10-08 14:33:47;Avenida Treze De Maio - Esquina;Barao Do Rio Branco;;Fatima;;Colisão;;Não informado;;Cruzamento;;;0;1;0;2;0;0;0;0;0;0;0;0;0;(-38.5297266 -3.7489328);
;2022-10-08 13:52:32;Contorno Sul;;;Jangurussu;;Atropelamento;;Não informado;;Meio De Quadra Sem Numero;;;0;1;0;0;1;0;0;0;0;0;0;0;0;(-38.5199088 -3.8377883);
;2022-10-08 13:41:20;Hipolito Brasil Esq.;Av. Perimetral;;Henrique Jorge;;Colisão;;Não informado;;Cruzamento;;;0;1;0;2;0;0;0;0;0;0;0;0;0;(-38.5864203 -3.794134);
;2022-10-08 10:39:08;Silas Monguba;;;Passare;;Colisão;;Não informado;;Meio De Quadra;;;0;1;0;1;1;0;0;0;0;0;0;0;0;(-38.5299942 -3.8008318);
;2022-10-08 09:17:04;Carneiro De Mendonça;;;Parangaba;;Colisão;;Não informado;;Meio De Quadra;;;0;2;0;0;2;0;0;0;0;0;0;0;0;(0 0);
;2022-10-08 09:05:21;Avenida Tristao Gonçalves -;;;Centro;;Queda;;Não informado;;Meio De Quadra;;;0;1;0;1;0;0;0;0;0;0;0;0;0;(-38.5344116 -3.7314124);
;2022-10-08 05:50:24;Diogo Correia;;;Joao Xxiii;;Colisão;;Não informado;;Meio De Quadra;;;0;1;0;0;2;0;0;0;0;0;0;0;0;(-38.5905078 -3.7698568);
;2022-10-08 05:33:33;Visconde Do Rio Branco;;;Joaquim Tavora;;Colisão;;Não informado;;Meio De Quadra;;;0;1;0;0;2;0;0;0;0;0;0;0;0;(-38.5217156 -3.7468667);
;2022-10-08 04:05:27;Rua Cidade Ecologica;;;Edson Queiroz;;Colisão;;Não informado;;Meio De Quadra;;;0;1;0;1;1;0;0;0;0;0;0;0;0;(-38.4639837 -3.7740119);
;2022-10-08 03:18:51;Ministro Jose Americo;Crisanto Moreira Da Rocha;;Cambeba;;Colisão;;Não informado;;Cruzamento;;;0;1;0;1;1;0;0;0;0;0;0;0;0;(-38.4836533 -3.8104543);
;2022-10-08 02:38:03;Antonio Fiuza;;;Montese;;Colisão;;Não informado;;Meio De Quadra;;;0;1;0;1;1;0;0;0;0;0;0;0;0;(0 0);
;2022-10-08 02:10:35;Rua Martins Neto -;;;Antonio Bezerra;;Queda;;Não informado;;Meio De Quadra;;;0;1;0;0;0;0;0;0;0;1;0;0;0;(-38.5857221 -3.7399457);
;2022-10-08 01:22:39;Professor Carvalho;Pontes Vieira;;Joaquim Tavora;;Colisão;;Não informado;;Cruzamento;;;0;1;0;2;0;0;0;0;0;0;0;0;0;(-38.51494400000001 -3.7529461);
;2022-10-07 22:42:47;Leste Oeste;;;Barra Do Ceara;;Queda;;Não informado;;Meio De Quadra Sem Numero;;;0;1;0;1;0;0;0;0;0;0;0;0;0;(-38.5757674 -3.7057814);
;2022-10-07 22:32:05;Ari Barroso;;;Papicu;;Colisão;;Não informado;;Meio De Quadra Sem Numero;;;0;1;0;1;1;0;0;0;0;0;0;0;0;(-38.4723755 -3.7399426);
;2022-10-07 22:14:16;Avenida Washington Luis;;;Vila Velha;;Queda;;Não informado;;Meio De Quadra;;;0;1;0;1;0;0;0;0;0;0;0;0;0;(-38.59154220000001 -3.7168455);
;2022-10-07 22:10:25;Andre Rebouças;Alberto Do Monte;;Bonsucesso;;Colisão;;Não informado;;Cruzamento;;;0;1;0;1;1;0;0;0;0;0;0;0;0;(-38.5903462 -3.7752632);
;2022-10-07 22:03:56;Avenida Humberto Monte;;;Bonsucesso;;Colisão;;Não informado;;Meio De Quadra Sem Numero;;;0;1;0;2;0;0;0;0;0;0;0;0;0;(-38.5627561 -3.7463144);
;2022-10-07 21:29:11;Rua Bartolomeu De Gusmao;Rua  Zuzete Pinto;;Fatima;;Colisão;;Não informado;;Cruzamento;;;0;1;0;0;2;0;0;0;0;0;0;0;0;(-38.5247731 -3.7573529);
;2022-10-07 21:23:46;Washigton Soares;;;Edson Queiroz;;Colisão;;Não informado;;Meio De Quadra;;;0;1;0;1;1;0;0;0;0;0;0;0;0;(-38.4791196 -3.7992419);
;2022-10-07 20:54:00;Olimpio Paiva;;;Carlito Pamplona;;Atropelamento;;Não informado;;Meio De Quadra;;;0;1;0;0;1;0;0;0;0;0;0;0;0;(-38.559711 -3.7177847);