COD_ACIDENTE;DATA;LOG1;LOG2;NUMERO;BAIRRO;AMC;NATUREZA;ILUMINACAO;TEMPO;SUPERFICIEPISTA;TIPOCRUZAMENTO;CONTROLETRAFEGO;USOSOLO;MORTOS;FERIDOS;ILESOS;MOTOCICLETA;AUTOMOVEL;MICROONIBUS;CAMINHAO;ONIBUS;CICLOMOTOR;BICICLETA;OUTROS;TREM;TRACAOANIMAL;COORDENADAS
;2022-10-07 20:17:02;Avenida Washington Soares;;;Edson Queiroz;;Colisão;;Não informado;;Meio De Quadra;;;0;1;0;1;1;0;0;0;0;0;0;0;0;(-38.4793307 -3.8051435);
;2022-10-07 19:45:11;Rua Doutor Manuel Moreira;;;Mondubim;;Colisão;;Não informado;;Meio De Quadra;;;0;1;0;1;1;0;0;0;0;0;0;0;0;(-38.5719332 -3.8090189);
;2022-10-07 19:24:08;Isabel Maia E Silva De Alencar;;;Jose De Alencar;;Colisão;;Não informado;;Meio De Quadra;;;0;1;0;1;1;0;0;0;0;0;0;0;0;(-38.477135 -3.8149708);
;2022-10-07 19:06:58;Avenida Governador Raul Barbosa;;;Sao Joao Do Tauape;;Colisão;;Não informado;;Meio De Quadra Sem Numero;;;0;1;0;0;2;0;0;0;0;0;0;0;0;(-38.5046054 -3.7583541);
;2022-10-07 17:57:34;General Murilo Borges;;;Guararapes;;Queda;;Não informado;;Meio De Quadra Sem Numero;;;0;1;0;1;0;0;0;0;0;0;0;0;0;(-38.5030506 -3.765086);
;2022-10-07 16:56:35;Avenida Filomeno Gomes;;;Jacarecanga;;Colisão;;Não informado;;Meio De Quadra;;;0;1;0;1;1;0;0;0;0;0;0;0;0;(-38.5416185 -3.7202326);
;2022-10-07 16:20:05;Osorio De Paiva;;;Siqueira;;Colisão;;Não informado;;Meio De Quadra;;;0;1;0;1;1;0;0;0;0;0;0;0;0;(-38.6008366 -3.8037965);
;2022-10-07 15:54:05;Rua Coronel Ernesto Matos;;;Messejana;;Colisão;;Não informado;;Meio De Quadra;;;0;1;0;0;1;0;0;0;0;1;0;0;0;(-38.4896807 -3.831170699999999);
;2022-10-07 14:44:01;Pernambuco;;;Democrito Rocha;;Queda;;Não informado;;Meio De Quadra;;;0;1;0;1;0;0;0;0;0;0;0;0;0;(-38.57590260000001 -3.7538762);
;2022-10-07 14:41:10;Presidente Castelo Branco - Upa Pirambu;;;Cristo Redentor;;Queda;;Não informado;;Meio De Quadra Sem Numero;;;0;1;0;0;0;0;0;0;0;1;0;0;0;(-38.5645486 -3.7095397);
;2022-10-07 12:56:25;BR 116 KM 6;;;Cajazeiras;;Colisão;;Não informado;;Meio De Quadra;;;0;1;0;1;1;0;0;0;0;0;0;0;0;(0 0);
;2022-10-07 12:32:44;Rua Coronel Fabriciano;;;Bom Jardim;;Queda;;Não informado;;Meio De Quadra;;;0;1;0;1;0;0;0;0;0;0;0;0;0;(-38.6122018 -3.7814635);
;2022-10-07 12:20:05;Desembagador Gonzaga;;;Cidade Dos Funcionarios;;Colisão;;Não informado;;Meio De Quadra;;;0;1;0;0;1;0;0;0;0;1;0;0;0;(-38.5043902 -3.7877996);
;2022-10-07 12:18:23;Cesar Fontenele;;;Amadeu Furtado;;Colisão;;Não informado;;Meio De Quadra;;;0;1;0;2;0;0;0;0;0;0;0;0;0;(-38.5588286 -3.7463512);
;2022-10-07 11:41:55;Jose Leon;;;Jardim Das Oliveiras;;Colisão;;Não informado;;Meio De Quadra;;;0;1;0;0;1;0;0;0;0;1;0;0;0;(-38.4937182 -3.7895893);
;2022-10-07 11:32:41;Oliveira Paiva;;;Cajazeiras;;Colisão;;Não informado;;Meio De Quadra Sem Numero;;;0;1;0;1;1;0;0;0;0;0;0;0;0;(-38.492164 -3.795765);
;2022-10-07 11:30:59;Governador  Raul Barbosaaldeota;;;Aerolandia;;Queda;;Não informado;;Meio De Quadra Sem Numero;;;0;1;0;1;0;0;0;0;0;0;0;0;0;(-38.512539 -3.7729647);
;2022-10-07 11:29:34;Jose Jatahy;Rua Tenente Lisboa;;Jacarecanga;;Colisão;;Não informado;;Cruzamento;;;0;1;0;1;1;0;0;0;0;0;0;0;0;(-38.5452524 -3.7183071);
;2022-10-07 11:25:15;Fiscal Vieira;Ana Gonçalves 174;;Sao Joao Do Tauape;;Colisão;;Não informado;;Cruzamento;;;0;1;0;1;1;0;0;0;0;0;0;0;0;(-38.514656 -3.7597976);
;2022-10-07 10:58:38;Julio Cesar;Costa Mendes;;Damas;;Colisão;;Não informado;;Cruzamento;;;0;2;0;1;1;0;0;0;0;0;0;0;0;(-38.5493152 -3.752503);
;2022-10-07 10:28:19;Rua Livreiro Arlindo;;;Farias Brito;;Atropelamento;;Não informado;;Meio De Quadra;;;0;1;0;0;1;0;0;0;0;0;0;0;0;(-38.5436361 -3.7299618);
;2022-10-07 10:28:00;Rua Oto De Alencar;;;Centro;;Colisão;;Não informado;;Meio De Quadra;;;0;2;0;1;1;0;0;0;0;0;0;0;0;(-38.5400388 -3.72366);
;2022-10-07 08:45:19;Avenida General Osorio De Paiva -;;;Siqueira;;Queda de moto;;Não informado;;Meio De Quadra Sem Numero;;;0;1;0;2;0;0;0;0;0;0;0;0;0;(-38.6103328 -3.8133833);
;2022-10-07 03:17:24;BR 116 KM 11;;;Messejana;;Atropelamento;;Não informado;;Meio De Quadra;;;0;1;0;0;1;0;0;0;0;0;0;0;0;(0 0);
;2022-10-07 00:44:32;Sao Miguel;;;Henrique Jorge;;Queda;;Não informado;;Meio De Quadra;;;0;1;0;1;0;0;0;0;0;0;0;0;0;(-38.6028632 -3.749506);
;2022-10-06 23:50:49;Francisco Sa;;;Barra Do Ceara;;Queda;;Não informado;;Meio De Quadra;;;0;1;0;1;0;0;0;0;0;0;0;0;0;(-38.574722 -3.7112027);
;2022-10-06 22:54:08;Avenida Desembargador Gonzaga;;;Cidade Dos Funcionarios;;Atropelamento;;Não informado;;Meio De Quadra;;;0;1;0;0;0;0;0;0;0;0;1;0;0;(-38.5035431 -3.789571);
;2022-10-06 22:42:42;Beira Mar;;;Mucuripe;;Queda;;Não informado;;Meio De Quadra Sem Numero;;;0;1;0;0;0;0;0;0;0;1;0;0;0;(-38.4848603 -3.7232731);
;2022-10-06 20:41:03;Rua Professor Edgard De Arruda -;;;Dom Lustosa;;Atropelamento;;Não informado;;Meio De Quadra;;;0;1;0;0;1;0;0;0;0;0;0;0;0;(-38.5865421 -3.7574635);
;2022-10-06 19:39:28;Rua Dom Helio Campos;;;Carlito Pamplona;;Colisão;;Não informado;;Meio De Quadra;;;0;2;0;0;2;0;0;0;0;0;0;0;0;(-38.5562341 -3.7156184);
;2022-10-06 19:27:39;Avenida Deputado Oswaldo Studart;;;Fatima;;Queda;;Não informado;;Meio De Quadra Sem Numero;;;0;1;0;1;0;0;0;0;0;0;0;0;0;(-38.5295092 -3.7550067);
;2022-10-06 18:48:09;Santos Dumont;;;Varjota;;Colisão;;Não informado;;Meio De Quadra Sem Numero;;;0;1;0;1;1;0;0;0;0;0;0;0;0;(-38.4871768 -3.7398314);
;2022-10-06 18:47:37;Avenida Julio Abreu;;;Varjota;;Atropelamento;;Não informado;;Meio De Quadra;;;0;2;0;0;1;0;0;0;0;0;0;0;0;(-38.4875178 -3.7360992);
;2022-10-06 18:42:19;Jose Avelino;Alberto Neponuceno;;Centro;;Colisão;;Não informado;;Cruzamento;;;0;1;0;1;1;0;0;0;0;0;0;0;0;(-38.5195903 -3.7223823);
;2022-10-06 18:41:26;Rua Jose Avelino;;;Centro;;Colisão;;Não informado;;Meio De Quadra;;;0;2;0;1;1;0;0;0;0;0;0;0;0;(-38.5219618 -3.7220076);
;2022-10-06 18:30:20;Avenida Borges De Melo;;;Fatima;;Colisão;;Não informado;;Meio De Quadra;;;0;2;0;1;1;0;0;0;0;0;0;0;0;(-38.5345198 -3.7564224);
;2022-10-06 18:24:04;Avenida Presidente Costa E Silva;;;Prefeito Jose Walter;;Colisão;;Não informado;;Meio De Quadra Sem Numero;;;0;1;0;1;1;0;0;0;0;0;0;0;0;(-38.5443558 -3.8244455);
;2022-10-06 18:09:08;Rua Nunes Feijo;Conjunto Santa Filomena;;Jangurussu;;Colisão;;Não informado;;Cruzamento;;;0;1;0;1;1;0;0;0;0;0;0;0;0;(-38.506454 -3.8464998);
;2022-10-06 17:57:14;Americo Barreira;;;Rodolfo Teofilo;;Colisão;;Não informado;;Meio De Quadra;;;0;1;0;1;1;0;0;0;0;0;0;0;0;(0 0);
;2022-10-06 17:49:59;Mister Hull - Sentindo Caucaia;;;Antonio Bezerra;;Colisão;;Não informado;;Meio De Quadra Sem Numero;;;0;1;0;1;1;0;0;0;0;0;0;0;0;(-38.5918137 -3.7395231);
;2022-10-06 17:13:30;Rua Padre Pedro De Alencar;;;Messejana;;Colisão;;Não informado;;Meio De Quadra;;;0;1;0;1;1;0;0;0;0;0;0;0;0;(-38.4957461 -3.8421149);
;2022-10-06 16:30:06;Lino Encarnação;Azevedo Bolao;;Parquelandia;;Colisão;;Não informado;;Cruzamento;;;0;1;0;1;1;0;0;0;0;0;0;0;0;(-38.5614487 -3.7374207);
;2022-10-06 15:44:09;Rua Siqueira Campos;;;Siqueira;;Colisão;;Não informado;;Meio De Quadra;;;0;1;0;1;1;0;0;0;0;0;0;0;0;(-38.6268374 -3.8146904);
;2022-10-06 14:56:35;Avenida Santos Dumont - Vicente Leite;;;Aldeota;;Colisão;;Não informado;;Meio De Quadra Sem Numero;;;0;1;0;0;2;0;0;0;0;0;0;0;0;(-38.4954164 -3.7371666);
;2022-10-06 13:42:49;Conego De Castro;;;Parque Santa Rosa;;Colisão;;Não informado;;Meio De Quadra;;;0;1;0;2;0;0;0;0;0;0;0;0;0;(-38.5958766 -3.8095823);
;2022-10-06 13:19:05;Santa Maria Gorete;;;Quintino Cunha;;Atropelamento;;Não informado;;Meio De Quadra;;;0;1;0;1;0;0;0;0;0;0;0;0;0;(-38.6025053 -3.7255827);
;2022-10-06 13:15:05;Av Duque De Caxias;;;Centro;;Colisão;;Não informado;;Meio De Quadra;;;0;2;0;0;2;0;0;0;0;0;0;0;0;(-38.537146 -3.7292811);
;2022-10-06 12:23:38;Godofredo Maciel;;;Prefeito Jose Walter;;Colisão;;Não informado;;Meio De Quadra Sem Numero;;;0;1;0;1;1;0;0;0;0;0;0;0;0;(-38.572465 -3.8044711);
;2022-10-06 11:14:20;Bernardo Manuel;;;Parque Dois Irmaos;;Colisão;;Não informado;;Meio De Quadra Sem Numero;;;0;1;0;1;1;0;0;0;0;0;0;0;0;(-38.5540171 -3.8074526);
;2022-10-06 11:08:41;Da Misericordia;R. Guilherme Mendes;;Jardim Iracema;;Colisão;;Não informado;;Cruzamento;;;0;1;0;1;1;0;0;0;0;0;0;0;0;(-38.5839361 -3.7209365);
;2022-10-06 10:05:19;Pompilho Gomes;;;Barroso;;Colisão;;Não informado;;Meio De Quadra;;;0;1;0;0;2;0;0;0;0;0;0;0;0;(-38.5209764 -3.8145353);
;2022-10-06 10:01:09;Senador Roberto Kennedy;;;Barra Do Ceara;;Colisão;;Não informado;;Meio De Quadra;;;0;1;0;0;2;0;0;0;0;0;0;0;0;(-38.5809552 -3.707681);
;2022-10-06 09:28:12;BR 116 KM 12;;;Pedras;;Colisão;;Não informado;;Meio De Quadra Sem Numero;;;0;1;0;0;2;0;0;0;0;0;0;0;0;(0 0);
;2022-10-06 01:31:54;Alberto Magno;;;Montese;;Queda;;Não informado;;Meio De Quadra;;;0;1;0;1;0;0;0;0;0;0;0;0;0;(-38.5524087 -3.7683144);
;2022-10-05 23:50:16;Leste Oeste;;;Pirambu;;Colisão;;Não informado;;Meio De Quadra;;;0;1;0;2;0;0;0;0;0;0;0;0;0;(-38.5489313 -3.7134387);
;2022-10-05 23:01:32;Francisco Sa;;;Alvaro Weyne;;Colisão;;Não informado;;Meio De Quadra;;;0;2;0;1;1;0;0;0;0;0;0;0;0;(-38.5707952 -3.7129501);
;2022-10-05 21:50:19;Rua Maria Julia -;;;Bom Jardim;;Colisão;;Não informado;;Meio De Quadra;;;0;1;0;0;2;0;0;0;0;0;0;0;0;(-38.60120320000001 -3.797391499999999);
;2022-10-05 21:32:25;Rua Jorge Dumar;Rua Major Weyne;;Jardim America;;Atropelamento;;Não informado;;Cruzamento;;;0;1;0;1;0;0;0;0;0;0;0;0;0;(-38.5393808 -3.7526446);
;2022-10-05 19:42:49;Avenida Alberto Craveiro;; ;Boa Vista;;Colisão;;Não informado;;Meio De Quadra;;;0;1;0;1;1;0;0;0;0;0;0;0;0;(-38.5228023 -3.8044848);
;2022-10-05 19:31:31;Isaque Amaral;;;Dionisio Torres;;Queda;;Não informado;;Meio De Quadra;;;0;1;0;1;0;0;0;0;0;0;0;0;0;(0 0);
;2022-10-05 18:29:14;Joaquim Magalhaes;;;Jose Bonifacio;;Colisão;;Não informado;;Meio De Quadra;;;0;1;0;1;1;0;0;0;0;0;0;0;0;(-38.5293176 -3.7394754);
;2022-10-05 18:11:24;Senador Fernandes Tavora;;;Henrique Jorge;;Colisão;;Não informado;;Meio De Quadra;;;0;1;0;1;1;0;0;0;0;0;0;0;0;(-38.5918517 -3.7572023);
;2022-10-05 17:56:30;Avenida Heraclito Graça;;;Aldeota;;Colisão;;Não informado;;Meio De Quadra;;;0;1;0;0;2;0;0;0;0;0;0;0;0;(-38.5171293 -3.7357172);
;2022-10-05 17:33:44;Rua Joaquim Dos Anjos;;;Planalto Ayrton Senna;;Queda;;Não informado;;Meio De Quadra;;;0;1;0;1;0;0;0;0;0;0;0;0;0;(-38.5702665 -3.8306823);
;2022-10-05 17:14:18;Avenida Presidente Costa E Silva;;;Mondubim;;Colisão;;Não informado;;Meio De Quadra Sem Numero;;;0;1;0;1;1;0;0;0;0;0;0;0;0;(-38.5647962 -3.8178905);
;2022-10-05 16:17:17;Rua Caninde;;;Varjota;;Colisão;;Não informado;;Meio De Quadra;;;0;1;0;2;0;0;0;0;0;0;0;0;0;(-38.482395 -3.7287464);
;2022-10-05 16:05:55;Pedro Dantas;;;Dias Macedo;;Colisão;;Não informado;;Meio De Quadra;;;0;2;0;0;2;0;0;0;0;0;0;0;0;(-38.5198378 -3.786368199999999);
;2022-10-05 15:20:23;Via Lactea;;;Vila Uniao;;Queda;;Não informado;;Meio De Quadra;;;0;1;0;1;0;0;0;0;0;0;0;0;0;(-38.5300809 -3.7647012);
;2022-10-05 12:04:21;Osorio De Paiva;;;Siqueira;;Queda;;Não informado;;Meio De Quadra Sem Numero;;;0;1;0;0;0;0;0;0;0;1;0;0;0;(-38.6103328 -3.8133833);
;2022-10-05 11:26:35;Castro E Silva;Rua General Sampaio;;Centro;;Atropelamento;;Não informado;;Cruzamento;;;0;1;0;1;0;0;0;0;0;0;0;0;0;(-38.5296615 -3.7231105);
;2022-10-05 11:19:14;Pedro Dabtas;;;Dias Macedo;;Colisão;;Não informado;;Meio De Quadra;;;0;1;0;1;1;0;0;0;0;0;0;0;0;(-38.5229879 -3.785639);
;2022-10-05 10:17:21;C - Bairro: Aracape;;;Aracape;;Colisão;;Não informado;;Meio De Quadra;;;0;1;0;0;2;0;0;0;0;0;0;0;0;(-38.584242 -3.8245541);
;2022-10-05 09:44:36;Santos Dumont;;;Papicu;;Choque c/ Obstáculo Fixo;;Não informado;;Meio De Quadra Sem Numero;;;0;1;0;0;1;0;0;0;0;0;0;0;0;(-38.4748801 -3.7440913);
;2022-10-05 09:07:36;Osorio De Paiva;;;Siqueira;;Colisão;;Não informado;;Meio De Quadra;;;0;1;0;1;1;0;0;0;0;0;0;0;0;(0 0);
;2022-10-04 23:37:20;Quatro - Conjunto Mira Sol;;;Itaperi;;Colisão;;Não informado;;Meio De Quadra;;;0;1;0;1;1;0;0;0;0;0;0;0;0;(-38.5632501 -3.7977599);
;2022-10-04 21:10:47;Osorio De Paiva;;;Siqueira;;Queda;;Não informado;;Meio De Quadra;;;0;2;0;1;0;0;0;0;0;0;0;0;0;(-38.5865383 -3.7889579);
;2022-10-04 20:58:21;Senador Carlos Jereissati;;;Dias Macedo;;Colisão;;Não informado;;Meio De Quadra Sem Numero;;;0;2;0;2;0;0;0;0;0;0;0;0;0;(-38.5242645 -3.7832708);
;2022-10-04 20:52:21;Rua Jose Torres;;;Granja Lisboa;;Colisão;;Não informado;;Meio De Quadra;;;0;1;0;1;1;0;0;0;0;0;0;0;0;(-38.6068902 -3.778894);
;2022-10-04 18:37:20;Senador Carlos Jereissati;;;Aeroporto;;Queda;;Não informado;;Meio De Quadra Sem Numero;;;0;2;0;1;0;0;0;0;0;0;0;0;0;(-38.5357467 -3.7820759);
;2022-10-04 18:22:35;Rua Argentina;;;Bela Vista;;Queda;;Não informado;;Meio De Quadra;;;0;1;0;1;0;0;0;0;0;0;0;0;0;(-38.56446469999999 -3.7474319);
;2022-10-04 16:49:16;Avila Goulart;;;Papicu;;Atropelamento;;Não informado;;Meio De Quadra Sem Numero;;;0;1;0;0;1;0;0;0;0;0;0;0;0;(-38.4791684 -3.7345161);
;2022-10-04 16:11:51;Miguel Gurgel  --  Upa Messejana;;;Messejana;;Atropelamento;;Não informado;;Meio De Quadra Sem Numero;;;0;1;0;1;0;0;0;0;0;0;0;0;0;(-38.48236 -3.839615);
;2022-10-04 15:14:04;Dolor Barreira;Emidio Lobo;;De Lourdes;;Colisão;;Não informado;;Cruzamento;;;0;1;0;1;1;0;0;0;0;0;0;0;0;(-38.4675817 -3.739517);
;2022-10-04 15:11:33;Perimetral - Em Cima Do Viadulto Do Ant. Bezerra;;;Antonio Bezerra;;Colisão;;Não informado;;Meio De Quadra Sem Numero;;;0;1;0;0;2;0;0;0;0;0;0;0;0;(-38.58428 -3.7383);
;2022-10-04 14:56:19;Perimetral;No Viaduto;;Antonio Bezerra;;Colisão;;Não informado;;Cruzamento;;;0;1;0;0;2;0;0;0;0;0;0;0;0;(-38.5855393 -3.7380635);
;2022-10-04 13:22:49;Correia Lima;;;Edson Queiroz;;Colisão;;Não informado;;Meio De Quadra Sem Numero;;;0;1;0;0;2;0;0;0;0;0;0;0;0;(-38.4671218 -3.7812398);
;2022-10-04 12:53:45;Castelo De Castro;;;Jangurussu;;Colisão;;Não informado;;Meio De Quadra;;;0;1;0;1;1;0;0;0;0;0;0;0;0;(-38.5217835 -3.8341328);
;2022-10-04 12:48:50;Nan;;;Não informado;;Colisão;;Não informado;;Meio De Quadra Sem Numero;;;0;1;0;0;2;0;0;0;0;0;0;0;0;(0 0);
;2022-10-04 12:16:08;Graciliano Ramos;;;Fatima;;Colisão;;Não informado;;Meio De Quadra;;;0;1;0;1;1;0;0;0;0;0;0;0;0;(-38.5307034 -3.7533196);
;2022-10-04 10:59:44;Emilio Lobo;;;Papicu;;Colisão;;Não informado;;Meio De Quadra;;;0;2;0;1;1;0;0;0;0;0;0;0;0;(-38.4703917 -3.7380005);
;2022-10-04 10:41:27;Joao Pessoa;;;Damas;;Colisão;;Não informado;;Meio De Quadra;;;0;1;0;1;1;0;0;0;0;0;0;0;0;(-38.55074 -3.75374);
;2022-10-04 10:40:04;Borges De Melo;;;Aerolandia;;Colisão;;Não informado;;Meio De Quadra Sem Numero;;;0;1;0;1;1;0;0;0;0;0;0;0;0;(-38.5283938 -3.7602384);
;2022-10-04 09:39:38;Avenida Jose Bastos;;;Democrito Rocha;;Colisão;;Não informado;;Meio De Quadra;;;0;1;0;1;1;0;0;0;0;0;0;0;0;(-38.547943 -3.747139);
;2022-10-04 04:34:24;Nova Fortleza;;;Planalto Ayrton Senna;;Colisão;;Não informado;;Meio De Quadra;;;0;1;0;0;2;0;0;0;0;0;0;0;0;(-38.5731177 -3.8396298);
;2022-10-04 04:27:12;Rua Jose Setubal Pessoa;;;Cais Do Porto;;Colisão;;Não informado;;Meio De Quadra;;;0;1;0;1;1;0;0;0;0;0;0;0;0;(0 0);
;2022-10-03 22:10:24;Santos Dumont;Av. Dioguinho;;Antonio Diogo;;Queda;;Não informado;;Cruzamento;;;0;1;0;1;0;0;0;0;0;0;0;0;0;(-38.45039360000001 -3.7469494);
;2022-10-03 21:36:56;Queiroz Ribeiro;;;Montese;;Colisão;;Não informado;;Meio De Quadra;;;0;1;0;1;1;0;0;0;0;0;0;0;0;(-38.5458445 -3.7627842);
;2022-10-03 20:41:08;Aguanambi > Sentindo Messejana;;;Centro;;Colisão;;Não informado;;Meio De Quadra;;;0;1;0;0;2;0;0;0;0;0;0;0;0;(-38.5270184 -3.7328106);
;2022-10-03 20:18:32;Avenida General Osorio De Paiva -;;;Canindezinho;;Queda;;Não informado;;Meio De Quadra;;;0;2;0;1;0;0;0;0;0;0;0;0;0;(-38.5905192 -3.7930868);
;2022-10-03 20:11:57;C  - Quarta Etapa;;;Conjunto Ceara;;Colisão;;Não informado;;Meio De Quadra;;;0;1;0;1;1;0;0;0;0;0;0;0;0;(-38.6154119 -3.7672577);
;2022-10-03 19:03:39;Marechal Deodoro;Juvenal Galeno;;Benfica;;Colisão;;Não informado;;Cruzamento;;;0;1;0;0;1;0;0;0;0;1;0;0;0;(-38.5359819 -3.7417189);
;2022-10-03 18:48:52;Tristao Gonçlves;;;Centro;;Queda;;Não informado;;Meio De Quadra;;;0;1;0;1;0;0;0;0;0;0;0;0;0;(-38.5350447 -3.7336627);
;2022-10-03 18:31:22;Afrodisio Gondim;;;Montese;;Colisão;;Não informado;;Meio De Quadra;;;0;1;0;1;1;0;0;0;0;0;0;0;0;(-38.5467061 -3.756517799999999);
;2022-10-03 17:17:34;Barao De Studart;;;Dionisio Torres;;Queda de moto;;Não informado;;Meio De Quadra;;;0;1;0;2;0;0;0;0;0;0;0;0;0;(-38.5091449 -3.7411939);
;2022-10-03 17:06:55;Carlos Chaves;Augusto Dos Anjos 1775;;Parangaba;;Colisão;;Não informado;;Cruzamento;;;0;1;0;1;1;0;0;0;0;0;0;0;0;(-38.5801761 -3.7818759);
;2022-10-03 16:39:49;Presidente Costa E Silva;;;Jangurussu;;Colisão;;Não informado;;Meio De Quadra;;;0;1;0;1;1;0;0;0;0;0;0;0;0;(0 0);
;2022-10-03 16:24:16;Rua Professor Jose Henrique;;;Messejana;;Colisão;;Não informado;;Meio De Quadra;;;0;1;0;1;1;0;0;0;0;0;0;0;0;(-38.4806335 -3.830607199999999);
;2022-10-03 15:31:47;Jose Bastos;;;Jacarecanga;;Colisão;;Não informado;;Meio De Quadra;;;0;1;0;1;1;0;0;0;0;0;0;0;0;(-38.5471472 -3.7464585);
;2022-10-03 15:20:41;Eduardo Garcia;Coronel Jucar;;Aldeota;;Colisão;;Não informado;;Cruzamento;;;0;1;0;0;2;0;0;0;0;0;0;0;0;(-38.4921885 -3.740406399999999);
;2022-10-03 14:00:42;Mister Hull;;;Antonio Bezerra;;Colisão;;Não informado;;Meio De Quadra Sem Numero;;;0;1;0;1;1;0;0;0;0;0;0;0;0;(-38.5918137 -3.7395231);
;2022-10-03 11:18:52;Washington Soares;;;Edson Queiroz;;Queda;;Não informado;;Meio De Quadra;;;0;1;0;1;0;0;0;0;0;0;0;0;0;(-38.4872524 -3.756358099999999);
;2022-10-03 11:00:25;Jose Bastos;;;Rodolfo Teofilo;;Colisão;;Não informado;;Meio De Quadra Sem Numero;;;0;1;0;1;1;0;0;0;0;0;0;0;0;(-38.5497635 -3.7493857);
;2022-10-03 10:59:52;João Cordeiro;;;Centro;;Queda;;Não informado;;Meio De Quadra;;;0;1;0;1;0;0;0;0;0;0;0;0;0;(-38.5145193 -3.7304144);
;2022-10-03 10:43:58;Paulo Firmeza;;;Sao Joao Do Tauape;;Colisão;;Não informado;;Meio De Quadra;;;0;1;0;1;1;0;0;0;0;0;0;0;0;(-38.5079497 -3.7567762);
;2022-10-03 10:41:28;Antonio Fiusa;15 De Novembro;;Itaoca;;Queda;;Não informado;;Cruzamento;;;0;1;0;1;0;0;0;0;0;0;0;0;0;(-38.5522549 -3.7702479);
;2022-10-03 10:30:41;Diamantina;;;Parangaba;;Queda;;Não informado;;Meio De Quadra;;;0;1;0;1;0;0;0;0;0;0;0;0;0;(-38.5675683 -3.7648101);
;2022-10-03 10:19:37;Senador Carlos Jereissati;;;Dias Macedo;;Colisão;;Não informado;;Meio De Quadra Sem Numero;;;0;1;0;1;1;0;0;0;0;0;0;0;0;(-38.5242645 -3.7832708);
;2022-10-03 10:16:17;Godofredo Maciel;;;Mondubim;;Colisão;;Não informado;;Meio De Quadra;;;0;2;0;1;1;0;0;0;0;0;0;0;0;(-38.5790489 -3.8239581);
;2022-10-03 10:10:56;Presidente Costa E Silva;;;Mondubim;;Queda;;Não informado;;Meio De Quadra;;;0;1;0;1;0;0;0;0;0;0;0;0;0;(-38.5647962 -3.8178905);
;2022-10-03 09:22:13;Rua Alagoas;;;Democrito Rocha;;Queda;;Não informado;;Meio De Quadra;;;0;2;0;1;0;0;0;0;0;0;0;0;0;(0 0);
;2022-10-03 08:42:22;Godofredo Maciel;;;Mondubim;;Choque c/ Obstáculo Fixo;;Não informado;;Meio De Quadra;;;0;1;0;0;1;0;0;0;0;0;0;0;0;(-38.581196 -3.831513);
;2022-10-03 06:37:27;Travessa Artur Silveira;;;Floresta;;Queda;;Não informado;;Meio De Quadra;;;0;1;0;1;0;0;0;0;0;0;0;0;0;(-38.5805452 -3.7223446);
;2022-10-03 05:29:47;Godofredo Maciel;;;Mondubim;;Atropelamento;;Não informado;;Meio De Quadra;;;0;2;0;0;0;0;0;0;0;0;1;0;0;(-38.5754098 -3.8134599);
;2022-10-03 04:02:03;Avenida Benjamim Brasil;;;Jardim Cearense;;Colisão;;Não informado;;Meio De Quadra;;;0;2;0;1;1;0;0;0;0;0;0;0;0;(-38.567104 -3.805043999999999);
;2022-10-03 03:45:58;Domingos Olimpio Esquina;Tristao Gonçalves;;Centro;;Colisão;;Não informado;;Cruzamento;;;0;1;0;1;1;0;0;0;0;0;0;0;0;(-38.5335279 -3.7280666);
;2022-10-03 03:07:16;Bulevar Iii Cj Sao Cristovao;;;Jangurussu;;Queda;;Não informado;;Meio De Quadra;;;0;1;0;1;0;0;0;0;0;0;0;0;0;(-38.5262815 -3.8316626);
;2022-10-03 01:45:01;Engenheiro Alberto Sa;Julio Azevedo;;Papicu;;Colisão;;Não informado;;Cruzamento;;;0;1;0;1;1;0;0;0;0;0;0;0;0;(-38.4768476 -3.7342892);
;2022-10-03 00:42:42;Pedestre A;;;Curio;;Atropelamento;;Não informado;;Meio De Quadra;;;0;1;0;0;1;0;0;0;0;0;0;0;0;(-38.4613758 -3.831773);
;2022-10-03 00:39:22;Nova Petropolis;;;Papicu;;Colisão;;Não informado;;Meio De Quadra;;;0;1;0;1;1;0;0;0;0;0;0;0;0;(-38.4715166 -3.7360118);
;2022-10-03 00:18:24;I;;;Conjunto Ceara;;Colisão;;Não informado;;Meio De Quadra;;;0;1;0;0;2;0;0;0;0;0;0;0;0;(-38.6110148 -3.7749584);
;2022-10-02 22:02:03;Mister Hull Sentindo Caucaia;;;Presidente Kennedy;;Colisão;;Não informado;;Meio De Quadra;;;0;1;0;1;1;0;0;0;0;0;0;0;0;(-38.5736743 -3.7369751);
;2022-10-02 21:15:24;Avenida Godofredo Maciel -;;;Mondubim;;Colisão;;Não informado;;Meio De Quadra;;;0;2;0;1;1;0;0;0;0;0;0;0;0;(-38.5790489 -3.8239581);
;2022-10-02 21:10:20;Papi Junior;Valdeniro Cavalcante;;Rodolfo Teofilo;;Colisão;;Não informado;;Cruzamento;;;0;1;0;1;1;0;0;0;0;0;0;0;0;(-38.555984 -3.7506166);
;2022-10-02 20:50:43;Rua Ramos Botelho;;;Papicu;;Queda;;Não informado;;Meio De Quadra;;;0;1;0;1;0;0;0;0;0;0;0;0;0;(-38.479041 -3.7359594);