COD_ACIDENTE;DATA;LOG1;LOG2;NUMERO;BAIRRO;AMC;NATUREZA;ILUMINACAO;TEMPO;SUPERFICIEPISTA;TIPOCRUZAMENTO;CONTROLETRAFEGO;USOSOLO;MORTOS;FERIDOS;ILESOS;MOTOCICLETA;AUTOMOVEL;MICROONIBUS;CAMINHAO;ONIBUS;CICLOMOTOR;BICICLETA;OUTROS;TREM;TRACAOANIMAL;COORDENADAS
;2022-10-02 20:49:18;Rua Porto Das Rosas;Perito Teixeiras;;Parque Genibau;;Colisão;;Não informado;;Cruzamento;;;0;1;0;1;1;0;0;0;0;0;0;0;0;(-38.6021314 -3.7568029);
;2022-10-02 20:34:11;Idelfonso Albano;;;Mucuripe;;Queda;;Não informado;;Meio De Quadra;;;0;1;0;0;0;0;0;0;0;1;0;0;0;(-38.5095775 -3.7213616);
;2022-10-02 19:43:53;Avenida Benjamim Brasil;;;Jardim Cearense;;Atropelamento;;Não informado;;Meio De Quadra;;;0;2;0;0;1;0;0;0;0;0;0;0;0;(-38.567045 -3.804608);
;2022-10-02 19:08:07;Professor Jose Arthur De Carvalho;;;Lagoa Redonda;;Colisão;;Não informado;;Meio De Quadra;;;0;1;0;1;1;0;0;0;0;0;0;0;0;(-38.4578627 -3.8246839);
;2022-10-02 18:59:08;D;;;Conjunto Ceara;;Colisão;;Não informado;;Meio De Quadra;;;0;1;0;1;1;0;0;0;0;0;0;0;0;(0 0);
;2022-10-02 18:49:25;Avenida Presidente Costa E Silva;;;Prefeito Jose Walter;;Choque c/ Obstáculo Fixo;;Não informado;;Meio De Quadra;;;0;1;0;0;1;0;0;0;0;0;0;0;0;(-38.55956700000001 -3.8199851);
;2022-10-02 17:51:06;Coronel Joao De Oliveira;Duarte Da Costa;;Messejana;;Colisão;;Não informado;;Cruzamento;;;0;1;0;1;1;0;0;0;0;0;0;0;0;(-38.4861316 -3.823082799999999);
;2022-10-02 17:50:41;Costa Barros;Rua Gonçalves Ledo;;Aldeota;;Colisão;;Não informado;;Cruzamento;;;0;2;0;0;2;0;0;0;0;0;0;0;0;(-38.5154111 -3.7290736);
;2022-10-02 17:27:30;Godolfredo Maciel;;;Mondubim;;Choque c/ Obstáculo Fixo;;Não informado;;Meio De Quadra;;;0;1;0;0;1;0;0;0;0;0;0;0;0;(-38.5752141 -3.8149456);
;2022-10-02 15:49:38;Rosinha Sampaio;;;Jardim Guanabara;;Colisão;;Não informado;;Meio De Quadra;;;0;1;0;1;1;0;0;0;0;0;0;0;0;(-38.591206 -3.7261677);
;2022-10-02 15:44:30;860  Upa Conj. Ceara;;;Conjunto Ceara;;Queda;;Não informado;;Meio De Quadra Sem Numero;;;0;1;0;1;0;0;0;0;0;0;0;0;0;(-38.5993337 -3.7689275);
;2022-10-02 07:57:53;Coronel Matos Dourado;;;Antonio Bezerra;;Queda;;Não informado;;Meio De Quadra Sem Numero;;;0;1;0;1;0;0;0;0;0;0;0;0;0;(-38.5849011 -3.7445358);
;2022-10-02 07:55:33;Perimetral;;;Antonio Bezerra;;Queda;;Não informado;;Meio De Quadra Sem Numero;;;0;1;0;1;0;0;0;0;0;0;0;0;0;(-38.5841015 -3.7341001);
;2022-10-02 07:31:07;Humberto Monte;;;Rodolfo Teofilo;;Queda;;Não informado;;Meio De Quadra;;;0;1;0;1;0;0;0;0;0;0;0;0;0;(-38.5570032 -3.753156999999999);
;2022-10-02 05:52:57;Avenida Augusto Dos Anjos -;;;Joquei Clube;;Queda;;Não informado;;Meio De Quadra;;;0;1;0;1;0;0;0;0;0;0;0;0;0;(-38.5816234 -3.7827678);
;2022-10-02 03:51:36;Francisco Sá;;;Barra Do Ceara;;Colisão;;Não informado;;Meio De Quadra;;;0;1;0;1;1;0;0;0;0;0;0;0;0;(0 0);
;2022-10-02 02:49:23;Dioguinho;;;Antonio Diogo;;Colisão;;Não informado;;Meio De Quadra;;;0;1;0;1;1;0;0;0;0;0;0;0;0;(-38.4415816 -3.764268);
;2022-10-02 00:32:42;Mister Hull;;;Antonio Bezerra;;Colisão;;Não informado;;Meio De Quadra;;;0;2;0;2;0;0;0;0;0;0;0;0;0;(-38.5873383 -3.739423);
;2022-10-01 23:40:05;Avenida Conego De Castro;;;Canindezinho;;Colisão;;Não informado;;Meio De Quadra;;;0;1;0;0;2;0;0;0;0;0;0;0;0;(-38.60383789999999 -3.8208825);
;2022-10-01 22:57:29;Tulipa Negra;;;Parque Santa Rosa;;Colisão;;Não informado;;Meio De Quadra;;;0;2;0;2;0;0;0;0;0;0;0;0;0;(-38.5969184 -3.820078);
;2022-10-01 22:36:02;Presidente Costa E Silva;;;Mondubim;;Atropelamento;;Não informado;;Meio De Quadra Sem Numero;;;0;1;0;0;0;0;0;1;0;0;0;0;0;(-38.5647962 -3.8178905);
;2022-10-01 22:34:13;Washington Soares;;;Messejana;;Atropelamento;;Não informado;;Meio De Quadra;;;0;1;0;1;0;0;0;0;0;0;0;0;0;(-38.4773545 -3.847774899999999);
;2022-10-01 22:06:21;Costa Barros;;;Centro;;Colisão;;Não informado;;Meio De Quadra Sem Numero;;;0;1;0;1;1;0;0;0;0;0;0;0;0;(-38.5175368 -3.7284389);
;2022-10-01 22:04:26;Maranguape;;;Granja Lisboa;;Queda;;Não informado;;Meio De Quadra;;;0;1;0;1;0;0;0;0;0;0;0;0;0;(-38.6187418 -3.7956624);
;2022-10-01 21:39:49;Rua Taquari;;;Granja Portugal;;Atropelamento;;Não informado;;Meio De Quadra;;;0;1;0;1;0;0;0;0;0;0;0;0;0;(-38.6011759 -3.7762601);
;2022-10-01 21:34:34;BR 116 KM 11;;;Parque Santa Maria;;Colisão;;Não informado;;Meio De Quadra Sem Numero;;;0;1;0;0;1;0;0;0;0;1;0;0;0;(0 0);
;2022-10-01 21:29:31;Av Lineu Machado Esquina;George Rocha;;Joquei Clube;;Colisão;;Não informado;;Cruzamento;;;0;1;0;1;1;0;0;0;0;0;0;0;0;(-38.5780534 -3.7681973);
;2022-10-01 20:24:11;Rua Manuel Castelo Branco;;;Messejana;;Colisão;;Não informado;;Meio De Quadra;;;0;2;0;2;0;0;0;0;0;0;0;0;0;(-38.4862543 -3.833381);
;2022-10-01 20:22:24;Alberto Craveiro;;;Dias Macedo;;Colisão;;Não informado;;Meio De Quadra;;;0;1;0;1;1;0;0;0;0;0;0;0;0;(-38.5228023 -3.8044848);
;2022-10-01 20:19:38;Av Nossa Senhora Das Graças;;;Pirambu;;Queda;;Não informado;;Meio De Quadra;;;0;2;0;1;0;0;0;0;0;0;0;0;0;(-38.5582851 -3.7085704);
;2022-10-01 20:11:00;Silas Munguba;;;Serrinha;;Colisão;;Não informado;;Meio De Quadra;;;0;1;0;0;2;0;0;0;0;0;0;0;0;(-38.5354797 -3.7923283);
;2022-10-01 19:51:25;Joao De Araujo Lima;;;Prefeito Jose Walter;;Colisão;;Não informado;;Meio De Quadra;;;0;1;0;2;0;0;0;0;0;0;0;0;0;(-38.5616795 -3.8367375);
;2022-10-01 19:22:20;Frontinha Do Antonio Bezerra;;;Antonio Bezerra;;Colisão;;Não informado;;Meio De Quadra Sem Numero;;;0;1;0;0;2;0;0;0;0;0;0;0;0;(-38.5897718 -3.7371469);
;2022-10-01 18:00:25;Avenida Presidente Castelo Branco;;;Não informado;;Colisão;;Não informado;;Meio De Quadra;;;0;1;0;0;2;0;0;0;0;0;0;0;0;(-38.5713538 -3.7070918);
;2022-10-01 17:38:28;Joao Pessoa;Rua Ceara;;Montese;;Colisão;;Não informado;;Cruzamento;;;0;1;0;2;0;0;0;0;0;0;0;0;0;(-38.5582538 -3.7633895);
;2022-10-01 16:41:49;Rua Consul Gouveia;;;Alvaro Weyne;;Colisão;;Não informado;;Meio De Quadra;;;0;1;0;2;0;0;0;0;0;0;0;0;0;(-38.5652992 -3.7171166);
;2022-10-01 16:10:19;Avenida C;Avenida J;;Prefeito Jose Walter;;Colisão;;Não informado;;Cruzamento;;;0;2;0;1;1;0;0;0;0;0;0;0;0;(-38.5549835 -3.828871799999999);
;2022-10-01 14:39:18;Oliveira Paiva;;;Cidade Dos Funcionarios;;Colisão;;Não informado;;Meio De Quadra;;;0;1;0;1;1;0;0;0;0;0;0;0;0;(-38.49609969999999 -3.795822);
;2022-10-01 13:22:16;Doutor Ernesto Monteiro;;;Sapiranga;;Colisão;;Não informado;;Meio De Quadra;;;0;1;0;1;1;0;0;0;0;0;0;0;0;(0 0);
;2022-10-01 12:53:33;11;Conjunto Polar;;Barra Do Ceara;;Colisão;;Não informado;;Cruzamento;;;0;1;0;0;2;0;0;0;0;0;0;0;0;(-38.5987712 -3.7097864);
;2022-10-01 11:19:47;Paulo Firmeza;;;Sao Joao Do Tauape;;Colisão;;Não informado;;Meio De Quadra;;;0;1;0;1;1;0;0;0;0;0;0;0;0;(-38.5124324 -3.7570971);
;2022-10-01 10:52:55;Jose Americo;;;Cambeba;;Colisão;;Não informado;;Meio De Quadra;;;0;1;0;1;1;0;0;0;0;0;0;0;0;(-38.4920861 -3.8095069);
;2022-10-01 10:31:59;Avenida  Washington Soares;; ;Edson Queiroz;;Queda;;Não informado;;Meio De Quadra Sem Numero;;;0;1;0;0;0;0;0;0;0;1;0;0;0;(-38.481665 -3.7762191);
;2022-10-01 09:12:12;Avenida Val Paraiso;;;Prefeito Jose Walter;;Queda;;Não informado;;Meio De Quadra Sem Numero;;;0;1;0;1;0;0;0;0;0;0;0;0;0;(-38.5189138 -3.8463738);
;2022-10-01 07:06:09;Avenida Mister Hull;;;Antonio Bezerra;;Colisão;;Não informado;;Meio De Quadra;;;0;1;0;1;0;0;1;0;0;0;0;0;0;(0 0);
;2022-10-01 02:01:42;Jose Avelino;;;Praia De Iracema;;Queda;;Não informado;;Meio De Quadra;;;0;1;0;0;0;0;0;0;0;1;0;0;0;(-38.5204432 -3.7221493);
;2022-10-01 00:56:13;Padre Antonio Tomas;;;Coco;;Colisão;;Não informado;;Meio De Quadra Sem Numero;;;0;1;0;0;2;0;0;0;0;0;0;0;0;(-38.4848291 -3.7441855);
;2022-10-01 00:17:40;Beira Rio;;;Canindezinho;;Colisão;;Não informado;;Meio De Quadra;;;0;1;0;0;2;0;0;0;0;0;0;0;0;(0 0);
;2022-10-01 00:15:01;Frei Cirilo;;;Messejana;;Colisão;;Não informado;;Meio De Quadra Sem Numero;;;0;1;0;1;1;0;0;0;0;0;0;0;0;(-38.4968631 -3.8184466);
;2022-09-30 23:42:29;Dom Luis;Dias Da Rocha;;Aldeota;;Colisão;;Não informado;;Cruzamento;;;0;1;0;1;1;0;0;0;0;0;0;0;0;(-38.4915892 -3.7351382);
;2022-09-30 22:53:13;Trevo;;;Alvaro Weyne;;Queda;;Não informado;;Meio De Quadra;;;0;1;0;0;0;0;0;0;0;1;0;0;0;(-38.5692828 -3.7185001);
;2022-09-30 22:31:30;Av. Francisco Sá;;;Barra Do Ceara;;Colisão;;Não informado;;Meio De Quadra;;;0;1;0;2;0;0;0;0;0;0;0;0;0;(-38.5792329 -3.7100513);
;2022-09-30 22:27:08;Candido Maia;;;Antonio Bezerra;;Queda de moto;;Não informado;;Meio De Quadra;;;0;1;0;2;0;0;0;0;0;0;0;0;0;(-38.5901092 -3.7371858);
;2022-09-30 22:22:03;Porto Velho;;;Joao Xxiii;;Atropelamento;;Não informado;;Meio De Quadra;;;0;1;0;1;0;0;0;0;0;0;0;0;0;(-38.5850526 -3.7671971);
;2022-09-30 22:12:31;Antonio Pompeu;Carlos Severo;;Farias Brito;;Colisão;;Não informado;;Cruzamento;;;0;2;0;1;1;0;0;0;0;0;0;0;0;(-38.541894 -3.7318443);
;2022-09-30 21:29:08;Oscar Araripe;;;Granja Lisboa;;Colisão;;Não informado;;Meio De Quadra;;;0;1;0;2;0;0;0;0;0;0;0;0;0;(-38.6258087 -3.7830056);
;2022-09-30 20:48:23;Barao De Aquiraz;;;Coacu;;Atropelamento;;Não informado;;Meio De Quadra;;;0;1;0;0;1;0;0;0;0;0;0;0;0;(-38.481138 -3.8447746);
;2022-09-30 20:43:56;Avenida Jornalista Tomaz Coelho;;;Barroso;;Colisão;;Não informado;;Meio De Quadra;;;0;1;0;1;1;0;0;0;0;0;0;0;0;(-38.5117208 -3.8288169);
;2022-09-30 20:26:17;Rua Doutor Alisio Mamede;;;Varjota;;Queda;;Não informado;;Meio De Quadra;;;0;1;0;1;0;0;0;0;0;0;0;0;0;(-38.4836576 -3.7319493);
;2022-09-30 20:24:24;Val Paraiso;;;Conjunto Palmeiras;;Colisão;;Não informado;;Meio De Quadra;;;0;1;0;0;2;0;0;0;0;0;0;0;0;(-38.5282001 -3.8420499);
;2022-09-30 19:58:46;Mister Hull;;;Antonio Bezerra;;Atropelamento;;Não informado;;Meio De Quadra;;;0;1;0;1;0;0;0;0;0;0;0;0;0;(-38.5903746 -3.7392332);
;2022-09-30 18:39:45;Rua Santa Efigenia;Rua Chico França;;Messejana;;Colisão;;Não informado;;Cruzamento;;;0;1;0;1;1;0;0;0;0;0;0;0;0;(-38.5005956 -3.8347469);
;2022-09-30 18:31:16;Rua 212     Conjunto Sao Cristovao;;;Jangurussu;;Colisão;;Não informado;;Meio De Quadra;;;0;1;0;2;0;0;0;0;0;0;0;0;0;(-38.5235483 -3.832262);
;2022-09-30 16:11:35;Pedro Machado;;;Montese;;Colisão;;Não informado;;Meio De Quadra;;;0;1;0;2;0;0;0;0;0;0;0;0;0;(-38.5479882 -3.7561098);
;2022-09-30 15:48:44;Bulgaria;;;Manuel Satiro;;Colisão;;Não informado;;Meio De Quadra;;;0;2;0;1;1;0;0;0;0;0;0;0;0;(0 0);
;2022-09-30 14:52:25;Sargento Herminio Sampaio;;;Padre Andrade;;Colisão;;Não informado;;Meio De Quadra;;;0;1;0;1;1;0;0;0;0;0;0;0;0;(-38.5802991 -3.7317732);
;2022-09-30 14:45:20;Major Assis;Rua Alberto Ferreira;;Jardim Iracema;;Colisão;;Não informado;;Cruzamento;;;0;1;0;1;1;0;0;0;0;0;0;0;0;(-38.5834108 -3.7240886);
;2022-09-30 14:08:18;Washington Soares;;;Jose De Alencar;;Colisão;;Não informado;;Meio De Quadra;;;0;1;0;1;1;0;0;0;0;0;0;0;0;(-38.4821073 -3.8191307);
;2022-09-30 14:06:55;Presidente Costa E Silva;;;Messejana;;Colisão;;Não informado;;Meio De Quadra Sem Numero;;;0;1;0;0;1;0;0;0;0;1;0;0;0;(-38.5327035 -3.8281536);
;2022-09-30 13:51:37;Avenida Jornalista Tomaz Coelho;;;Barroso;;Colisão;;Não informado;;Meio De Quadra;;;0;1;0;0;1;0;0;0;0;1;0;0;0;(-38.5117208 -3.8288169);
;2022-09-30 13:34:51;Americo Barreira;;;Democrito Rocha;;Colisão;;Não informado;;Meio De Quadra;;;0;1;0;2;0;0;0;0;0;0;0;0;0;(-38.5650839 -3.7608916);
;2022-09-30 13:15:28;Almirante Rubim;;;Itaoca;;Colisão;;Não informado;;Meio De Quadra;;;0;1;0;2;0;0;0;0;0;0;0;0;0;(-38.5566751 -3.7705993);
;2022-09-30 12:46:02;Teodorico Barroso;Joaquim Pimenta;;Montese;;Colisão;;Não informado;;Cruzamento;;;0;1;0;1;1;0;0;0;0;0;0;0;0;(-38.5444843 -3.7657735);
;2022-09-30 11:24:29;Bernardo Manuel;;;Itaperi;;Colisão;;Não informado;;Meio De Quadra;;;0;1;0;1;1;0;0;0;0;0;0;0;0;(-38.5540907 -3.8081505);
;2022-09-30 11:20:10;Carneiro Mendonça;Rua Paulo Frontim;;Joquei Clube;;Colisão;;Não informado;;Cruzamento;;;0;1;0;1;1;0;0;0;0;0;0;0;0;(-38.5707982 -3.7619473);
;2022-09-30 04:00:41;Avenida Pessoa Anta;;;Centro;;Queda;;Não informado;;Meio De Quadra Sem Numero;;;0;1;0;1;0;0;0;0;0;0;0;0;0;(-38.5198807 -3.7208728);
;2022-09-30 03:13:38;M - Loteamento Montenegro Dois;;;Prefeito Jose Walter;;Capotamento;;Não informado;;Meio De Quadra;;;0;3;0;0;1;0;0;0;0;0;0;0;0;(-38.548548 -3.8340032);
;2022-09-30 01:38:53;Treze De Maio;;;Fatima;;Queda;;Não informado;;Meio De Quadra Sem Numero;;;0;2;0;1;0;0;0;0;0;0;0;0;0;(-38.5297266 -3.7489328);
;2022-09-29 23:22:50;Leste Oeste;;;Moura Brasil;;Queda;;Não informado;;Meio De Quadra Sem Numero;;;0;2;0;1;0;0;0;0;0;0;0;0;0;(-38.5344252 -3.718373);
;2022-09-29 22:07:38;Rogaciano Leite;;;Engenheiro Luciano Cavalcante;;Colisão;;Não informado;;Meio De Quadra;;;0;1;0;1;1;0;0;0;0;0;0;0;0;(-38.5009714 -3.7781746);
;2022-09-29 21:26:07;Alan Kardec;;;Montese;;Atropelamento;;Não informado;;Meio De Quadra;;;0;1;0;1;0;0;0;0;0;0;0;0;0;(-38.5477728 -3.7667153);
;2022-09-29 21:10:16;Presidente Costa E Silva;;;Prefeito Jose Walter;;Queda;;Não informado;;Meio De Quadra Sem Numero;;;0;1;0;0;0;0;0;0;0;1;0;0;0;(-38.5443558 -3.8244455);
;2022-09-29 20:17:38;Rua Soriano Albuquerque;Visconde Do Rio Branco;;Joaquim Tavora;;Colisão;;Não informado;;Cruzamento;;;0;1;0;1;1;0;0;0;0;0;0;0;0;(-38.5216786 -3.747642);
;2022-09-29 20:02:56;1018.0;;;Conjunto Ceara;;Queda;;Não informado;;Meio De Quadra;;;0;1;0;1;0;0;0;0;0;0;0;0;0;(0 0);
;2022-09-29 19:54:08;Rua Pinho Pessoa;Antonio Augusto;;Joaquim Tavora;;Colisão;;Não informado;;Cruzamento;;;0;1;0;1;1;0;0;0;0;0;0;0;0;(-38.5181362 -3.7444399);
;2022-09-29 19:50:31;Avenida Juscelino Kubitschek -;;;Passare;;Queda;;Não informado;;Meio De Quadra;;;0;1;0;1;0;0;0;0;0;0;0;0;0;(-38.5290414 -3.813144799999999);
;2022-09-29 19:42:45;Monte Pascoal;Av Conego De Castro;;Canindezinho;;Queda;;Não informado;;Cruzamento;;;0;1;0;1;0;0;0;0;0;0;0;0;0;(-38.5942719 -3.80759);
;2022-09-29 17:12:42;Rua Araripe Prata;;;Parangaba;;Choque c/ Obstáculo Fixo;;Não informado;;Meio De Quadra;;;0;1;0;0;1;0;0;0;0;0;0;0;0;(-38.5691755 -3.7750625);
;2022-09-29 16:57:41;Bom Jesus;Rua B;;Granja Lisboa;;Colisão;;Não informado;;Cruzamento;;;0;2;0;2;0;0;0;0;0;0;0;0;0;(-38.6282906 -3.7856193);
;2022-09-29 16:20:24;Osorio De Paiva;;;Siqueira;;Colisão;;Não informado;;Meio De Quadra;;;0;1;0;2;0;0;0;0;0;0;0;0;0;(-38.597895 -3.801098);
;2022-09-29 14:36:17;Edgar Pinho Filho;;;Parreao;;Colisão;;Não informado;;Meio De Quadra;;;0;1;0;0;2;0;0;0;0;0;0;0;0;(-38.5328989 -3.7619197);
;2022-09-29 14:06:23;Maria Julia;Rua Nova Friburgo;;Bom Jardim;;Colisão;;Não informado;;Cruzamento;;;0;1;0;2;0;0;0;0;0;0;0;0;0;(-38.6022449 -3.799923199999999);
;2022-09-29 12:17:18;Presidente Costa E Silva;;;Prefeito Jose Walter;;Colisão;;Não informado;;Meio De Quadra;;;0;1;0;0;2;0;0;0;0;0;0;0;0;(-38.5384058 -3.8257735);
;2022-09-29 12:13:19;Avenida Dolor Barreira;;;De Lourdes;;Colisão;;Não informado;;Meio De Quadra;;;0;1;0;0;2;0;0;0;0;0;0;0;0;(-38.4678553 -3.7393622);
;2022-09-29 10:58:40;Amadeu Furtado;Conego Penaforte;;Parquelandia;;Colisão;;Não informado;;Cruzamento;;;0;1;0;1;1;0;0;0;0;0;0;0;0;(-38.5597444 -3.7456424);
;2022-09-29 10:37:29;I;;;Conjunto Ceara;;Colisão;;Não informado;;Meio De Quadra;;;0;1;0;0;2;0;0;0;0;0;0;0;0;(0 0);
;2022-09-29 10:31:09;Manuel Moura;;;Jardim Iracema;;Queda;;Não informado;;Meio De Quadra;;;0;1;0;0;0;0;0;0;0;1;0;0;0;(-38.5836344 -3.7149665);
;2022-09-29 09:58:13;Washington Soares;;;Messejana;;Colisão;;Não informado;;Meio De Quadra;;;0;2;0;1;1;0;0;0;0;0;0;0;0;(-38.4766367 -3.8491893);
;2022-09-29 08:28:43;Santos Dumont;;;Papicu;;Queda;;Não informado;;Meio De Quadra;;;0;1;0;0;0;0;0;0;0;1;0;0;0;(-38.4868813 -3.7402753);
;2022-09-29 03:31:02;Costa E Silva;;;Mondubim;;Colisão;;Não informado;;Meio De Quadra;;;0;2;0;2;0;0;0;0;0;0;0;0;0;(-38.5716366 -3.8126085);
;2022-09-29 03:17:34;Bezerra De Menezes;;;Sao Gerardo;;Queda;;Não informado;;Meio De Quadra;;;0;1;0;1;0;0;0;0;0;0;0;0;0;(-38.542232 -3.7308181);
;2022-09-29 00:28:16;Doutor Theberge;;;Presidente Kennedy;;Colisão;;Não informado;;Meio De Quadra;;;0;1;0;1;1;0;0;0;0;0;0;0;0;(-38.5682029 -3.724457999999999);
;2022-09-28 23:04:16;Pinto Bandeira;;;Engenheiro Luciano Cavalcante;;Queda;;Não informado;;Meio De Quadra;;;0;1;0;1;0;0;0;0;0;0;0;0;0;(-38.4878258 -3.77844);
;2022-09-28 22:23:45;General Murilo Borges;Rogaciano Leite;;Salinas;;Queda;;Não informado;;Cruzamento;;;0;1;0;0;0;0;0;0;0;1;0;0;0;(-38.49694059999999 -3.7677995);
;2022-09-28 21:43:37;Assunção;;;Fatima;;Colisão;;Não informado;;Meio De Quadra;;;0;1;0;1;1;0;0;0;0;0;0;0;0;(-38.5317294 -3.7432049);
;2022-09-28 21:40:40;Osorio De Paiva;;;Siqueira;;Colisão;;Não informado;;Meio De Quadra;;;0;2;0;1;1;0;0;0;0;0;0;0;0;(-38.6119762 -3.8152377);
;2022-09-28 21:28:39;Avenida Val Paraiso - Conj Palmeiras;;;Jangurussu;;Atropelamento;;Não informado;;Meio De Quadra;;;0;1;0;0;0;0;0;0;0;0;1;0;0;(-38.5285161 -3.8421488);
;2022-09-28 20:22:38;Godofredo Maciel;;;Mondubim;;Colisão;;Não informado;;Meio De Quadra;;;0;1;0;1;1;0;0;0;0;0;0;0;0;(-38.5792602 -3.8242969);
;2022-09-28 20:06:40;Avenida Osorio De Paiva;;;Vila Peri;;Colisão;;Não informado;;Meio De Quadra;;;0;1;0;0;1;0;0;0;0;1;0;0;0;(-38.5812628 -3.785390399999999);
;2022-09-28 20:03:16;Avenida Gomes De Matos;;;Montese;;Colisão;;Não informado;;Meio De Quadra;;;0;1;0;1;1;0;0;0;0;0;0;0;0;(-38.5496132 -3.7659769);
;2022-09-28 19:56:46;Avenida Deputado Paulino Rocha;;;Passare;;Colisão;;Não informado;;Meio De Quadra;;;0;1;0;1;1;0;0;0;0;0;0;0;0;(-38.5080369 -3.8069435);
;2022-09-28 19:06:44;Presidente Castelo Branco;;;Jacarecanga;;Colisão;;Não informado;;Meio De Quadra;;;0;1;0;1;1;0;0;0;0;0;0;0;0;(-38.5459454 -3.7149373);
;2022-09-28 18:22:31;Benjamim Brasil -Jd. Cearence;;;Maraponga;;Colisão;;Não informado;;Meio De Quadra;;;0;1;0;1;1;0;0;0;0;0;0;0;0;(-38.5670576 -3.8050433);
;2022-09-28 15:51:11;Rogaciano Leite;;;Jardim Das Oliveiras;;Colisão;;Não informado;;Meio De Quadra;;;0;1;0;2;0;0;0;0;0;0;0;0;0;(-38.5018898 -3.7808587);
;2022-09-28 15:12:00;Azevedo Bolao;;;Parquelandia;;Colisão;;Não informado;;Meio De Quadra;;;0;1;0;1;1;0;0;0;0;0;0;0;0;(-38.5637304 -3.738055);
;2022-09-28 13:10:20;Hipolito Pamplona;R.Coronel Joaquim Franklim;;Antonio Bezerra;;Colisão;;Não informado;;Cruzamento;;;0;1;0;0;1;0;0;0;0;1;0;0;0;(-38.5962851 -3.7436952);
;2022-09-28 12:34:03;Rua Oscar Franca;Sabino Feijo;;Bom Jardim;;Colisão;;Não informado;;Cruzamento;;;0;1;0;1;1;0;0;0;0;0;0;0;0;(-38.596468 -3.792942);
;2022-09-28 11:50:41;Engenheiro Santana Junior;;;Coco;;Colisão;;Não informado;;Meio De Quadra;;;0;1;0;1;1;0;0;0;0;0;0;0;0;(-38.4899611 -3.7473237);
;2022-09-28 10:36:23;Boa Vista;Brigadeiro  Torres;;Joao Xxiii;;Atropelamento;;Não informado;;Cruzamento;;;0;1;0;0;1;0;0;0;0;0;0;0;0;(-38.582623 -3.7708371);
;2022-09-28 10:35:01;Avenida Pompilio Gomes;;;Passare;;Colisão;;Não informado;;Meio De Quadra;;;0;1;0;2;0;0;0;0;0;0;0;0;0;(-38.5210568 -3.8155213);
;2022-09-28 10:02:55;Melo De Oliveira;;;Joao Xxiii;;Colisão;;Não informado;;Meio De Quadra;;;0;2;0;0;2;0;0;0;0;0;0;0;0;(-38.5804357 -3.7766262);
;2022-09-28 08:35:32;Avenida Senador Carlos Jereissati;;;Serrinha;;Colisão;;Não informado;;Meio De Quadra Sem Numero;;;0;1;0;2;0;0;0;0;0;0;0;0;0;(-38.5416215 -3.7803066);
;2022-09-28 07:39:48;116 ( KM 14);;;Ancuri;;Queda;;Não informado;;Meio De Quadra Sem Numero;;;0;1;0;1;0;0;0;0;0;0;0;0;0;(0 0);
;2022-09-28 05:07:58;Betel;;;Itaperi;;Queda;;Não informado;;Meio De Quadra Sem Numero;;;0;1;0;0;0;0;0;0;0;1;0;0;0;(-38.5526492 -3.7922126);
;2022-09-28 04:43:38;Professor Silas Ribeiro;;;Papicu;;Colisão;;Não informado;;Meio De Quadra;;;0;1;0;0;2;0;0;0;0;0;0;0;0;(-38.4811217 -3.7384857);
;2022-09-28 04:29:30;Mozart Pinheiro De Lucena;;;Vila Velha;;Queda;;Não informado;;Meio De Quadra;;;0;2;0;1;0;0;0;0;0;0;0;0;0;(-38.5938637 -3.7115642);
;2022-09-28 02:17:15;Avenida Ministro Jose Americo;;;Cambeba;;Colisão;;Não informado;;Meio De Quadra Sem Numero;;;0;2;0;1;1;0;0;0;0;0;0;0;0;(-38.4863826 -3.8091057);
;2022-09-28 01:55:25;Ayrton Senna;;;Mondubim;;Queda;;Não informado;;Meio De Quadra;;;0;1;0;1;0;0;0;0;0;0;0;0;0;(-38.564725 -3.8259494);
;2022-09-27 23:11:03;Rua Benjamin Franklin;;;Serrinha;;Colisão;;Não informado;;Meio De Quadra;;;0;1;0;1;1;0;0;0;0;0;0;0;0;(-38.5489626 -3.7796396);
;2022-09-27 21:54:44;Avenida Bernardo Manuel;;;Serrinha;;Colisão;;Não informado;;Meio De Quadra;;;0;1;0;1;1;0;0;0;0;0;0;0;0;(-38.5517933 -3.7992797);
;2022-09-27 21:30:00;Perimetral;;;Antonio Bezerra;;Colisão;;Não informado;;Meio De Quadra;;;0;1;0;1;0;0;1;0;0;0;0;0;0;(0 0);
;2022-09-27 20:58:35;Rua Doutor Pedro Sampaio;;;Passare;;Colisão;;Não informado;;Meio De Quadra;;;0;2;0;0;1;0;0;0;0;1;0;0;0;(-38.5258198 -3.8103108);
;2022-09-27 20:52:04;Avenida Pau Brasil  (Cidade Jardim  Um);;;Prefeito Jose Walter;;Queda;;Não informado;;Meio De Quadra;;;0;1;0;1;0;0;0;0;0;0;0;0;0;(-38.5503307 -3.8275212);
;2022-09-27 19:55:55;Avenida Pontes Vieira;;;Fatima;;Colisão;;Não informado;;Meio De Quadra Sem Numero;;;0;2;0;0;2;0;0;0;0;0;0;0;0;(-38.5185869 -3.7532607);
;2022-09-27 18:48:09;General Bezerril;Travessa Crato;;Centro;;Queda;;Não informado;;Cruzamento;;;0;1;0;1;0;0;0;0;0;0;0;0;0;(-38.5258204 -3.7248932);