COD_ACIDENTE;DATA;LOG1;LOG2;NUMERO;BAIRRO;AMC;NATUREZA;ILUMINACAO;TEMPO;SUPERFICIEPISTA;TIPOCRUZAMENTO;CONTROLETRAFEGO;USOSOLO;MORTOS;FERIDOS;ILESOS;MOTOCICLETA;AUTOMOVEL;MICROONIBUS;CAMINHAO;ONIBUS;CICLOMOTOR;BICICLETA;OUTROS;TREM;TRACAOANIMAL;COORDENADAS
;2022-09-15 22:26:24;Rua Silva Paulet;Joao Carvalho;;Aldeota;;Colisão;;Não informado;;Cruzamento;;;0;1;0;2;0;0;0;0;0;0;0;0;0;(-38.5065309 -3.737982);
;2022-09-15 21:25:02;G;;;Vila Velha;;Queda;;Não informado;;Meio De Quadra;;;0;1;0;0;0;0;0;0;0;1;0;0;0;(0 0);
;2022-09-15 20:27:14;Nunes De Melo;Costa Mendes;;Rodolfo Teofilo;;Colisão;;Não informado;;Cruzamento;;;0;1;0;2;0;0;0;0;0;0;0;0;0;(-38.5532007 -3.7489868);
;2022-09-15 20:22:00;Dionisio Leonel De Alencar;;;Ancuri;;Queda;;Não informado;;Meio De Quadra;;;0;1;0;1;0;0;0;0;0;0;0;0;0;(-38.5060249 -3.8547707);
;2022-09-15 20:05:24;B116;;;Cajazeiras;;Atropelamento;;Não informado;;Meio De Quadra Sem Numero;;;0;1;0;0;0;0;0;0;0;0;1;0;0;(-38.5054894 -3.7996206);
;2022-09-15 18:41:45;Luis Vieira;Av Conego De Castro;;Parque Sao Jose;;Colisão;;Não informado;;Cruzamento;;;0;1;0;0;2;0;0;0;0;0;0;0;0;(-38.5856835 -3.7982247);
;2022-09-15 16:07:28;Engenheiro Leal Lima Verde;;;Edson Queiroz;;Colisão;;Não informado;;Meio De Quadra;;;0;1;0;0;2;0;0;0;0;0;0;0;0;(-38.4758308 -3.7914711);
;2022-09-15 15:41:13;Rua Avila Goulart;;;Papicu;;Atropelamento;;Não informado;;Meio De Quadra Sem Numero;;;0;1;0;1;0;0;0;0;0;0;0;0;0;(-38.4791684 -3.7345161);
;2022-09-15 15:02:54;Mister  Hull;;;Antonio Bezerra;;Colisão;;Não informado;;Meio De Quadra Sem Numero;;;0;1;0;1;1;0;0;0;0;0;0;0;0;(-38.5918137 -3.7395231);
;2022-09-15 15:01:56;Mister Bhull;;;Sao Gerardo;;Colisão;;Não informado;;Meio De Quadra Sem Numero;;;0;1;0;0;2;0;0;0;0;0;0;0;0;(0 0);
;2022-09-15 13:22:46;Dionisio Leonel Alencar;R. Tres;;Ancuri;;Colisão;;Não informado;;Cruzamento;;;0;1;0;2;0;0;0;0;0;0;0;0;0;(-38.5128713 -3.8602595);
;2022-09-15 11:49:45;Osorio De Paiva;;;Parangaba;;Colisão;;Não informado;;Meio De Quadra;;;0;1;0;1;1;0;0;0;0;0;0;0;0;(-38.5728231 -3.7797885);
;2022-09-15 11:45:43;Valdir Diogo;;;Mondubim;;Colisão;;Não informado;;Meio De Quadra;;;0;1;0;0;2;0;0;0;0;0;0;0;0;(-38.583761 -3.8053016);
;2022-09-15 11:15:41;Avenida Frei Cirilo;;;Messejana;;Colisão;;Não informado;;Meio De Quadra Sem Numero;;;0;1;0;1;1;0;0;0;0;0;0;0;0;(-38.4979833 -3.8161503);
;2022-09-15 10:19:18;Rua Bragança -;;;Granja Portugal;;Colisão;;Não informado;;Meio De Quadra;;;0;1;0;1;1;0;0;0;0;0;0;0;0;(-38.5975606 -3.7842639);
;2022-09-15 09:33:58;Pedro Lopes;;;Messejana;;Colisão;;Não informado;;Meio De Quadra;;;0;1;0;1;1;0;0;0;0;0;0;0;0;(-38.4803821 -3.827913399999999);
;2022-09-15 09:25:12;Acc Beira Mar  - Avenida Beira Mar;;;Meireles;;Queda;;Não informado;;Meio De Quadra;;;0;1;0;0;0;0;0;0;0;1;0;0;0;(-38.4827532 -3.7231072);
;2022-09-15 09:08:45;Visconde Do Rio Branco;Pontes Vieira;;Sao Joao Do Tauape;;Colisão;;Não informado;;Cruzamento;;;0;1;0;1;1;0;0;0;0;0;0;0;0;(-38.5204863 -3.7535559);
;2022-09-15 09:04:50;Prefeito Evandro Ayres De Moura;;;Mondubim;;Colisão;;Não informado;;Meio De Quadra;;;0;1;0;0;2;0;0;0;0;0;0;0;0;(-38.5692674 -3.8254937);
;2022-09-15 08:55:30;Avenida Godolfredo Maciel;;;Mondubim;;Choque c/ Obstáculo Fixo;;Não informado;;Meio De Quadra;;;0;1;0;0;1;0;0;0;0;0;0;0;0;(0 0);
;2022-09-15 03:32:25;Padre Valdevino;Rua Carlos Vasconcelos;;Joaquim Tavora;;Colisão;;Não informado;;Cruzamento;;;0;1;0;1;1;0;0;0;0;0;0;0;0;(-38.5131881 -3.740306699999999);
;2022-09-15 02:41:35;Coronel Solon Rua Conselheiro Tristao;;;Fatima;;Colisão;;Não informado;;Meio De Quadra;;;0;1;0;0;1;0;0;0;0;1;0;0;0;(0 0);
;2022-09-15 00:42:58;Bernardo Manuel;;;Itaperi;;Colisão;;Não informado;;Meio De Quadra;;;0;1;0;1;1;0;0;0;0;0;0;0;0;(-38.5498973 -3.7948285);
;2022-09-14 23:54:32;102.0;;;Conjunto Esperanca;;Queda;;Não informado;;Meio De Quadra;;;0;1;0;1;0;0;0;0;0;0;0;0;0;(-38.5446149 -3.8000121);
;2022-09-14 23:27:20;Cambara Esquina;Rua Julio Alcides;;Parangaba;;Colisão;;Não informado;;Cruzamento;;;0;1;0;1;1;0;0;0;0;0;0;0;0;(-38.5644753 -3.788546);
;2022-09-14 22:36:58;Heribaldo Costa Esquina;Rua Porto Velho.;;Henrique Jorge;;Colisão;;Não informado;;Cruzamento;;;0;1;0;1;1;0;0;0;0;0;0;0;0;(-38.5850593 -3.7621902);
;2022-09-14 22:33:11;Jorge Acurcio;;;Vila Uniao;;Queda;;Não informado;;Meio De Quadra;;;0;1;0;1;0;0;0;0;0;0;0;0;0;(-38.530252 -3.7619783);
;2022-09-14 22:06:53;Rua Senador Almir Pinto Crusamento;A Costa Barros;;Centro;;Colisão;;Não informado;;Cruzamento;;;0;1;0;1;1;0;0;0;0;0;0;0;0;(-38.5245921 -3.7263254);
;2022-09-14 20:46:24;Rua 928;;;Conjunto Ceara;;Queda;;Não informado;;Meio De Quadra;;;0;1;0;0;0;0;0;0;0;1;0;0;0;(-38.6199406 -3.7747744);
;2022-09-14 20:27:29;BR 116;Rua Francisco Jose Albuquerque Pereira;;Cajazeiras;;Colisão;;Não informado;;Cruzamento;;;0;2;0;1;1;0;0;0;0;0;0;0;0;(0 0);
;2022-09-14 18:01:42;Monte Pascoal;;;Conjunto Esperanca;;Colisão;;Não informado;;Meio De Quadra;;;0;1;0;1;1;0;0;0;0;0;0;0;0;(-38.5956179 -3.8066518);
;2022-09-14 17:40:32;Alberto Sa;Santana Junior;;Papicu;;Colisão;;Não informado;;Cruzamento;;;0;1;0;1;1;0;0;0;0;0;0;0;0;(-38.4805407 -3.7333279);
;2022-09-14 17:01:43;1018 < Hnsc;;;Conjunto Ceara;;Queda de moto;;Não informado;;Meio De Quadra;;;0;1;0;2;0;0;0;0;0;0;0;0;0;(-38.6161906 -3.7704822);
;2022-09-14 16:41:47;Senador Robert Kenedi;;;Barra Do Ceara;;Queda;;Não informado;;Meio De Quadra;;;0;1;0;1;0;0;0;0;0;0;0;0;0;(-38.5809552 -3.707681);
;2022-09-14 16:38:12;Godofredo Maciel;;;Maraponga;;Colisão;;Não informado;;Meio De Quadra;;;0;1;0;0;2;0;0;0;0;0;0;0;0;(-38.574614 -3.81629);
;2022-09-14 16:05:43;Avenida Governador Raul Barbosa -;;;Aerolandia;;Colisão;;Não informado;;Meio De Quadra;;;0;1;0;1;1;0;0;0;0;0;0;0;0;(-38.5048242 -3.7591906);
;2022-09-14 15:31:12;Marechal Deodoro;Juvenal Galeno;;Benfica;;Colisão;;Não informado;;Cruzamento;;;0;1;0;1;1;0;0;0;0;0;0;0;0;(-38.5359819 -3.7417189);
;2022-09-14 13:17:34;Jose Leon;General Caiado De Castro;;Parque Manibura;;Colisão;;Não informado;;Cruzamento;;;0;1;0;1;1;0;0;0;0;0;0;0;0;(-38.489876 -3.7907061);
;2022-09-14 11:35:56;Sargento Herminio;;;Presidente Kennedy;;Colisão;;Não informado;;Meio De Quadra;;;0;2;0;2;0;0;0;0;0;0;0;0;0;(-38.5733635 -3.7293699);
;2022-09-14 11:04:26;Teofilo Gurgel;;;Monte Castelo;;Colisão;;Não informado;;Meio De Quadra;;;0;1;0;1;1;0;0;0;0;0;0;0;0;(-38.5464078 -3.7308583);
;2022-09-14 11:00:47;Domingos Olimpio;;;Farias Brito;;Colisão;;Não informado;;Meio De Quadra;;;0;1;0;1;1;0;0;0;0;0;0;0;0;(-38.5315617 -3.7363533);
;2022-09-14 10:53:43;Avenida Rui Barbosa Esq Padre Valdevino;;;Meireles;;Queda;;Não informado;;Meio De Quadra;;;0;1;0;1;0;0;0;0;0;0;0;0;0;(-38.5074369 -3.7298187);
;2022-09-14 10:34:21;Rua Frei Mansueto;;;Varjota;;Queda;;Não informado;;Meio De Quadra;;;0;1;0;1;0;0;0;0;0;0;0;0;0;(-38.4889653 -3.729493);
;2022-09-14 10:29:10;Mister Hull;;;Antonio Bezerra;;Queda;;Não informado;;Meio De Quadra;;;0;2;0;1;0;0;0;0;0;0;0;0;0;(-38.59141100000001 -3.739314);
;2022-09-14 10:28:38;Rua Governador Manoel De Castro Filho;;;Edson Queiroz;;Colisão;;Não informado;;Meio De Quadra;;;0;1;0;1;1;0;0;0;0;0;0;0;0;(-38.4787746 -3.7621137);
;2022-09-14 10:25:36;Manuel Soares;Professor Joaquim Nogueira;;Antonio Bezerra;;Queda;;Não informado;;Cruzamento;;;0;1;0;1;0;0;0;0;0;0;0;0;0;(-38.5893883 -3.7471892);
;2022-09-14 10:18:55;BR 116;;;Aerolandia;;Colisão;;Não informado;;Meio De Quadra Sem Numero;;;0;1;0;1;1;0;0;0;0;0;0;0;0;(0 0);
;2022-09-14 09:42:38;Joao Pessoa;;;Parangaba;;Colisão;;Não informado;;Meio De Quadra;;;0;1;0;0;2;0;0;0;0;0;0;0;0;(-38.56063 -3.76923);
;2022-09-14 09:39:36;I;;;Prefeito Jose Walter;;Queda;;Não informado;;Meio De Quadra;;;0;1;0;1;0;0;0;0;0;0;0;0;0;(-38.55365 -3.83479);
;2022-09-14 09:39:28;Barao De Aratanha;Meton De Alencar;;Centro;;Queda;;Não informado;;Cruzamento;;;0;1;0;1;0;0;0;0;0;0;0;0;0;(-38.52701130000001 -3.7348268);
;2022-09-14 09:12:11;Estado Do Rio;;;Pici;;Colisão;;Não informado;;Meio De Quadra;;;0;1;0;1;1;0;0;0;0;0;0;0;0;(-38.5699956 -3.756975299999999);
;2022-09-14 05:25:04;Leste Oeste;;;Moura Brasil;;Queda;;Não informado;;Meio De Quadra Sem Numero;;;0;1;0;1;0;0;0;0;0;0;0;0;0;(-38.5344252 -3.718373);
;2022-09-14 00:53:38;Desembargador Gonzaga;;;Cidade Dos Funcionarios;;Colisão;;Não informado;;Meio De Quadra;;;0;1;0;0;1;0;0;0;0;1;0;0;0;(-38.5021454 -3.791729699999999);
;2022-09-14 00:32:52;Rua Jose Meneleu;& Rua Iglaterra;;Itaperi;;Colisão;;Não informado;;Cruzamento;;;0;2;0;1;1;0;0;0;0;0;0;0;0;(-38.5603561 -3.7838122);
;2022-09-14 00:26:14;Rua Gomes Passos;;;Carlito Pamplona;;Colisão;;Não informado;;Meio De Quadra;;;0;1;0;2;0;0;0;0;0;0;0;0;0;(-38.5601186 -3.7116371);
;2022-09-13 23:16:31;Presidente Costa E Silva Bernardo Manoel;;;Prefeito Jose Walter;;Colisão;;Não informado;;Meio De Quadra Sem Numero;;;0;1;0;1;1;0;0;0;0;0;0;0;0;(-38.5581697 -3.8211691);
;2022-09-13 22:23:16;Sargento Herminio;;;Presidente Kennedy;;Colisão;;Não informado;;Meio De Quadra;;;0;1;0;0;2;0;0;0;0;0;0;0;0;(-38.5744349 -3.7297623);
;2022-09-13 21:35:46;Cruzeiro;;;Ancuri;;Colisão;;Não informado;;Meio De Quadra;;;0;1;0;0;2;0;0;0;0;0;0;0;0;(-38.50749260000001 -3.8669462);
;2022-09-13 21:10:13;Rua Major Pedro Sampaio;;;Rodolfo Teofilo;;Colisão;;Não informado;;Meio De Quadra;;;0;1;0;0;2;0;0;0;0;0;0;0;0;(-38.5469387 -3.7389604);
;2022-09-13 20:13:55;Rua 1149;;;Conjunto Ceara;;Colisão;;Não informado;;Meio De Quadra;;;0;1;0;0;2;0;0;0;0;0;0;0;0;(-38.610637 -3.7603528);
;2022-09-13 20:09:56;Rua Silva Paulet - Tenente Benevolo;;;Meireles;;Colisão;;Não informado;;Meio De Quadra Sem Numero;;;0;2;0;0;2;0;0;0;0;0;0;0;0;(-38.5039024 -3.7297112);
;2022-09-13 17:32:06;Zenir Lomada Por Tras Do Rio Matkennedy;;;Presidente Kennedy;;Colisão;;Não informado;;Meio De Quadra Sem Numero;;;0;1;0;1;1;0;0;0;0;0;0;0;0;(0 0);
;2022-09-13 17:25:15;Avenida Teodomiro De Castro;;;Alvaro Weyne;;Colisão;;Não informado;;Meio De Quadra;;;0;1;0;2;0;0;0;0;0;0;0;0;0;(-38.5741068 -3.717954);
;2022-09-13 16:58:29;Vinil Almada;;;Presidente Kennedy;;Colisão;;Não informado;;Meio De Quadra Sem Numero;;;0;1;0;1;1;0;0;0;0;0;0;0;0;(-38.5669891 -3.7252373);
;2022-09-13 16:57:17;Rua Eduardo Araujo Esquina;Cerejeiras;;Parque Santa Rosa;;Colisão;;Não informado;;Cruzamento;;;0;1;0;0;2;0;0;0;0;0;0;0;0;(-38.5949623 -3.8195554);
;2022-09-13 14:16:12;Avenida Aguanambi;;;Fatima;;Colisão;;Não informado;;Meio De Quadra;;;0;1;0;1;0;0;1;0;0;0;0;0;0;(-38.5226801 -3.7568323);
;2022-09-13 12:31:35;Jose Carlos Gurgel Nogueira;;;Papicu;;Colisão;;Não informado;;Meio De Quadra;;;0;1;0;1;1;0;0;0;0;0;0;0;0;(-38.4739241 -3.7332456);
;2022-09-13 11:58:12;Av Senador Carlos Jereissati;;;Aeroporto;;Colisão;;Não informado;;Meio De Quadra Sem Numero;;;0;1;0;1;1;0;0;0;0;0;0;0;0;(-38.5357467 -3.7820759);
;2022-09-13 10:49:43;Leste  Oeste;;;Jacarecanga;;Atropelamento;;Não informado;;Meio De Quadra;;;0;1;0;0;1;0;0;0;0;0;0;0;0;(0 0);
;2022-09-13 10:20:23;Avenida Ulisses Bezerra;R; Melo Cesar 669;;Cidade Dos Funcionarios;;Colisão;;Não informado;;Cruzamento;;;0;1;0;1;1;0;0;0;0;0;0;0;0;(-38.5019504 -3.7995041);
;2022-09-13 10:11:24;Alans Maria Laurindo De Oliveira;;;Conjunto Ceara;;Colisão;;Não informado;;Meio De Quadra;;;0;1;0;0;2;0;0;0;0;0;0;0;0;(-38.6033357 -3.7634153);
;2022-09-13 09:42:52;Bezerra De Menezes;;;Sao Gerardo;;Queda;;Não informado;;Meio De Quadra;;;0;1;0;1;0;0;0;0;0;0;0;0;0;(-38.5603669 -3.7350576);
;2022-09-13 09:29:56;Avenida Sargento Herminio Sampaio;;;Monte Castelo;;Colisão;;Não informado;;Meio De Quadra;;;0;2;0;1;1;0;0;0;0;0;0;0;0;(-38.5517831 -3.7246472);
;2022-09-13 08:59:55;Governador Raul Barbosa;;;Aerolandia;;Colisão;;Não informado;;Meio De Quadra;;;0;1;0;2;0;0;0;0;0;0;0;0;0;(-38.5132191 -3.7755712);
;2022-09-13 08:15:39;13 De Maio;Jaime Benevolo;;Fatima;;Queda;;Não informado;;Cruzamento;;;0;1;0;1;0;0;0;0;0;0;0;0;0;(-38.5307308 -3.7480652);
;2022-09-13 02:17:00;Osorio De Paiva;Av Oscar Araripe;;Bom Jardim;;Colisão;;Não informado;;Cruzamento;;;0;1;0;1;1;0;0;0;0;0;0;0;0;(-38.5918034 -3.794082699999999);
;2022-09-13 00:45:15;Borges De Melo;;;Parreao;;Queda;;Não informado;;Meio De Quadra Sem Numero;;;0;1;0;0;0;0;0;0;0;1;0;0;0;(-38.533192 -3.757179);
;2022-09-12 23:10:24;Historiador Raimundo Girao;;;Praia De Iracema;;Queda;;Não informado;;Meio De Quadra Sem Numero;;;0;1;0;1;0;0;0;0;0;0;0;0;0;(-38.5133008 -3.7204941);
;2022-09-12 21:47:20;Avenida Edilson Brasil Soares;;;Edson Queiroz;;Queda;;Não informado;;Meio De Quadra;;;0;1;0;0;0;0;0;0;0;1;0;0;0;(-38.462474 -3.7880395);
;2022-09-12 20:58:23;Francisco Sa;Av. Jose Jatahy;;Jacarecanga;;Colisão;;Não informado;;Cruzamento;;;0;3;0;0;2;0;0;0;0;0;0;0;0;(-38.5467873 -3.720876);
;2022-09-12 19:30:19;Avenida Pontes Vieira;;;Sao Joao Do Tauape;;Atropelamento;;Não informado;;Meio De Quadra;;;0;1;0;1;0;0;0;0;0;0;0;0;0;(-38.5095544 -3.7523933);
;2022-09-12 19:05:01;Rua Carlos Camara - Major Weyne;;;Benfica;;Colisão;;Não informado;;Meio De Quadra;;;0;1;0;1;1;0;0;0;0;0;0;0;0;(-38.5444906 -3.7487623);
;2022-09-12 18:58:33;Silas Mungumba;;;Boa Vista;;Colisão;;Não informado;;Meio De Quadra Sem Numero;;;0;1;0;0;2;0;0;0;0;0;0;0;0;(-38.5292359 -3.802261);
;2022-09-12 17:41:27;Conselho Magalhães;Virgilio Paz;;Cidade Dos Funcionarios;;Colisão;;Não informado;;Cruzamento;;;0;1;0;1;1;0;0;0;0;0;0;0;0;(-38.4914755 -3.7989128);
;2022-09-12 17:28:15;Castelo De Castro  - Cj . Sao Crsitovão;;;Jangurussu;;Colisão;;Não informado;;Meio De Quadra;;;0;1;0;1;1;0;0;0;0;0;0;0;0;(-38.5245016 -3.838473699999999);
;2022-09-12 16:33:46;Avenida  Washington Soares;;;Edson Queiroz;;Colisão;;Não informado;;Meio De Quadra Sem Numero;;;0;1;0;1;1;0;0;0;0;0;0;0;0;(-38.481665 -3.7762191);
;2022-09-12 15:49:45;Mister Hull;Conjunto São Miguel;;Antonio Bezerra;;Colisão;;Não informado;;Cruzamento;;;0;1;0;1;1;0;0;0;0;0;0;0;0;(-38.602266 -3.7411532);
;2022-09-12 14:52:40;Conego De Castro;;;Parque Sao Jose;;Colisão;;Não informado;;Meio De Quadra;;;0;1;0;2;0;0;0;0;0;0;0;0;0;(-38.5863781 -3.7990684);
;2022-09-12 12:36:11;Graça Aranha;;;Barra Do Ceara;;Colisão;;Não informado;;Meio De Quadra;;;0;1;0;2;0;0;0;0;0;0;0;0;0;(-38.5729096 -3.7081636);
;2022-09-12 12:07:07;Luciano Carneiro;;;Vila Uniao;;Queda;;Não informado;;Meio De Quadra;;;0;1;0;1;0;0;0;0;0;0;0;0;0;(-38.535361 -3.759696);
;2022-09-12 11:03:53;Gaudioso Carvalho;;;Jardim Iracema;;Colisão;;Não informado;;Meio De Quadra;;;0;1;0;2;0;0;0;0;0;0;0;0;0;(-38.5802564 -3.7198854);
;2022-09-12 10:23:09;Silas Munguba;Teixeira Leite;;Serrinha;;Colisão;;Não informado;;Cruzamento;;;0;1;0;1;1;0;0;0;0;0;0;0;0;(-38.5392876 -3.7907116);
;2022-09-12 10:09:29;Osorio De Paiva;;;Siqueira;;Atropelamento;;Não informado;;Meio De Quadra Sem Numero;;;0;1;0;1;0;0;0;0;0;0;0;0;0;(-38.6103328 -3.8133833);
;2022-09-12 10:04:37;Frei Cirilo;;;Messejana;;Queda;;Não informado;;Meio De Quadra;;;0;1;0;1;0;0;0;0;0;0;0;0;0;(-38.4959061 -3.8214353);
;2022-09-12 10:04:14;Padre Graça;Gustavo Samapio;;Parque Araxa;;Queda;;Não informado;;Cruzamento;;;0;1;0;1;0;0;0;0;0;0;0;0;0;(-38.54587739999999 -3.7330425);
;2022-09-12 10:00:17;Caetano Silva;Rua Da Liberdade;;Autran Nunes;;Colisão;;Não informado;;Cruzamento;;;0;1;0;0;2;0;0;0;0;0;0;0;0;(-38.5988075 -3.7490945);
;2022-09-12 09:38:32;Viaduto Do Antonio Bezerra;;;Antonio Bezerra;;Queda;;Não informado;;Meio De Quadra Sem Numero;;;0;1;0;1;0;0;0;0;0;0;0;0;0;(-38.5855393 -3.7380635);
;2022-09-12 09:18:27;Avenida Mister Hull;;;Antonio Bezerra;;Queda;;Não informado;;Meio De Quadra Sem Numero;;;0;2;0;1;0;0;0;0;0;0;0;0;0;(-38.5918137 -3.7395231);
;2022-09-12 09:17:26;Da Liberdade;;;Autran Nunes;;Colisão;;Não informado;;Meio De Quadra;;;0;1;0;1;1;0;0;0;0;0;0;0;0;(-38.597262 -3.7493476);
;2022-09-12 09:12:04;Avenida Osorio De Paiva;;;Não informado;;Atropelamento;;Não informado;;Meio De Quadra;;;0;1;0;1;0;0;0;0;0;0;0;0;0;(-38.587433 -3.7901342);
;2022-09-12 08:40:22;4º Anel Viário;Br 116;;Ancuri;;Colisão;;Não informado;;Cruzamento;;;0;1;0;1;1;0;0;0;0;0;0;0;0;(-38.4977674 -3.8637865);
;2022-09-12 02:41:35;J;;;Conjunto Ceara;;Queda;;Não informado;;Meio De Quadra;;;0;1;0;1;0;0;0;0;0;0;0;0;0;(-38.6178119 -3.7700441);
;2022-09-12 01:09:25;Av. Virgilio Tavora;Maria Tomasia;;Aldeota;;Colisão;;Não informado;;Cruzamento;;;0;1;0;1;1;0;0;0;0;0;0;0;0;(-38.4931364 -3.7368195);
;2022-09-12 00:49:54;Jose Barcelos;Jovita Feitosa;;Parquelandia;;Queda;;Não informado;;Cruzamento;;;0;1;0;1;0;0;0;0;0;0;0;0;0;(-38.5499466 -3.7384753);
;2022-09-12 00:40:23;Nova Fortaleza;;;Planalto Ayrton Senna;;Colisão;;Não informado;;Meio De Quadra;;;0;2;0;2;0;0;0;0;0;0;0;0;0;(-38.5727769 -3.839747);
;2022-09-11 23:07:28;Coronel Virgilio Nogueira;;;Bom Jardim;;Atropelamento;;Não informado;;Meio De Quadra;;;0;1;0;0;0;0;0;1;0;0;0;0;0;(-38.60912039999999 -3.7908926);
;2022-09-11 22:43:45;C;;;Conjunto Ceara;;Colisão;;Não informado;;Meio De Quadra;;;0;2;0;2;0;0;0;0;0;0;0;0;0;(-38.6182076 -3.773242);
;2022-09-11 20:39:49;Avenida Jovita Feitosa -;;;Parquelandia;;Atropelamento;;Não informado;;Meio De Quadra;;;0;2;0;1;0;0;0;0;0;0;0;0;0;(0 0);
;2022-09-11 20:08:35;Av Beira Mar;;;Praia De Iracema;;Queda;;Não informado;;Meio De Quadra;;;0;1;0;0;0;0;0;0;0;1;0;0;0;(-38.481748 -3.7229854);
;2022-09-11 19:48:21;Washington Soares;;;Messejana;;Atropelamento;;Não informado;;Meio De Quadra;;;0;3;0;0;1;0;0;0;0;0;0;0;0;(-38.4818507 -3.8258974);
;2022-09-11 19:25:00;General Osorio De Paiva;Eduardo Perdigao;;Parangaba;;Colisão;;Não informado;;Cruzamento;;;0;1;0;1;1;0;0;0;0;0;0;0;0;(-38.5654394 -3.7747773);
;2022-09-11 16:51:58;Teodomiro De Castro;Rua Adolfo Bezerra De Menezes;;Alvaro Weyne;;Colisão;;Não informado;;Cruzamento;;;0;1;0;1;1;0;0;0;0;0;0;0;0;(-38.5774366 -3.7166258);
;2022-09-11 11:17:08;Rua Senador Robert Kennedy;;;Barra Do Ceara;;Colisão;;Não informado;;Meio De Quadra;;;0;2;0;1;1;0;0;0;0;0;0;0;0;(-38.5769103 -3.6998683);
;2022-09-11 10:16:28;Das Graviolas;;;Cidade 2000;;Colisão;;Não informado;;Meio De Quadra;;;0;1;0;0;2;0;0;0;0;0;0;0;0;(-38.4738009 -3.7517667);
;2022-09-11 08:44:03;Senador Robert Kennedy;Rua Candido Castelo Branco;;Barra Do Ceara;;Colisão;;Não informado;;Cruzamento;;;0;2;0;1;1;0;0;0;0;0;0;0;0;(-38.580817 -3.7078811);
;2022-09-11 08:25:46;Heribaldo Costa;Fernandes Távora;;Joquei Clube;;Colisão;;Não informado;;Cruzamento;;;0;2;0;1;1;0;0;0;0;0;0;0;0;(-38.5856873 -3.7633638);
;2022-09-11 06:05:03;860  Upa Conj. Ceara;;;Conjunto Ceara;;Capotamento;;Não informado;;Meio De Quadra Sem Numero;;;0;1;0;0;1;0;0;0;0;0;0;0;0;(-38.5993337 -3.7689275);
;2022-09-11 04:48:31;Visconde Do Rio Branco;;;Fatima;;Atropelamento;;Não informado;;Meio De Quadra;;;0;1;0;0;1;0;0;0;0;0;0;0;0;(-38.5208537 -3.7549113);
;2022-09-11 03:11:12;Parsifal Barroso Subindo Para Av. Mister Hull;;;Sao Gerardo;;Colisão;;Não informado;;Meio De Quadra Sem Numero;;;0;1;0;1;1;0;0;0;0;0;0;0;0;(-38.5690608 -3.7338884);
;2022-09-11 00:49:31;Presidente Costa E Silva;;;Mondubim;;Queda;;Não informado;;Meio De Quadra Sem Numero;;;0;1;0;1;0;0;0;0;0;0;0;0;0;(-38.5647962 -3.8178905);
;2022-09-11 00:31:16;Val Paraiso;;;Jangurussu;;Atropelamento;;Não informado;;Meio De Quadra;;;0;2;0;1;0;0;0;0;0;0;0;0;0;(-38.5168313 -3.846918899999999);
;2022-09-10 23:53:03;Av. Aguanabi;;;Não informado;;Queda;;Não informado;;Meio De Quadra;;;0;1;0;1;0;0;0;0;0;0;0;0;0;(0 0);
;2022-09-10 23:49:31;Vereador Pedro Paulo;;;Parque Manibura;;Colisão;;Não informado;;Meio De Quadra Sem Numero;;;0;1;0;1;1;0;0;0;0;0;0;0;0;(-38.4865594 -3.7872774);
;2022-09-10 23:21:35;Avenida Mendel Stenibruch;;;Planalto Ayrton Senna;;Colisão;;Não informado;;Meio De Quadra;;;0;2;0;2;0;0;0;0;0;0;0;0;0;(-38.5816542 -3.832242);
;2022-09-10 23:04:50;Mestre Rosa;;;Jose Bonifacio;;Colisão;;Não informado;;Meio De Quadra;;;0;1;0;1;1;0;0;0;0;0;0;0;0;(-38.52549610000001 -3.7415276);
;2022-09-10 22:26:50;Fernao Magalhaes;;;Pici;;Queda;;Não informado;;Meio De Quadra;;;0;1;0;1;0;0;0;0;0;0;0;0;0;(-38.5707279 -3.7503256);
;2022-09-10 22:10:07;Independencia;;;Quintino Cunha;;Atropelamento;;Não informado;;Meio De Quadra;;;0;1;0;1;0;0;0;0;0;0;0;0;0;(-38.6000306 -3.724055);
;2022-09-10 22:09:30;Br. 116 KM 10;;;Messejana;;Colisão;;Não informado;;Meio De Quadra Sem Numero;;;0;1;0;0;1;0;0;0;0;1;0;0;0;(-38.5041401 -3.8259496);
;2022-09-10 22:06:57;Bento Albuquerque;;;Coco;;Colisão;;Não informado;;Meio De Quadra;;;0;2;0;2;0;0;0;0;0;0;0;0;0;(-38.475454 -3.7465593);
;2022-09-10 22:06:45;Avenida Frei Cirilo;Br 116;;Messejana;;Queda de moto;;Não informado;;Cruzamento;;;0;2;0;2;0;0;0;0;0;0;0;0;0;(-38.5020238 -3.8061635);
;2022-09-10 20:57:10;Rua Professor Virgilio Morais;;;Autran Nunes;;Colisão;;Não informado;;Meio De Quadra;;;0;1;0;1;1;0;0;0;0;0;0;0;0;(-38.5970277 -3.752277599999999);
;2022-09-10 18:23:37;Rua 212 Cj Sao Cristovao;;;Jangurussu;;Colisão;;Não informado;;Meio De Quadra;;;0;1;0;1;1;0;0;0;0;0;0;0;0;(-38.52359999999999 -3.832789999999999);
;2022-09-10 17:18:59;Porto Velho;Eribaldo Costa;;Joao Xxiii;;Colisão;;Não informado;;Cruzamento;;;0;1;0;0;2;0;0;0;0;0;0;0;0;(-38.587038 -3.7659936);