COD_ACIDENTE;DATA;LOG1;LOG2;NUMERO;BAIRRO;AMC;NATUREZA;ILUMINACAO;TEMPO;SUPERFICIEPISTA;TIPOCRUZAMENTO;CONTROLETRAFEGO;USOSOLO;MORTOS;FERIDOS;ILESOS;MOTOCICLETA;AUTOMOVEL;MICROONIBUS;CAMINHAO;ONIBUS;CICLOMOTOR;BICICLETA;OUTROS;TREM;TRACAOANIMAL;COORDENADAS
;2022-09-10 16:59:19;Avenida Washington Soares;;;Sao Bento;;Colisão;;Não informado;;Meio De Quadra;;;0;1;0;1;1;0;0;0;0;0;0;0;0;(-38.476248 -3.8486557);
;2022-09-10 16:39:00;Rua Joaquim Nabuco;Av Da Aboliçao;;Aldeota;;Colisão;;Não informado;;Cruzamento;;;0;1;0;0;2;0;0;0;0;0;0;0;0;(-38.4984549 -3.7264338);
;2022-09-10 16:37:35;Rua 321 - Alameda Das Palmeiras;;;Ancuri;;Colisão;;Não informado;;Meio De Quadra Sem Numero;;;0;1;0;1;1;0;0;0;0;0;0;0;0;(-38.5132609 -3.8753397);
;2022-09-10 15:05:55;BR 116 KM 6;;;Cajazeiras;;Colisão;;Não informado;;Meio De Quadra;;;0;1;0;1;0;0;1;0;0;0;0;0;0;(0 0);
;2022-09-10 14:50:30;Jornalista Tomaz Coelho;;;Jangurussu;;Colisão;;Não informado;;Meio De Quadra;;;0;1;0;2;0;0;0;0;0;0;0;0;0;(-38.5080969 -3.8303347);
;2022-09-10 14:47:42;Av Perimetral  Esquina;Godofredo Maciel;;Mondubim;;Colisão;;Não informado;;Cruzamento;;;0;1;0;1;1;0;0;0;0;0;0;0;0;(-38.5752152 -3.8178563);
;2022-09-10 14:39:22;Av Silas Munguba;;;Passare;;Colisão;;Não informado;;Meio De Quadra Sem Numero;;;0;1;0;0;2;0;0;0;0;0;0;0;0;(-38.5297827 -3.8016075);
;2022-09-10 14:17:07;Perimetral;;;Mondubim;;Queda;;Não informado;;Meio De Quadra;;;0;1;0;1;0;0;0;0;0;0;0;0;0;(-38.5327995 -3.8276466);
;2022-09-10 13:57:01;Vitoria;;;Henrique Jorge;;Atropelamento;;Não informado;;Meio De Quadra;;;0;1;0;0;1;0;0;0;0;0;0;0;0;(-38.5861607 -3.7604993);
;2022-09-10 12:44:49;Oscar Araripe;;;Bom Jardim;;Colisão;;Não informado;;Meio De Quadra;;;0;1;0;1;1;0;0;0;0;0;0;0;0;(-38.61100589999999 -3.7876511);
;2022-09-10 11:56:11;Thompison  Gonçalves;;;Bonsucesso;;Colisão;;Não informado;;Meio De Quadra;;;0;1;0;1;0;0;1;0;0;0;0;0;0;(-38.5819701 -3.7793612);
;2022-09-10 11:02:21;Avenida Benjamim Brasil -;;;Mondubim;;Colisão;;Não informado;;Meio De Quadra Sem Numero;;;0;1;0;1;1;0;0;0;0;0;0;0;0;(-38.5569787 -3.808876);
;2022-09-10 10:57:41;Augusto Dos Anjos;;;Bonsucesso;;Colisão;;Não informado;;Meio De Quadra;;;0;1;0;1;1;0;0;0;0;0;0;0;0;(-38.5804221 -3.7814185);
;2022-09-10 10:31:54;Rua Carlos Chagas -;;;Granja Portugal;;Colisão;;Não informado;;Meio De Quadra;;;0;1;0;0;2;0;0;0;0;0;0;0;0;(-38.5828415 -3.7806566);
;2022-09-10 10:02:39;Carlos Walraven;;;Jardim Guanabara;;Queda;;Não informado;;Meio De Quadra;;;0;2;0;1;0;0;0;0;0;0;0;0;0;(-38.5894217 -3.7206275);
;2022-09-10 09:30:12;Avenida Desembargador Moreira;;;Aldeota;;Colisão;;Não informado;;Meio De Quadra;;;0;1;0;2;0;0;0;0;0;0;0;0;0;(-38.4979855 -3.7344466);
;2022-09-10 08:42:26;Pedro Melo;;;Antonio Bezerra;;Colisão;;Não informado;;Meio De Quadra;;;0;1;0;0;2;0;0;0;0;0;0;0;0;(0 0);
;2022-09-10 06:46:39;Amadeu Furtado;;;Parquelandia;;Colisão;;Não informado;;Meio De Quadra;;;0;1;0;1;1;0;0;0;0;0;0;0;0;(-38.5627415 -3.7424073);
;2022-09-10 05:41:31;Avenida Aguanambi - Ate 680 - Lado Par;;;Jose Bonifacio;;Queda de moto;;Não informado;;Meio De Quadra Sem Numero;;;0;1;0;2;0;0;0;0;0;0;0;0;0;(-38.523825 -3.7489718);
;2022-09-10 03:36:07;Perimetral;;;Não informado;;Colisão;;Não informado;;Meio De Quadra Sem Numero;;;0;1;0;1;1;0;0;0;0;0;0;0;0;(-38.5327995 -3.8276466);
;2022-09-10 03:30:56;Presidente Costa E Silva;;;Prefeito Jose Walter;;Colisão;;Não informado;;Meio De Quadra Sem Numero;;;0;2;0;1;1;0;0;0;0;0;0;0;0;(-38.5443558 -3.8244455);
;2022-09-10 01:43:40;Rua Padre Cicero;;;Benfica;;Queda de moto;;Não informado;;Meio De Quadra;;;0;1;0;2;0;0;0;0;0;0;0;0;0;(-38.5423365 -3.7470178);
;2022-09-10 01:34:22;Eduardo Girao;;;Jardim America;;Queda;;Não informado;;Meio De Quadra;;;0;2;0;1;0;0;0;0;0;0;0;0;0;(0 0);
;2022-09-10 00:02:52;A;Avenida I;;Prefeito Jose Walter;;Colisão;;Não informado;;Cruzamento;;;0;1;0;0;2;0;0;0;0;0;0;0;0;(-38.5537971 -3.8353486);
;2022-09-09 23:56:38;Leste Oeste;Filomeno Gomes;;Pirambu;;Colisão;;Não informado;;Cruzamento;;;0;2;0;1;1;0;0;0;0;0;0;0;0;(-38.5419633 -3.7154698);
;2022-09-09 23:21:37;Gomes De Matos;;;Montese;;Colisão;;Não informado;;Meio De Quadra;;;0;1;0;1;1;0;0;0;0;0;0;0;0;(-38.5517997 -3.768204);
;2022-09-09 22:59:30;Barao Do Rio Branco;;;Centro;;Colisão;;Não informado;;Meio De Quadra Sem Numero;;;0;1;0;1;1;0;0;0;0;0;0;0;0;(-38.5295336 -3.730413);
;2022-09-09 21:26:25;Gilberto Stuart;Cesar Fonseca;;Coco;;Colisão;;Não informado;;Cruzamento;;;0;1;0;0;1;0;0;0;0;1;0;0;0;(-38.4730542 -3.7461617);
;2022-09-09 21:22:19;Avenida Oliveira Paiva;;;Cidade Dos Funcionarios;;Queda;;Não informado;;Meio De Quadra;;;0;1;0;0;0;0;0;0;0;1;0;0;0;(-38.503126 -3.7993648);
;2022-09-09 21:16:47;Rua Naturalista Feijo;;;Monte Castelo;;Colisão;;Não informado;;Meio De Quadra;;;0;1;0;2;0;0;0;0;0;0;0;0;0;(-38.5547265 -3.7220772);
;2022-09-09 20:12:10;Avenida Washington Soares;;;Parque Manibura;;Colisão;;Não informado;;Meio De Quadra;;;0;1;0;0;2;0;0;0;0;0;0;0;0;(-38.480945 -3.787887099999999);
;2022-09-09 19:38:19;Rua Jose Avelino;;;Praia De Iracema;;Colisão;;Não informado;;Meio De Quadra;;;0;1;0;1;1;0;0;0;0;0;0;0;0;(-38.5192134 -3.7223261);
;2022-09-09 19:34:45;Jose Bastos;;;Jacarecanga;;Colisão;;Não informado;;Meio De Quadra;;;0;1;0;1;1;0;0;0;0;0;0;0;0;(-38.5528354 -3.7521542);
;2022-09-09 19:21:25;Avenida Governador Raul Barbosa;;;Aerolandia;;Colisão;;Não informado;;Meio De Quadra Sem Numero;;;0;1;0;2;0;0;0;0;0;0;0;0;0;(-38.512539 -3.7729647);
;2022-09-09 19:07:51;Rua Coronel Joao De Oliveira;;;Messejana;;Atropelamento;;Não informado;;Meio De Quadra;;;0;1;0;1;0;0;0;0;0;0;0;0;0;(-38.4903512 -3.8226478);
;2022-09-09 19:04:32;Avenida Da Aboliçao;;;Mucuripe;;Colisão;;Não informado;;Meio De Quadra;;;0;1;0;0;2;0;0;0;0;0;0;0;0;(-38.4820765 -3.7246189);
;2022-09-09 18:20:27;Jornalista Pontes Tavares;;;Barroso;;Atropelamento;;Não informado;;Meio De Quadra;;;0;2;0;1;0;0;0;0;0;0;0;0;0;(-38.5087456 -3.8130635);
;2022-09-09 17:25:09;Jose Bastos;;;Democrito Rocha;;Colisão;;Não informado;;Meio De Quadra Sem Numero;;;0;1;0;0;2;0;0;0;0;0;0;0;0;(-38.5584637 -3.7570741);
;2022-09-09 17:10:32;Eng Santana Junior;;;Coco;;Queda;;Não informado;;Meio De Quadra;;;0;1;0;1;0;0;0;0;0;0;0;0;0;(-38.4893787 -3.7451012);
;2022-09-09 16:50:40;Francisco S A;;;Jacarecanga;;Atropelamento;;Não informado;;Meio De Quadra;;;0;1;0;1;0;0;0;0;0;0;0;0;0;(-38.546523 -3.7207893);
;2022-09-09 16:21:29;Leste Oeste;;;Moura Brasil;;Queda;;Não informado;;Meio De Quadra Sem Numero;;;0;1;0;1;0;0;0;0;0;0;0;0;0;(-38.5344252 -3.718373);
;2022-09-09 13:26:25;Rua Graciliano Ramos;Padre Leopoldo;;Fatima;;Colisão;;Não informado;;Cruzamento;;;0;1;0;1;1;0;0;0;0;0;0;0;0;(-38.5307002 -3.7531113);
;2022-09-09 11:32:13;BR 116;;;Cajazeiras;;Colisão;;Não informado;;Meio De Quadra Sem Numero;;;0;2;0;0;2;0;0;0;0;0;0;0;0;(0 0);
;2022-09-09 10:20:32;Miguel Aragao - Aracape;;;Não informado;;Colisão;;Não informado;;Meio De Quadra;;;0;1;0;0;2;0;0;0;0;0;0;0;0;(-38.5902117 -3.8313648);
;2022-09-09 10:00:29;Elcias Lopes;Almirante Rubim;;Itaoca;;Queda;;Não informado;;Cruzamento;;;0;1;0;1;0;0;0;0;0;0;0;0;0;(-38.5565925 -3.7707703);
;2022-09-09 09:03:46;Quarto Anel Viario;;;Ancuri;;Colisão;;Não informado;;Meio De Quadra Sem Numero;;;0;1;0;2;0;0;0;0;0;0;0;0;0;(-38.5082531 -3.8687273);
;2022-09-09 02:06:33;Santos Dumont;Francisco Matos;;Papicu;;Queda;;Não informado;;Cruzamento;;;0;1;0;0;0;0;0;0;0;1;0;0;0;(-38.4749346 -3.7437989);
;2022-09-09 01:16:12;Meton De Alencar;;;Centro;;Colisão;;Não informado;;Meio De Quadra;;;0;1;0;2;0;0;0;0;0;0;0;0;0;(-38.5250558 -3.735564);
;2022-09-09 00:56:51;BR 116 KM ?;;;Não informado;;Colisão;;Não informado;;Meio De Quadra;;;0;1;0;0;2;0;0;0;0;0;0;0;0;(0 0);
;2022-09-08 23:24:30;Julio Alcides;Rua Cambara;;Maraponga;;Colisão;;Não informado;;Cruzamento;;;0;1;0;1;1;0;0;0;0;0;0;0;0;(-38.5654447 -3.7882281);
;2022-09-08 22:07:34;Rua Alto Da Paz- Bloco A 1;;;Vicente Pinzon;;Atropelamento;;Não informado;;Meio De Quadra Sem Numero;;;0;1;0;1;0;0;0;0;0;0;0;0;0;(-38.4731239 -3.7234622);
;2022-09-08 21:53:55;Jose Bastos;;;Rodolfo Teofilo;;Colisão;;Não informado;;Meio De Quadra;;;0;1;0;2;0;0;0;0;0;0;0;0;0;(-38.5438444 -3.7428698);
;2022-09-08 21:05:40;Conego De Castro;;;Parque Santa Rosa;;Atropelamento;;Não informado;;Meio De Quadra;;;0;1;0;1;0;0;0;0;0;0;0;0;0;(-38.596929 -3.811265);
;2022-09-08 20:59:22;Travessa Helena Maria;Rua Mozar Firmeza;;Joquei Clube;;Colisão;;Não informado;;Cruzamento;;;0;1;0;1;1;0;0;0;0;0;0;0;0;(-38.5757517 -3.7676848);
;2022-09-08 20:55:02;Teodoro Cabral;Rua Manaca;;Cristo Redentor;;Colisão;;Não informado;;Cruzamento;;;0;1;0;2;0;0;0;0;0;0;0;0;0;(-38.5648628 -3.7107272);
;2022-09-08 20:08:31;Rua Pedro Artur;;;Carlito Pamplona;;Colisão;;Não informado;;Meio De Quadra;;;0;1;0;0;2;0;0;0;0;0;0;0;0;(-38.5535039 -3.7129387);
;2022-09-08 20:00:21;Val Paraiso;;;Jangurussu;;Colisão;;Não informado;;Meio De Quadra;;;0;2;0;2;0;0;0;0;0;0;0;0;0;(-38.505201 -3.851351);
;2022-09-08 19:01:09;Mister Hull;;;Antonio Bezerra;;Colisão;;Não informado;;Meio De Quadra;;;0;1;0;1;1;0;0;0;0;0;0;0;0;(-38.5933496 -3.7394494);
;2022-09-08 18:04:29;Val Paraiso;;;Conjunto Palmeiras;;Colisão;;Não informado;;Meio De Quadra;;;0;1;0;1;1;0;0;0;0;0;0;0;0;(-38.5186783 -3.846247699999999);
;2022-09-08 16:52:42;Joao Pessoa;;;Damas;;Atropelamento;;Não informado;;Meio De Quadra Sem Numero;;;0;1;0;0;0;0;0;0;0;0;1;0;0;(-38.5494485 -3.7523912);
;2022-09-08 16:34:11;Rua Julho Braga;;;Joao Xxiii;;Colisão;;Não informado;;Meio De Quadra;;;0;1;0;1;1;0;0;0;0;0;0;0;0;(-38.5844099 -3.7734089);
;2022-09-08 16:32:32;Equador;;;Montese;;Colisão;;Não informado;;Meio De Quadra;;;0;1;0;1;1;0;0;0;0;0;0;0;0;(-38.5511047 -3.7698032);
;2022-09-08 15:32:06;BR 116 KM 13;;;Messejana;;Queda;;Não informado;;Meio De Quadra Sem Numero;;;0;2;0;1;0;0;0;0;0;0;0;0;0;(0 0);
;2022-09-08 15:09:15;Coronel Guilherme De Alencar;;;Messejana;;Queda;;Não informado;;Meio De Quadra;;;0;1;0;0;0;0;0;0;0;1;0;0;0;(-38.4929069 -3.8364689);
;2022-09-08 14:00:52;Oliveira  Paiva;;;Cidade Dos Funcionarios;;Colisão;;Não informado;;Meio De Quadra;;;0;1;0;0;2;0;0;0;0;0;0;0;0;(-38.4995303 -3.7970872);
;2022-09-08 13:46:45;Pascoal De Castro Alves;;;Vicente Pinzon;;Colisão;;Não informado;;Meio De Quadra;;;0;1;0;1;1;0;0;0;0;0;0;0;0;(-38.4780446 -3.7326281);
;2022-09-08 13:08:40;13 De Maio;Carapinima;;Benfica;;Atropelamento;;Não informado;;Cruzamento;;;0;1;0;0;0;0;0;0;0;0;1;0;0;(-38.5402272 -3.7399305);
;2022-09-08 12:52:06;Barao De Sobral;;;Montese;;Colisão;;Não informado;;Meio De Quadra;;;0;1;0;1;1;0;0;0;0;0;0;0;0;(-38.5555349 -3.7661933);
;2022-09-08 11:57:44;Avenida Alberto Craveiro;;;Dias Macedo;;Colisão;;Não informado;;Meio De Quadra Sem Numero;;;0;1;0;1;1;0;0;0;0;0;0;0;0;(-38.5169862 -3.788271);
;2022-09-08 11:42:20;Radialista Joao Ramos;;;Planalto Ayrton Senna;;Colisão;;Não informado;;Meio De Quadra;;;0;1;0;1;1;0;0;0;0;0;0;0;0;(-38.579315 -3.8406944);
;2022-09-08 10:48:15;Rocha Lima;;;Centro;;Queda;;Não informado;;Meio De Quadra;;;0;1;0;1;0;0;0;0;0;0;0;0;0;(-38.5180077 -3.7378577);
;2022-09-08 09:43:50;Jovita Feitosa (;R. Dom Ose Lourenço);;Parque Araxa;;Atropelamento;;Não informado;;Cruzamento;;;0;1;0;0;0;0;0;0;0;0;1;0;0;(-38.5586063 -3.7402556);
;2022-09-08 03:26:06;Julio Siqueira;;;Dionisio Torres;;Colisão;;Não informado;;Meio De Quadra;;;0;1;0;1;1;0;0;0;0;0;0;0;0;(-38.5038147 -3.7512882);
;2022-09-08 01:05:43;Avenida Engenheiro Santana Junior;;;Papicu;;Colisão;;Não informado;;Meio De Quadra;;;0;1;0;0;2;0;0;0;0;0;0;0;0;(-38.4837195 -3.7389242);
;2022-09-08 00:50:11;Avenida Rogaciano Leite -;;;Salinas;;Queda;;Não informado;;Meio De Quadra;;;0;1;0;0;0;0;0;0;0;1;0;0;0;(-38.49582729999999 -3.7651144);
;2022-09-07 23:33:53;Washington Soares;;;Messejana;;Capotamento;;Não informado;;Meio De Quadra;;;0;1;0;0;1;0;0;0;0;0;0;0;0;(-38.4805391 -3.8372845);
;2022-09-07 21:45:13;Siquera  Campos;;;Siqueira;;Colisão;;Não informado;;Meio De Quadra;;;0;1;0;0;2;0;0;0;0;0;0;0;0;(-38.6248172 -3.8125717);
;2022-09-07 21:17:53;Rua Bernado Manuel;;;Serrinha;;Colisão;;Não informado;;Meio De Quadra;;;0;2;0;1;1;0;0;0;0;0;0;0;0;(0 0);
;2022-09-07 21:17:24;Conego De Castro;;;Parque Sao Jose;;Colisão;;Não informado;;Meio De Quadra;;;0;2;0;0;2;0;0;0;0;0;0;0;0;(-38.5927287 -3.8040838);
;2022-09-07 21:08:47;Avenida Mozar  Pinheiro De Lucena;;;Vila Velha;;Atropelamento;;Não informado;;Meio De Quadra;;;0;1;0;0;1;0;0;0;0;0;0;0;0;(-38.593665 -3.710664);
;2022-09-07 20:33:23;Duque De Caxias;;;Centro;;Atropelamento;;Não informado;;Meio De Quadra Sem Numero;;;0;1;0;0;0;0;0;0;0;0;1;0;0;(-38.5332576 -3.7307412);
;2022-09-07 20:13:29;Das Oiticicas;Avenida Paroaras  258;;Passare;;Colisão;;Não informado;;Cruzamento;;;0;1;0;0;2;0;0;0;0;0;0;0;0;(-38.53764109999999 -3.81134);
;2022-09-07 18:04:00;Desembargador Moreira - Francisco Holanda;;;Dionisio Torres;;Colisão;;Não informado;;Meio De Quadra Sem Numero;;;0;1;0;2;0;0;0;0;0;0;0;0;0;(-38.5026132 -3.749321);
;2022-09-07 17:20:50;Avenida Engenheiro Leal Lima Verde -;;;Sapiranga;;Colisão;;Não informado;;Meio De Quadra;;;0;1;0;0;2;0;0;0;0;0;0;0;0;(-38.4749612 -3.8031416);
;2022-09-07 17:20:48;Alves Bezerra;;;Siqueira;;Colisão;;Não informado;;Meio De Quadra;;;0;1;0;2;0;0;0;0;0;0;0;0;0;(-38.6103844 -3.8061216);
;2022-09-07 16:15:13;Coronel Linhares;Canuto De Aguiar;;Meireles;;Colisão;;Não informado;;Cruzamento;;;0;1;0;0;2;0;0;0;0;0;0;0;0;(-38.4925527 -3.731554);
;2022-09-07 14:10:53;Barao De Studart;;;Aldeota;;Colisão;;Não informado;;Meio De Quadra;;;0;2;0;1;1;0;0;0;0;0;0;0;0;(-38.5045163 -3.7270956);
;2022-09-07 12:29:24;Roberto Silva;;;Edson Queiroz;;Colisão;;Não informado;;Meio De Quadra;;;0;1;0;1;1;0;0;0;0;0;0;0;0;(-38.4752476 -3.7730479);
;2022-09-07 12:20:39;Perimetral;;;Mondubim;;Colisão;;Não informado;;Meio De Quadra Sem Numero;;;0;2;0;1;1;0;0;0;0;0;0;0;0;(-38.5327995 -3.8276466);
;2022-09-07 11:37:13;Um;;;Jardim Das Oliveiras;;Queda;;Não informado;;Meio De Quadra;;;0;1;0;0;0;0;0;0;0;1;0;0;0;(0 0);
;2022-09-07 07:29:01;Major Assis;;;Vila Velha;;Colisão;;Não informado;;Meio De Quadra;;;0;1;0;0;2;0;0;0;0;0;0;0;0;(-38.5984215 -3.7212938);
;2022-09-07 03:17:27;Presidente Costa E Silva;Pompilio Gomes;;Jangurussu;;Colisão;;Não informado;;Cruzamento;;;0;2;0;1;1;0;0;0;0;0;0;0;0;(-38.5282735 -3.8293827);
;2022-09-07 02:43:38;Rua Conego De Castro -;;;Parque Santa Rosa;;Colisão;;Não informado;;Meio De Quadra;;;0;1;0;0;2;0;0;0;0;0;0;0;0;(-38.5977861 -3.8130672);
;2022-09-07 00:54:22;860;;;Conjunto Ceara;;Atropelamento;;Não informado;;Meio De Quadra Sem Numero;;;0;1;0;0;0;0;0;0;0;0;1;0;0;(-38.5993337 -3.7689275);
;2022-09-07 00:13:51;Mirtes Rocha;;;Vila Peri;;Queda;;Não informado;;Meio De Quadra;;;0;1;0;1;0;0;0;0;0;0;0;0;0;(-38.5787889 -3.7810289);
;2022-09-06 22:04:22;Tiburcio Frota 78;Rua Frei Vidal;;Sao Joao Do Tauape;;Colisão;;Não informado;;Cruzamento;;;0;1;0;1;1;0;0;0;0;0;0;0;0;(-38.5182063 -3.7556364);
;2022-09-06 21:59:53;Senador Carlos Jereissati;;;Serrinha;;Colisão;;Não informado;;Meio De Quadra Sem Numero;;;0;1;0;1;1;0;0;0;0;0;0;0;0;(-38.5416215 -3.7803066);
;2022-09-06 20:40:24;Av Maciel Bezerra;;;Siqueira;;Colisão;;Não informado;;Meio De Quadra;;;0;1;0;1;0;0;0;0;0;0;0;0;0;(-38.6301442 -3.8072096);
;2022-09-06 20:25:00;Henrique Ellery;Doutor Atualpa;;Vila Ellery;;Colisão;;Não informado;;Cruzamento;;;0;1;0;2;0;0;0;0;0;0;0;0;0;(-38.5607175 -3.7226902);
;2022-09-06 19:58:50;Perimetral;;;Pici;;Atropelamento;;Não informado;;Meio De Quadra Sem Numero;;;0;1;0;1;0;0;0;0;0;0;0;0;0;(-38.589942 -3.78528);
;2022-09-06 16:52:41;D;;;Prefeito Jose Walter;;Queda;;Não informado;;Meio De Quadra Sem Numero;;;0;1;0;0;0;0;0;0;0;1;0;0;0;(0 0);
;2022-09-06 12:51:56;Maria Analia;;;Barroso;;Colisão;;Não informado;;Meio De Quadra Sem Numero;;;0;1;0;1;0;0;0;0;0;0;0;0;0;(-38.51614 -3.8138377);
;2022-09-06 12:26:05;Presidente Castelo Branco;;;Jacarecanga;;Colisão;;Não informado;;Meio De Quadra Sem Numero;;;0;1;0;2;0;0;0;0;0;0;0;0;0;(-38.5454338 -3.7149803);
;2022-09-06 11:49:54;Oscar França;;;Granja Lisboa;;Atropelamento;;Não informado;;Meio De Quadra;;;0;1;0;1;0;0;0;0;0;0;0;0;0;(-38.6127581 -3.7874874);
;2022-09-06 11:10:06;Silas Munguba;;;Serrinha;;Colisão;;Não informado;;Meio De Quadra;;;0;1;0;1;1;0;0;0;0;0;0;0;0;(-38.5388154 -3.7912474);
;2022-09-06 10:57:12;Herois Do Acre;;;Passare;;Colisão;;Não informado;;Meio De Quadra;;;0;1;0;1;1;0;0;0;0;0;0;0;0;(-38.534171 -3.8034972);
;2022-09-06 10:16:26;Senador Fernandes Tavora;;;Autran Nunes;;Colisão;;Não informado;;Meio De Quadra;;;0;1;0;0;2;0;0;0;0;0;0;0;0;(-38.5923777 -3.7568899);
;2022-09-06 09:49:21;Presidente Costa E Silva;;;Mondubim;;Atropelamento;;Não informado;;Meio De Quadra Sem Numero;;;0;1;0;0;1;0;0;0;0;0;0;0;0;(-38.5647962 -3.8178905);
;2022-09-06 09:46:58;Rua Marechal Deodoro;;;Benfica;;Colisão;;Não informado;;Meio De Quadra;;;0;1;0;2;0;0;0;0;0;0;0;0;0;(0 0);
;2022-09-06 09:43:57;Pinto Madeira;;;Centro;;Colisão;;Não informado;;Meio De Quadra;;;0;1;0;1;1;0;0;0;0;0;0;0;0;(-38.5136501 -3.7338116);
;2022-09-06 09:28:39;Perdigão Sampaio;Matoso Filho;;Quintino Cunha;;Colisão;;Não informado;;Cruzamento;;;0;1;0;1;0;0;1;0;0;0;0;0;0;(-38.5957857 -3.734676899999999);
;2022-09-06 09:24:18;Carlos Jereissati;;;Aeroporto;;Colisão;;Não informado;;Meio De Quadra Sem Numero;;;0;1;0;0;2;0;0;0;0;0;0;0;0;(-38.5357467 -3.7820759);
;2022-09-06 00:04:24;N;;;Itaperi;;Colisão;;Não informado;;Meio De Quadra;;;0;1;0;1;1;0;0;0;0;0;0;0;0;(-38.5297134 -3.8220951);
;2022-09-05 23:31:18;Betel  - Upa Itaperi;;;Itaperi;;Atropelamento;;Não informado;;Meio De Quadra Sem Numero;;;0;1;0;0;1;0;0;0;0;0;0;0;0;(-38.554645 -3.7957187);
;2022-09-05 23:01:50;Pasteur;;;Carlito Pamplona;;Colisão;;Não informado;;Meio De Quadra;;;0;1;0;1;1;0;0;0;0;0;0;0;0;(-38.5600838 -3.7148975);
;2022-09-05 22:09:45;Leste Oeste;;;Barra Do Ceara;;Queda;;Não informado;;Meio De Quadra;;;0;1;0;0;0;0;0;0;0;1;0;0;0;(-38.5720551 -3.7071949);
;2022-09-05 21:52:11;Avenida Pasteur;Francisco Sá;;Carlito Pamplona;;Colisão;;Não informado;;Cruzamento;;;0;1;0;0;2;0;0;0;0;0;0;0;0;(-38.5605801 -3.7163231);
;2022-09-05 21:28:43;Estrada Barao De Aquiraz;;;Messejana;;Colisão;;Não informado;;Meio De Quadra;;;0;1;0;0;2;0;0;0;0;0;0;0;0;(-38.4768607 -3.847376);
;2022-09-05 20:10:56;Evilasio Miranda;Joaquim Frota;;Sapiranga;;Colisão;;Não informado;;Cruzamento;;;0;1;0;0;2;0;0;0;0;0;0;0;0;(-38.4667365 -3.8008494);
;2022-09-05 20:04:57;Rua Satiro Dias - Gomes De Matos;;;Montese;;Queda;;Não informado;;Meio De Quadra Sem Numero;;;0;1;0;1;0;0;0;0;0;0;0;0;0;(-38.5468772 -3.7626136);
;2022-09-05 19:20:58;Borges De Melo;;;Vila Uniao;;Colisão;;Não informado;;Meio De Quadra Sem Numero;;;0;2;0;0;2;0;0;0;0;0;0;0;0;(-38.5287303 -3.760679699999999);
;2022-09-05 19:02:35;Avenida Dionisio Leonel Alencar;;;Pedras;;Colisão;;Não informado;;Meio De Quadra;;;0;1;0;2;0;0;0;0;0;0;0;0;0;(-38.5273896 -3.8720806);
;2022-09-05 18:11:09;Rua Bento Albuquerque;;;Coco;;Colisão;;Não informado;;Meio De Quadra;;;0;1;0;1;1;0;0;0;0;0;0;0;0;(-38.4858045 -3.7427744);
;2022-09-05 17:52:00;Julio Venture;Rua Silva Paulet;;Aldeota;;Atropelamento;;Não informado;;Cruzamento;;;0;1;0;0;0;0;0;0;0;0;1;0;0;(-38.5070766 -3.7395984);
;2022-09-05 16:50:02;Rua General Alimpio Dos Santos;;;Jardim Guanabara;;Colisão;;Não informado;;Meio De Quadra;;;0;1;0;1;1;0;0;0;0;0;0;0;0;(-38.5857323 -3.7287811);
;2022-09-05 15:12:21;Pernambuco;;;Pici;;Colisão;;Não informado;;Meio De Quadra;;;0;1;0;1;1;0;0;0;0;0;0;0;0;(-38.5806277 -3.7488537);
;2022-09-05 14:31:19;Avenida Castelo De Castro -;;;Jangurussu;;Queda;;Não informado;;Meio De Quadra;;;0;1;0;1;0;0;0;0;0;0;0;0;0;(-38.5215785 -3.8303758);
;2022-09-05 13:15:00;Avenida Jose Bastos;;;Rodolfo Teofilo;;Colisão;;Não informado;;Meio De Quadra;;;0;1;0;1;1;0;0;0;0;0;0;0;0;(-38.5520391 -3.7513292);
;2022-09-05 13:01:30;Rio Grande Do Sul;;;Bela Vista;;Capotamento;;Não informado;;Meio De Quadra;;;0;2;0;0;1;0;0;0;0;0;0;0;0;(-38.562133 -3.750935);
;2022-09-05 11:08:19;Major Facundo 1812;Joaquim Magalhaes;;Jose Bonifacio;;Colisão;;Não informado;;Cruzamento;;;0;1;0;1;1;0;0;0;0;0;0;0;0;(-38.531498 -3.7387271);
;2022-09-05 10:31:47;Avenida Godofredo Maciel;;;Mondubim;;Colisão;;Não informado;;Meio De Quadra;;;0;1;0;1;1;0;0;0;0;0;0;0;0;(-38.5762035 -3.8185836);
;2022-09-05 10:11:02;Leste Oeste;;;Barra Do Ceara;;Colisão;;Não informado;;Meio De Quadra;;;0;1;0;1;1;0;0;0;0;0;0;0;0;(0 0);
;2022-09-05 09:52:45;Juscelino Kubstchek;;;Passare;;Colisão;;Não informado;;Meio De Quadra;;;0;1;0;0;2;0;0;0;0;0;0;0;0;(-38.5382949 -3.8250068);
;2022-09-05 09:50:00;Piaui;;;Pici;;Colisão;;Não informado;;Meio De Quadra;;;0;1;0;0;2;0;0;0;0;0;0;0;0;(-38.5700168 -3.7547149);
;2022-09-05 08:44:00;Avenida Antonio Sales;;;Dionisio Torres;;Queda;;Não informado;;Meio De Quadra Sem Numero;;;0;1;0;1;0;0;0;0;0;0;0;0;0;(-38.5024279 -3.7454466);