COD_ACIDENTE;DATA;LOG1;LOG2;NUMERO;BAIRRO;AMC;NATUREZA;ILUMINACAO;TEMPO;SUPERFICIEPISTA;TIPOCRUZAMENTO;CONTROLETRAFEGO;USOSOLO;MORTOS;FERIDOS;ILESOS;MOTOCICLETA;AUTOMOVEL;MICROONIBUS;CAMINHAO;ONIBUS;CICLOMOTOR;BICICLETA;OUTROS;TREM;TRACAOANIMAL;COORDENADAS
;2022-09-05 01:36:31;Silva Paulet;Torres Camara;;Aldeota;;Colisão;;Não informado;;Cruzamento;;;0;1;0;1;1;0;0;0;0;0;0;0;0;(-38.5058641 -3.7359709);
;2022-09-05 01:03:56;Jose Bastos;Jose Façanha;;Rodolfo Teofilo;;Colisão;;Não informado;;Cruzamento;;;0;2;0;1;1;0;0;0;0;0;0;0;0;(-38.5548007 -3.7544157);
;2022-09-05 00:52:21;Bernardo Manuel;;;Mondubim;;Queda;;Não informado;;Meio De Quadra;;;0;2;0;1;0;0;0;0;0;0;0;0;0;(-38.557137 -3.8165367);
;2022-09-05 00:49:37;Deembargador Moreira;;;Aldeota;;Colisão;;Não informado;;Meio De Quadra;;;0;1;0;2;0;0;0;0;0;0;0;0;0;(-38.4995691 -3.738126599999999);
;2022-09-04 22:49:07;Pedro Dantas;;;Dias Macedo;;Colisão;;Não informado;;Meio De Quadra;;;0;1;0;1;1;0;0;0;0;0;0;0;0;(-38.5229879 -3.785639);
;2022-09-04 22:04:55;Duas Naçoes;Rua Emilio De Meneses;;Granja Portugal;;Colisão;;Não informado;;Cruzamento;;;0;1;0;1;1;0;0;0;0;0;0;0;0;(-38.6022841 -3.7776011);
;2022-09-04 22:02:18;Rua Joao Fonseca;;;Dias Macedo;;Colisão;;Não informado;;Meio De Quadra;;;0;1;0;1;1;0;0;0;0;0;0;0;0;(-38.5233803 -3.788038499999999);
;2022-09-04 19:48:24;Pernambuco;;;Pici;;Queda;;Não informado;;Meio De Quadra;;;0;1;0;1;0;0;0;0;0;0;0;0;0;(-38.5747922 -3.755035);
;2022-09-04 19:20:48;Joao Cordeiro;;;Praia De Iracema;;Colisão;;Não informado;;Meio De Quadra;;;0;1;0;0;2;0;0;0;0;0;0;0;0;(0 0);
;2022-09-04 18:52:31;Rua Coronel Linhares -;;;Aldeota;;Colisão;;Não informado;;Meio De Quadra;;;0;1;0;1;1;0;0;0;0;0;0;0;0;(-38.4938865 -3.73604);
;2022-09-04 18:01:34;Avenida Oscar Araripe -;;;Granja Lisboa;;Colisão;;Não informado;;Meio De Quadra;;;0;3;0;2;0;0;0;0;0;0;0;0;0;(-38.6247224 -3.783465);
;2022-09-04 17:29:32;Avenida Coronel Carvalho -;Francisco Sá;;Barra Do Ceara;;Colisão;;Não informado;;Cruzamento;;;0;1;0;0;2;0;0;0;0;0;0;0;0;(-38.5915073 -3.7035153);
;2022-09-04 16:58:00;Rua Brigadeiro Torres;Rua Joquei Clube;;Joquei Clube;;Colisão;;Não informado;;Cruzamento;;;0;1;0;1;1;0;0;0;0;0;0;0;0;(-38.5784828 -3.7628653);
;2022-09-04 15:35:33;Doutor Ribamar Lobo;Rua Vilebaldo Aguiar;;Papicu;;Colisão;;Não informado;;Cruzamento;;;0;1;0;1;1;0;0;0;0;0;0;0;0;(-38.4681155 -3.7469084);
;2022-09-04 09:17:31;Osorio De Paiva;;;Parangaba;;Colisão;;Não informado;;Meio De Quadra;;;0;1;0;1;1;0;0;0;0;0;0;0;0;(-38.5698724 -3.7780434);
;2022-09-04 06:52:41;Sargento Joao Pinheiro;;;Granja Lisboa;;Atropelamento;;Não informado;;Meio De Quadra Sem Numero;;;0;1;0;0;0;0;0;0;0;0;1;0;0;(-38.6230856 -3.7838172);
;2022-09-04 06:39:26;Julio Silva - Praia Do Futuro;;;De Lourdes;;Queda;;Não informado;;Meio De Quadra;;;0;1;0;0;0;0;0;0;0;1;0;0;0;(0 0);
;2022-09-04 04:59:01;Avenida Antonio Justa;;;Meireles;;Queda;;Não informado;;Meio De Quadra;;;0;1;0;0;0;0;0;0;0;1;0;0;0;(-38.4901387 -3.7289043);
;2022-09-04 03:26:26;Av. Genibau;Rua Doutor Perilo Teixeira;;Parque Genibau;;Colisão;;Não informado;;Cruzamento;;;0;2;0;2;0;0;0;0;0;0;0;0;0;(-38.5986164 -3.760999);
;2022-09-04 03:23:53;Coronel Matos Dourado;;;Pici;;Colisão;;Não informado;;Meio De Quadra;;;0;1;0;1;1;0;0;0;0;0;0;0;0;(-38.5846164 -3.7478752);
;2022-09-04 02:12:35;Espirito Santos;;;Bela Vista;;Colisão;;Não informado;;Meio De Quadra;;;0;1;0;2;0;0;0;0;0;0;0;0;0;(-38.5662409 -3.750016399999999);
;2022-09-04 01:13:47;Maria Alves Ribeiro;Rua Maria Alves Ribeiro;;Jangurussu;;Queda;;Não informado;;Cruzamento;;;0;1;0;1;0;0;0;0;0;0;0;0;0;(-38.5104076 -3.8335851);
;2022-09-03 23:34:16;Carlos Camara;;;Damas;;Colisão;;Não informado;;Meio De Quadra;;;0;1;0;0;2;0;0;0;0;0;0;0;0;(-38.5483164 -3.7530459);
;2022-09-03 22:24:40;5.0;;;Barroso;;Colisão;;Não informado;;Meio De Quadra;;;0;1;0;2;0;0;0;0;0;0;0;0;0;(0 0);
;2022-09-03 21:40:09;Flamboyante;;;Cidade 2000;;Colisão;;Não informado;;Meio De Quadra;;;0;1;0;1;1;0;0;0;0;0;0;0;0;(-38.4753103 -3.7488853);
;2022-09-03 21:39:24;Rua Major Weyne;;;Damas;;Colisão;;Não informado;;Meio De Quadra;;;0;1;0;1;1;0;0;0;0;0;0;0;0;(-38.5444906 -3.7487623);
;2022-09-03 21:34:18;Rua 234;;;Conjunto Ceara;;Queda;;Não informado;;Meio De Quadra;;;0;1;0;1;0;0;0;0;0;0;0;0;0;(-38.6074809 -3.7677185);
;2022-09-03 21:15:12;Maria Julia;;;Granja Portugal;;Queda;;Não informado;;Meio De Quadra;;;0;1;0;0;0;0;0;0;0;1;0;0;0;(-38.5982333 -3.7868456);
;2022-09-03 21:13:02;Avenida Professor Arthur De Carvalho;;;Lagoa Redonda;;Colisão;;Não informado;;Meio De Quadra;;;0;1;0;2;0;0;0;0;0;0;0;0;0;(-38.4741084 -3.8265073);
;2022-09-03 20:11:26;Vila Do Mar;;;Barra Do Ceara;;Queda;;Não informado;;Meio De Quadra;;;0;1;0;1;0;0;0;0;0;0;0;0;0;(-38.5754318 -3.6986199);
;2022-09-03 20:04:36;Major Facundo;Clarindo De Queiroz;;Centro;;Atropelamento;;Não informado;;Cruzamento;;;0;1;0;1;0;0;0;0;0;0;0;0;0;(-38.5295812 -3.7328934);
;2022-09-03 19:32:21;H;F;;Novo Mondubim;;Colisão;;Não informado;;Cruzamento;;;0;1;0;1;1;0;0;0;0;0;0;0;0;(-38.5807929 -3.8108374);
;2022-09-03 18:31:37;Rua Renato Braga;Luis Vieira;;Vicente Pinzon;;Colisão;;Não informado;;Cruzamento;;;0;1;0;1;1;0;0;0;0;0;0;0;0;(-38.461057 -3.7324896);
;2022-09-03 17:42:27;Rua Baixa Do Milagre;;;Quintino Cunha;;Queda;;Não informado;;Meio De Quadra;;;0;1;0;0;0;0;0;0;0;1;0;0;0;(-38.600502 -3.7342687);
;2022-09-03 15:54:37;Rua Inacio Parente;;;Serrinha;;Queda;;Não informado;;Meio De Quadra;;;0;1;0;0;0;0;0;0;0;1;0;0;0;(-38.5433931 -3.7823214);
;2022-09-03 14:03:53;F;;;Conjunto Ceara;;Colisão;;Não informado;;Meio De Quadra Sem Numero;;;0;1;0;1;1;0;0;0;0;0;0;0;0;(-38.60686 -3.7638);
;2022-09-03 13:18:44;Avenida Doutor Silas Munguba;;;Serrinha;;Colisão;;Não informado;;Meio De Quadra Sem Numero;;;0;1;0;1;1;0;0;0;0;0;0;0;0;(-38.542238 -3.7897477);
;2022-09-03 13:18:13;BR 116;;;Cidade Dos Funcionarios;;Queda;;Não informado;;Meio De Quadra Sem Numero;;;0;1;0;1;0;0;0;0;0;0;0;0;0;(0 0);
;2022-09-03 12:30:30;Senador Pompeu;;;Centro;;Queda;;Não informado;;Meio De Quadra;;;0;1;0;1;0;0;0;0;0;0;0;0;0;(-38.5304572 -3.7285799);
;2022-09-03 12:20:00;4 De Outubro;Rua Sao Turibio - B: Aracape;;Não informado;;Colisão;;Não informado;;Cruzamento;;;0;1;0;2;0;0;0;0;0;0;0;0;0;(-38.590033 -3.8347143);
;2022-09-03 10:45:54;Presidente Castelo Branco;;;Cristo Redentor;;Queda;;Não informado;;Meio De Quadra Sem Numero;;;0;1;0;0;0;0;0;0;0;1;0;0;0;(-38.5645486 -3.7095397);
;2022-09-03 03:25:40;Porto Velho;Rua Vitoria;;Henrique Jorge;;Colisão;;Não informado;;Cruzamento;;;0;2;0;2;0;0;0;0;0;0;0;0;0;(-38.5885357 -3.7651989);
;2022-09-02 23:18:51;Rua Doutor Perilo Teixeira;;;Parque Genibau;;Colisão;;Não informado;;Meio De Quadra;;;0;1;0;1;1;0;0;0;0;0;0;0;0;(-38.6013014 -3.7557893);
;2022-09-02 23:13:00;Val Paraiso;;;Jangurussu;;Colisão;;Não informado;;Meio De Quadra;;;0;1;0;1;1;0;0;0;0;0;0;0;0;(-38.5055448 -3.8515634);
;2022-09-02 23:09:19;Av. H;Sargento Joao Pinheiro;;Conjunto Ceara;;Atropelamento;;Não informado;;Cruzamento;;;0;1;0;0;1;0;0;0;0;0;0;0;0;(-38.6230856 -3.7838172);
;2022-09-02 22:58:55;Santos Drumont;;;Papicu;;Atropelamento;;Não informado;;Meio De Quadra;;;0;1;0;1;0;0;0;0;0;0;0;0;0;(-38.4710001 -3.7447238);
;2022-09-02 22:54:22;H;Avenida J;;Conjunto Ceara;;Atropelamento;;Não informado;;Cruzamento;;;0;1;0;0;0;0;0;1;0;0;0;0;0;(-38.6214136 -3.7769905);
;2022-09-02 22:53:16;Conego De Castro;;;Parque Sao Jose;;Atropelamento;;Não informado;;Meio De Quadra;;;0;2;0;1;0;0;0;0;0;0;0;0;0;(-38.5900629 -3.8027382);
;2022-09-02 22:48:33;Avenida Governador Parsifal Barroso;;;Presidente Kennedy;;Queda de moto;;Não informado;;Meio De Quadra;;;0;1;0;2;0;0;0;0;0;0;0;0;0;(-38.5693481 -3.730314599999999);
;2022-09-02 21:51:03;Frei Cirilo;;;Messejana;;Colisão;;Não informado;;Meio De Quadra;;;0;1;0;1;1;0;0;0;0;0;0;0;0;(-38.4983949 -3.8157858);
;2022-09-02 21:44:50;Capitao Aragao;Capitao Olavo;;Aerolandia;;Colisão;;Não informado;;Cruzamento;;;0;1;0;1;1;0;0;0;0;0;0;0;0;(-38.5159353 -3.7654072);
;2022-09-02 21:16:20;Avenida Da Aboliçao -;;;Mucuripe;;Atropelamento;;Não informado;;Meio De Quadra Sem Numero;;;0;1;0;1;0;0;0;0;0;0;0;0;0;(-38.4838843 -3.7251901);
;2022-09-02 21:07:15;Rua Gomes Brasil;Santa Julia;;Parangaba;;Colisão;;Não informado;;Cruzamento;;;0;1;0;1;1;0;0;0;0;0;0;0;0;(-38.5676116 -3.7740761);
;2022-09-02 20:18:11;Bernardo Manuel;;;Prefeito Jose Walter;;Colisão;;Não informado;;Meio De Quadra;;;0;1;0;0;2;0;0;0;0;0;0;0;0;(-38.5613587 -3.8318327);
;2022-09-02 20:14:38;Rogaciano Leite;Rua Atiliano De Moura;;Guararapes;;Atropelamento;;Não informado;;Cruzamento;;;0;1;0;0;1;0;0;0;0;0;0;0;0;(-38.4921979 -3.7594411);
;2022-09-02 19:41:11;Rua Alexandre Barauna;;;Damas;;Colisão;;Não informado;;Meio De Quadra;;;0;2;0;1;1;0;0;0;0;0;0;0;0;(-38.5491985 -3.7503502);
;2022-09-02 19:28:06;Washington Soares;;;Cambeba;;Colisão;;Não informado;;Meio De Quadra;;;0;2;0;0;2;0;0;0;0;0;0;0;0;(-38.4827336 -3.8314989);
;2022-09-02 19:26:19;Tenente Marcos Lira;;;Serrinha;;Colisão;;Não informado;;Meio De Quadra;;;0;2;0;1;1;0;0;0;0;0;0;0;0;(-38.5402073 -3.7890726);
;2022-09-02 19:16:18;Rua Gomes Brasil;Osorio De Paiva;;Parangaba;;Colisão;;Não informado;;Cruzamento;;;0;2;0;0;2;0;0;0;0;0;0;0;0;(-38.5664728 -3.775654);
;2022-09-02 19:06:53;Perimetral;;;Bonsucesso;;Atropelamento;;Não informado;;Meio De Quadra;;;0;1;0;1;0;0;0;0;0;0;0;0;0;(0 0);
;2022-09-02 19:03:36;Barbara De Alencar;;;Centro;;Colisão;;Não informado;;Meio De Quadra;;;0;1;0;1;1;0;0;0;0;0;0;0;0;(-38.5100188 -3.739277);
;2022-09-02 18:27:30;Dom Pedro Ii;;;Parangaba;;Colisão;;Não informado;;Meio De Quadra;;;0;1;0;1;1;0;0;0;0;0;0;0;0;(-38.5692257 -3.7809169);
;2022-09-02 16:22:13;Rua Bruno Valente;;;Serrinha;;Colisão;;Não informado;;Meio De Quadra;;;0;1;0;1;1;0;0;0;0;0;0;0;0;(-38.538399 -3.7859613);
;2022-09-02 15:28:27;Rua Teodoro De Castro;Francisco Calaça;;Alvaro Weyne;;Colisão;;Não informado;;Cruzamento;;;0;1;0;1;1;0;0;0;0;0;0;0;0;(-38.6050102 -3.779754);
;2022-09-02 14:36:53;Dom Lino;Av. Jovita Feitosa;;Parquelandia;;Colisão;;Não informado;;Cruzamento;;;0;1;0;0;2;0;0;0;0;0;0;0;0;(-38.5564212 -3.7398141);
;2022-09-02 14:00:39;Muniz Freire;R.Eudes Cardoso;;Messejana;;Colisão;;Não informado;;Cruzamento;;;0;1;0;0;2;0;0;0;0;0;0;0;0;(-38.4884809 -3.8259885);
;2022-09-02 12:35:04;Godofredo Maciel;;;Parangaba;;Queda;;Não informado;;Meio De Quadra;;;0;1;0;1;0;0;0;0;0;0;0;0;0;(-38.5643866 -3.7790533);
;2022-09-02 11:19:48;Washington Soares;;;Messejana;;Colisão;;Não informado;;Meio De Quadra Sem Numero;;;0;1;0;0;2;0;0;0;0;0;0;0;0;(-38.4822017 -3.828229);
;2022-09-02 05:41:42;Rua Alto Da Paz - Conj. Via De Pedestre Leste Oeste;;;Vicente Pinzon;;Colisão;;Não informado;;Meio De Quadra Sem Numero;;;0;1;0;0;2;0;0;0;0;0;0;0;0;(-38.4731239 -3.7234622);
;2022-09-02 04:55:18;Betel  - Upa Itaperi;;;Itaperi;;Queda de moto;;Não informado;;Meio De Quadra Sem Numero;;;0;1;0;2;0;0;0;0;0;0;0;0;0;(-38.554645 -3.7957187);
;2022-09-02 03:32:40;De 340;;;Vila Ellery;;Atropelamento;;Não informado;;Meio De Quadra;;;0;1;0;0;0;0;0;0;0;0;1;0;0;(0 0);
;2022-09-02 03:23:49;Br. 116;;;Aerolandia;;Queda;;Não informado;;Meio De Quadra Sem Numero;;;0;1;0;1;0;0;0;0;0;0;0;0;0;(-38.5152306 -3.7760061);
;2022-09-02 02:15:07;Borges De Melo-;;;Fatima;;Queda;;Não informado;;Meio De Quadra;;;0;1;0;1;0;0;0;0;0;0;0;0;0;(-38.5258726 -3.7607643);
;2022-09-02 02:14:15;Tocantins;Rua Carnaubal;;Jardim Iracema;;Colisão;;Não informado;;Cruzamento;;;0;2;0;2;0;0;0;0;0;0;0;0;0;(-38.5827266 -3.7225603);
;2022-09-02 01:36:43;Antonio Sales;;;Joaquim Tavora;;Atropelamento;;Não informado;;Meio De Quadra;;;0;1;0;0;1;0;0;0;0;0;0;0;0;(-38.5215719 -3.73959);
;2022-09-02 01:13:57;Rua Crisanto Moreira Da Rocha;;;Cambeba;;Queda;;Não informado;;Meio De Quadra;;;0;1;0;0;0;0;0;0;0;1;0;0;0;(-38.4805981 -3.7973199);
;2022-09-01 23:18:25;Joao Pessoa;;;Parangaba;;Queda;;Não informado;;Meio De Quadra;;;0;1;0;1;0;0;0;0;0;0;0;0;0;(-38.5614212 -3.7714462);
;2022-09-01 23:14:51;Senador Fernandes Tavora - Esquina;Rua Rio Grande Do Sul;;Parangaba;;Colisão;;Não informado;;Cruzamento;;;0;1;0;2;0;0;0;0;0;0;0;0;0;(-38.5675582 -3.7609963);
;2022-09-01 21:19:12;Rua Fiscal Vieira -;;;Joaquim Tavora;;Queda;;Não informado;;Meio De Quadra;;;0;1;0;0;0;0;0;0;0;1;0;0;0;(-38.5167823 -3.7486721);
;2022-09-01 21:13:21;Av:Padre Pedro De Alencar:;;;Messejana;;Colisão;;Não informado;;Meio De Quadra;;;0;1;0;1;1;0;0;0;0;0;0;0;0;(-38.4938209 -3.83753);
;2022-09-01 20:45:29;Sargento Herminio Sampaio;;;Monte Castelo;;Colisão;;Não informado;;Meio De Quadra;;;0;1;0;0;1;0;1;0;0;0;0;0;0;(-38.5622127 -3.726431);
;2022-09-01 19:46:23;Av Perimetral;;;Prefeito Jose Walter;;Colisão;;Não informado;;Meio De Quadra Sem Numero;;;0;1;0;1;1;0;0;0;0;0;0;0;0;(-38.5327995 -3.8276466);
;2022-09-01 19:28:48;Mister Hull;;;Antonio Bezerra;;Atropelamento;;Não informado;;Meio De Quadra Sem Numero;;;0;2;0;1;0;0;0;0;0;0;0;0;0;(-38.5918137 -3.7395231);
;2022-09-01 17:35:03;Av Eduardo Girao;;;Jardim America;;Colisão;;Não informado;;Meio De Quadra Sem Numero;;;0;1;0;1;1;0;0;0;0;0;0;0;0;(-38.5399338 -3.7483851);
;2022-09-01 16:50:01;Rua Afonso Lopes - Pedro Wilson;;;Itaperi;;Colisão;;Não informado;;Meio De Quadra Sem Numero;;;0;1;0;1;1;0;0;0;0;0;0;0;0;(-38.5474421 -3.790636);
;2022-09-01 15:29:38;Perimetral;;;Jangurussu;;Colisão;;Não informado;;Meio De Quadra;;;0;1;0;1;0;0;1;0;0;0;0;0;0;(-38.5090259 -3.8301765);
;2022-09-01 15:12:33;Dom Manoel De Medeiros;Professor Anacleto;;Parque Araxa;;Colisão;;Não informado;;Cruzamento;;;0;1;0;1;1;0;0;0;0;0;0;0;0;(-38.5525496 -3.7367859);
;2022-09-01 15:11:29;Contorno Sul  -- Upa  Jangurussu;;;Jangurussu;;Colisão;;Não informado;;Meio De Quadra Sem Numero;;;0;1;0;2;0;0;0;0;0;0;0;0;0;(-38.5225174 -3.839064099999999);
;2022-09-01 12:38:27;Maria Quintinho;Rua Capitão Herminio;;Ancuri;;Colisão;;Não informado;;Cruzamento;;;0;1;0;1;1;0;0;0;0;0;0;0;0;(-38.5000613 -3.8513784);
;2022-09-01 12:19:23;Julio Abreu;Em Baixo Do Viaduto;;Varjota;;Colisão;;Não informado;;Cruzamento;;;0;1;0;1;1;0;0;0;0;0;0;0;0;(-38.486121 -3.7358579);
;2022-09-01 11:56:45;Castelo De Castro;;;Jangurussu;;Queda;;Não informado;;Meio De Quadra;;;0;1;0;1;0;0;0;0;0;0;0;0;0;(-38.5217841 -3.836875);
;2022-09-01 11:18:27;Alberto Craveiro;;;Passare;;Colisão;;Não informado;;Meio De Quadra;;;0;1;0;1;1;0;0;0;0;0;0;0;0;(-38.5176522 -3.793990199999999);
;2022-09-01 10:53:59;Da Universidade;Antonio Pompeu;;Centro;;Atropelamento;;Não informado;;Cruzamento;;;0;2;0;0;0;0;0;0;0;1;0;0;0;(-38.5329211 -3.7341439);
;2022-09-01 10:49:56;13  De Maio;;;Fatima;;Colisão;;Não informado;;Meio De Quadra;;;0;1;0;1;1;0;0;0;0;0;0;0;0;(-38.5379882 -3.7417519);
;2022-09-01 09:26:03;Otacilio Peixoto;;;Passare;;Colisão;;Não informado;;Meio De Quadra;;;0;1;0;1;1;0;0;0;0;0;0;0;0;(-38.537422 -3.800291);
;2022-09-01 09:14:27;15 De Novembro;;;Montese;;Colisão;;Não informado;;Meio De Quadra;;;0;1;0;1;0;0;1;0;0;0;0;0;0;(-38.55520509999999 -3.7691016);
;2022-09-01 06:38:35;Pontes Vieira;;;Sao Joao Do Tauape;;Queda;;Não informado;;Meio De Quadra;;;0;1;0;1;0;0;0;0;0;0;0;0;0;(0 0);
;2022-09-01 02:26:15;Sargento Herminio;;;Monte Castelo;;Colisão;;Não informado;;Meio De Quadra Sem Numero;;;0;1;0;1;1;0;0;0;0;0;0;0;0;(-38.5536455 -3.7251204);
;2022-09-01 01:18:41;13 De Maio;;;Fatima;;Colisão;;Não informado;;Meio De Quadra;;;0;1;0;1;1;0;0;0;0;0;0;0;0;(-38.5376276 -3.7418835);
;2022-09-01 00:22:41;Bernardo Manoel;;;Serrinha;;Queda;;Não informado;;Meio De Quadra;;;0;1;0;1;0;0;0;0;0;0;0;0;0;(-38.54694 -3.7834694);
;2022-08-31 23:34:46;BR 116 KM 9;;;Messejana;;Queda;;Não informado;;Meio De Quadra;;;0;2;0;1;0;0;0;0;0;0;0;0;0;(0 0);
;2022-08-31 23:27:55;Betel  - Upa Itaperi;;;Itaperi;;Queda;;Não informado;;Meio De Quadra Sem Numero;;;0;1;0;1;0;0;0;0;0;0;0;0;0;(-38.554645 -3.7957187);
;2022-08-31 20:58:32;116;;;Jangurussu;;Atropelamento;;Não informado;;Meio De Quadra Sem Numero;;;0;1;0;0;0;0;0;0;0;0;1;0;0;(-38.5018748 -3.8377085);
;2022-08-31 20:12:56;Rua Nunes Feijo;;;Jangurussu;;Colisão;;Não informado;;Meio De Quadra;;;0;1;0;2;0;0;0;0;0;0;0;0;0;(-38.509558 -3.845347);
;2022-08-31 19:16:45;Rua Francisca Clotilde;;;Rodolfo Teofilo;;Colisão;;Não informado;;Meio De Quadra;;;0;1;0;1;1;0;0;0;0;0;0;0;0;(-38.5534753 -3.7431552);
;2022-08-31 19:10:41;Avenida Doutor Silas Munguba;;;Parangaba;;Queda;;Não informado;;Meio De Quadra Sem Numero;;;0;1;0;1;0;0;0;0;0;0;0;0;0;(-38.5568892 -3.7816343);
;2022-08-31 18:43:12;Padre Minguelito;Senador Pompeu;;Benfica;;Colisão;;Não informado;;Cruzamento;;;0;1;0;2;0;0;0;0;0;0;0;0;0;(-38.5330745 -3.7382708);
;2022-08-31 17:38:01;Avenida Aguanambi;;;Fatima;;Atropelamento;;Não informado;;Meio De Quadra;;;0;1;0;0;1;0;0;0;0;0;0;0;0;(-38.5229879 -3.7535939);
;2022-08-31 17:02:52;Leste Oeste;;;Não informado;;Colisão;;Não informado;;Meio De Quadra Sem Numero;;;0;1;0;1;1;0;0;0;0;0;0;0;0;(-38.5757674 -3.7057814);
;2022-08-31 16:55:14;Misericordia;Rua Rosinha Sampaio;;Quintino Cunha;;Colisão;;Não informado;;Cruzamento;;;0;1;0;1;1;0;0;0;0;0;0;0;0;(-38.5962963 -3.7245267);
;2022-08-31 16:54:25;Avenids 13 De Maio;Senador Pompeu;;Fatima;;Colisão;;Não informado;;Cruzamento;;;0;1;0;2;0;0;0;0;0;0;0;0;0;(-38.534947 -3.7444587);
;2022-08-31 16:49:40;Rua Pereira Valente -;;;Varjota;;Atropelamento;;Não informado;;Meio De Quadra;;;0;1;0;0;0;0;0;0;0;0;1;0;0;(-38.4978586 -3.7318342);
;2022-08-31 16:14:53;Av N;;;Prefeito Jose Walter;;Colisão;;Não informado;;Meio De Quadra Sem Numero;;;0;1;0;2;0;0;0;0;0;0;0;0;0;(-38.5502856 -3.8333439);
;2022-08-31 15:37:09;Francisco Almeida;;;Conjunto Esperanca;;Colisão;;Não informado;;Meio De Quadra;;;0;1;0;2;0;0;0;0;0;0;0;0;0;(-38.5914546 -3.8182592);
;2022-08-31 14:29:01;Assis  Bezerra;;;Carlito Pamplona;;Colisão;;Não informado;;Meio De Quadra;;;0;1;0;1;1;0;0;0;0;0;0;0;0;(-38.561434 -3.717348);
;2022-08-31 14:15:55;Osorio De Paiva;;;Siqueira;;Queda;;Não informado;;Meio De Quadra;;;0;1;0;1;0;0;0;0;0;0;0;0;0;(-38.6081067 -3.811315);
;2022-08-31 13:34:00;Herbenia Px. Ao Motel;;;Messejana;;Colisão;;Não informado;;Meio De Quadra;;;0;1;0;1;1;0;0;0;0;0;0;0;0;(0 0);
;2022-08-31 13:12:16;Padre Pedro De Alencar;;;Messejana;;Colisão;;Não informado;;Meio De Quadra;;;0;1;0;1;1;0;0;0;0;0;0;0;0;(-38.4938453 -3.8282921);
;2022-08-31 12:37:45;Monsenhor Tabosa;Rua Carlos Vasconcelos;;Meireles;;Colisão;;Não informado;;Cruzamento;;;0;1;0;1;1;0;0;0;0;0;0;0;0;(-38.5079822 -3.7243065);
;2022-08-31 12:23:57;Londrina;;;Granja Portugal;;Colisão;;Não informado;;Meio De Quadra;;;0;2;0;1;1;0;0;0;0;0;0;0;0;(-38.5971724 -3.7826216);
;2022-08-31 11:27:24;Senador Fernandes Tavora   - Upa Autran Nunes;;;Autran Nunes;;Queda de moto;;Não informado;;Meio De Quadra Sem Numero;;;0;1;0;2;0;0;0;0;0;0;0;0;0;(-38.59431379999999 -3.7561761);
;2022-08-31 10:52:32;Carneiro De Mendonça;;;Joquei Clube;;Colisão;;Não informado;;Meio De Quadra;;;0;2;0;1;1;0;0;0;0;0;0;0;0;(-38.5707818 -3.7620657);
;2022-08-31 10:14:41;Aguanambi;;;Fatima;;Colisão;;Não informado;;Meio De Quadra Sem Numero;;;0;1;0;2;0;0;0;0;0;0;0;0;0;(-38.5236413 -3.7512287);
;2022-08-31 10:12:38;Luis Vieira;;;Parque Sao Jose;;Colisão;;Não informado;;Meio De Quadra;;;0;1;0;1;1;0;0;0;0;0;0;0;0;(-38.5868701 -3.7957875);
;2022-08-31 07:33:27;Rua Arnaldo Osorio;;;Jardim Das Oliveiras;;Atropelamento;;Não informado;;Meio De Quadra;;;0;1;0;0;0;0;1;0;0;0;0;0;0;(0 0);
;2022-08-31 00:49:49;Emilio De Meneses 788;Rua Verbena;;Bonsucesso;;Queda;;Não informado;;Cruzamento;;;0;1;0;1;0;0;0;0;0;0;0;0;0;(-38.5886639 -3.7813033);
;2022-08-30 23:22:32;Vila Do Mar;Francisco Calado;;Barra Do Ceara;;Colisão;;Não informado;;Cruzamento;;;0;1;0;1;1;0;0;0;0;0;0;0;0;(-38.5754318 -3.6986199);
;2022-08-30 23:02:14;Germano Franckparangaba;;;Parangaba;;Queda;;Não informado;;Meio De Quadra Sem Numero;;;0;1;0;1;0;0;0;0;0;0;0;0;0;(-38.5609296 -3.7762903);
;2022-08-30 22:17:18;Avenida Senador Carlos Jereissati;;;Não informado;;Colisão;;Não informado;;Meio De Quadra Sem Numero;;;0;1;0;1;1;0;0;0;0;0;0;0;0;(-38.5353259 -3.7822053);
;2022-08-30 21:36:15;Virgilio Tavora;;;Aldeota;;Colisão;;Não informado;;Meio De Quadra;;;0;1;0;0;2;0;0;0;0;0;0;0;0;(-38.4936156 -3.7392918);
;2022-08-30 21:10:54;F  Conjunto Residencial Jose Euclids;;;Jangurussu;;Colisão;;Não informado;;Meio De Quadra;;;0;1;0;1;1;0;0;0;0;0;0;0;0;(-38.5157744 -3.8535554);
;2022-08-30 20:39:27;Doutor Temberg;;;Jardim Iracema;;Colisão;;Não informado;;Meio De Quadra;;;0;2;0;0;1;0;0;0;0;1;0;0;0;(-38.5661913 -3.7191233);
;2022-08-30 18:05:38;Av. Da Aboliçao;;;Meireles;;Atropelamento;;Não informado;;Meio De Quadra;;;0;1;0;1;0;0;0;0;0;0;0;0;0;(-38.4968581 -3.7271001);
;2022-08-30 17:44:18;Sargento Herminio;;;Presidente Kennedy;;Queda;;Não informado;;Meio De Quadra;;;0;1;0;0;0;0;0;0;0;1;0;0;0;(-38.5694307 -3.727834);
;2022-08-30 17:32:59;C;;;Prefeito Jose Walter;;Colisão;;Não informado;;Meio De Quadra;;;0;1;0;2;0;0;0;0;0;0;0;0;0;(-38.5489144 -3.8277701);