COD_ACIDENTE;DATA;LOG1;LOG2;NUMERO;BAIRRO;AMC;NATUREZA;ILUMINACAO;TEMPO;SUPERFICIEPISTA;TIPOCRUZAMENTO;CONTROLETRAFEGO;USOSOLO;MORTOS;FERIDOS;ILESOS;MOTOCICLETA;AUTOMOVEL;MICROONIBUS;CAMINHAO;ONIBUS;CICLOMOTOR;BICICLETA;OUTROS;TREM;TRACAOANIMAL;COORDENADAS
;2022-08-30 16:43:49;Rua Domingos Olimpio;;;Jose Bonifacio;;Queda;;Não informado;;Meio De Quadra;;;0;1;0;1;0;0;0;0;0;0;0;0;0;(-38.5291 -3.73723);
;2022-08-30 16:20:49;Castelo De Castro -- Upa Jangurussu;;;Jangurussu;;Queda de moto;;Não informado;;Meio De Quadra Sem Numero;;;0;1;0;2;0;0;0;0;0;0;0;0;0;(-38.5225174 -3.839064099999999);
;2022-08-30 16:16:08;Rua Germano Franck;;;Parangaba;;Colisão;;Não informado;;Meio De Quadra;;;0;1;0;1;1;0;0;0;0;0;0;0;0;(-38.5630126 -3.7784427);
;2022-08-30 15:34:03;Joao Pessoa;;;Damas;;Colisão;;Não informado;;Meio De Quadra;;;0;1;0;1;1;0;0;0;0;0;0;0;0;(-38.5490446 -3.7516989);
;2022-08-30 13:21:54;Dom Manuel -;Rua Pereira Filgueiras;;Centro;;Colisão;;Não informado;;Cruzamento;;;0;1;0;1;1;0;0;0;0;0;0;0;0;(-38.5203661 -3.7259258);
;2022-08-30 12:18:23;Amelia Benebien;;;Papicu;;Colisão;;Não informado;;Meio De Quadra Sem Numero;;;0;1;0;2;0;0;0;0;0;0;0;0;0;(-38.4744139 -3.7373957);
;2022-08-30 11:30:54;Osorio De Paiva;;;Canindezinho;;Colisão;;Não informado;;Meio De Quadra;;;0;1;0;1;1;0;0;0;0;0;0;0;0;(-38.6081067 -3.811315);
;2022-08-30 10:44:03;I;;;Prefeito Jose Walter;;Queda;;Não informado;;Meio De Quadra;;;0;1;0;0;0;0;0;0;0;1;0;0;0;(0 0);
;2022-08-30 10:03:11;Av Francisco Sa;;;Barra Do Ceara;;Colisão;;Não informado;;Meio De Quadra;;;0;2;0;1;1;0;0;0;0;0;0;0;0;(-38.5894532 -3.7041464);
;2022-08-30 09:58:47;Almirante Rubim;;;Itaoca;;Colisão;;Não informado;;Meio De Quadra;;;0;2;0;1;1;0;0;0;0;0;0;0;0;(-38.55688019999999 -3.771922);
;2022-08-30 01:58:24;Virgilio Tavora;;;Dionisio Torres;;Colisão;;Não informado;;Meio De Quadra;;;0;1;0;2;0;0;0;0;0;0;0;0;0;(-38.49683 -3.747949999999999);
;2022-08-29 22:55:50;Coelho Neto;Graça Aranha;;Alvaro Weyne;;Colisão;;Não informado;;Cruzamento;;;0;1;0;1;1;0;0;0;0;0;0;0;0;(-38.5759624 -3.7159845);
;2022-08-29 22:11:29;Heraclito Graça;;;Centro;;Queda;;Não informado;;Meio De Quadra;;;0;1;0;1;0;0;0;0;0;0;0;0;0;(-38.50881450000001 -3.7387189);
;2022-08-29 21:18:41;Rua Taquatiara -;;;Messejana;;Colisão;;Não informado;;Meio De Quadra;;;0;1;0;1;1;0;0;0;0;0;0;0;0;(-38.50856 -3.8290163);
;2022-08-29 19:52:13;Carlos Jereissati;;;Aeroporto;;Colisão;;Não informado;;Meio De Quadra Sem Numero;;;0;1;0;2;0;0;0;0;0;0;0;0;0;(-38.5357467 -3.7820759);
;2022-08-29 19:51:25;Avenida Lineu Machado;;;Joquei Clube;;Colisão;;Não informado;;Meio De Quadra;;;0;1;0;1;1;0;0;0;0;0;0;0;0;(-38.5761678 -3.764221499999999);
;2022-08-29 19:23:35;Carlos Jereissate;;;Montese;;Colisão;;Não informado;;Meio De Quadra Sem Numero;;;0;1;0;1;1;0;0;0;0;0;0;0;0;(-38.5498147 -3.770406);
;2022-08-29 18:33:42;Barao Do Rio Branco;;;Centro;;Queda;;Não informado;;Meio De Quadra Sem Numero;;;0;1;0;1;0;0;0;0;0;0;0;0;0;(-38.5295336 -3.730413);
;2022-08-29 18:18:15;Avenida C (Cj Ceara);;;Conjunto Ceara;;Colisão;;Não informado;;Meio De Quadra;;;0;1;0;0;2;0;0;0;0;0;0;0;0;(-38.60842359999999 -3.7603099);
;2022-08-29 18:04:07;Professor Henrique Firmeza;;;Vicente Pinzon;;Colisão;;Não informado;;Meio De Quadra;;;0;1;0;1;1;0;0;0;0;0;0;0;0;(-38.4648859 -3.718364999999999);
;2022-08-29 17:53:12;Fernandes Tavora;Rua Cardial Arco Verde;;Conjunto Ceara;;Colisão;;Não informado;;Cruzamento;;;0;1;0;1;1;0;0;0;0;0;0;0;0;(-38.593929 -3.7559543);
;2022-08-29 16:42:09;Avenida Doutor Silas Munguba;;;Serrinha;;Atropelamento;;Não informado;;Meio De Quadra Sem Numero;;;0;1;0;1;0;0;0;0;0;0;0;0;0;(-38.542238 -3.7897477);
;2022-08-29 15:16:14;Silva Jardim;Rua Assunçao;;Jose Bonifacio;;Colisão;;Não informado;;Cruzamento;;;0;1;0;1;1;0;0;0;0;0;0;0;0;(-38.5308987 -3.7412689);
;2022-08-29 15:10:37;Rua Doutor Fernando Augusto;;;Bom Jardim;;Colisão;;Não informado;;Meio De Quadra;;;0;2;0;1;1;0;0;0;0;0;0;0;0;(-38.595422 -3.7956676);
;2022-08-29 14:25:22;Avenida Deputado Paulino Rocha;;;Cajazeiras;;Colisão;;Não informado;;Meio De Quadra;;;0;1;0;0;2;0;0;0;0;0;0;0;0;(-38.5155607 -3.8109445);
;2022-08-29 11:52:19;Fernandes Tavora;;;Joquei Clube;;Colisão;;Não informado;;Meio De Quadra Sem Numero;;;0;1;0;1;1;0;0;0;0;0;0;0;0;(-38.5761715 -3.765385);
;2022-08-29 11:24:23;Avenida Alberto Craveiro -;;;Boa Vista;;Queda;;Não informado;;Meio De Quadra;;;0;1;0;1;0;0;0;0;0;0;0;0;0;(-38.5179447 -3.7927625);
;2022-08-29 10:57:41;Alberto Craveiro;;;Vila Uniao;;Queda;;Não informado;;Meio De Quadra;;;0;2;0;1;0;0;0;0;0;0;0;0;0;(0 0);
;2022-08-29 10:38:39;Avenida Presidente Costa E Silva;Conj Sao Cristovao;;Jangurussu;;Colisão;;Não informado;;Cruzamento;;;0;1;0;2;0;0;0;0;0;0;0;0;0;(-38.5245898 -3.8314035);
;2022-08-29 07:12:54;Avenida Coronel Carvalho;;;Barra Do Ceara;;Atropelamento;;Não informado;;Meio De Quadra Sem Numero;;;0;2;0;0;0;0;0;0;0;0;1;0;0;(-38.5899797 -3.7097209);
;2022-08-29 03:18:48;Doutor Manoel Rodrigues Monteiro;;;Vicente Pinzon;;Queda;;Não informado;;Meio De Quadra Sem Numero;;;0;1;0;1;0;0;0;0;0;0;0;0;0;(-38.4514618 -3.7550249);
;2022-08-29 03:08:22;Mozart Pinheiro De Lucena;;;Vila Velha;;Colisão;;Não informado;;Meio De Quadra;;;0;1;0;1;1;0;0;0;0;0;0;0;0;(-38.59502870000001 -3.7154888);
;2022-08-29 02:48:17;Dom Manuel;;;Fatima;;Colisão;;Não informado;;Meio De Quadra;;;0;1;0;1;1;0;0;0;0;0;0;0;0;(-38.523959 -3.7365334);
;2022-08-29 01:09:59;Augusto Dos Anjos;;;Siqueira;;Colisão;;Não informado;;Meio De Quadra;;;0;2;0;2;0;0;0;0;0;0;0;0;0;(-38.5801658 -3.7816145);
;2022-08-29 00:40:29;Lucia Pinheiro;Padre Perdigão Sampaio;;Quintino Cunha;;Colisão;;Não informado;;Cruzamento;;;0;1;0;2;0;0;0;0;0;0;0;0;0;(-38.5969317 -3.7322849);
;2022-08-28 23:04:54;Rua Padre Valdevino -;;;Joaquim Tavora;;Queda de moto;;Não informado;;Meio De Quadra;;;0;1;0;2;0;0;0;0;0;0;0;0;0;(-38.5153413 -3.7397006);
;2022-08-28 22:10:11;Conego De Castro;;;Canindezinho;;Colisão;;Não informado;;Meio De Quadra;;;0;1;0;2;0;0;0;0;0;0;0;0;0;(-38.5980727 -3.8134305);
;2022-08-28 22:00:37;Avenida A (Cj Ceara);;;Conjunto Ceara;;Atropelamento;;Não informado;;Meio De Quadra;;;0;2;0;1;0;0;0;0;0;0;0;0;0;(-38.6017831 -3.7670339);
;2022-08-28 21:34:04;Av Osorio De Paiva;;;Parangaba;;Atropelamento;;Não informado;;Meio De Quadra;;;0;1;0;0;0;0;0;0;0;0;1;0;0;(-38.5754499 -3.781496999999999);
;2022-08-28 21:22:51;Rua Desembargador Lauro Nogueira;;;Papicu;;Colisão;;Não informado;;Meio De Quadra;;;0;1;0;1;1;0;0;0;0;0;0;0;0;(-38.4710308 -3.7408139);
;2022-08-28 21:04:31;Osorio De Paiva;;;Canindezinho;;Colisão;;Não informado;;Meio De Quadra;;;0;1;0;0;1;0;0;0;0;1;0;0;0;(0 0);
;2022-08-28 18:45:31;Avenida Presidente Costa E Silva;;;Prefeito Jose Walter;;Queda;;Não informado;;Meio De Quadra Sem Numero;;;0;1;0;1;0;0;0;0;0;0;0;0;0;(-38.5443558 -3.8244455);
;2022-08-28 18:27:43;Rua Candido Maia;;;Antonio Bezerra;;Queda;;Não informado;;Meio De Quadra;;;0;1;0;1;0;0;0;0;0;0;0;0;0;(-38.5901092 -3.7371858);
;2022-08-28 18:27:27;Avenida Mister Hull;;;Antonio Bezerra;;Colisão;;Não informado;;Meio De Quadra Sem Numero;;;0;1;0;1;1;0;0;0;0;0;0;0;0;(-38.5918137 -3.7395231);
;2022-08-28 18:24:45;Maria Tomazia;Coronel Juca;;Aldeota;;Colisão;;Não informado;;Cruzamento;;;0;1;0;1;1;0;0;0;0;0;0;0;0;(-38.4912151 -3.7374285);
;2022-08-28 18:21:32;Rua Pernabuco;;;Pici;;Queda;;Não informado;;Meio De Quadra;;;0;1;0;1;0;0;0;0;0;0;0;0;0;(-38.5715231 -3.7581756);
;2022-08-28 16:00:12;Betel  - Upa Itaperi;;;Itaperi;;Colisão;;Não informado;;Meio De Quadra Sem Numero;;;0;1;0;0;2;0;0;0;0;0;0;0;0;(-38.554645 -3.7957187);
;2022-08-28 14:32:04;Rua Coronel Virgilio Nogueira -;;;Granja Lisboa;;Colisão;;Não informado;;Meio De Quadra;;;0;1;0;2;0;0;0;0;0;0;0;0;0;(-38.6090692 -3.7890623);
;2022-08-28 14:08:42;Major Facundo;;;Centro;;Colisão;;Não informado;;Meio De Quadra;;;0;3;0;0;2;0;0;0;0;0;0;0;0;(-38.5290116 -3.7314676);
;2022-08-28 14:04:02;Conego De Castro;;;Vila Peri;;Atropelamento;;Não informado;;Meio De Quadra;;;0;1;0;1;0;0;0;0;0;0;0;0;0;(-38.5807046 -3.7926224);
;2022-08-28 10:48:53;Presidente Costa E Silva - Sentindo Castelão - Jose W;;;Prefeito Jose Walter;;Colisão;;Não informado;;Meio De Quadra;;;0;1;0;0;2;0;0;0;0;0;0;0;0;(0 0);
;2022-08-28 10:06:24;Av. Carlos Jereissati;;;Não informado;;Capotamento;;Não informado;;Meio De Quadra Sem Numero;;;0;1;0;0;1;0;0;0;0;0;0;0;0;(-38.4558534 -3.7446969);
;2022-08-28 09:29:11;Dionisio Alencar;;;Novo;;Queda;;Não informado;;Meio De Quadra;;;0;1;0;1;0;0;0;0;0;0;0;0;0;(-38.5223778 -3.8677705);
;2022-08-28 06:30:38;Cruzeiro;;;Ancuri;;Queda;;Não informado;;Meio De Quadra;;;0;1;0;1;0;0;0;0;0;0;0;0;0;(-38.4997729 -3.8683093);
;2022-08-28 04:35:53;Monsenhor Tabosa;;;Praia De Iracema;;Colisão;;Não informado;;Meio De Quadra;;;0;1;0;1;1;0;0;0;0;0;0;0;0;(-38.51789040000001 -3.723569599999999);
;2022-08-28 04:19:53;Alberto Craveiro;Castelão;;Passare;;Colisão;;Não informado;;Cruzamento;;;0;2;0;1;1;0;0;0;0;0;0;0;0;(-38.5243277 -3.8071117);
;2022-08-28 03:44:37;Praça Pelotas;;;Centro;;Queda;;Não informado;;Meio De Quadra;;;0;1;0;1;0;0;0;0;0;0;0;0;0;(-38.5155178 -3.7270355);
;2022-08-28 01:47:17;Rua Pedro Artur;;;Carlito Pamplona;;Queda;;Não informado;;Meio De Quadra;;;0;1;0;0;0;0;0;0;0;1;0;0;0;(-38.554043 -3.712866);
;2022-08-28 01:45:27;Rio Paraguai;;;Jardim Iracema;;Colisão;;Não informado;;Meio De Quadra;;;0;1;0;1;1;0;0;0;0;0;0;0;0;(-38.5838903 -3.7233253);
;2022-08-28 00:54:54;Rua Professor Alvaro Costa;;;Vicente Pinzon;;Queda;;Não informado;;Meio De Quadra;;;0;1;0;1;0;0;0;0;0;0;0;0;0;(-38.4709407 -3.7262005);
;2022-08-27 23:07:02;BR 116 KM 6;;;Messejana;;Colisão;;Não informado;;Meio De Quadra Sem Numero;;;0;1;0;0;2;0;0;0;0;0;0;0;0;(0 0);
;2022-08-27 22:17:17;Mister Hull;;;Antonio Bezerra;;Atropelamento;;Não informado;;Meio De Quadra Sem Numero;;;0;1;0;0;1;0;0;0;0;0;0;0;0;(-38.5918137 -3.7395231);
;2022-08-27 22:14:10;Maria Mirian Ferreira De Souza;Avenida Parsifal Barroso;;Presidente Kennedy;;Colisão;;Não informado;;Cruzamento;;;0;1;0;1;1;0;0;0;0;0;0;0;0;(-38.5690411 -3.7333342);
;2022-08-27 22:02:48;Maximiliano Da Fonseca;;;Engenheiro Luciano Cavalcante;;Colisão;;Não informado;;Meio De Quadra;;;0;1;0;0;2;0;0;0;0;0;0;0;0;(-38.4859072 -3.7709476);
;2022-08-27 21:17:41;Rua Santa Liduina;;;Manuel Satiro;;Colisão;;Não informado;;Meio De Quadra;;;0;1;0;1;1;0;0;0;0;0;0;0;0;(-38.5851184 -3.8006674);
;2022-08-27 20:21:41;Rua Professor Jose Henrique;;;Messejana;;Atropelamento;;Não informado;;Meio De Quadra;;;0;1;0;0;1;0;0;0;0;0;0;0;0;(-38.4852893 -3.8298787);
;2022-08-27 19:51:53;Gabriel Fiuza;;;Vila Peri;;Colisão;;Não informado;;Meio De Quadra;;;0;1;0;1;1;0;0;0;0;0;0;0;0;(-38.5810475 -3.7862034);
;2022-08-27 18:50:06;Julio Silva Upa Praia Do Futuro;;;Antonio Diogo;;Atropelamento;;Não informado;;Meio De Quadra;;;0;1;0;0;0;0;0;0;0;0;1;0;0;(-38.454374 -3.7448061);
;2022-08-27 18:46:19;Avenida Silas Munguba;;;Serrinha;;Atropelamento;;Não informado;;Meio De Quadra;;;0;1;0;1;0;0;0;0;0;0;0;0;0;(-38.5501508 -3.7865111);
;2022-08-27 18:37:05;Rua Pedro Melo;Perdigao Sampaio;;Antonio Bezerra;;Colisão;;Não informado;;Cruzamento;;;0;1;0;0;2;0;0;0;0;0;0;0;0;(-38.5940057 -3.744469);
;2022-08-27 18:12:32;Contorno  Sul;;;Conjunto Esperanca;;Colisão;;Não informado;;Meio De Quadra;;;0;1;0;1;1;0;0;0;0;0;0;0;0;(-38.58819889999999 -3.8195969);
;2022-08-27 17:12:34;Avenida Genibau;;;Parque Genibau;;Colisão;;Não informado;;Meio De Quadra;;;0;1;0;2;0;0;0;0;0;0;0;0;0;(-38.5990365 -3.7608321);
;2022-08-27 17:10:25;Av. Perimetral;;;Bonsucesso;;Colisão;;Não informado;;Meio De Quadra;;;0;1;0;2;0;0;0;0;0;0;0;0;0;(-38.5863986 -3.7946692);
;2022-08-27 16:45:48;Rua Pernambuco;;;Democrito Rocha;;Colisão;;Não informado;;Meio De Quadra;;;0;1;0;1;1;0;0;0;0;0;0;0;0;(-38.57270219999999 -3.7573605);
;2022-08-27 16:35:32;Chuia;Rua Professor Heribaldo Costa;;Joao Xxiii;;Colisão;;Não informado;;Cruzamento;;;0;1;0;2;0;0;0;0;0;0;0;0;0;(-38.5880446 -3.7679739);
;2022-08-27 16:04:26;Oliveira Sobrinho;Av. Verbena;;Bonsucesso;;Atropelamento;;Não informado;;Cruzamento;;;0;1;0;0;1;0;0;0;0;0;0;0;0;(-38.5890065 -3.7820193);
;2022-08-27 15:50:27;Conego De Castro;;;Vila Peri;;Colisão;;Não informado;;Meio De Quadra;;;0;1;0;1;1;0;0;0;0;0;0;0;0;(-38.5745495 -3.7860578);
;2022-08-27 15:46:28;Avenida Bernardo Manuel;;;Itaperi;;Queda;;Não informado;;Meio De Quadra;;;0;1;0;1;0;0;0;0;0;0;0;0;0;(-38.5545451 -3.8095093);
;2022-08-27 15:11:42;Francisco Sa;;;Jacarecanga;;Colisão;;Não informado;;Meio De Quadra;;;0;1;0;2;0;0;0;0;0;0;0;0;0;(-38.5453522 -3.7211182);
;2022-08-27 14:54:55;Miguel Gurgel;;;Messejana;;Atropelamento;;Não informado;;Meio De Quadra Sem Numero;;;0;1;0;1;0;0;0;0;0;0;0;0;0;(-38.4817409 -3.830818);
;2022-08-27 13:41:33;Rua Professor Francisco Carlos;;;Sao Bento;;Atropelamento;;Não informado;;Meio De Quadra;;;0;1;0;1;0;0;0;0;0;0;0;0;0;(0 0);
;2022-08-27 12:58:10;Antonio Sales;;;Aldeota;;Colisão;;Não informado;;Meio De Quadra;;;0;1;0;1;1;0;0;0;0;0;0;0;0;(-38.5156958 -3.7414998);
;2022-08-27 12:54:19;Avenida Godofredo Maciel;;;Mondubim;;Queda;;Não informado;;Meio De Quadra Sem Numero;;;0;1;0;1;0;0;0;0;0;0;0;0;0;(-38.5752152 -3.8178563);
;2022-08-27 12:27:27;Ecilda De Queiroz;;;Parque Dois Irmaos;;Colisão;;Não informado;;Meio De Quadra;;;0;1;0;2;0;0;0;0;0;0;0;0;0;(-38.5562854 -3.8211125);
;2022-08-27 11:11:12;Beira  Mar;;;Meireles;;Queda;;Não informado;;Meio De Quadra Sem Numero;;;0;1;0;0;0;0;0;0;0;1;0;0;0;(-38.5108322 -3.7203831);
;2022-08-27 10:13:46;Avenida Alberto Craveiro;;;Boa Vista;;Colisão;;Não informado;;Meio De Quadra;;;0;1;0;1;1;0;0;0;0;0;0;0;0;(-38.5177778 -3.7891511);
;2022-08-27 09:26:53;Joao Pinheiro;Nova Conquista;;Granja Lisboa;;Colisão;;Não informado;;Cruzamento;;;0;1;0;1;1;0;0;0;0;0;0;0;0;(-38.6184764 -3.7896018);
;2022-08-27 09:22:59;Avenida H;;;Conjunto Ceara;;Colisão;;Não informado;;Meio De Quadra;;;0;1;0;1;1;0;0;0;0;0;0;0;0;(-38.6178402 -3.7765424);
;2022-08-27 00:21:51;Teodorico Brroso;;;Montese;;Queda;;Não informado;;Meio De Quadra;;;0;1;0;1;0;0;0;0;0;0;0;0;0;(-38.5455163 -3.7653093);
;2022-08-27 00:08:24;Presidente Castelo Branco;;;Centro;;Colisão;;Não informado;;Meio De Quadra Sem Numero;;;0;2;0;0;2;0;0;0;0;0;0;0;0;(-38.5308038 -3.7199409);
;2022-08-26 22:24:15;Val Paraiso;Avenida B 54;;Jangurussu;;Colisão;;Não informado;;Cruzamento;;;0;1;0;0;2;0;0;0;0;0;0;0;0;(-38.5178164 -3.8461982);
;2022-08-26 21:36:34;Tenente Lisboa;;;Carlito Pamplona;;Atropelamento;;Não informado;;Meio De Quadra;;;0;1;0;0;0;0;0;0;0;0;1;0;0;(-38.5606643 -3.7189567);
;2022-08-26 21:07:31;Rua Dona Libania Ribeiro De Melo Nunes - Parque Santana;;;Mondubim;;Colisão;;Não informado;;Meio De Quadra;;;0;1;0;2;0;0;0;0;0;0;0;0;0;(-38.5752012 -3.812660299999999);
;2022-08-26 17:23:22;Avenida Maestro Lisboa;;;Jose De Alencar;;Colisão;;Não informado;;Meio De Quadra;;;0;2;0;1;1;0;0;0;0;0;0;0;0;(-38.4636293 -3.8081088);
;2022-08-26 15:50:53;Deputado Paulino Rocha;;;Cajazeiras;;Queda;;Não informado;;Meio De Quadra;;;0;1;0;1;0;0;0;0;0;0;0;0;0;(-38.5069795 -3.8009403);
;2022-08-26 15:49:42;Azevedo Bolao;Raimundo Arruda;;Parquelandia;;Colisão;;Não informado;;Cruzamento;;;0;1;0;1;1;0;0;0;0;0;0;0;0;(-38.5517153 -3.735410899999999);
;2022-08-26 15:44:31;Coronel Miguel Dias;;;Engenheiro Luciano Cavalcante;;Colisão;;Não informado;;Meio De Quadra Sem Numero;;;0;1;0;1;1;0;0;0;0;0;0;0;0;(-38.4873165 -3.7689957);
;2022-08-26 14:21:25;Jose Mendonça;;;Parque Genibau;;Colisão;;Não informado;;Meio De Quadra;;;0;1;0;0;2;0;0;0;0;0;0;0;0;(-38.6013241 -3.752535);
;2022-08-26 13:53:30;Desembargador Hermes Parahyba;;;Jardim Guanabara;;Colisão;;Não informado;;Meio De Quadra;;;0;1;0;1;1;0;0;0;0;0;0;0;0;(-38.5899977 -3.7134756);
;2022-08-26 13:19:44;Rua Deputado Matoso Filho -;;;Olavo Oliveira;;Colisão;;Não informado;;Meio De Quadra;;;0;1;0;0;1;0;0;0;0;1;0;0;0;(-38.5955687 -3.7346292);
;2022-08-26 12:55:43;Coronel Virgilio De Nogueira;;;Bom Jardim;;Colisão;;Não informado;;Meio De Quadra;;;0;1;0;1;1;0;0;0;0;0;0;0;0;(-38.609959 -3.792163);
;2022-08-26 10:31:47;Francisca  Calaça;;;Colonia;;Queda;;Não informado;;Meio De Quadra;;;0;1;0;1;0;0;0;0;0;0;0;0;0;(0 0);
;2022-08-26 02:52:47;Raul Barbosa;;;Aerolandia;;Atropelamento;;Não informado;;Meio De Quadra;;;0;1;0;0;1;0;0;0;0;0;0;0;0;(-38.513053 -3.7745336);
;2022-08-26 00:01:39;Desembargador Gonzaga;;;Cidade Dos Funcionarios;;Colisão;;Não informado;;Meio De Quadra;;;0;1;0;1;1;0;0;0;0;0;0;0;0;(-38.5009445 -3.7955992);
;2022-08-25 21:04:50;Augusto Dos Anjos;;;Parangaba;;Colisão;;Não informado;;Meio De Quadra;;;0;1;0;0;1;0;0;0;0;1;0;0;0;(-38.5726714 -3.7726192);
;2022-08-25 20:34:48;Carneiro  De Mendonça;Av. Jose Bastos;;Henrique Jorge;;Colisão;;Não informado;;Cruzamento;;;0;2;0;2;0;0;0;0;0;0;0;0;0;(-38.5692384 -3.7627579);
;2022-08-25 20:34:04;Rua Chico França;Joao Ivo;;Messejana;;Colisão;;Não informado;;Cruzamento;;;0;1;0;0;1;0;0;0;0;1;0;0;0;(-38.4975378 -3.834809);
;2022-08-25 20:25:44;Rua Meton De Alencar;;;Centro;;Colisão;;Não informado;;Meio De Quadra;;;0;1;0;1;1;0;0;0;0;0;0;0;0;(-38.5384906 -3.7311633);
;2022-08-25 19:52:25;Rua Joao Gentil;;;Benfica;;Colisão;;Não informado;;Meio De Quadra;;;0;1;0;0;2;0;0;0;0;0;0;0;0;(0 0);
;2022-08-25 19:48:10;Av Perimetral;;;Messejana;;Atropelamento;;Não informado;;Meio De Quadra;;;0;1;0;1;0;0;0;0;0;0;0;0;0;(-38.5327995 -3.8276466);
;2022-08-25 18:56:50;Rua Viriato Ribeiro -;;;Bela Vista;;Colisão;;Não informado;;Meio De Quadra;;;0;1;0;2;0;0;0;0;0;0;0;0;0;(-38.5603753 -3.751291);
;2022-08-25 17:25:54;Avenida Rui Barbosa - Tenente Benevolo;;;Meireles;;Colisão;;Não informado;;Meio De Quadra Sem Numero;;;0;1;0;1;1;0;0;0;0;0;0;0;0;(-38.5070686 -3.7286654);
;2022-08-25 16:42:14;Osorio De Paiva;;;Canindezinho;;Colisão;;Não informado;;Meio De Quadra;;;0;1;0;1;1;0;0;0;0;0;0;0;0;(-38.6212007 -3.8240296);
;2022-08-25 16:22:33;Av Alberto Sa;;;Papicu;;Colisão;;Não informado;;Meio De Quadra;;;0;1;0;1;1;0;0;0;0;0;0;0;0;(-38.47329939999999 -3.735124);
;2022-08-25 16:12:14;Luciano Carneiro;Av 13 De Maio;;Fatima;;Colisão;;Não informado;;Cruzamento;;;0;2;0;0;2;0;0;0;0;0;0;0;0;(-38.5313347 -3.7475788);
;2022-08-25 15:52:31;Castelo De  Castro;Cj São Cristovão;;Messejana;;Colisão;;Não informado;;Cruzamento;;;0;1;0;0;2;0;0;0;0;0;0;0;0;(-38.5245016 -3.838473699999999);
;2022-08-25 15:32:17;Avenida Jornalista Tomaz Coelho -;;;Messejana;;ACIDENTE ONIBUS (TRANSPORTE COLETIVO);;Não informado;;Meio De Quadra Sem Numero;;;0;1;0;0;0;0;0;1;0;0;0;0;0;(-38.5107767 -3.8295793);
;2022-08-25 15:30:04;Avenida Desembargador Moreira;;;Dionisio Torres;;Colisão;;Não informado;;Meio De Quadra Sem Numero;;;0;1;0;1;1;0;0;0;0;0;0;0;0;(-38.50192 -3.7471698);
;2022-08-25 13:20:10;Desembagador Gonzaga;;;Cidade Dos Funcionarios;;Colisão;;Não informado;;Meio De Quadra;;;0;1;0;0;2;0;0;0;0;0;0;0;0;(0 0);
;2022-08-25 12:29:45;Rogaciano Leite;;;Guararapes;;Colisão;;Não informado;;Meio De Quadra;;;0;1;0;1;1;0;0;0;0;0;0;0;0;(-38.4915855 -3.7586708);
;2022-08-25 12:17:58;Oliveira Paiva;;;Cidade Dos Funcionarios;;Colisão;;Não informado;;Meio De Quadra Sem Numero;;;0;1;0;1;0;0;1;0;0;0;0;0;0;(-38.49671 -3.7957203);
;2022-08-25 11:39:18;Contorno Sul  -- Upa  Jangurussu;;;Jangurussu;;Colisão;;Não informado;;Meio De Quadra Sem Numero;;;0;1;0;0;2;0;0;0;0;0;0;0;0;(-38.5225174 -3.839064099999999);
;2022-08-25 11:30:27;Avenida Doutor Silas Munguba;;;Passare;;Colisão;;Não informado;;Meio De Quadra;;;0;1;0;0;2;0;0;0;0;0;0;0;0;(-38.5309433 -3.8002036);
;2022-08-25 11:10:31;Avenida Deputado Paulino Rocha -;;;Cajazeiras;;Colisão;;Não informado;;Meio De Quadra;;;0;1;0;2;0;0;0;0;0;0;0;0;0;(-38.5159041 -3.8111546);
;2022-08-25 10:46:44;Doutor Silas Munguba;Na Descida Do Tunel;;Passare;;Colisão;;Não informado;;Cruzamento;;;0;2;0;1;1;0;0;0;0;0;0;0;0;(-38.5297827 -3.8016075);
;2022-08-25 10:42:47;Imperador;;;Centro;;Queda;;Não informado;;Meio De Quadra;;;0;1;0;1;0;0;0;0;0;0;0;0;0;(-38.5331656 -3.7237452);
;2022-08-25 10:34:20;Washington  Soares;;;Messejana;;Colisão;;Não informado;;Meio De Quadra Sem Numero;;;0;1;0;1;1;0;0;0;0;0;0;0;0;(-38.4822017 -3.828229);
;2022-08-25 10:29:04;Mister Hull;;;Pici;;Queda;;Não informado;;Meio De Quadra;;;0;1;0;1;0;0;0;0;0;0;0;0;0;(-38.5700979 -3.7377802);
;2022-08-25 10:13:11;Avenida Godofredo Maciel;;;Mondubim;;Colisão;;Não informado;;Meio De Quadra;;;0;1;0;1;1;0;0;0;0;0;0;0;0;(-38.5788946 -3.823496899999999);
;2022-08-25 09:43:45;Avenida Deputado Paulino Rocha;;;Cajazeiras;;Atropelamento;;Não informado;;Meio De Quadra Sem Numero;;;0;1;0;0;1;0;0;0;0;0;0;0;0;(-38.5081884 -3.8061682);
;2022-08-25 06:06:04;Aboliçao;;;Praia De Iracema;;Atropelamento;;Não informado;;Meio De Quadra;;;0;1;0;0;1;0;0;0;0;0;0;0;0;(-38.5026405 -3.7251956);
;2022-08-25 05:40:45;Zeze Diogo;;;Vicente Pinzon;;Queda;;Não informado;;Meio De Quadra;;;0;1;0;1;0;0;0;0;0;0;0;0;0;(-38.4492655 -3.7461209);