COD_ACIDENTE;DATA;LOG1;LOG2;NUMERO;BAIRRO;AMC;NATUREZA;ILUMINACAO;TEMPO;SUPERFICIEPISTA;TIPOCRUZAMENTO;CONTROLETRAFEGO;USOSOLO;MORTOS;FERIDOS;ILESOS;MOTOCICLETA;AUTOMOVEL;MICROONIBUS;CAMINHAO;ONIBUS;CICLOMOTOR;BICICLETA;OUTROS;TREM;TRACAOANIMAL;COORDENADAS
;2022-08-25 05:36:26;Avenida Beira Mar;;;Praia De Iracema;;Colisão;;Não informado;;Meio De Quadra;;;0;1;0;0;2;0;0;0;0;0;0;0;0;(0 0);
;2022-08-25 05:29:23;Jose Dantas Pereira;;;Canindezinho;;Queda;;Não informado;;Meio De Quadra Sem Numero;;;0;1;0;1;0;0;0;0;0;0;0;0;0;(-38.607706 -3.8224972);
;2022-08-25 00:51:33;Genibau;Rua Alves Batista;;Parque Genibau;;Colisão;;Não informado;;Cruzamento;;;0;1;0;1;1;0;0;0;0;0;0;0;0;(-38.6013392 -3.7605093);
;2022-08-25 00:00:12;Carneiro De Mendonça;Belo Horizonte;;Joquei Clube;;Colisão;;Não informado;;Cruzamento;;;0;2;0;1;1;0;0;0;0;0;0;0;0;(-38.5675835 -3.7636399);
;2022-08-24 22:34:58;Boges De Melo;;;Fatima;;Atropelamento;;Não informado;;Meio De Quadra Sem Numero;;;0;1;0;1;0;0;0;0;0;0;0;0;0;(-38.5317617 -3.758423);
;2022-08-24 21:32:47;C;;;Conjunto Ceara;;Colisão;;Não informado;;Meio De Quadra;;;0;1;0;0;2;0;0;0;0;0;0;0;0;(0 0);
;2022-08-24 21:13:59;Manoel Mavignier;;;Lagoa Redonda;;Colisão;;Não informado;;Meio De Quadra;;;0;1;0;1;1;0;0;0;0;0;0;0;0;(-38.4491459 -3.8051621);
;2022-08-24 20:46:13;Av.Senador Carlos Jereissati;;;Dias Macedo;;Colisão;;Não informado;;Meio De Quadra Sem Numero;;;0;1;0;0;2;0;0;0;0;0;0;0;0;(-38.5242645 -3.7832708);
;2022-08-24 20:28:28;Mister  Hull;;;Antonio Bezerra;;Atropelamento;;Não informado;;Meio De Quadra;;;0;1;0;0;1;0;0;0;0;0;0;0;0;(-38.5851582 -3.7383861);
;2022-08-24 19:54:11;Rua Ismael Silva;;;Conjunto Palmeiras;;Colisão;;Não informado;;Meio De Quadra;;;0;1;0;1;1;0;0;0;0;0;0;0;0;(-38.5238844 -3.8480299);
;2022-08-24 19:52:40;Rua Emilio De Menezes;Duas Naçoes;;Granja Portugal;;Colisão;;Não informado;;Cruzamento;;;0;1;0;1;1;0;0;0;0;0;0;0;0;(-38.6022841 -3.7776011);
;2022-08-24 18:56:04;Raul Barbosa;;;Dionisio Torres;;Colisão;;Não informado;;Meio De Quadra;;;0;1;0;1;1;0;0;0;0;0;0;0;0;(-38.5042246 -3.7538441);
;2022-08-24 18:15:46;Gomes Matos;Alberto Magno;;Montese;;Colisão;;Não informado;;Cruzamento;;;0;1;0;1;1;0;0;0;0;0;0;0;0;(-38.5468772 -3.7626136);
;2022-08-24 16:55:01;Desembargador Moreira;;;Meireles;;Colisão;;Não informado;;Meio De Quadra Sem Numero;;;0;1;0;1;1;0;0;0;0;0;0;0;0;(-38.4967653 -3.7312542);
;2022-08-24 16:54:29;Joao Cordeiro;Soriano Alburquerque;;Joaquim Tavora;;Colisão;;Não informado;;Cruzamento;;;0;1;0;1;1;0;0;0;0;0;0;0;0;(-38.5194626 -3.7479064);
;2022-08-24 16:50:57;Conselheiro Lafayette;Coronel Carvalho;;Jardim Iracema;;Colisão;;Não informado;;Cruzamento;;;0;1;0;1;1;0;0;0;0;0;0;0;0;(-38.5878867 -3.7174623);
;2022-08-24 14:02:45;Piaui;;;Bela Vista;;Colisão;;Não informado;;Meio De Quadra;;;0;1;0;2;0;0;0;0;0;0;0;0;0;(0 0);
;2022-08-24 13:15:45;Bezerra De Meneses Esquina;Rua Dom Lino;;Sao Gerardo;;Colisão;;Não informado;;Cruzamento;;;0;1;0;2;0;0;0;0;0;0;0;0;0;(-38.5572956 -3.7354346);
;2022-08-24 11:54:37;Carlos Jereissate;;;Não informado;;Queda;;Não informado;;Meio De Quadra Sem Numero;;;0;1;0;1;0;0;0;0;0;0;0;0;0;(-38.4782765 -3.7417911);
;2022-08-24 10:49:47;Washington Soares;;;Messejana;;Queda;;Não informado;;Meio De Quadra;;;0;1;0;1;0;0;0;0;0;0;0;0;0;(-38.4827866 -3.8336651);
;2022-08-24 10:48:13;Senador Fernandes Tavora;;;Joquei Clube;;Colisão;;Não informado;;Meio De Quadra Sem Numero;;;0;1;0;0;1;0;0;0;0;1;0;0;0;(-38.5761715 -3.765385);
;2022-08-24 10:12:49;Silas Munguba;;;Serrinha;;Queda;;Não informado;;Meio De Quadra;;;0;1;0;1;0;0;0;0;0;0;0;0;0;(-38.5374948 -3.7920418);
;2022-08-24 10:10:29;Godofredo Maciel;;;Maraponga;;Colisão;;Não informado;;Meio De Quadra;;;0;1;0;1;1;0;0;0;0;0;0;0;0;(-38.5702871 -3.7969246);
;2022-08-24 09:00:13;Rua Carapinima;;;Benfica;;Colisão;;Não informado;;Meio De Quadra;;;0;1;0;1;1;0;0;0;0;0;0;0;0;(-38.5423981 -3.7418581);
;2022-08-24 07:39:02;Silas Mumguba;;;Serrinha;;Colisão;;Não informado;;Meio De Quadra;;;0;1;0;0;2;0;0;0;0;0;0;0;0;(-38.5409312 -3.7899312);
;2022-08-24 04:35:24;Contorno Sul  -- Upa  Jangurussu;;;Jangurussu;;Atropelamento;;Não informado;;Meio De Quadra Sem Numero;;;0;1;0;0;1;0;0;0;0;0;0;0;0;(-38.5225174 -3.839064099999999);
;2022-08-24 01:43:11;Rui Barbosa- Esquina;R. Tenente Benevolo;;Meireles;;Colisão;;Não informado;;Cruzamento;;;0;1;0;1;1;0;0;0;0;0;0;0;0;(-38.5081179 -3.7283396);
;2022-08-24 01:17:04;Abolicao;;;Praia De Iracema;;Colisão;;Não informado;;Meio De Quadra;;;0;1;0;1;1;0;0;0;0;0;0;0;0;(-38.4990846 -3.7264142);
;2022-08-24 00:26:47;Presidente Castelo Branco;;;Cristo Redentor;;Colisão;;Não informado;;Meio De Quadra Sem Numero;;;0;1;0;1;1;0;0;0;0;0;0;0;0;(-38.5645486 -3.7095397);
;2022-08-24 00:23:33;Catole;Rua Maisa;;Conjunto Palmeiras;;Atropelamento;;Não informado;;Cruzamento;;;0;1;0;0;1;0;0;0;0;0;0;0;0;(-38.5217961 -3.852134);
;2022-08-23 22:35:03;Alberto Craveiro;;;Boa Vista;;Colisão;;Não informado;;Meio De Quadra Sem Numero;;;0;2;0;0;2;0;0;0;0;0;0;0;0;(-38.5200995 -3.8012212);
;2022-08-23 21:41:32;Av Benjamim Brasil;;;Maraponga;;Colisão;;Não informado;;Meio De Quadra;;;0;1;0;1;1;0;0;0;0;0;0;0;0;(-38.5600751 -3.8071407);
;2022-08-23 21:37:39;Emilio De Menezes;Tompson Gonçalves 529;;Bonsucesso;;Colisão;;Não informado;;Cruzamento;;;0;4;0;2;0;0;0;0;0;0;0;0;0;(-38.5827953 -3.7829688);
;2022-08-23 20:56:11;Cesar Rosa;;;Montese;;Colisão;;Não informado;;Meio De Quadra;;;0;1;0;1;1;0;0;0;0;0;0;0;0;(-38.5526036 -3.768709);
;2022-08-23 20:35:07;Rua Soriano Albuquerque;;;Joaquim Tavora;;Colisão;;Não informado;;Meio De Quadra;;;0;1;0;1;1;0;0;0;0;0;0;0;0;(-38.5149431 -3.7488373);
;2022-08-23 20:29:25;Av Mozart Pinheiro De Lucena;;;Quintino Cunha;;Queda;;Não informado;;Meio De Quadra;;;0;1;0;1;0;0;0;0;0;0;0;0;0;(-38.59838 -3.728729);
;2022-08-23 20:09:05;Sete Setembro;;;Parangaba;;Colisão;;Não informado;;Meio De Quadra;;;0;1;0;0;1;0;0;0;0;1;0;0;0;(-38.5638534 -3.7742237);
;2022-08-23 20:00:28;Tarcisio Peixoto;;;Dom Lustosa;;Colisão;;Não informado;;Meio De Quadra;;;0;1;0;1;1;0;0;0;0;0;0;0;0;(-38.5859571 -3.7492768);
;2022-08-23 17:55:59;Americo Barreira;;;Democrito Rocha;;Colisão;;Não informado;;Meio De Quadra;;;0;1;0;1;1;0;0;0;0;0;0;0;0;(-38.567736 -3.765205);
;2022-08-23 17:34:48;Avenida Governador Raul Barbosa;;;Aerolandia;;Colisão;;Não informado;;Meio De Quadra;;;0;1;0;1;1;0;0;0;0;0;0;0;0;(0 0);
;2022-08-23 17:26:04;Av Bernardo Manuel;;;Itaperi;;Colisão;;Não informado;;Meio De Quadra;;;0;2;0;0;2;0;0;0;0;0;0;0;0;(-38.5516395 -3.8000583);
;2022-08-23 16:17:39;H;Av. L;;Conjunto Ceara;;Colisão;;Não informado;;Cruzamento;;;0;1;0;0;2;0;0;0;0;0;0;0;0;(-38.6076014 -3.7755211);
;2022-08-23 15:48:37;15 De Novembro;;;Montese;;Colisão;;Não informado;;Meio De Quadra;;;0;1;0;2;0;0;0;0;0;0;0;0;0;(-38.5539928 -3.7695487);
;2022-08-23 12:14:17;Aguanambi- Sentindo Interior;Praia;;Fatima;;Colisão;;Não informado;;Cruzamento;;;0;1;0;1;1;0;0;0;0;0;0;0;0;(-38.5236413 -3.7512287);
;2022-08-23 11:45:59;Avenida Jose Bastos;;;Rodolfo Teofilo;;Colisão;;Não informado;;Meio De Quadra Sem Numero;;;0;1;0;1;1;0;0;0;0;0;0;0;0;(-38.5497635 -3.7493857);
;2022-08-23 11:06:13;Mister Hull;;;Antonio Bezerra;;Colisão;;Não informado;;Meio De Quadra Sem Numero;;;0;1;0;2;0;0;0;0;0;0;0;0;0;(-38.5918137 -3.7395231);
;2022-08-23 10:56:55;BR 116 KM 1;;;Aerolandia;;Colisão;;Não informado;;Meio De Quadra Sem Numero;;;0;1;0;1;1;0;0;0;0;0;0;0;0;(0 0);
;2022-08-23 10:50:41;Pompilio Gomes -;Av. Deputado Paulino Rocha - Castelao - Bairro Castelao;;Castelao;;Colisão;;Não informado;;Cruzamento;;;0;1;0;1;0;0;1;0;0;0;0;0;0;(-38.5196392 -3.810014);
;2022-08-23 09:56:55;Mister Hull;;;Antonio Bezerra;;Colisão;;Não informado;;Meio De Quadra;;;0;1;0;1;1;0;0;0;0;0;0;0;0;(-38.57949620000001 -3.7381834);
;2022-08-23 09:46:12;Avenida H;;;Conjunto Ceara;;Atropelamento;;Não informado;;Meio De Quadra;;;0;1;0;0;0;0;1;0;0;0;0;0;0;(-38.6178402 -3.7765424);
;2022-08-23 09:20:23;Batista De Oliveira;;;Coco;;Colisão;;Não informado;;Meio De Quadra Sem Numero;;;0;1;0;0;2;0;0;0;0;0;0;0;0;(-38.4810303 -3.744462);
;2022-08-23 02:52:22;Presidente Costa E Silva;;;Prefeito Jose Walter;;Colisão;;Não informado;;Meio De Quadra;;;0;1;0;0;2;0;0;0;0;0;0;0;0;(-38.557039 -3.821124999999999);
;2022-08-23 02:41:20;Jornalista Tomas Coelho;;;Barroso;;Atropelamento;;Não informado;;Meio De Quadra;;;0;2;0;1;0;0;0;0;0;0;0;0;0;(-38.515918 -3.8279025);
;2022-08-23 01:42:40;Silas Munguba;;;Passare;;Colisão;;Não informado;;Meio De Quadra;;;0;1;0;0;2;0;0;0;0;0;0;0;0;(-38.53047770000001 -3.8023571);
;2022-08-23 00:18:13;Humberto Monte;;;Pici;;Queda;;Não informado;;Meio De Quadra;;;0;1;0;1;0;0;0;0;0;0;0;0;0;(-38.5690078 -3.7391565);
;2022-08-22 23:18:35;Vital Brasil;;;Bonsucesso;;Queda;;Não informado;;Meio De Quadra;;;0;1;0;1;0;0;0;0;0;0;0;0;0;(-38.5918366 -3.7798509);
;2022-08-22 23:04:07;Guilherme Rocha (Praça Do Liceu);;;Jacarecanga;;Queda;;Não informado;;Meio De Quadra Sem Numero;;;0;1;0;0;0;0;0;0;0;1;0;0;0;(-38.541042 -3.7237617);
;2022-08-22 22:48:39;Pompilio Gomes;;;Passare;;Atropelamento;;Não informado;;Meio De Quadra;;;0;1;0;1;0;0;0;0;0;0;0;0;0;(-38.5216027 -3.8274898);
;2022-08-22 20:53:24;Rua Jose Avelino;Almirante Jaceguai;;Centro;;Atropelamento;;Não informado;;Cruzamento;;;0;1;0;1;0;0;0;0;0;0;0;0;0;(-38.519328 -3.7224014);
;2022-08-22 20:46:55;Rua Riso Do Prado;Rua Sabia;;Bonsucesso;;Atropelamento;;Não informado;;Cruzamento;;;0;1;0;1;0;0;0;0;0;0;0;0;0;(-38.58027999999999 -3.7792749);
;2022-08-22 20:16:00;Avenida Edilson Brasil Soares;;;Parque Manibura;;Colisão;;Não informado;;Meio De Quadra;;;0;1;0;1;1;0;0;0;0;0;0;0;0;(-38.4827131 -3.7893398);
;2022-08-22 20:15:00;Avenida Bernardo Manuel;;;Parque Dois Irmaos;;Colisão;;Não informado;;Meio De Quadra;;;0;1;0;1;0;0;1;0;0;0;0;0;0;(-38.554172 -3.8087037);
;2022-08-22 19:52:58;Avenida Presidente Costa E Silva;;;Prefeito Jose Walter;;Colisão;;Não informado;;Meio De Quadra Sem Numero;;;0;3;0;2;0;0;0;0;0;0;0;0;0;(-38.5443558 -3.8244455);
;2022-08-22 19:47:31;Av. Val Paraiso;;;Jangurussu;;Colisão;;Não informado;;Meio De Quadra;;;0;3;0;0;2;0;0;0;0;0;0;0;0;(-38.505201 -3.851351);
;2022-08-22 16:32:49;Lineu Machado;;;Henrique Jorge;;Colisão;;Não informado;;Meio De Quadra;;;0;2;0;1;1;0;0;0;0;0;0;0;0;(-38.5757472 -3.763191);
;2022-08-22 15:28:44;Germano Frank;;;Parangaba;;Colisão;;Não informado;;Meio De Quadra;;;0;2;0;1;1;0;0;0;0;0;0;0;0;(-38.5592167 -3.7750172);
;2022-08-22 15:05:14;Barao De Aquiraz;;;Messejana;;Colisão;;Não informado;;Meio De Quadra;;;0;1;0;1;1;0;0;0;0;0;0;0;0;(-38.4893754 -3.8353462);
;2022-08-22 13:41:59;Rua Meruoca;;;Varjota;;Atropelamento;;Não informado;;Meio De Quadra;;;0;1;0;0;1;0;0;0;0;0;0;0;0;(-38.4829443 -3.7310339);
;2022-08-22 12:48:28;Washington Soares;;;Messejana;;Queda;;Não informado;;Meio De Quadra;;;0;1;0;1;0;0;0;0;0;0;0;0;0;(0 0);
;2022-08-22 11:43:20;Avenida General Osorio De Paiva;;;Vila Peri;;Colisão;;Não informado;;Meio De Quadra;;;0;1;0;1;1;0;0;0;0;0;0;0;0;(-38.5972532 -3.8000886);
;2022-08-22 11:27:16;Maria Gomes De Sa;;;Conjunto Esperanca;;Queda;;Não informado;;Meio De Quadra;;;0;1;0;1;0;0;0;0;0;0;0;0;0;(-38.5861697 -3.8206778);
;2022-08-22 11:18:38;Coronel Guilherme Alencar;;;Messejana;;Colisão;;Não informado;;Meio De Quadra Sem Numero;;;0;1;0;1;1;0;0;0;0;0;0;0;0;(-38.4929538 -3.8363049);
;2022-08-22 10:36:33;Avenida  Washington Soares;;;Edson Queiroz;;Colisão;;Não informado;;Meio De Quadra Sem Numero;;;0;1;0;1;1;0;0;0;0;0;0;0;0;(-38.481665 -3.7762191);
;2022-08-22 09:52:42;Rua Rui Monte;;;Antonio Bezerra;;Colisão;;Não informado;;Meio De Quadra;;;0;2;0;2;0;0;0;0;0;0;0;0;0;(-38.5875979 -3.7405268);
;2022-08-22 09:38:05;Avenida Alberto Craveiro;;;Dias Macedo;;Colisão;;Não informado;;Meio De Quadra;;;0;1;0;1;0;0;1;0;0;0;0;0;0;(-38.5224338 -3.8072311);
;2022-08-22 09:01:05;Avenida Dos Eucaliptos;;;Dende;;Colisão;;Não informado;;Meio De Quadra;;;0;1;0;0;2;0;0;0;0;0;0;0;0;(-38.5558693 -3.7994673);
;2022-08-22 07:31:36;Carlos Jereissati;;;Montese;;Colisão;;Não informado;;Meio De Quadra Sem Numero;;;0;1;0;2;0;0;0;0;0;0;0;0;0;(-38.5498147 -3.770406);
;2022-08-22 05:15:28;Mister Hull;;;Quintino Cunha;;Queda;;Não informado;;Meio De Quadra;;;0;1;0;1;0;0;0;0;0;0;0;0;0;(-38.59707179999999 -3.7403502);
;2022-08-22 03:03:33;Raul Barbosa;;;Aerolandia;;Choque c/ Obstáculo Fixo;;Não informado;;Meio De Quadra;;;0;1;0;0;1;0;0;0;0;0;0;0;0;(0 0);
;2022-08-22 02:48:32;Joao De França;Afonso Lopes;;Passare;;Colisão;;Não informado;;Cruzamento;;;0;1;0;1;1;0;0;0;0;0;0;0;0;(-38.55259 -3.7945846);
;2022-08-22 01:35:27;Heraclito Graça;;;Centro;;Colisão;;Não informado;;Meio De Quadra;;;0;1;0;2;0;0;0;0;0;0;0;0;0;(-38.5217643 -3.7345796);
;2022-08-22 01:05:04;Rogaciano Leite;;;Guararapes;;Queda;;Não informado;;Meio De Quadra;;;0;1;0;1;0;0;0;0;0;0;0;0;0;(-38.4920161 -3.7591944);
;2022-08-22 00:46:36;Rua Aurora;;;Planalto Ayrton Senna;;Queda;;Não informado;;Meio De Quadra;;;0;1;0;1;0;0;0;0;0;0;0;0;0;(-38.5770261 -3.8365434);
;2022-08-21 23:21:44;Godofredo Marciel;;;Aracape;;Colisão;;Não informado;;Meio De Quadra;;;0;1;0;2;0;0;0;0;0;0;0;0;0;(-38.5787711 -3.8233143);
;2022-08-21 20:25:56;Beira Mar;;;Meireles;;Queda;;Não informado;;Meio De Quadra Sem Numero;;;0;1;0;0;0;0;0;0;0;1;0;0;0;(-38.5108322 -3.7203831);
;2022-08-21 20:21:45;Av Radialista João Ramos;;;Mondubim;;Colisão;;Não informado;;Meio De Quadra;;;0;1;0;0;2;0;0;0;0;0;0;0;0;(-38.5794072 -3.8405226);
;2022-08-21 19:49:28;Via Expressa;;;Sao Joao Do Tauape;;Colisão;;Não informado;;Meio De Quadra;;;0;1;0;1;1;0;0;0;0;0;0;0;0;(0 0);
;2022-08-21 19:00:43;Tenente Moacir Matos;;;Montese;;Colisão;;Não informado;;Meio De Quadra;;;0;2;0;1;1;0;0;0;0;0;0;0;0;(-38.5528738 -3.767038);
;2022-08-21 18:29:09;Rua  Jose Dantas Pereira;Upa Canindezinho;;Canindezinho;;Queda;;Não informado;;Cruzamento;;;0;1;0;1;0;0;0;0;0;0;0;0;0;(-38.6088561 -3.8217799);
;2022-08-21 18:28:55;Av Domingos Olimpio;Jaime Benevole;;Centro;;Colisão;;Não informado;;Cruzamento;;;0;1;0;1;1;0;0;0;0;0;0;0;0;(-38.5272608 -3.7378222);
;2022-08-21 15:10:31;Augusto Dos Anjos;;;Siqueira;;Colisão;;Não informado;;Meio De Quadra;;;0;1;0;1;1;0;0;0;0;0;0;0;0;(-38.582739 -3.7839159);
;2022-08-21 13:23:32;Osorio De Paiva  -Pq. Jerusalem;;;Siqueira;;Colisão;;Não informado;;Meio De Quadra;;;0;1;0;0;1;0;1;0;0;0;0;0;0;(-38.6103328 -3.8133833);
;2022-08-21 12:42:05;Franc Forte;;;Manuel Satiro;;Queda;;Não informado;;Meio De Quadra;;;0;1;0;1;0;0;0;0;0;0;0;0;0;(-38.5815451 -3.7944713);
;2022-08-21 06:12:17;Edilson Candea;;;Conjunto Palmeiras;;Queda;;Não informado;;Meio De Quadra;;;0;1;0;1;0;0;0;0;0;0;0;0;0;(-38.5242983 -3.8427571);
;2022-08-21 04:35:03;Jovita Feitosa;;;Parquelandia;;Colisão;;Não informado;;Meio De Quadra;;;0;2;0;0;2;0;0;0;0;0;0;0;0;(-38.5630946 -3.7409904);
;2022-08-21 01:47:44;Tomas Rodrigues;;;Antonio Bezerra;;Atropelamento;;Não informado;;Meio De Quadra;;;0;1;0;0;1;0;0;0;0;0;0;0;0;(0 0);
;2022-08-21 01:10:35;Julio Ventura;;;Aldeota;;Colisão;;Não informado;;Meio De Quadra Sem Numero;;;0;1;0;0;2;0;0;0;0;0;0;0;0;(-38.5071603 -3.7395797);
;2022-08-21 00:01:33;Senador Fernandes Tavora;Rua Virgilio Morais;;Autran Nunes;;Atropelamento;;Não informado;;Cruzamento;;;0;1;0;0;1;0;0;0;0;0;0;0;0;(-38.5974791 -3.7552116);
;2022-08-20 23:38:34;Barra Vermelha;Teodoro De Castro;;Granja Lisboa;;Colisão;;Não informado;;Cruzamento;;;0;1;0;0;2;0;0;0;0;0;0;0;0;(-38.6120241 -3.7778047);
;2022-08-20 22:56:00;Leste Oeste;;;Centro;;Atropelamento;;Não informado;;Meio De Quadra Sem Numero;;;0;1;0;0;1;0;0;0;0;0;0;0;0;(-38.5308038 -3.7199409);
;2022-08-20 22:24:16;Godofredo Marciel;;;Maraponga;;Queda;;Não informado;;Meio De Quadra;;;0;1;0;1;0;0;0;0;0;0;0;0;0;(-38.5655503 -3.7817356);
;2022-08-20 21:12:42;Avenida Professor Arthur De Carvalho;;;Curio;;Colisão;;Não informado;;Meio De Quadra;;;0;1;0;0;2;0;0;0;0;0;0;0;0;(-38.4654037 -3.8263496);
;2022-08-20 20:04:48;Tomaz Rodrigues;;;Antonio Bezerra;;Queda;;Não informado;;Meio De Quadra;;;0;1;0;1;0;0;0;0;0;0;0;0;0;(-38.59407590000001 -3.7377805);
;2022-08-20 19:47:57;Avenida Governador Raul Barbosa;;;Aerolandia;;Atropelamento;;Não informado;;Meio De Quadra;;;0;1;0;1;0;0;0;0;0;0;0;0;0;(-38.5130139 -3.7743113);
;2022-08-20 19:33:16;Cuiaba;Rua  Melo Oliveira;;Joao Xxiii;;Colisão;;Não informado;;Cruzamento;;;0;1;0;2;0;0;0;0;0;0;0;0;0;(-38.5769268 -3.770047);
;2022-08-20 18:53:15;Theberg;;;Alvaro Weyne;;Colisão;;Não informado;;Meio De Quadra;;;0;1;0;1;1;0;0;0;0;0;0;0;0;(0 0);
;2022-08-20 13:35:32;Idelfonso Albano;;;Aldeota;;Colisão;;Não informado;;Meio De Quadra;;;0;1;0;1;1;0;0;0;0;0;0;0;0;(-38.51295229999999 -3.7331178);
;2022-08-20 12:49:42;Sargento Herminio;;;Vila Ellery;;Atropelamento;;Não informado;;Meio De Quadra;;;0;1;0;0;1;0;0;0;0;0;0;0;0;(-38.5616077 -3.7264227);
;2022-08-20 12:24:17;Rua Silva Paulet Esq Costa Barros;;;Meireles;;Colisão;;Não informado;;Meio De Quadra Sem Numero;;;0;1;0;1;1;0;0;0;0;0;0;0;0;(-38.5043008 -3.7310418);
;2022-08-20 10:53:01;BR 116 KM 9;;;Barroso;;Colisão;;Não informado;;Meio De Quadra Sem Numero;;;0;1;0;0;1;0;1;0;0;0;0;0;0;(0 0);
;2022-08-20 10:52:27;Rua Gomes Brasil;;;Parangaba;;Colisão;;Não informado;;Meio De Quadra;;;0;1;0;0;2;0;0;0;0;0;0;0;0;(-38.56877530000001 -3.771997899999999);
;2022-08-20 10:36:35;Osorio De Paiva;;;Canindezinho;;Colisão;;Não informado;;Meio De Quadra;;;0;2;0;2;0;0;0;0;0;0;0;0;0;(-38.6087092 -3.811984);
;2022-08-20 08:06:54;Perimetral;;;Prefeito Jose Walter;;Colisão;;Não informado;;Meio De Quadra Sem Numero;;;0;1;0;0;2;0;0;0;0;0;0;0;0;(-38.5300457 -3.8290547);
;2022-08-20 07:02:19;Contorno;;;Edson Queiroz;;Colisão;;Não informado;;Meio De Quadra Sem Numero;;;0;1;0;0;2;0;0;0;0;0;0;0;0;(-38.4741084 -3.7697689);
;2022-08-20 04:57:06;Av. Pres. Castelo Branco;;;Pirambu;;Colisão;;Não informado;;Meio De Quadra;;;0;1;0;1;1;0;0;0;0;0;0;0;0;(-38.5482114 -3.7136843);
;2022-08-20 03:19:28;Capitao Melo;;;Sao Joao Do Tauape;;Atropelamento;;Não informado;;Meio De Quadra;;;0;1;0;0;1;0;0;0;0;0;0;0;0;(-38.5123468 -3.7610299);
;2022-08-20 03:11:00;Presidente Costa E Silva;Av. Pompilio Gomes;;Jangurussu;;Colisão;;Não informado;;Cruzamento;;;0;1;0;2;0;0;0;0;0;0;0;0;0;(-38.5282735 -3.8293827);
;2022-08-20 02:37:46;Avenida Pontes Vieira;;;Dionisio Torres;;Colisão;;Não informado;;Meio De Quadra Sem Numero;;;0;2;0;0;2;0;0;0;0;0;0;0;0;(-38.5049878 -3.7517601);
;2022-08-20 01:55:17;Padre Cicero;;;Benfica;;Queda;;Não informado;;Meio De Quadra;;;0;1;0;1;0;0;0;0;0;0;0;0;0;(-38.5419715 -3.7469128);
;2022-08-20 01:47:29;Doutor Silas Munguba;;;Passare;;Atropelamento;;Não informado;;Meio De Quadra Sem Numero;;;0;1;0;0;1;0;0;0;0;0;0;0;0;(-38.5297827 -3.8016075);
;2022-08-20 01:45:44;Eduardo Girão;;;Benfica;;Queda;;Não informado;;Meio De Quadra;;;0;1;0;1;0;0;0;0;0;0;0;0;0;(0 0);
;2022-08-20 00:39:06;Maestro Lisboa;;;Sabiaguaba;;Queda;;Não informado;;Meio De Quadra;;;0;1;0;1;0;0;0;0;0;0;0;0;0;(-38.457041 -3.8065574);
;2022-08-19 22:35:24;Coronel Fabriciano;;;Granja Portugal;;Atropelamento;;Não informado;;Meio De Quadra;;;0;1;0;1;0;0;0;0;0;0;0;0;0;(-38.6028591 -3.7842472);
;2022-08-19 22:31:32;Coronel Carvalho;;;Barra Do Ceara;;Atropelamento;;Não informado;;Meio De Quadra;;;0;1;0;1;0;0;0;0;0;0;0;0;0;(-38.59066809999999 -3.7058524);
;2022-08-19 22:19:10;Padre Antonio Tomas;;;Aldeota;;Colisão;;Não informado;;Meio De Quadra Sem Numero;;;0;1;0;0;2;0;0;0;0;0;0;0;0;(-38.4947395 -3.7417341);
;2022-08-19 22:06:19;Padre Antonio Tomas;Rua Barbosa De Freiras;;Aldeota;;Colisão;;Não informado;;Cruzamento;;;0;1;0;0;2;0;0;0;0;0;0;0;0;(-38.4986088 -3.740471);
;2022-08-19 21:24:38;Rua Rio Grande Do Sul -;;;Bela Vista;;Atropelamento;;Não informado;;Meio De Quadra;;;0;2;0;1;0;0;0;0;0;0;0;0;0;(-38.5625698 -3.7513947);
;2022-08-19 21:21:23;Rua Tavares Coutinho;Delmiro Gouveia;;Varjota;;Colisão;;Não informado;;Cruzamento;;;0;1;0;1;1;0;0;0;0;0;0;0;0;(-38.4882318 -3.7326423);
;2022-08-19 20:09:13;Rua Crisanto Moreira Da Rocha;;;Cambeba;;Colisão;;Não informado;;Meio De Quadra;;;0;1;0;0;2;0;0;0;0;0;0;0;0;(-38.484134 -3.808568);
;2022-08-19 19:43:34;Avenida Jose Jatahy;;;Jacarecanga;;Atropelamento;;Não informado;;Meio De Quadra;;;0;1;0;1;0;0;0;0;0;0;0;0;0;(-38.5459061 -3.7299225);
;2022-08-19 19:35:36;Rua Bento Albuquerque;;;Coco;;Colisão;;Não informado;;Meio De Quadra;;;0;1;0;1;1;0;0;0;0;0;0;0;0;(-38.4782383 -3.7454877);
;2022-08-19 19:34:48;Avenida Osorio De Paiva;Oscar França;;Bom Jardim;;Colisão;;Não informado;;Cruzamento;;;0;1;0;0;2;0;0;0;0;0;0;0;0;(-38.5921257 -3.7944034);
;2022-08-19 18:31:26;Professor Otavio Lobo - Vilebaldo Aguiar;;;Papicu;;Colisão;;Não informado;;Meio De Quadra;;;0;1;0;1;1;0;0;0;0;0;0;0;0;(0 0);
;2022-08-19 18:11:39;Avenida Antonio Sales;;;Dionisio Torres;;Colisão;;Não informado;;Meio De Quadra;;;0;1;0;1;1;0;0;0;0;0;0;0;0;(-38.4962552 -3.747235);