COD_ACIDENTE;DATA;LOG1;LOG2;NUMERO;BAIRRO;AMC;NATUREZA;ILUMINACAO;TEMPO;SUPERFICIEPISTA;TIPOCRUZAMENTO;CONTROLETRAFEGO;USOSOLO;MORTOS;FERIDOS;ILESOS;MOTOCICLETA;AUTOMOVEL;MICROONIBUS;CAMINHAO;ONIBUS;CICLOMOTOR;BICICLETA;OUTROS;TREM;TRACAOANIMAL;COORDENADAS
;2022-08-19 16:34:22;Da  Aboliçao;;;Meireles;;Queda;;Não informado;;Meio De Quadra;;;0;1;0;1;0;0;0;0;0;0;0;0;0;(-38.4980295 -3.7268591);
;2022-08-19 15:19:35;Amancio Pereira;;;Passare;;Colisão;;Não informado;;Meio De Quadra;;;0;1;0;1;1;0;0;0;0;0;0;0;0;(-38.5223018 -3.8135509);
;2022-08-19 14:38:20;Contorno;;;Edson Queiroz;;Queda;;Não informado;;Meio De Quadra Sem Numero;;;0;1;0;1;0;0;0;0;0;0;0;0;0;(-38.4741084 -3.7697689);
;2022-08-19 13:32:31;Sargento Herminio;;;Monte Castelo;;Colisão;;Não informado;;Meio De Quadra;;;0;1;0;2;0;0;0;0;0;0;0;0;0;(-38.5463676 -3.7248794);
;2022-08-19 13:07:37;Rua Almeida Prado;;;Papicu;;Colisão;;Não informado;;Meio De Quadra;;;0;1;0;1;1;0;0;0;0;0;0;0;0;(-38.4738133 -3.7394013);
;2022-08-19 11:57:02;Avenida Ministro Jose Americo;;;Cambeba;;Colisão;;Não informado;;Meio De Quadra;;;0;1;0;1;1;0;0;0;0;0;0;0;0;(-38.4881954 -3.8079549);
;2022-08-19 11:49:41;Da Universidade;;;Benfica;;Colisão;;Não informado;;Meio De Quadra;;;0;2;0;0;2;0;0;0;0;0;0;0;0;(0 0);
;2022-08-19 10:53:54;Rua Andrade Furtado -;;;Manoel Dias Branco;;Colisão;;Não informado;;Meio De Quadra;;;0;1;0;1;1;0;0;0;0;0;0;0;0;(-38.467136 -3.749995);
;2022-08-19 10:38:36;Julio Alcides;;;Maraponga;;Colisão;;Não informado;;Meio De Quadra;;;0;1;0;1;1;0;0;0;0;0;0;0;0;(-38.565009 -3.7884283);
;2022-08-19 09:55:41;Edite Braga;;;Montese;;Colisão;;Não informado;;Meio De Quadra;;;0;1;0;1;1;0;0;0;0;0;0;0;0;(-38.552942 -3.7667627);
;2022-08-19 08:20:15;Rua Elias Francisco;;;Lagoa Redonda;;ACIDENTE ONIBUS (TRANSPORTE COLETIVO);;Não informado;;Meio De Quadra;;;0;1;0;0;0;0;0;1;0;0;0;0;0;(-38.4540008 -3.7992096);
;2022-08-19 04:21:15;Osorio De Paiva;;;Siqueira;;Colisão;;Não informado;;Meio De Quadra Sem Numero;;;0;1;0;2;0;0;0;0;0;0;0;0;0;(-38.6103328 -3.8133833);
;2022-08-19 01:06:44;Maestro Lisboa;;;Sapiranga;;Queda;;Não informado;;Meio De Quadra Sem Numero;;;0;1;0;1;0;0;0;0;0;0;0;0;0;(-38.4657642 -3.8077756);
;2022-08-18 23:38:41;Pompilio Gomes;;;Jangurussu;;Queda;;Não informado;;Meio De Quadra;;;0;1;0;1;0;0;0;0;0;0;0;0;0;(-38.5212092 -3.8199181);
;2022-08-18 22:57:22;Capitão Brasil;;;Antonio Bezerra;;Colisão;;Não informado;;Meio De Quadra;;;0;1;0;2;0;0;0;0;0;0;0;0;0;(-38.5865318 -3.7356355);
;2022-08-18 22:33:19;Teodomiro De Castro;;;Alvaro Weyne;;Colisão;;Não informado;;Meio De Quadra;;;0;1;0;1;1;0;0;0;0;0;0;0;0;(-38.5710652 -3.7192266);
;2022-08-18 21:25:42;Rua Teodomiro De Castro;;;Alvaro Weyne;;Atropelamento;;Não informado;;Meio De Quadra;;;0;1;0;0;0;0;0;0;0;0;1;0;0;(-38.5730464 -3.7184445);
;2022-08-18 20:46:19;Sargento Joao Pinheiro;;;Granja Lisboa;;Atropelamento;;Não informado;;Meio De Quadra Sem Numero;;;0;1;0;0;0;0;0;0;0;0;1;0;0;(-38.6230856 -3.7838172);
;2022-08-18 20:36:49;Cesar Fontenele;Rua Jose Lourenço;;Rodolfo Teofilo;;Colisão;;Não informado;;Cruzamento;;;0;1;0;0;2;0;0;0;0;0;0;0;0;(-38.5595892 -3.7463488);
;2022-08-18 20:33:41;Presidente Costa E Silva;;;Prefeito Jose Walter;;Queda;;Não informado;;Meio De Quadra Sem Numero;;;0;1;0;0;0;0;0;0;0;1;0;0;0;(-38.5443558 -3.8244455);
;2022-08-18 19:52:17;Bernardo Manuel;;;Prefeito Jose Walter;;Colisão;;Não informado;;Meio De Quadra Sem Numero;;;0;1;0;1;1;0;0;0;0;0;0;0;0;(-38.5613587 -3.8318327);
;2022-08-18 19:50:30;13 De Maio;Avenida Visconde Do Rio Branco;;Fatima;;Colisão;;Não informado;;Cruzamento;;;0;1;0;2;0;0;0;0;0;0;0;0;0;(-38.5205024 -3.7534873);
;2022-08-18 19:46:58;Barao Do Rio Branco;;;Centro;;Atropelamento;;Não informado;;Meio De Quadra;;;0;1;0;1;0;0;0;0;0;0;0;0;0;(-38.5290627 -3.732391799999999);
;2022-08-18 19:24:02;Rua General Sampaio;;;Centro;;Queda;;Não informado;;Meio De Quadra;;;0;1;0;1;0;0;0;0;0;0;0;0;0;(-38.53052599999999 -3.726769);
;2022-08-18 18:44:30;Joao Carvalho;Rua Nunes Valente;;Aldeota;;Colisão;;Não informado;;Cruzamento;;;0;1;0;1;1;0;0;0;0;0;0;0;0;(-38.50451959999999 -3.7386088);
;2022-08-18 18:38:11;Osorio De Paiva;;;Canindezinho;;Queda;;Não informado;;Meio De Quadra;;;0;1;0;1;0;0;0;0;0;0;0;0;0;(-38.6075177 -3.8100918);
;2022-08-18 17:50:23;Rua Vitoria -;;;Henrique Jorge;;Atropelamento;;Não informado;;Meio De Quadra;;;0;1;0;0;0;0;0;0;0;0;1;0;0;(-38.58907300000001 -3.766354);
;2022-08-18 16:44:48;Mister Hull;;;Antonio Bezerra;;Colisão;;Não informado;;Meio De Quadra Sem Numero;;;0;1;0;1;1;0;0;0;0;0;0;0;0;(-38.5918137 -3.7395231);
;2022-08-18 15:29:57;Avenida Sargento Herminio Sampaio;;;Monte Castelo;;Colisão;;Não informado;;Meio De Quadra;;;0;2;0;1;1;0;0;0;0;0;0;0;0;(-38.5727432 -3.728748);
;2022-08-18 14:44:19;G;;;Parque Dois Irmaos;;Queda;;Não informado;;Meio De Quadra;;;0;1;0;1;0;0;0;0;0;0;0;0;0;(0 0);
;2022-08-18 14:42:05;Avenida Presidente Costa E Silva -;;;Mondubim;;Queda;;Não informado;;Meio De Quadra;;;0;1;0;1;0;0;0;0;0;0;0;0;0;(-38.56442759999999 -3.8184721);
;2022-08-18 14:11:44;Avenida Pompilio Gomes;;;Passare;;Colisão;;Não informado;;Meio De Quadra;;;0;1;0;0;1;0;0;0;0;1;0;0;0;(-38.5209761 -3.8213848);
;2022-08-18 13:15:08;Jose Bastos;;;Rodolfo Teofilo;;Colisão;;Não informado;;Meio De Quadra Sem Numero;;;0;1;0;2;0;0;0;0;0;0;0;0;0;(-38.5497635 -3.7493857);
;2022-08-18 11:03:11;Rio Grande  Do  Sul;;;Democrito Rocha;;Colisão;;Não informado;;Meio De Quadra;;;0;1;0;1;1;0;0;0;0;0;0;0;0;(-38.5685654 -3.760048599999999);
;2022-08-18 10:48:56;Alberto Craveiro;;;Dias Macedo;;Colisão;;Não informado;;Meio De Quadra Sem Numero;;;0;1;0;2;0;0;0;0;0;0;0;0;0;(-38.5169862 -3.788271);
;2022-08-18 10:26:39;Oliveira Paiva;;;Sapiranga;;Colisão;;Não informado;;Meio De Quadra;;;0;1;0;1;1;0;0;0;0;0;0;0;0;(-38.4840272 -3.7958838);
;2022-08-18 10:10:00;Juscelino Kubitschek;R.Siqueira Campos;;Siqueira;;Atropelamento;;Não informado;;Cruzamento;;;0;2;0;1;0;0;0;0;0;0;0;0;0;(-38.6295642 -3.8124619);
;2022-08-18 10:04:00;Rua Cachoeirinha;;;Passare;;Queda;;Não informado;;Meio De Quadra;;;0;1;0;1;0;0;0;0;0;0;0;0;0;(-38.5281255 -3.8126003);
;2022-08-18 09:46:33;Padre Perdigao Sampaio;;;Antonio Bezerra;;Atropelamento;;Não informado;;Meio De Quadra;;;0;1;0;0;1;0;0;0;0;0;0;0;0;(-38.5949471 -3.7389005);
;2022-08-17 23:31:52;Osorio De Paiva;;;Canindezinho;;Colisão;;Não informado;;Meio De Quadra;;;0;1;0;1;1;0;0;0;0;0;0;0;0;(-38.6050727 -3.8081159);
;2022-08-17 21:20:34;Rua Carlos Vasconcelos;;;Meireles;;Queda;;Não informado;;Meio De Quadra;;;0;1;0;0;0;0;0;0;0;1;0;0;0;(-38.5074516 -3.7233744);
;2022-08-17 20:32:09;Jose Bastos;;;Parangaba;;Atropelamento;;Não informado;;Meio De Quadra;;;0;1;0;1;0;0;0;0;0;0;0;0;0;(-38.5609995 -3.7642887);
;2022-08-17 19:31:06;Rua Rubens Monte;Jaime Rolemberg;;Jardim Cearense;;Colisão;;Não informado;;Cruzamento;;;0;1;0;2;0;0;0;0;0;0;0;0;0;(-38.56502860000001 -3.8045746);
;2022-08-17 18:46:42;315  Casa 17 >  Conj São  Cristovão;;;Jangurussu;;Queda;;Não informado;;Meio De Quadra Sem Numero;;;0;1;0;1;0;0;0;0;0;0;0;0;0;(-38.5189846 -3.8328895);
;2022-08-17 18:38:26;Mister Hull;;;Antonio Bezerra;;Colisão;;Não informado;;Meio De Quadra;;;0;1;0;1;1;0;0;0;0;0;0;0;0;(-38.582657 -3.7363914);
;2022-08-17 17:51:26;Rua Erico Mota -;A Rua Gustavo Sampaio;;Parquelandia;;Colisão;;Não informado;;Cruzamento;;;0;3;0;2;0;0;0;0;0;0;0;0;0;(-38.5622865 -3.7387289);
;2022-08-17 17:12:17;De 865;;;Montese;;Colisão;;Não informado;;Meio De Quadra;;;0;1;0;1;1;0;0;0;0;0;0;0;0;(0 0);
;2022-08-17 15:31:23;Santa Catarina;Rio Grande Do Norte;;Democrito Rocha;;Colisão;;Não informado;;Cruzamento;;;0;1;0;0;2;0;0;0;0;0;0;0;0;(-38.5681516 -3.7582478);
;2022-08-17 14:13:50;Luciano Carneiro;;;Fatima;;Queda;;Não informado;;Meio De Quadra Sem Numero;;;0;1;0;1;0;0;0;0;0;0;0;0;0;(-38.5334899 -3.7542494);
;2022-08-17 13:25:29;Aguanambi;;;Meireles;;Colisão;;Não informado;;Meio De Quadra Sem Numero;;;0;1;0;1;1;0;0;0;0;0;0;0;0;(-38.523825 -3.7489718);
;2022-08-17 13:14:58;Rua Coronel Jaime Rolemberg;;;Jardim Cearense;;Colisão;;Não informado;;Meio De Quadra;;;0;1;0;2;0;0;0;0;0;0;0;0;0;(-38.5622947 -3.8027926);
;2022-08-17 12:45:16;Tulipa;;;Jardim Iracema;;Colisão;;Não informado;;Meio De Quadra;;;0;1;0;1;1;0;0;0;0;0;0;0;0;(-38.580116 -3.7162466);
;2022-08-17 10:47:28;Doutor Pergentino Maia;;;Messejana;;Colisão;;Não informado;;Meio De Quadra;;;0;1;0;1;1;0;0;0;0;0;0;0;0;(-38.480009 -3.8328167);
;2022-08-17 10:09:42;Rua General Rabelo;Maria Julia;;Siqueira;;Colisão;;Não informado;;Cruzamento;;;0;2;0;2;0;0;0;0;0;0;0;0;0;(-38.60435349999999 -3.8040449);
;2022-08-17 09:56:34;Professor Jose Arthur De Carvalho;;;Lagoa Redonda;;Colisão;;Não informado;;Meio De Quadra;;;0;1;0;0;1;0;0;0;0;1;0;0;0;(0 0);
;2022-08-17 09:46:19;Alberto Magno;Samuel Uchoa;;Montese;;Colisão;;Não informado;;Cruzamento;;;0;1;0;0;2;0;0;0;0;0;0;0;0;(-38.5421448 -3.7572579);
;2022-08-17 05:54:16;Avenida Julio Ventura;Barão De Studart;;Aldeota;;Queda;;Não informado;;Cruzamento;;;0;1;0;1;0;0;0;0;0;0;0;0;0;(-38.5080871 -3.739103899999999);
;2022-08-17 02:51:52;Soreano Alburquerquer;;;Joaquim Tavora;;Queda;;Não informado;;Meio De Quadra;;;0;1;0;1;0;0;0;0;0;0;0;0;0;(-38.5157435 -3.7486528);
;2022-08-17 02:40:42;Mister Hull;;;Antonio Bezerra;;Colisão;;Não informado;;Meio De Quadra;;;0;2;0;2;0;0;0;0;0;0;0;0;0;(-38.5864088 -3.7385908);
;2022-08-17 02:07:03;Leste Oeste;;;Centro;;Queda;;Não informado;;Meio De Quadra Sem Numero;;;0;1;0;1;0;0;0;0;0;0;0;0;0;(-38.5308038 -3.7199409);
;2022-08-16 21:41:43;Rua General Onofre;;;Mondubim;;Colisão;;Não informado;;Meio De Quadra;;;0;1;0;1;1;0;0;0;0;0;0;0;0;(-38.56914440000001 -3.8085944);
;2022-08-16 21:35:14;Rua Do Canal;;;Fatima;;Colisão;;Não informado;;Meio De Quadra;;;0;1;0;1;1;0;0;0;0;0;0;0;0;(-38.5146027 -3.761946899999999);
;2022-08-16 21:31:42;Avenida Domingos Olímpio;;;Farias Brito;;Colisão;;Não informado;;Meio De Quadra;;;0;1;0;1;1;0;0;0;0;0;0;0;0;(-38.5401414 -3.7334088);
;2022-08-16 20:57:24;Borges De Melo;;;Aeroporto;;Colisão;;Não informado;;Meio De Quadra;;;0;1;0;1;1;0;0;0;0;0;0;0;0;(-38.52401890000001 -3.7607293);
;2022-08-16 20:17:11;Avenida Carneiro De Mendonça;;;Democrito Rocha;;Queda;;Não informado;;Meio De Quadra;;;0;1;0;0;0;0;0;0;0;1;0;0;0;(-38.5624614 -3.7659346);
;2022-08-16 19:50:37;Vasco De  Jataide;;;Messejana;;Atropelamento;;Não informado;;Meio De Quadra;;;0;1;0;0;1;0;0;0;0;0;0;0;0;(-38.488529 -3.824039);
;2022-08-16 19:28:32;Jose Bastos 5592 - Rio Grande Do Norte;;;Democrito Rocha;;Colisão;;Não informado;;Meio De Quadra Sem Numero;;;0;1;0;0;2;0;0;0;0;0;0;0;0;(-38.5647127 -3.760557599999999);
;2022-08-16 18:21:48;Jornalista Tomas Coelho;;;Jangurussu;;Colisão;;Não informado;;Meio De Quadra;;;0;1;0;1;1;0;0;0;0;0;0;0;0;(-38.5145634 -3.8277994);
;2022-08-16 17:54:37;Dom Manuel;Avendia Heraclito Graça;;Centro;;Atropelamento;;Não informado;;Cruzamento;;;0;1;0;1;0;0;0;0;0;0;0;0;0;(-38.5229316 -3.7340692);
;2022-08-16 17:42:12;Av Barão De Studart;João Carvalho;;Aldeota;;Atropelamento;;Não informado;;Cruzamento;;;0;1;0;0;1;0;0;0;0;0;0;0;0;(-38.5075382 -3.737644899999999);
;2022-08-16 17:30:24;Av Imperador;;;Centro;;Queda;;Não informado;;Meio De Quadra;;;0;1;0;1;0;0;0;0;0;0;0;0;0;(-38.53442099999999 -3.72797);
;2022-08-16 15:44:20;Antonele Bezerra;;;Meireles;;Atropelamento;;Não informado;;Meio De Quadra;;;0;1;0;0;1;0;0;0;0;0;0;0;0;(-38.5049063 -3.7249653);
;2022-08-16 15:38:10;Soriano Albuquerquer;Avenida Aguanambi;;Não informado;;Colisão;;Não informado;;Cruzamento;;;0;1;0;1;1;0;0;0;0;0;0;0;0;(-38.523825 -3.7489718);
;2022-08-16 14:54:50;Av Washinton Soares;;;Coacu;;Queda;;Não informado;;Meio De Quadra;;;0;2;0;0;0;0;0;0;0;1;0;0;0;(-38.476248 -3.8486557);
;2022-08-16 13:50:21;C  - Iv Etapa;;;Conjunto Ceara;;Colisão;;Não informado;;Meio De Quadra;;;0;1;0;1;1;0;0;0;0;0;0;0;0;(-38.6135853 -3.7687399);
;2022-08-16 11:34:22;Alberto Craveiro;;;Dias Macedo;;Colisão;;Não informado;;Meio De Quadra Sem Numero;;;0;1;0;2;0;0;0;0;0;0;0;0;0;(-38.5169862 -3.788271);
;2022-08-16 10:57:26;Deputado Paulino Rocha;;;Cajazeiras;;Colisão;;Não informado;;Meio De Quadra;;;0;2;0;0;2;0;0;0;0;0;0;0;0;(-38.5081625 -3.8063273);
;2022-08-16 10:27:25;BR 116 Klm 06;;;Cajazeiras;;Colisão;;Não informado;;Meio De Quadra;;;0;1;0;0;2;0;0;0;0;0;0;0;0;(0 0);
;2022-08-16 10:16:30;Parsifal Barroso;;;Presidente Kennedy;;Colisão;;Não informado;;Meio De Quadra Sem Numero;;;0;1;0;1;1;0;0;0;0;0;0;0;0;(-38.5691076 -3.7320742);
;2022-08-16 10:13:09;A;Conj. Residencial Marcos Freire;;Mondubim;;Colisão;;Não informado;;Cruzamento;;;0;1;0;0;1;0;0;0;0;1;0;0;0;(-38.5639954 -3.8231893);
;2022-08-16 09:55:46;Avenida Perimetral;;;Prefeito Jose Walter;;Colisão;;Não informado;;Meio De Quadra Sem Numero;;;0;1;0;1;1;0;0;0;0;0;0;0;0;(-38.5327995 -3.8276466);
;2022-08-16 08:41:39;Alvares Cabral;;;Serrinha;;Atropelamento;;Não informado;;Meio De Quadra;;;0;1;0;0;1;0;0;0;0;0;0;0;0;(-38.5489216 -3.7771312);
;2022-08-16 05:59:51;Ismael Pordeus;;;Vicente Pinzon;;Queda;;Não informado;;Meio De Quadra;;;0;1;0;1;0;0;0;0;0;0;0;0;0;(-38.4683396 -3.722649);
;2022-08-16 01:07:17;12 De Julho;;;Joao Xxiii;;Colisão;;Não informado;;Meio De Quadra;;;0;1;0;1;1;0;0;0;0;0;0;0;0;(-38.5854519 -3.7751854);
;2022-08-16 00:35:42;Carlos Amora;;;Parangaba;;Colisão;;Não informado;;Meio De Quadra;;;0;1;0;0;1;0;0;0;0;1;0;0;0;(-38.56437640000001 -3.7745059);
;2022-08-16 00:28:26;Dioguinho;;;Mucuripe;;Colisão;;Não informado;;Meio De Quadra Sem Numero;;;0;2;0;0;2;0;0;0;0;0;0;0;0;(-38.4473673 -3.753054);
;2022-08-15 23:20:03;Presidente Costa E Silva;;;Prefeito Jose Walter;;Queda;;Não informado;;Meio De Quadra Sem Numero;;;0;1;0;0;0;0;0;0;0;1;0;0;0;(-38.5443558 -3.8244455);
;2022-08-15 21:26:00;Rua Doutor Turbay Barreira;;;Vicente Pinzon;;Queda;;Não informado;;Meio De Quadra;;;0;1;0;1;0;0;0;0;0;0;0;0;0;(-38.453003 -3.7406202);
;2022-08-15 18:31:28;Tiburcio Cavalcante -;Rua Republica Do Libano;;Aldeota;;Colisão;;Não informado;;Cruzamento;;;0;2;0;1;1;0;0;0;0;0;0;0;0;(-38.5006748 -3.7300028);
;2022-08-15 17:35:56;Av Washington Soares;;;Paupina;;Colisão;;Não informado;;Meio De Quadra Sem Numero;;;0;1;0;1;1;0;0;0;0;0;0;0;0;(-38.4803358 -3.8407359);
;2022-08-15 17:11:54;Teodoro De Castro;;;Conjunto Ceara;;Colisão;;Não informado;;Meio De Quadra;;;0;2;0;1;1;0;0;0;0;0;0;0;0;(0 0);
;2022-08-15 16:43:14;Avenida Doutor Silas Munguba;;;Passare;;Colisão;;Não informado;;Meio De Quadra Sem Numero;;;0;1;0;0;2;0;0;0;0;0;0;0;0;(-38.5297827 -3.8016075);
;2022-08-15 15:53:30;Rua Pernambuco - Correia Lima;;;Democrito Rocha;;Queda;;Não informado;;Meio De Quadra Sem Numero;;;0;1;0;1;0;0;0;0;0;0;0;0;0;(-38.5619928 -3.7643174);
;2022-08-15 13:19:19;Rua Doutor Almeida Filho;;;Monte Castelo;;Queda;;Não informado;;Meio De Quadra;;;0;1;0;1;0;0;0;0;0;0;0;0;0;(-38.5594241 -3.7221716);
;2022-08-15 09:29:24;Rua Radialista Jose Lima Verde;;;Barra Do Ceara;;Queda;;Não informado;;Meio De Quadra;;;0;1;0;1;0;0;0;0;0;0;0;0;0;(-38.591681 -3.7024895);
;2022-08-15 06:38:23;Humaita;;;Parque Genibau;;Colisão;;Não informado;;Meio De Quadra;;;0;1;0;0;2;0;0;0;0;0;0;0;0;(-38.6011412 -3.7631396);
;2022-08-15 04:23:03;Mario Studart;;;Monte Castelo;;Queda;;Não informado;;Meio De Quadra;;;0;1;0;1;0;0;0;0;0;0;0;0;0;(-38.5517421 -3.7236979);
;2022-08-15 04:21:19;C;;;Conjunto Ceara;;Colisão;;Não informado;;Meio De Quadra Sem Numero;;;0;1;0;1;1;0;0;0;0;0;0;0;0;(-38.61089 -3.76589);
;2022-08-15 03:55:11;Sargento Herminio;;;Monte Castelo;;Queda;;Não informado;;Meio De Quadra;;;0;1;0;1;0;0;0;0;0;0;0;0;0;(-38.5519472 -3.7246704);
;2022-08-15 03:10:18;Francisco Sá;Av. Doutor Themberg;;Carlito Pamplona;;Colisão;;Não informado;;Cruzamento;;;0;1;0;1;1;0;0;0;0;0;0;0;0;(-38.5649859 -3.7148176);
;2022-08-15 01:45:55;Hidelbrando De Melo;;;Jardim Guanabara;;Atropelamento;;Não informado;;Meio De Quadra;;;0;3;0;0;1;0;0;0;0;0;0;0;0;(-38.5894573 -3.7261352);
;2022-08-15 01:38:37;Leste Oeste;;;Parangaba;;Colisão;;Não informado;;Meio De Quadra Sem Numero;;;0;1;0;1;1;0;0;0;0;0;0;0;0;(-38.5757674 -3.7057814);
;2022-08-14 23:07:17;Parana;;;Pan Americano;;Colisão;;Não informado;;Meio De Quadra;;;0;1;0;1;1;0;0;0;0;0;0;0;0;(0 0);
;2022-08-14 22:38:10;Avenida Rogaciano Leite -;;;Salinas;;Colisão;;Não informado;;Meio De Quadra;;;0;1;0;1;1;0;0;0;0;0;0;0;0;(-38.4992629 -3.7740111);
;2022-08-14 21:58:43;Genibau;;;Parque Genibau;;Colisão;;Não informado;;Meio De Quadra;;;0;3;0;0;2;0;0;0;0;0;0;0;0;(-38.5993952 -3.760757799999999);
;2022-08-14 19:01:23;Teodoro De Castro;Rua Valdenia Soares;;Granja Lisboa;;Colisão;;Não informado;;Cruzamento;;;0;1;0;1;1;0;0;0;0;0;0;0;0;(-38.6134492 -3.7774221);
;2022-08-14 16:05:10;Rua  Jose Dantas Pereira;Upa Canindezinho;;Canindezinho;;Colisão;;Não informado;;Cruzamento;;;0;1;0;0;2;0;0;0;0;0;0;0;0;(-38.6088561 -3.8217799);
;2022-08-14 15:39:08;B - Q. 4;Bl.19;;Prefeito Jose Walter;;Colisão;;Não informado;;Cruzamento;;;0;2;0;1;1;0;0;0;0;0;0;0;0;(0 0);
;2022-08-14 15:08:00;Maestro Lisboa;;;Sabiaguaba;;Colisão;;Não informado;;Meio De Quadra Sem Numero;;;0;1;0;0;1;0;0;0;0;1;0;0;0;(-38.4512158 -3.805877);
;2022-08-14 13:25:55;Av Jose Bastos;Carneiro De Mendonça;;Democrito Rocha;;Colisão;;Não informado;;Cruzamento;;;0;1;0;2;0;0;0;0;0;0;0;0;0;(-38.5584637 -3.7570741);
;2022-08-14 10:17:48;Francisco Matias;;;Sabiaguaba;;Colisão;;Não informado;;Meio De Quadra;;;0;1;0;1;1;0;0;0;0;0;0;0;0;(-38.4517821 -3.801871);
;2022-08-14 10:00:44;Leste Oeste;;;Jacarecanga;;Colisão;;Não informado;;Meio De Quadra Sem Numero;;;0;3;0;2;0;0;0;0;0;0;0;0;0;(-38.5454338 -3.7149803);
;2022-08-14 09:42:30;Leste Oeste;;;Barra Do Ceara;;Colisão;;Não informado;;Meio De Quadra Sem Numero;;;0;3;0;1;1;0;0;0;0;0;0;0;0;(-38.5757674 -3.7057814);
;2022-08-14 05:12:17;Porto Alegre;;;Henrique Jorge;;Colisão;;Não informado;;Meio De Quadra;;;0;2;0;2;0;0;0;0;0;0;0;0;0;(-38.5867584 -3.7621583);
;2022-08-14 04:56:42;Vitoria;;;Henrique Jorge;;Colisão;;Não informado;;Meio De Quadra;;;0;1;0;2;0;0;0;0;0;0;0;0;0;(0 0);
;2022-08-14 04:47:33;Parsifal Barroso;;;Presidente Kennedy;;Colisão;;Não informado;;Meio De Quadra Sem Numero;;;0;1;0;1;1;0;0;0;0;0;0;0;0;(-38.5691076 -3.7320742);
;2022-08-14 04:33:38;Damasceno Girão;;;Jardim America;;Colisão;;Não informado;;Meio De Quadra;;;0;1;0;1;1;0;0;0;0;0;0;0;0;(-38.539926 -3.7516258);
;2022-08-14 03:24:02;Rua Raimundo Arruda;;;Parque Araxa;;Colisão;;Não informado;;Meio De Quadra;;;0;2;0;1;1;0;0;0;0;0;0;0;0;(-38.5515306 -3.7365849);
;2022-08-13 23:40:11;Bernardo Manuel;;;Serrinha;;Colisão;;Não informado;;Meio De Quadra;;;0;1;0;0;2;0;0;0;0;0;0;0;0;(-38.54698310000001 -3.7837053);
;2022-08-13 23:26:02;Rua Volta Do Rio;;;Quintino Cunha;;Atropelamento;;Não informado;;Meio De Quadra;;;0;1;0;0;1;0;0;0;0;0;0;0;0;(-38.600243 -3.7336353);
;2022-08-13 22:47:09;Senador Carlos Jeressati  -;;;Aeroporto;;Queda;;Não informado;;Meio De Quadra Sem Numero;;;0;1;0;1;0;0;0;0;0;0;0;0;0;(-38.5357467 -3.7820759);
;2022-08-13 21:38:36;Avenida Beira Mar;;;Praia De Iracema;;Colisão;;Não informado;;Meio De Quadra;;;0;1;0;1;1;0;0;0;0;0;0;0;0;(-38.5103867 -3.7208594);
;2022-08-13 20:47:49;Augusto Dos Anjos;;;Joao Xxiii;;Colisão;;Não informado;;Meio De Quadra;;;0;1;0;1;1;0;0;0;0;0;0;0;0;(-38.5724254 -3.7728543);
;2022-08-13 20:27:48;24 De Outubro;;;Parque Genibau;;Atropelamento;;Não informado;;Meio De Quadra;;;0;1;0;0;1;0;0;0;0;0;0;0;0;(0 0);
;2022-08-13 15:32:50;Avenida Washington Soares;Otavio Mota;;Edson Queiroz;;Colisão;;Não informado;;Cruzamento;;;0;1;0;1;1;0;0;0;0;0;0;0;0;(-38.481665 -3.7762191);
;2022-08-13 15:19:22;Osorio De Paivavila;;;Siqueira;;Colisão;;Não informado;;Meio De Quadra;;;0;1;0;1;1;0;0;0;0;0;0;0;0;(-38.6103328 -3.8133833);
;2022-08-13 12:32:44;Carneiro De Mendonça;;;Joquei Clube;;Colisão;;Não informado;;Meio De Quadra;;;0;1;0;1;1;0;0;0;0;0;0;0;0;(-38.574968 -3.759868);
;2022-08-13 11:08:43;Da Universidade;;;Benfica;;Colisão;;Não informado;;Meio De Quadra;;;0;1;0;1;1;0;0;0;0;0;0;0;0;(0 0);
;2022-08-13 10:43:15;Rua Dom Jeronimo -;;;Farias Brito;;Queda;;Não informado;;Meio De Quadra Sem Numero;;;0;2;0;1;0;0;0;0;0;0;0;0;0;(-38.5430832 -3.73509);
;2022-08-13 07:40:31;Conego De Castro;;;Novo Mondubim;;Choque c/ Obstáculo Fixo;;Não informado;;Meio De Quadra;;;0;1;0;0;1;0;0;0;0;0;0;0;0;(-38.5898505 -3.802519);
;2022-08-13 01:35:43;Sargento Herminio;;;Presidente Kennedy;;Atropelamento;;Não informado;;Meio De Quadra;;;0;1;0;1;0;0;0;0;0;0;0;0;0;(-38.5713181 -3.7281797);
;2022-08-13 01:07:32;Jose Tavares;;;Parque Santa Rosa;;Queda;;Não informado;;Meio De Quadra;;;0;1;0;1;0;0;0;0;0;0;0;0;0;(-38.5967791 -3.8132663);
;2022-08-13 00:57:09;Rua Silvio Romero;;;Alvaro Weyne;;Queda;;Não informado;;Meio De Quadra;;;0;1;0;0;0;0;0;0;0;1;0;0;0;(-38.5701425 -3.7183963);
;2022-08-13 00:45:41;Josias Paula De Souso;;;Vicente Pinzon;;Colisão;;Não informado;;Meio De Quadra;;;0;1;0;0;2;0;0;0;0;0;0;0;0;(0 0);