COD_ACIDENTE;DATA;LOG1;LOG2;NUMERO;BAIRRO;AMC;NATUREZA;ILUMINACAO;TEMPO;SUPERFICIEPISTA;TIPOCRUZAMENTO;CONTROLETRAFEGO;USOSOLO;MORTOS;FERIDOS;ILESOS;MOTOCICLETA;AUTOMOVEL;MICROONIBUS;CAMINHAO;ONIBUS;CICLOMOTOR;BICICLETA;OUTROS;TREM;TRACAOANIMAL;COORDENADAS
;2022-08-12 22:08:32;Luciano Carneiro;;;Não informado;;Queda;;Não informado;;Meio De Quadra;;;0;1;0;1;0;0;0;0;0;0;0;0;0;(-38.5333093 -3.7544696);
;2022-08-12 22:07:22;Raul Barbosa;;;Aerolandia;;Colisão;;Não informado;;Meio De Quadra;;;0;1;0;1;1;0;0;0;0;0;0;0;0;(-38.5104975 -3.7694412);
;2022-08-12 21:54:22;Washington Soares;;;Edson Queiroz;;Colisão;;Não informado;;Meio De Quadra Sem Numero;;;0;1;0;1;1;0;0;0;0;0;0;0;0;(-38.481665 -3.7762191);
;2022-08-12 21:36:15;Ricardo Ponte;;;Parque Genibau;;Colisão;;Não informado;;Meio De Quadra;;;0;1;0;1;1;0;0;0;0;0;0;0;0;(-38.6002458 -3.765575);
;2022-08-12 21:17:20;Pontes Vieira;Joaquim Nabuco;;Dionisio Torres;;Colisão;;Não informado;;Cruzamento;;;0;2;0;0;2;0;0;0;0;0;0;0;0;(-38.5049878 -3.7517601);
;2022-08-12 20:49:29;Washington Soares;;;Messejana;;Atropelamento;;Não informado;;Meio De Quadra;;;0;1;0;1;0;0;0;0;0;0;0;0;0;(-38.4807624 -3.82123);
;2022-08-12 20:38:58;Avenida A - Avenida D;;;Conjunto Ceara;;Colisão;;Não informado;;Meio De Quadra Sem Numero;;;0;1;0;1;1;0;0;0;0;0;0;0;0;(-38.6012284 -3.7668904);
;2022-08-12 20:19:35;Rua 1 Desembagador Paulo Camelo Timbo;;;Serrinha;;Queda;;Não informado;;Meio De Quadra;;;0;1;0;1;0;0;0;0;0;0;0;0;0;(-38.5419338 -3.7818741);
;2022-08-12 20:17:40;Washington Soares;;;Edson Queiroz;;Colisão;;Não informado;;Meio De Quadra;;;0;2;0;0;2;0;0;0;0;0;0;0;0;(-38.482404 -3.7621224);
;2022-08-12 19:56:46;Carlos Vasconcelos;Tomas Acioli;;Dionisio Torres;;Colisão;;Não informado;;Cruzamento;;;0;1;0;1;1;0;0;0;0;0;0;0;0;(-38.51421029999999 -3.7434714);
;2022-08-12 19:55:33;Doutor Correia Lima;;;Sapiranga;;Queda;;Não informado;;Meio De Quadra;;;0;1;0;1;0;0;0;0;0;0;0;0;0;(-38.4588794 -3.7935386);
;2022-08-12 19:44:37;Jose Marrocos;Conrado Cabral;;Monte Castelo;;Colisão;;Não informado;;Cruzamento;;;0;1;0;1;1;0;0;0;0;0;0;0;0;(-38.5490696 -3.7263463);
;2022-08-12 19:11:01;Menezes De Oliveira;Rua Antonio Arruda;;Barra Do Ceara;;Colisão;;Não informado;;Cruzamento;;;0;1;0;1;1;0;0;0;0;0;0;0;0;(-38.5913342 -3.7109204);
;2022-08-12 19:02:25;Avenida Presidente Costa E Silva;;;Prefeito Jose Walter;;Colisão;;Não informado;;Meio De Quadra;;;0;2;0;0;2;0;0;0;0;0;0;0;0;(-38.55956700000001 -3.8199851);
;2022-08-12 18:59:16;Rua Tavares Coutinho;;;Varjota;;Colisão;;Não informado;;Meio De Quadra;;;0;1;0;1;1;0;0;0;0;0;0;0;0;(-38.4866233 -3.7325791);
;2022-08-12 17:59:04;Rua Francisco Glicerio;;;Maraponga;;Colisão;;Não informado;;Meio De Quadra Sem Numero;;;0;1;0;1;1;0;0;0;0;0;0;0;0;(-38.5691861 -3.796139);
;2022-08-12 17:57:22;Vilebaldo Aguiar;Ribamar Lobo;;Cidade 2000;;Colisão;;Não informado;;Cruzamento;;;0;1;0;1;1;0;0;0;0;0;0;0;0;(-38.4681155 -3.7469084);
;2022-08-12 17:48:20;Avenida Presidente Costa E Silva;;;Mondubim;;Colisão;;Não informado;;Meio De Quadra;;;0;1;0;1;0;0;1;0;0;0;0;0;0;(0 0);
;2022-08-12 16:44:09;20 De Janeiro;;;Barra Do Ceara;;Colisão;;Não informado;;Meio De Quadra;;;0;1;0;0;2;0;0;0;0;0;0;0;0;(-38.5847528 -3.7039039);
;2022-08-12 16:30:59;Julio Silva - Upa Praia Do Futuro;;;Antonio Diogo;;Queda;;Não informado;;Meio De Quadra;;;0;1;0;1;0;0;0;0;0;0;0;0;0;(-38.454374 -3.7448061);
;2022-08-12 15:47:52;Rua Reverendo Bolivar Pinto Bandeira;;;Engenheiro Luciano Cavalcante;;Colisão;;Não informado;;Meio De Quadra;;;0;1;0;1;1;0;0;0;0;0;0;0;0;(-38.492827 -3.7718556);
;2022-08-12 15:08:02;Avenida Engenheiro Santana Junior;;;Papicu;;Colisão;;Não informado;;Meio De Quadra;;;0;1;0;0;2;0;0;0;0;0;0;0;0;(-38.4835652 -3.7382958);
;2022-08-12 13:51:02;Rua Santa Julia;;;Parangaba;;Queda;;Não informado;;Meio De Quadra;;;0;1;0;1;0;0;0;0;0;0;0;0;0;(-38.5693905 -3.775425799999999);
;2022-08-12 13:36:22;Washington Soares;;;Guararapes;;Atropelamento;;Não informado;;Meio De Quadra;;;0;1;0;0;0;0;0;1;0;0;0;0;0;(-38.4894786 -3.7576625);
;2022-08-12 12:50:01;Alberto Nepomuceno;;;Centro;;Atropelamento;;Não informado;;Meio De Quadra;;;0;1;0;1;0;0;0;0;0;0;0;0;0;(-38.5244449 -3.724084199999999);
;2022-08-12 11:54:55;Avenida Jose Bastos;;;Bela Vista;;Colisão;;Não informado;;Meio De Quadra;;;0;1;0;1;1;0;0;0;0;0;0;0;0;(-38.5548906 -3.7540445);
;2022-08-12 11:08:15;BR 116 KM 15;;;Paupina;;Queda;;Não informado;;Meio De Quadra;;;0;1;0;1;0;0;0;0;0;0;0;0;0;(0 0);
;2022-08-12 10:52:56;Rua Raimundo Braz;;;Messejana;;Colisão;;Não informado;;Meio De Quadra;;;0;1;0;2;0;0;0;0;0;0;0;0;0;(-38.4871895 -3.8329926);
;2022-08-12 10:37:04;Avenida Mister Hull;;;Antonio Bezerra;;Atropelamento;;Não informado;;Meio De Quadra;;;0;1;0;0;0;0;0;1;0;0;0;0;0;(-38.5904065 -3.7400796);
;2022-08-12 10:26:53;Joao Cordeiro;Rua Fiuza De Pontes;;Centro;;Colisão;;Não informado;;Cruzamento;;;0;1;0;0;2;0;0;0;0;0;0;0;0;(-38.5157681 -3.7340805);
;2022-08-12 05:08:04;Coronel Carvalho;;;Antonio Bezerra;;Queda;;Não informado;;Meio De Quadra Sem Numero;;;0;1;0;1;0;0;0;0;0;0;0;0;0;(-38.5843725 -3.7363281);
;2022-08-12 03:08:13;Benu Marcondes;;;Vila Velha;;Queda;;Não informado;;Meio De Quadra;;;0;1;0;0;0;0;0;0;0;1;0;0;0;(-38.5980526 -3.7120599);
;2022-08-12 01:36:25;Silas Munguba;;;Serrinha;;Atropelamento;;Não informado;;Meio De Quadra;;;0;1;0;0;0;0;0;1;0;0;0;0;0;(-38.5480588 -3.7870228);
;2022-08-12 01:02:13;Doutor Codes Sandoval;;;Conjunto Palmeiras;;Atropelamento;;Não informado;;Meio De Quadra;;;0;1;0;0;1;0;0;0;0;0;0;0;0;(-38.52565999999999 -3.8413313);
;2022-08-12 00:28:50;Fernando Farias De Melo;;;Manuel Satiro;;Atropelamento;;Não informado;;Meio De Quadra;;;0;1;0;0;0;0;0;0;0;1;0;0;0;(-38.5784924 -3.7983924);
;2022-08-11 22:51:44;Dioguinho -  Bairro: Praia Do Futuro;;;Praia Do Futuro;;Queda;;Não informado;;Meio De Quadra Sem Numero;;;0;1;0;1;0;0;0;0;0;0;0;0;0;(-38.4536386 -3.7411197);
;2022-08-11 22:50:58;Perimentral;;;Jangurussu;;Queda;;Não informado;;Meio De Quadra;;;0;1;0;1;0;0;0;0;0;0;0;0;0;(-38.5327995 -3.8276466);
;2022-08-11 22:15:08;Henriqueta Galeno;;;Dionisio Torres;;Colisão;;Não informado;;Meio De Quadra;;;0;1;0;1;1;0;0;0;0;0;0;0;0;(-38.4974341 -3.7457296);
;2022-08-11 21:41:11;BR 116 KM 4;;;Cajazeiras;;Colisão;;Não informado;;Meio De Quadra;;;0;1;0;1;1;0;0;0;0;0;0;0;0;(0 0);
;2022-08-11 21:21:00;Avenida Washington Soares;;;Sapiranga;;Colisão;;Não informado;;Meio De Quadra Sem Numero;;;0;1;0;1;1;0;0;0;0;0;0;0;0;(-38.4798948 -3.7977666);
;2022-08-11 20:46:13;Avenida General Osorio De Paiva;;;Siqueira;;Colisão;;Não informado;;Meio De Quadra;;;0;1;0;1;1;0;0;0;0;0;0;0;0;(-38.6119762 -3.8152377);
;2022-08-11 20:14:49;Avenida General Osorio De Paiva -;;;Parangaba;;Colisão;;Não informado;;Meio De Quadra Sem Numero;;;0;1;0;1;1;0;0;0;0;0;0;0;0;(-38.5711297 -3.7785352);
;2022-08-11 19:03:28;Av: Hemilio De Menezes;;;Granja Portugal;;Colisão;;Não informado;;Meio De Quadra;;;0;1;0;1;1;0;0;0;0;0;0;0;0;(-38.5962564 -3.7791683);
;2022-08-11 18:01:22;Av:Jose Tavares;;;Canindezinho;;Colisão;;Não informado;;Meio De Quadra;;;0;2;0;1;1;0;0;0;0;0;0;0;0;(-38.6032148 -3.809695699999999);
;2022-08-11 14:57:35;Augusto Dos Anjos;Julio Braga;;Bonsucesso;;Colisão;;Não informado;;Cruzamento;;;0;1;0;2;0;0;0;0;0;0;0;0;0;(-38.5761811 -3.7767557);
;2022-08-11 14:55:36;Rua Antonio Alves Ribeiro;;;Jangurussu;;Colisão;;Não informado;;Meio De Quadra;;;0;1;0;2;0;0;0;0;0;0;0;0;0;(-38.5107664 -3.8327565);
;2022-08-11 14:47:52;Perimetral;;;Jangurussu;;Colisão;;Não informado;;Meio De Quadra;;;0;2;0;1;1;0;0;0;0;0;0;0;0;(-38.5090259 -3.8301765);
;2022-08-11 13:01:45;Minervino De Castro;;;Rodolfo Teofilo;;Queda;;Não informado;;Meio De Quadra;;;0;1;0;1;0;0;0;0;0;0;0;0;0;(-38.5464878 -3.7410395);
;2022-08-11 11:51:23;Raul Barbosa;;;Aerolandia;;Queda;;Não informado;;Meio De Quadra;;;0;1;0;1;0;0;0;0;0;0;0;0;0;(-38.5130344 -3.7740084);
;2022-08-11 09:52:00;BR 116;;;Messejana;;Colisão;;Não informado;;Meio De Quadra Sem Numero;;;0;1;0;1;1;0;0;0;0;0;0;0;0;(0 0);
;2022-08-11 09:36:19;Avenida Alberto Craveiro;;;Dias Macedo;;Queda;;Não informado;;Meio De Quadra Sem Numero;;;0;1;0;0;0;0;0;0;0;1;0;0;0;(-38.5169862 -3.788271);
;2022-08-11 03:54:41;Perimentral;Avenida Osorio De Paiva;;Siqueira;;Atropelamento;;Não informado;;Cruzamento;;;0;1;0;0;1;0;0;0;0;0;0;0;0;(-38.5906399 -3.8157103);
;2022-08-11 03:00:31;Antonio Augusto;;;Aldeota;;Atropelamento;;Não informado;;Meio De Quadra;;;0;1;0;0;1;0;0;0;0;0;0;0;0;(-38.51620200000001 -3.7387473);
;2022-08-11 00:34:41;Rua Duas Naçoes;;;Granja Portugal;;Atropelamento;;Não informado;;Meio De Quadra;;;0;1;0;0;1;0;0;0;0;0;0;0;0;(-38.603488 -3.782331);
;2022-08-11 00:12:41;Aires Da Cunha;;;Granja Portugal;;Queda;;Não informado;;Meio De Quadra;;;0;1;0;1;0;0;0;0;0;0;0;0;0;(-38.6054318 -3.7810646);
;2022-08-10 22:49:53;Washington Soares;;;Edson Queiroz;;Colisão;;Não informado;;Meio De Quadra;;;0;1;0;2;0;0;0;0;0;0;0;0;0;(-38.4798178 -3.7912243);
;2022-08-10 22:23:27;Maximiliano Da Fonseca;;;Engenheiro Luciano Cavalcante;;Colisão;;Não informado;;Meio De Quadra;;;0;2;0;1;1;0;0;0;0;0;0;0;0;(-38.4889209 -3.7707994);
;2022-08-10 22:01:42;Borges De Melo;;;Parreao;;Colisão;;Não informado;;Meio De Quadra Sem Numero;;;0;1;0;1;1;0;0;0;0;0;0;0;0;(-38.533192 -3.757179);
;2022-08-10 21:40:48;Francisco Jose Albuquerque Pereira;;;Cajazeiras;;Queda;;Não informado;;Meio De Quadra;;;0;1;0;1;0;0;0;0;0;0;0;0;0;(-38.5024037 -3.8119523);
;2022-08-10 20:55:44;Rua Antonio Bento;;;Serrinha;;Colisão;;Não informado;;Meio De Quadra;;;0;1;0;1;1;0;0;0;0;0;0;0;0;(-38.5503062 -3.7898674);
;2022-08-10 19:20:06;Amelia Benebien;André Dall Ólio;;Papicu;;Colisão;;Não informado;;Cruzamento;;;0;1;0;1;0;0;0;0;0;0;0;0;0;(-38.4783732 -3.737982699999999);
;2022-08-10 18:47:12;Avenida Barao De Studat;;;Aldeota;;Colisão;;Não informado;;Meio De Quadra;;;0;1;0;1;1;0;0;0;0;0;0;0;0;(-38.5085497 -3.7414152);
;2022-08-10 18:01:01;Jose Vilar;;;Dionisio Torres;;Colisão;;Não informado;;Meio De Quadra;;;0;1;0;1;1;0;0;0;0;0;0;0;0;(-38.5096836 -3.7509645);
;2022-08-10 14:35:55;Tenente Queiroz;Rua Joaquim Leitao;;Antonio Bezerra;;Colisão;;Não informado;;Cruzamento;;;0;1;0;1;1;0;0;0;0;0;0;0;0;(-38.5919187 -3.745288699999999);
;2022-08-10 14:12:25;Tulipa Negra;;;Parque Santa Rosa;;Colisão;;Não informado;;Meio De Quadra;;;0;1;0;2;0;0;0;0;0;0;0;0;0;(-38.5975217 -3.8194496);
;2022-08-10 11:48:17;Maria Tomazia;;;Aldeota;;Queda;;Não informado;;Meio De Quadra;;;0;1;0;1;0;0;0;0;0;0;0;0;0;(-38.4887913 -3.738313);
;2022-08-10 11:26:39;Avenida Senador Carlos Jereissat;;;Aeroporto;;Colisão;;Não informado;;Meio De Quadra Sem Numero;;;0;1;0;1;1;0;0;0;0;0;0;0;0;(-38.5357467 -3.7820759);
;2022-08-10 11:18:44;Sargento Herminio;Jose Jatahy;;Vila Ellery;;Colisão;;Não informado;;Cruzamento;;;0;1;0;1;1;0;0;0;0;0;0;0;0;(-38.5636778 -3.7269213);
;2022-08-10 09:28:43;Heribaldo Costa;;;Henrique Jorge;;Colisão;;Não informado;;Meio De Quadra;;;0;1;0;2;0;0;0;0;0;0;0;0;0;(0 0);
;2022-08-10 02:32:13;Rio Grande Do Sul;;;Pan Americano;;Colisão;;Não informado;;Meio De Quadra;;;0;2;0;1;1;0;0;0;0;0;0;0;0;(0 0);
;2022-08-10 01:27:32;Avenida Julio Abreu;;;Varjota;;Atropelamento;;Não informado;;Meio De Quadra;;;0;1;0;0;1;0;0;0;0;0;0;0;0;(-38.4883827 -3.736104199999999);
;2022-08-10 00:55:59;Joao Cordeiro;;;Joaquim Tavora;;Queda de moto;;Não informado;;Meio De Quadra;;;0;1;0;2;0;0;0;0;0;0;0;0;0;(-38.5195813 -3.7471997);
;2022-08-09 23:58:27;Barao Do Rio Branco;;;Centro;;Queda;;Não informado;;Meio De Quadra Sem Numero;;;0;1;0;0;0;0;0;0;0;1;0;0;0;(-38.5295336 -3.730413);
;2022-08-09 23:08:51;Emilio De Menezes;;;Granja Lisboa;;Atropelamento;;Não informado;;Meio De Quadra;;;0;1;0;0;1;0;0;0;0;0;0;0;0;(-38.5960335 -3.7794007);
;2022-08-09 22:34:18;Nossa Das Graças;;;Pirambu;;Colisão;;Não informado;;Meio De Quadra;;;0;2;0;2;0;0;0;0;0;0;0;0;0;(-38.5558597 -3.7093343);
;2022-08-09 22:13:42;Vereador Pedro Paulo;Rua Salvador Mendonça;;Parque Manibura;;Colisão;;Não informado;;Cruzamento;;;0;1;0;0;1;0;0;0;0;1;0;0;0;(-38.4897537 -3.7868297);
;2022-08-09 21:42:33;Leste Oeste;;;Barra Do Ceara;;Queda;;Não informado;;Meio De Quadra Sem Numero;;;0;1;0;1;0;0;0;0;0;0;0;0;0;(-38.5757674 -3.7057814);
;2022-08-09 20:31:13;Eribaldo Costa;Rua Curitiba;;Henrique Jorge;;Colisão;;Não informado;;Cruzamento;;;0;2;0;1;1;0;0;0;0;0;0;0;0;(-38.5838837 -3.7599728);
;2022-08-09 20:29:43;Av Radialista Joao Ramos;;;Planalto Ayrton Senna;;Colisão;;Não informado;;Meio De Quadra;;;0;1;0;1;1;0;0;0;0;0;0;0;0;(-38.5667285 -3.8437933);
;2022-08-09 20:16:22;Joao Cordeiro;Av. Beira Mar;;Praia De Iracema;;Colisão;;Não informado;;Cruzamento;;;0;1;0;0;2;0;0;0;0;0;0;0;0;(-38.5114501 -3.7202576);
;2022-08-09 15:35:19;Conego De Castro;;;Parque Sao Jose;;Colisão;;Não informado;;Meio De Quadra;;;0;1;0;1;1;0;0;0;0;0;0;0;0;(-38.5896172 -3.8022366);
;2022-08-09 15:31:00;Sargento João Pinheiro;;;Bom Jardim;;Queda de moto;;Não informado;;Meio De Quadra Sem Numero;;;0;1;0;2;0;0;0;0;0;0;0;0;0;(-38.6230856 -3.7838172);
;2022-08-09 15:09:21;Rua Tres Lagoas;Francisco Ramos 358;;Parque Genibau;;Colisão;;Não informado;;Cruzamento;;;0;1;0;2;0;0;0;0;0;0;0;0;0;(-38.6033822 -3.7516665);
;2022-08-09 14:58:45;Rua Paulo Setubal;;;Messejana;;Colisão;;Não informado;;Meio De Quadra;;;0;2;0;0;2;0;0;0;0;0;0;0;0;(-38.4982347 -3.8209584);
;2022-08-09 14:43:58;Sargento Herminio;;;Monte Castelo;;Colisão;;Não informado;;Meio De Quadra;;;0;1;0;1;1;0;0;0;0;0;0;0;0;(-38.5519472 -3.7246704);
;2022-08-09 14:31:06;Luciano Carneiro;;;Vila Uniao;;Queda;;Não informado;;Meio De Quadra;;;0;1;0;1;0;0;0;0;0;0;0;0;0;(-38.5349814 -3.7600304);
;2022-08-09 14:07:43;Santos Dumont;;;Aldeota;;Colisão;;Não informado;;Meio De Quadra;;;0;1;0;0;1;0;0;0;0;1;0;0;0;(-38.5159283 -3.7302825);
;2022-08-09 13:25:43;Washington Soares;;;Cambeba;;Colisão;;Não informado;;Meio De Quadra;;;0;1;0;1;1;0;0;0;0;0;0;0;0;(-38.4798396 -3.7999914);
;2022-08-09 11:58:43;N;Rua D ( Esplanada Mondubim );;Mondubim;;Colisão;;Não informado;;Cruzamento;;;0;1;0;1;1;0;0;0;0;0;0;0;0;(-38.5922301 -3.8345476);
;2022-08-09 11:20:55;Leste Oeste;;;Barra Do Ceara;;Colisão;;Não informado;;Meio De Quadra;;;0;2;0;1;1;0;0;0;0;0;0;0;0;(-38.5757674 -3.7057814);
;2022-08-09 10:55:32;Mozart Lucena 1540;Washigton Luis;;Vila Ellery;;Colisão;;Não informado;;Cruzamento;;;0;1;0;1;1;0;0;0;0;0;0;0;0;(-38.5952648 -3.7160062);
;2022-08-09 10:36:59;Fernandes Tavora;;;Autran Nunes;;Colisão;;Não informado;;Meio De Quadra;;;0;1;0;1;1;0;0;0;0;0;0;0;0;(-38.5918517 -3.7572023);
;2022-08-09 10:12:46;Professor Gomes De Matos;Rua Coronel Alexandrino;;Montese;;Colisão;;Não informado;;Cruzamento;;;0;1;0;1;1;0;0;0;0;0;0;0;0;(-38.5504356 -3.7667435);
;2022-08-09 09:59:08;Mister Hull;;;Antonio Bezerra;;Colisão;;Não informado;;Meio De Quadra;;;0;1;0;2;0;0;0;0;0;0;0;0;0;(0 0);
;2022-08-09 00:27:57;Carneiro De Mendonça;;;Democrito Rocha;;Queda;;Não informado;;Meio De Quadra;;;0;1;0;1;0;0;0;0;0;0;0;0;0;(-38.5647148 -3.7654493);
;2022-08-09 00:08:46;Jose Dantas Pereira;Upa Canindezinho;;Canindezinho;;Atropelamento;;Não informado;;Cruzamento;;;0;1;0;1;0;0;0;0;0;0;0;0;0;(-38.6088561 -3.8217799);
;2022-08-08 22:44:00;Coronel Virgilio Nogueira;;;Bom Jardim;;Queda;;Não informado;;Meio De Quadra;;;0;1;0;1;0;0;0;0;0;0;0;0;0;(-38.6108373 -3.7948831);
;2022-08-08 20:56:29;Avenida Sargento Herminio;;;Presidente Kennedy;;Colisão;;Não informado;;Meio De Quadra;;;0;1;0;1;1;0;0;0;0;0;0;0;0;(-38.5708669 -3.7284567);
;2022-08-08 20:39:19;Avenida Governador Raul Barbosa;;;Aerolandia;;Colisão;;Não informado;;Meio De Quadra;;;0;1;0;2;0;0;0;0;0;0;0;0;0;(-38.51062659999999 -3.7697599);
;2022-08-08 20:36:47;Jose Bastos;;;Parangaba;;Colisão;;Não informado;;Meio De Quadra;;;0;1;0;1;1;0;0;0;0;0;0;0;0;(0 0);
;2022-08-08 20:29:31;Alberto Craveiro &;;;Aerolandia;;Queda;;Não informado;;Meio De Quadra;;;0;1;0;1;0;0;0;0;0;0;0;0;0;(-38.5172568 -3.7900893);
;2022-08-08 20:15:13;Av Padre Antonio Tomas;;;Coco;;Colisão;;Não informado;;Meio De Quadra;;;0;1;0;1;1;0;0;0;0;0;0;0;0;(-38.4938414 -3.7418359);
;2022-08-08 19:54:52;Avenida Antonio Sales;;;Dionisio Torres;;Queda;;Não informado;;Meio De Quadra;;;0;1;0;0;0;0;0;0;0;1;0;0;0;(-38.5100928 -3.7432488);
;2022-08-08 17:38:30;Rua Doutor Alfredo Weyne;;;Fatima;;Colisão;;Não informado;;Meio De Quadra;;;0;2;0;1;1;0;0;0;0;0;0;0;0;(-38.5328709 -3.755557);
;2022-08-08 17:16:53;Rua Julha Cesar;;;Jardim America;;Colisão;;Não informado;;Meio De Quadra;;;0;1;0;1;1;0;0;0;0;0;0;0;0;(-38.5435982 -3.750752499999999);
;2022-08-08 16:39:15;Emilia Gonçalves;;;Quintino Cunha;;Colisão;;Não informado;;Meio De Quadra;;;0;2;0;2;0;0;0;0;0;0;0;0;0;(-38.5937821 -3.7309657);
;2022-08-08 14:10:32;Conego De Castro;;;Vila Peri;;Colisão;;Não informado;;Meio De Quadra;;;0;1;0;1;1;0;0;0;0;0;0;0;0;(-38.580505 -3.7925468);
;2022-08-08 14:02:36;Rua Rodrigues Junior;;;Centro;;Colisão;;Não informado;;Meio De Quadra;;;0;1;0;1;1;0;0;0;0;0;0;0;0;(-38.5186699 -3.7249765);
;2022-08-08 13:16:04;Princesa Isabel;;;Centro;;Queda;;Não informado;;Meio De Quadra;;;0;1;0;1;0;0;0;0;0;0;0;0;0;(-38.53784270000001 -3.7349924);
;2022-08-08 12:21:27;Aguanambi;;;Centro;;Colisão;;Não informado;;Meio De Quadra;;;0;1;0;1;1;0;0;0;0;0;0;0;0;(-38.5242558 -3.7372129);
;2022-08-08 11:05:49;Avenida Bernardo Manuel;;;Parque Dois Irmaos;;Colisão;;Não informado;;Meio De Quadra;;;0;1;0;1;0;0;1;0;0;0;0;0;0;(-38.55052209999999 -3.7962079);
;2022-08-08 10:58:31;Desembargador Gonzaga;;;Cidade Dos Funcionarios;;Colisão;;Não informado;;Meio De Quadra;;;0;1;0;0;2;0;0;0;0;0;0;0;0;(-38.5040156 -3.7888047);
;2022-08-08 10:36:01;Rua Euclides Onofre De Souza;;;Sapiranga;;Colisão;;Não informado;;Meio De Quadra;;;0;1;0;1;1;0;0;0;0;0;0;0;0;(0 0);
;2022-08-08 10:28:09;Desembargador Moreira;;;Aldeota;;Colisão;;Não informado;;Meio De Quadra Sem Numero;;;0;1;0;1;1;0;0;0;0;0;0;0;0;(-38.4986128 -3.7370942);
;2022-08-08 08:44:57;Rua 15 De Novembto;;;Montese;;Colisão;;Não informado;;Meio De Quadra;;;0;1;0;1;1;0;0;0;0;0;0;0;0;(-38.5560975 -3.7689016);
;2022-08-08 03:49:40;Bernardo Manuel;;;Parque Dois Irmaos;;Colisão;;Não informado;;Meio De Quadra;;;0;2;0;1;1;0;0;0;0;0;0;0;0;(-38.5506039 -3.796481);
;2022-08-08 02:53:17;Bezerra De Menezes;;;Sao Gerardo;;Queda;;Não informado;;Meio De Quadra Sem Numero;;;0;1;0;1;0;0;0;0;0;0;0;0;0;(-38.556584 -3.7339243);
;2022-08-08 00:25:10;Eduardo Girao;;;Jardim America;;Colisão;;Não informado;;Meio De Quadra;;;0;2;0;1;1;0;0;0;0;0;0;0;0;(-38.542202 -3.747718);
;2022-08-08 00:18:04;Avenida Aguanambi;;;Jose Bonifacio;;Colisão;;Não informado;;Meio De Quadra Sem Numero;;;0;2;0;1;1;0;0;0;0;0;0;0;0;(-38.5250288 -3.7402793);
;2022-08-07 23:12:22;Rua Maria Tomazia;Osvaldo Cruz;;Aldeota;;Colisão;;Não informado;;Cruzamento;;;0;1;0;1;1;0;0;0;0;0;0;0;0;(-38.5000022 -3.7345975);
;2022-08-07 23:11:05;Avenida Monsenhor Tabosa;;;Praia De Iracema;;Colisão;;Não informado;;Meio De Quadra;;;0;1;0;1;1;0;0;0;0;0;0;0;0;(-38.5077594 -3.7241042);
;2022-08-07 22:53:36;Tobias;;;Monte Castelo;;Atropelamento;;Não informado;;Meio De Quadra;;;0;1;0;0;1;0;0;0;0;0;0;0;0;(-38.5497011 -3.7234941);
;2022-08-07 22:43:03;Lucas Pinto;;;Carlito Pamplona;;Atropelamento;;Não informado;;Meio De Quadra;;;0;1;0;1;0;0;0;0;0;0;0;0;0;(-38.5587261 -3.7154504);
;2022-08-07 22:28:48;Mister Hull;;;Antonio Bezerra;;Colisão;;Não informado;;Meio De Quadra;;;0;2;0;0;2;0;0;0;0;0;0;0;0;(-38.5834983 -3.7382946);
;2022-08-07 22:18:54;Major Assis;;;Praia De Iracema;;Colisão;;Não informado;;Meio De Quadra;;;0;1;0;0;2;0;0;0;0;0;0;0;0;(-38.5828312 -3.724027);
;2022-08-07 22:07:59;307 Segunda Etapa;;;Conjunto Ceara;;Atropelamento;;Não informado;;Meio De Quadra;;;0;1;0;0;0;0;0;0;0;1;0;0;0;(-38.6156044 -3.7754644);
;2022-08-07 21:32:24;Av. Prefeiro Evandro Aires De Moura;;;Mondubim;;Queda;;Não informado;;Meio De Quadra;;;0;1;0;1;0;0;0;0;0;0;0;0;0;(-38.5671962 -3.8225683);
;2022-08-07 21:28:31;Avenida Joao Pessoa - Rua Padre Cicero;;;Benfica;;Atropelamento;;Não informado;;Meio De Quadra Sem Numero;;;0;1;0;1;0;0;0;0;0;0;0;0;0;(-38.5434501 -3.7456965);
;2022-08-07 21:27:46;Rua Rio Grande Do Norte;;;Democrito Rocha;;Choque c/ Obstáculo Fixo;;Não informado;;Meio De Quadra;;;0;1;0;0;1;0;0;0;0;0;0;0;0;(-38.5625511 -3.7619997);
;2022-08-07 21:01:04;Av Juscelino Kubitschek  - Castelao;;;Bela Vista;;Colisão;;Não informado;;Meio De Quadra;;;0;2;0;1;1;0;0;0;0;0;0;0;0;(-38.5224331 -3.8072834);
;2022-08-07 20:40:43;Rua Primavera;;;Parque Dois Irmaos;;Colisão;;Não informado;;Meio De Quadra;;;0;1;0;2;0;0;0;0;0;0;0;0;0;(0 0);
;2022-08-07 19:56:54;Manoel Antonio Leite - Waldemar Holanda;;;Bonsucesso;;Colisão;;Não informado;;Meio De Quadra Sem Numero;;;0;1;0;1;1;0;0;0;0;0;0;0;0;(-38.5909501 -3.7725028);
;2022-08-07 19:32:28;Osorio De Paiva;;;Siqueira;;Queda;;Não informado;;Meio De Quadra;;;0;1;0;1;0;0;0;0;0;0;0;0;0;(-38.59143 -3.7933499);