COD_ACIDENTE;DATA;LOG1;LOG2;NUMERO;BAIRRO;AMC;NATUREZA;ILUMINACAO;TEMPO;SUPERFICIEPISTA;TIPOCRUZAMENTO;CONTROLETRAFEGO;USOSOLO;MORTOS;FERIDOS;ILESOS;MOTOCICLETA;AUTOMOVEL;MICROONIBUS;CAMINHAO;ONIBUS;CICLOMOTOR;BICICLETA;OUTROS;TREM;TRACAOANIMAL;COORDENADAS
;2022-08-07 18:54:21;Av Radialista João Ramos;;;Prefeito Jose Walter;;Colisão;;Não informado;;Meio De Quadra;;;0;2;0;2;0;0;0;0;0;0;0;0;0;(-38.564556 -3.843366499999999);
;2022-08-07 17:55:00;Presidente Castelo Branco;;;Cristo Redentor;;Atropelamento;;Não informado;;Meio De Quadra Sem Numero;;;0;1;0;0;1;0;0;0;0;0;0;0;0;(-38.5645486 -3.7095397);
;2022-08-07 16:33:42;Major  Assis;;;Jardim Guanabara;;Colisão;;Não informado;;Meio De Quadra Sem Numero;;;0;1;0;1;1;0;0;0;0;0;0;0;0;(-38.5904941 -3.7231772);
;2022-08-07 15:28:46;Vital Brasil;;;Bonsucesso;;Colisão;;Não informado;;Meio De Quadra;;;0;1;0;0;2;0;0;0;0;0;0;0;0;(-38.59344900000001 -3.77943);
;2022-08-07 14:24:49;Tulipa  Negra;;;Parque Santa Rosa;;Choque c/ Obstáculo Fixo;;Não informado;;Meio De Quadra;;;0;1;0;0;1;0;0;0;0;0;0;0;0;(-38.5967529 -3.8200052);
;2022-08-07 14:05:20;Maestro  Lisboa;;;Lagoa Redonda;;Colisão;;Não informado;;Meio De Quadra;;;0;1;0;1;1;0;0;0;0;0;0;0;0;(-38.4626178 -3.8077512);
;2022-08-07 13:32:23;Julio Silva  -- Upa Praia Do Futuro;;;Antonio Diogo;;Atropelamento;;Não informado;;Meio De Quadra;;;0;1;0;0;1;0;0;0;0;0;0;0;0;(-38.454374 -3.7448061);
;2022-08-07 11:29:45;Olavo Bilac;;;Presidente Kennedy;;Colisão;;Não informado;;Meio De Quadra;;;0;1;0;1;1;0;0;0;0;0;0;0;0;(-38.564653 -3.7338448);
;2022-08-07 10:35:09;Francisco Sa;Avenida Doutor Theberg;;Alvaro Weyne;;Atropelamento;;Não informado;;Cruzamento;;;0;1;0;1;0;0;0;0;0;0;0;0;0;(-38.5649859 -3.7148176);
;2022-08-07 10:27:36;Dona Medinha;Rua Da Carmelia;;Cristo Redentor;;Colisão;;Não informado;;Cruzamento;;;0;1;0;1;1;0;0;0;0;0;0;0;0;(-38.5691889 -3.7073659);
;2022-08-07 08:09:18;Avenida General Osorio De Paiva;;;Canindezinho;;Choque c/ Obstáculo Fixo;;Não informado;;Meio De Quadra;;;0;1;0;0;1;0;0;0;0;0;0;0;0;(-38.6008792 -3.803861);
;2022-08-07 03:07:37;Presidente Costa E Silva;;;Jangurussu;;Colisão;;Não informado;;Meio De Quadra;;;0;1;0;1;1;0;0;0;0;0;0;0;0;(0 0);
;2022-08-07 02:12:14;Urucutuba;;;Bom Jardim;;Queda;;Não informado;;Meio De Quadra;;;0;1;0;0;0;0;0;0;0;1;0;0;0;(-38.6064387 -3.7972976);
;2022-08-07 01:00:30;Engenheiro Santana Junior;Bento Albuquerque;;Coco;;Colisão;;Não informado;;Cruzamento;;;0;1;0;0;2;0;0;0;0;0;0;0;0;(-38.4865857 -3.7426475);
;2022-08-07 00:45:49;Oliveira Paiva;Rua Melo Cesar;;Dias Macedo;;Colisão;;Não informado;;Cruzamento;;;0;2;0;2;0;0;0;0;0;0;0;0;0;(-38.5026099 -3.798333699999999);
;2022-08-06 23:31:38;Contorno Sul;;;Jangurussu;;Colisão;;Não informado;;Meio De Quadra Sem Numero;;;0;1;0;1;1;0;0;0;0;0;0;0;0;(-38.5199088 -3.8377883);
;2022-08-06 21:28:42;Godofredo Maciel;;;Maraponga;;Atropelamento;;Não informado;;Meio De Quadra;;;0;1;0;1;0;0;0;0;0;0;0;0;0;(-38.5749547 -3.8118406);
;2022-08-06 21:23:06;Emilio De Menezes;;;Granja Portugal;;Queda;;Não informado;;Meio De Quadra;;;0;2;0;1;0;0;0;0;0;0;0;0;0;(-38.6001431 -3.7782592);
;2022-08-06 21:16:39;Rua Boa Vista - Heribaldo Costa;;;Henrique Jorge;;Colisão;;Não informado;;Meio De Quadra Sem Numero;;;0;1;0;1;1;0;0;0;0;0;0;0;0;(-38.5879869 -3.7680044);
;2022-08-06 20:37:11;Rua Renato Viana;Guarani;;Joquei Clube;;Colisão;;Não informado;;Cruzamento;;;0;1;0;0;2;0;0;0;0;0;0;0;0;(-38.5782283 -3.7604595);
;2022-08-06 20:33:34;Mister Hull > Sentindo Caucaia;;;Antonio Bezerra;;Colisão;;Não informado;;Meio De Quadra;;;0;1;0;1;1;0;0;0;0;0;0;0;0;(-38.5918137 -3.7395231);
;2022-08-06 20:11:21;Presidente Costa E Silva;;;Prefeito Jose Walter;;Queda;;Não informado;;Meio De Quadra Sem Numero;;;0;1;0;1;0;0;0;0;0;0;0;0;0;(-38.5443558 -3.8244455);
;2022-08-06 19:23:54;Avenida Imperador;;;Centro;;Colisão;;Não informado;;Meio De Quadra;;;0;1;0;1;1;0;0;0;0;0;0;0;0;(-38.5357488 -3.7310995);
;2022-08-06 19:10:57;Sargento Herminio;Rua Padre Anchieta;;Monte Castelo;;Atropelamento;;Não informado;;Cruzamento;;;0;1;0;1;0;0;0;0;0;0;0;0;0;(-38.5510732 -3.7246597);
;2022-08-06 18:27:18;Washington Soares Sentindo Eusebio;;;Messejana;;Colisão;;Não informado;;Meio De Quadra;;;0;2;0;2;0;0;0;0;0;0;0;0;0;(-38.4822017 -3.828229);
;2022-08-06 18:08:23;Waldir Diogo;;;Novo Mondubim;;Colisão;;Não informado;;Meio De Quadra;;;0;1;0;0;2;0;0;0;0;0;0;0;0;(0 0);
;2022-08-06 17:38:30;Carlos Jereissa;;;Aeroporto;;Colisão;;Não informado;;Meio De Quadra Sem Numero;;;0;1;0;1;1;0;0;0;0;0;0;0;0;(-38.5357467 -3.7820759);
;2022-08-06 16:50:51;Avenida Governador Raul Barbosa;;;Aerolandia;;Queda;;Não informado;;Meio De Quadra Sem Numero;;;0;1;0;1;0;0;0;0;0;0;0;0;0;(-38.512539 -3.7729647);
;2022-08-06 16:50:36;Urucutuba;;;Bom Jardim;;Colisão;;Não informado;;Meio De Quadra;;;0;1;0;1;1;0;0;0;0;0;0;0;0;(-38.6165956 -3.7989888);
;2022-08-06 16:49:14;Paulo Lopes;;;Dom Lustosa;;Colisão;;Não informado;;Meio De Quadra;;;0;2;0;2;0;0;0;0;0;0;0;0;0;(-38.591272 -3.7536066);
;2022-08-06 16:29:58;Alcino Guanabara;;;Parque Presidente Vargas;;Queda;;Não informado;;Meio De Quadra;;;0;1;0;1;0;0;0;0;0;0;0;0;0;(-38.5991669 -3.8201971);
;2022-08-06 15:39:35;Paulino Rocha - Sentindo Br;;;Cajazeiras;;Colisão;;Não informado;;Meio De Quadra;;;0;1;0;1;1;0;0;0;0;0;0;0;0;(-38.5081884 -3.8061682);
;2022-08-06 15:36:43;Peri;;;Barra Do Ceara;;Colisão;;Não informado;;Meio De Quadra;;;0;1;0;1;1;0;0;0;0;0;0;0;0;(-38.5863725 -3.703028);
;2022-08-06 11:30:43;Carapinima;;;Benfica;;Colisão;;Não informado;;Meio De Quadra;;;0;2;0;1;1;0;0;0;0;0;0;0;0;(0 0);
;2022-08-06 11:22:47;Presidente Castelo Branco;;;Cristo Redentor;;Queda;;Não informado;;Meio De Quadra Sem Numero;;;0;1;0;1;0;0;0;0;0;0;0;0;0;(-38.5645486 -3.7095397);
;2022-08-06 11:22:29;Padre Francisco Pinto;;;Benfica;;Queda;;Não informado;;Meio De Quadra;;;0;1;0;1;0;0;0;0;0;0;0;0;0;(-38.5412351 -3.7422896);
;2022-08-06 11:07:41;Rua Ana Faco;;;Alvaro Weyne;;Colisão;;Não informado;;Meio De Quadra;;;0;2;0;1;1;0;0;0;0;0;0;0;0;(-38.5624998 -3.7143999);
;2022-08-06 09:54:22;Alberto Magno;;;Montese;;Queda;;Não informado;;Meio De Quadra;;;0;1;0;1;0;0;0;0;0;0;0;0;0;(-38.5500293 -3.7651054);
;2022-08-06 09:30:53;Genibau;;;Parque Genibau;;Queda;;Não informado;;Meio De Quadra;;;0;1;0;1;0;0;0;0;0;0;0;0;0;(-38.6015041 -3.760426);
;2022-08-06 08:27:05;Senador Fernandes Tavora;;;Autran Nunes;;Colisão;;Não informado;;Meio De Quadra;;;0;1;0;0;2;0;0;0;0;0;0;0;0;(-38.5972225 -3.755431);
;2022-08-06 04:42:16;Conego De Castro;;;Parque Sao Jose;;Colisão;;Não informado;;Meio De Quadra Sem Numero;;;0;1;0;2;0;0;0;0;0;0;0;0;0;(-38.5862788 -3.7988833);
;2022-08-06 03:52:37;Avenida Prudente Brasil;;;Passare;;Queda;;Não informado;;Meio De Quadra;;;0;2;0;1;0;0;0;0;0;0;0;0;0;(-38.5329194 -3.8047233);
;2022-08-05 21:35:59;Via Expressa;Paulo Firmeza;;Sao Joao Do Tauape;;Queda;;Não informado;;Cruzamento;;;0;1;0;1;0;0;0;0;0;0;0;0;0;(-38.49085 -3.7457388);
;2022-08-05 21:28:02;Perimetral;;;Prefeito Jose Walter;;Atropelamento;;Não informado;;Meio De Quadra Sem Numero;;;0;1;0;1;0;0;0;0;0;0;0;0;0;(-38.5300457 -3.8290547);
;2022-08-05 20:13:03;Raul Cabral;Rua Professor Vicente Silveira;;Vila Uniao;;Colisão;;Não informado;;Cruzamento;;;0;1;0;2;0;0;0;0;0;0;0;0;0;(-38.539874 -3.7704344);
;2022-08-05 19:58:07;Avenida Desembargador Gonçaga;;;Jardim Das Oliveiras;;Colisão;;Não informado;;Meio De Quadra;;;0;1;0;0;2;0;0;0;0;0;0;0;0;(-38.5046538 -3.7871377);
;2022-08-05 19:20:07;Maestro Lisboa;;;Jose De Alencar;;Colisão;;Não informado;;Meio De Quadra;;;0;1;0;1;1;0;0;0;0;0;0;0;0;(0 0);
;2022-08-05 17:58:36;Francisco Sa;Themberge;;Cristo Redentor;;Queda;;Não informado;;Cruzamento;;;0;1;0;1;0;0;0;0;0;0;0;0;0;(-38.565045 -3.7147994);
;2022-08-05 15:23:54;Olegario Memoria;;;Sapiranga;;Colisão;;Não informado;;Meio De Quadra;;;0;1;0;1;1;0;0;0;0;0;0;0;0;(-38.47526089999999 -3.7916119);
;2022-08-05 15:02:51;Novo Farol;;;Vicente Pinzon;;Atropelamento;;Não informado;;Meio De Quadra;;;0;1;0;0;0;0;0;1;0;0;0;0;0;(-38.47125430000001 -3.726017799999999);
;2022-08-05 14:50:12;Miguel Gurgel;;;Messejana;;Colisão;;Não informado;;Meio De Quadra Sem Numero;;;0;1;0;0;2;0;0;0;0;0;0;0;0;(-38.4817409 -3.830818);
;2022-08-05 13:32:22;Rua Cezidio Albuquerque;;;Cidade Dos Funcionarios;;Colisão;;Não informado;;Meio De Quadra;;;0;1;0;1;1;0;0;0;0;0;0;0;0;(-38.5051724 -3.7960179);
;2022-08-05 13:31:55;Rua Euclides Onofre De Souza;;;Sapiranga;;Colisão;;Não informado;;Meio De Quadra;;;0;1;0;0;2;0;0;0;0;0;0;0;0;(-38.464148 -3.7970865);
;2022-08-05 13:01:35;Goncalo Bezerra;;;Quintino Cunha;;Colisão;;Não informado;;Meio De Quadra;;;0;1;0;1;1;0;0;0;0;0;0;0;0;(0 0);
;2022-08-05 12:04:12;Avenida Capitao Waldemar Paula Lima;;;Barroso;;Colisão;;Não informado;;Meio De Quadra;;;0;1;0;1;1;0;0;0;0;0;0;0;0;(-38.508911 -3.822199799999999);
;2022-08-05 10:16:14;Fernandes Tavora;;;Dom Lustosa;;Queda de moto;;Não informado;;Meio De Quadra;;;0;1;0;2;0;0;0;0;0;0;0;0;0;(-38.5918517 -3.7572023);
;2022-08-05 10:08:27;Rua Miguel Aragao;Aracape;;Mondubim;;Colisão;;Não informado;;Cruzamento;;;0;2;0;1;1;0;0;0;0;0;0;0;0;(-38.5877687 -3.8327635);
;2022-08-05 09:59:01;Professo Manuel Lourenço;;;Joquei Clube;;Colisão;;Não informado;;Meio De Quadra;;;0;1;0;1;1;0;0;0;0;0;0;0;0;(-38.57237130000001 -3.7626106);
;2022-08-05 01:28:22;Das Tulipas;;;Cidade 2000;;Colisão;;Não informado;;Meio De Quadra;;;0;1;0;1;1;0;0;0;0;0;0;0;0;(0 0);
;2022-08-05 00:43:51;Trevo;;;Alvaro Weyne;;Atropelamento;;Não informado;;Meio De Quadra;;;0;1;0;1;0;0;0;0;0;0;0;0;0;(-38.568479 -3.718979);
;2022-08-05 00:14:05;Perdigao De Oliveira;;;Parangaba;;Queda;;Não informado;;Meio De Quadra;;;0;1;0;0;0;0;0;0;0;1;0;0;0;(-38.5743837 -3.7752197);
;2022-08-04 21:24:58;Avenida Professor Jose Arthur De Carvalho;;;Lagoa Redonda;;Colisão;;Não informado;;Meio De Quadra;;;0;1;0;1;1;0;0;0;0;0;0;0;0;(-38.4652263 -3.8266099);
;2022-08-04 20:09:15;Al Alberto Magno;;;Montese;;Colisão;;Não informado;;Meio De Quadra;;;0;1;0;1;1;0;0;0;0;0;0;0;0;(-38.5477728 -3.7621757);
;2022-08-04 19:24:35;BR 116;;;Cidade Dos Funcionarios;;Atropelamento;;Não informado;;Meio De Quadra;;;0;1;0;0;0;0;0;0;0;0;1;0;0;(0 0);
;2022-08-04 19:03:31;Uruburetama;Rua Dulcineia Gondim;;Bom Futuro;;Colisão;;Não informado;;Cruzamento;;;0;1;0;0;2;0;0;0;0;0;0;0;0;(-38.5457993 -3.7587178);
;2022-08-04 17:57:29;Avenida Frei Cirilo;;;Messejana;;Colisão;;Não informado;;Meio De Quadra;;;0;1;0;1;1;0;0;0;0;0;0;0;0;(-38.4972186 -3.8174258);
;2022-08-04 17:26:41;Godofredo Maciel;;;Mondubim;;Colisão;;Não informado;;Meio De Quadra;;;0;1;0;1;1;0;0;0;0;0;0;0;0;(-38.572938 -3.8054871);
;2022-08-04 15:47:26;Duas Naçoes;;;Granja Portugal;;Colisão;;Não informado;;Meio De Quadra;;;0;1;0;1;1;0;0;0;0;0;0;0;0;(-38.6022432 -3.777337499999999);
;2022-08-04 15:21:39;Avenida Engenheiro Santana Junior;;;Coco;;Colisão;;Não informado;;Meio De Quadra Sem Numero;;;0;1;0;1;1;0;0;0;0;0;0;0;0;(-38.4880925 -3.7441454);
;2022-08-04 15:17:28;Alberto Craveiro;;;Boa Vista;;Queda;;Não informado;;Meio De Quadra;;;0;1;0;1;0;0;0;0;0;0;0;0;0;(-38.5215514 -3.8026525);
;2022-08-04 14:53:27;Avenida Gomes De Mato;;;Montese;;Colisão;;Não informado;;Meio De Quadra;;;0;1;0;1;1;0;0;0;0;0;0;0;0;(-38.5438341 -3.758635399999999);
;2022-08-04 14:43:42;Washington Soares;;;Jose De Alencar;;Colisão;;Não informado;;Meio De Quadra;;;0;1;0;1;1;0;0;0;0;0;0;0;0;(-38.4824667 -3.818388);
;2022-08-04 14:29:25;Vital Brasil;;;Granja Portugal;;Colisão;;Não informado;;Meio De Quadra;;;0;1;0;1;1;0;0;0;0;0;0;0;0;(-38.59432 -3.7791608);
;2022-08-04 11:41:28;General Osorio De Paiva;Rua Araipe Prata;;Parangaba;;Colisão;;Não informado;;Cruzamento;;;0;1;0;1;1;0;0;0;0;0;0;0;0;(-38.5680298 -3.776579899999999);
;2022-08-04 11:03:24;Expedicionarios;;;Montese;;Colisão;;Não informado;;Meio De Quadra;;;0;1;0;1;1;0;0;0;0;0;0;0;0;(0 0);
;2022-08-04 10:44:47;Godofredo Maciel;;;Maraponga;;Colisão;;Não informado;;Meio De Quadra;;;0;1;0;1;1;0;0;0;0;0;0;0;0;(-38.571113 -3.8012156);
;2022-08-04 09:01:03;Senador Carlos Jereissate;;;Aerolandia;;Colisão;;Não informado;;Meio De Quadra Sem Numero;;;0;1;0;0;2;0;0;0;0;0;0;0;0;(-38.5353259 -3.7822053);
;2022-08-03 23:21:54;Diogo Correia;;;Joao Xxiii;;Atropelamento;;Não informado;;Meio De Quadra;;;0;1;0;1;0;0;0;0;0;0;0;0;0;(0 0);
;2022-08-03 23:01:44;Coronel Tiburcio;Mirtil Meyer;;Mondubim;;Colisão;;Não informado;;Cruzamento;;;0;1;0;1;1;0;0;0;0;0;0;0;0;(-38.57286980000001 -3.8095899);
;2022-08-03 23:00:42;Gustavo Barroso;;;Granja Portugal;;Colisão;;Não informado;;Meio De Quadra;;;0;2;0;2;0;0;0;0;0;0;0;0;0;(-38.5979501 -3.786576499999999);
;2022-08-03 22:43:43;Cacilda Becker;;;Joao Xxiii;;Atropelamento;;Não informado;;Meio De Quadra;;;0;1;0;1;0;0;0;0;0;0;0;0;0;(-38.5879699 -3.7735246);
;2022-08-03 22:23:08;Bernardo Manuel;;;Aeroporto;;Queda;;Não informado;;Meio De Quadra Sem Numero;;;0;2;0;1;0;0;0;0;0;0;0;0;0;(-38.5461006 -3.7812592);
;2022-08-03 21:11:02;Desembargador Moreira Esq;Av Pontes Vieira; - Av Pontes Vieira;Aldeota;;Colisão;;Não informado;;Cruzamento;;;0;1;0;1;1;0;0;0;0;0;0;0;0;(-38.5088786 -3.7522169);
;2022-08-03 20:42:13;Rua Mario De Andrade -;;;Bela Vista;;Colisão;;Não informado;;Meio De Quadra;;;0;1;0;1;1;0;0;0;0;0;0;0;0;(-38.5596285 -3.752703);
;2022-08-03 20:17:08;Vilebaldo Aguiar;;;Papicu;;Colisão;;Não informado;;Meio De Quadra;;;0;1;0;1;1;0;0;0;0;0;0;0;0;(-38.4720337 -3.7457569);
;2022-08-03 20:08:46;Av Washington Soares;;;Cidade Dos Funcionarios;;Colisão;;Não informado;;Meio De Quadra;;;0;1;0;1;1;0;0;0;0;0;0;0;0;(-38.4795303 -3.7973124);
;2022-08-03 18:31:28;Avenida Senador Carlos Jereissati;;;Dias Macedo;;Colisão;;Não informado;;Meio De Quadra Sem Numero;;;0;1;0;1;1;0;0;0;0;0;0;0;0;(-38.5242645 -3.7832708);
;2022-08-03 17:59:02;Avenida Duque De Caixias;;;Centro;;Atropelamento;;Não informado;;Meio De Quadra;;;0;1;0;0;1;0;0;0;0;0;0;0;0;(-38.5422034 -3.7276872);
;2022-08-03 17:25:14;Avenida Sargento Herminio;;;Sao Gerardo;;Colisão;;Não informado;;Meio De Quadra Sem Numero;;;0;1;0;1;1;0;0;0;0;0;0;0;0;(-38.5569515 -3.7256929);
;2022-08-03 15:18:17;Washington Soares;;;Jose De Alencar;;Colisão;;Não informado;;Meio De Quadra;;;0;1;0;1;1;0;0;0;0;0;0;0;0;(-38.4821073 -3.8191307);
;2022-08-03 12:59:16;Eduardo Girao Esquina;Av Dos Expedicionarios;;Montese;;Queda;;Não informado;;Cruzamento;;;0;1;0;1;0;0;0;0;0;0;0;0;0;(-38.53970899999999 -3.748691999999999);
;2022-08-03 11:40:56;Tristao Goncalves;;;Centro;;Colisão;;Não informado;;Meio De Quadra Sem Numero;;;0;2;0;1;1;0;0;0;0;0;0;0;0;(-38.5335279 -3.7280666);
;2022-08-03 10:09:47;Francisco Sá;;;Alvaro Weyne;;Colisão;;Não informado;;Meio De Quadra;;;0;1;0;2;0;0;0;0;0;0;0;0;0;(-38.5682831 -3.7135313);
;2022-08-03 10:08:06;Francisco Sa;;;Carlito Pamplona;;Colisão;;Não informado;;Meio De Quadra;;;0;1;0;2;0;0;0;0;0;0;0;0;0;(0 0);
;2022-08-03 09:52:49;Avenida Godofredo Maciel;;;Maraponga;;Queda;;Não informado;;Meio De Quadra;;;0;1;0;1;0;0;0;0;0;0;0;0;0;(-38.572938 -3.8054871);
;2022-08-03 09:38:50;Pompilho Gomes;;;Passare;;Queda;;Não informado;;Meio De Quadra;;;0;1;0;1;0;0;0;0;0;0;0;0;0;(-38.5209764 -3.8145353);
;2022-08-03 02:39:12;Teodomiro De Castro;;;Alvaro Weyne;;Queda;;Não informado;;Meio De Quadra;;;0;1;0;1;0;0;0;0;0;0;0;0;0;(-38.5692043 -3.7201025);
;2022-08-03 01:04:04;Jornalista Tomaz Coelho;;;Jangurussu;;Queda;;Não informado;;Meio De Quadra;;;0;1;0;1;0;0;0;0;0;0;0;0;0;(-38.5184321 -3.8280635);
;2022-08-03 00:35:51;Avenida Godofredo Maciel;;;Maraponga;;Colisão;;Não informado;;Meio De Quadra;;;0;1;0;0;2;0;0;0;0;0;0;0;0;(0 0);
;2022-08-02 23:59:12;Jardim Paroara;;;Siqueira;;Queda;;Não informado;;Meio De Quadra;;;0;1;0;1;0;0;0;0;0;0;0;0;0;(-38.602275 -3.8025241);
;2022-08-02 22:18:34;Maria Gomes De Sa;;;Mondubim;;Colisão;;Não informado;;Meio De Quadra Sem Numero;;;0;1;0;1;1;0;0;0;0;0;0;0;0;(-38.5830216 -3.8246937);
;2022-08-02 21:58:09;Rua Bom Jesus;;;Bom Jardim;;Atropelamento;;Não informado;;Meio De Quadra;;;0;1;0;1;0;0;0;0;0;0;0;0;0;(-38.6067249 -3.792560899999999);
;2022-08-02 20:28:54;Avenida Jose Leon;;;Cidade Dos Funcionarios;;Colisão;;Não informado;;Meio De Quadra;;;0;1;0;0;2;0;0;0;0;0;0;0;0;(-38.5051423 -3.7870276);
;2022-08-02 20:12:52;Jornalista Antonio Pontes Tavares;;;Cajazeiras;;Colisão;;Não informado;;Meio De Quadra;;;0;1;0;0;2;0;0;0;0;0;0;0;0;(-38.5081289 -3.812993399999999);
;2022-08-02 20:06:57;Avenida Capitao Waldemar Paula Lima - Cj Jardim Violeta;;;Barroso;;Colisão;;Não informado;;Meio De Quadra;;;0;3;0;0;2;0;0;0;0;0;0;0;0;(-38.5077531 -3.8155144);
;2022-08-02 20:06:01;Avenida-Porto Velho -;;;Joao Xxiii;;Colisão;;Não informado;;Meio De Quadra;;;0;1;0;2;0;0;0;0;0;0;0;0;0;(-38.5828934 -3.7683773);
;2022-08-02 20:01:07;Avenida Pompilio Gomes;;;Passare;;Queda;;Não informado;;Meio De Quadra;;;0;1;0;1;0;0;0;0;0;0;0;0;0;(-38.5206906 -3.8157561);
;2022-08-02 19:25:22;Rua Verde 35 Esquina Verde 12;;;Jangurussu;;Colisão;;Não informado;;Meio De Quadra;;;0;1;0;1;1;0;0;0;0;0;0;0;0;(-38.5127536 -3.8491909);
;2022-08-02 17:08:23;Joaquim Manuel Macedo;;;Henrique Jorge;;Queda;;Não informado;;Meio De Quadra;;;0;1;0;1;0;0;0;0;0;0;0;0;0;(-38.5811603 -3.7574508);
;2022-08-02 15:34:34;Anselmo Nogueira;;;Bonsucesso;;Queda;;Não informado;;Meio De Quadra;;;0;1;0;0;0;0;0;0;0;1;0;0;0;(0 0);
;2022-08-02 12:53:47;Rua Inacio Moreira;;;Messejana;;Queda;;Não informado;;Meio De Quadra;;;0;1;0;1;0;0;0;0;0;0;0;0;0;(-38.49159340000001 -3.836133);
;2022-08-02 12:27:45;Borges De Melo;;;Aerolandia;;Queda;;Não informado;;Meio De Quadra Sem Numero;;;0;2;0;1;0;0;0;0;0;0;0;0;0;(-38.5283938 -3.7602384);
;2022-08-02 12:25:57;Presidente Castelo Branco;;;Moura Brasil;;Colisão;;Não informado;;Meio De Quadra Sem Numero;;;0;1;0;1;1;0;0;0;0;0;0;0;0;(-38.5344252 -3.718373);
;2022-08-02 12:04:28;Doutor Theberg;;;Cristo Redentor;;Colisão;;Não informado;;Meio De Quadra;;;0;1;0;1;1;0;0;0;0;0;0;0;0;(-38.5646945 -3.7135736);
;2022-08-02 10:54:14;Silas Munguba;;;Parangaba;;Queda;;Não informado;;Meio De Quadra Sem Numero;;;0;1;0;1;0;0;0;0;0;0;0;0;0;(-38.5568892 -3.7816343);
;2022-08-02 10:35:40;Domingos Olimpio;Av Imperador;;Benfica;;Atropelamento;;Não informado;;Cruzamento;;;0;1;0;0;1;0;0;0;0;0;0;0;0;(-38.5367055 -3.7349203);
;2022-08-02 10:35:10;Avenida Juscelino Kubitschek -;;;Passare;;Atropelamento;;Não informado;;Meio De Quadra;;;0;1;0;1;0;0;0;0;0;0;0;0;0;(-38.5301084 -3.8137243);
;2022-08-02 09:45:47;Osorio De Paiva;;;Siqueira;;Colisão;;Não informado;;Meio De Quadra;;;0;2;0;2;0;0;0;0;0;0;0;0;0;(-38.6110474 -3.8143114);
;2022-08-02 01:45:08;Br116;;;Pedras;;Colisão;;Não informado;;Meio De Quadra Sem Numero;;;0;2;0;1;0;0;0;0;0;0;0;0;0;(-38.5010583 -3.8815143);
;2022-08-02 01:28:47;Avenida Godofredo Maciel;;;Não informado;;Colisão;;Não informado;;Meio De Quadra Sem Numero;;;0;1;0;1;1;0;0;0;0;0;0;0;0;(-38.572465 -3.8044711);
;2022-08-01 23:41:05;Manuel Monteiro;;;Cidade Dos Funcionarios;;Colisão;;Não informado;;Meio De Quadra;;;0;1;0;1;1;0;0;0;0;0;0;0;0;(-38.4943421 -3.7960358);
;2022-08-01 22:03:38;Perdigao Sampaio;Rua;;Antonio Bezerra;;Atropelamento;;Não informado;;Cruzamento;;;0;1;0;0;1;0;0;0;0;0;0;0;0;(-38.5945296 -3.7407896);
;2022-08-01 21:51:52;Rua Antonio Mendes;;;Jardim America;;Queda;;Não informado;;Meio De Quadra;;;0;1;0;0;0;0;0;0;0;1;0;0;0;(-38.53969 -3.7513921);
;2022-08-01 20:46:57;Conego De Castro;;;Vila Peri;;Colisão;;Não informado;;Meio De Quadra;;;0;1;0;0;2;0;0;0;0;0;0;0;0;(-38.573912 -3.785387699999999);
;2022-08-01 20:35:06;Avenida Silas Munguba;Bernardo Manuel;;Prefeito Jose Walter;;Colisão;;Não informado;;Cruzamento;;;0;1;0;1;1;0;0;0;0;0;0;0;0;(-38.5479102 -3.787629799999999);
;2022-08-01 20:08:53;Presidente Coste E Silva Esq.;Bernardo Manuel;;Prefeito Jose Walter;;Colisão;;Não informado;;Cruzamento;;;0;1;0;1;1;0;0;0;0;0;0;0;0;(-38.5613587 -3.8318327);
;2022-08-01 19:43:44;Benjamim Brasil;;;Jardim Cearense;;Colisão;;Não informado;;Meio De Quadra;;;0;2;0;2;0;0;0;0;0;0;0;0;0;(-38.5660093 -3.8049757);
;2022-08-01 18:34:48;I;;;Conjunto Ceara;;Colisão;;Não informado;;Meio De Quadra;;;0;1;0;0;2;0;0;0;0;0;0;0;0;(-38.6194157 -3.7767884);
;2022-08-01 17:45:56;Av Engenheiro Santana Junior;;;Coco;;Queda;;Não informado;;Meio De Quadra;;;0;1;0;1;0;0;0;0;0;0;0;0;0;(-38.486676 -3.7432389);
;2022-08-01 17:00:07;Mendel Steinbruch;;;Planalto Ayrton Senna;;Colisão;;Não informado;;Meio De Quadra;;;0;1;0;0;2;0;0;0;0;0;0;0;0;(-38.5813448 -3.83399);
;2022-08-01 16:47:04;BR 116 KM 6;;;Cajazeiras;;Colisão;;Não informado;;Meio De Quadra Sem Numero;;;0;1;0;1;1;0;0;0;0;0;0;0;0;(0 0);
;2022-08-01 16:29:46;Professor Heribaldo Costa;;;Joao Xxiii;;Colisão;;Não informado;;Meio De Quadra;;;0;1;0;1;1;0;0;0;0;0;0;0;0;(-38.5889478 -3.7695999);
;2022-08-01 14:35:55;Washington Soares;;;Jose De Alencar;;Colisão;;Não informado;;Meio De Quadra;;;0;1;0;1;1;0;0;0;0;0;0;0;0;(-38.4808958 -3.8140093);
;2022-08-01 14:33:59;Santos Dumont;;;Papicu;;Atropelamento;;Não informado;;Meio De Quadra;;;0;1;0;0;1;0;0;0;0;0;0;0;0;(-38.4721887 -3.744537);