COD_ACIDENTE;DATA;LOG1;LOG2;NUMERO;BAIRRO;AMC;NATUREZA;ILUMINACAO;TEMPO;SUPERFICIEPISTA;TIPOCRUZAMENTO;CONTROLETRAFEGO;USOSOLO;MORTOS;FERIDOS;ILESOS;MOTOCICLETA;AUTOMOVEL;MICROONIBUS;CAMINHAO;ONIBUS;CICLOMOTOR;BICICLETA;OUTROS;TREM;TRACAOANIMAL;COORDENADAS
;2022-08-01 12:20:27;Senador Fernandes Tavora;;;Parque Genibau;;Colisão;;Não informado;;Meio De Quadra;;;0;1;0;1;1;0;0;0;0;0;0;0;0;(-38.6044643 -3.7540977);
;2022-08-01 11:45:42;Antonio Sales Esq Engenheiro Santana Junior;;;Coco;;Queda;;Não informado;;Meio De Quadra Sem Numero;;;0;1;0;1;0;0;0;0;0;0;0;0;0;(-38.49276 -3.74852);
;2022-08-01 11:09:13;Avenida Do Contorno -  Upa Edson Queiroz;;;Edson Queiroz;;Queda;;Não informado;;Meio De Quadra Sem Numero;;;0;1;0;0;0;0;0;0;0;1;0;0;0;(-38.4741084 -3.7697689);
;2022-08-01 09:48:48;Val Paraiso;;;Messejana;;Colisão;;Não informado;;Meio De Quadra;;;0;1;0;2;0;0;0;0;0;0;0;0;0;(0 0);
;2022-08-01 09:31:25;Urucutuba;;;Bom Jardim;;Queda;;Não informado;;Meio De Quadra;;;0;1;0;1;0;0;0;0;0;0;0;0;0;(-38.6075408 -3.7976481);
;2022-07-01 02:20:24;Da Ecologia;;;Aerolandia;;Queda;;Não informado;;Meio De Quadra;;;0;2;0;0;0;0;0;0;0;1;0;0;0;(-38.5122523 -3.7772444);
;2022-07-01 01:23:22;Jose Vilar;;;Aldeota;;Colisão;;Não informado;;Meio De Quadra;;;0;2;0;1;1;0;0;0;0;0;0;0;0;(-38.5053989 -3.7385232);
;2022-07-01 00:08:13;Rogaciano Leite;;;Jardim Das Oliveiras;;Colisão;;Não informado;;Meio De Quadra;;;0;1;0;1;1;0;0;0;0;0;0;0;0;(-38.5018898 -3.7808587);
;2022-06-30 22:41:49;Av. Pompilio Gomes;;;Passare;;Colisão;;Não informado;;Meio De Quadra;;;0;1;0;1;1;0;0;0;0;0;0;0;0;(-38.5212643 -3.8204435);
;2022-06-30 22:01:05;Senador Fernandes Tavora;;;Autran Nunes;;Colisão;;Não informado;;Meio De Quadra;;;0;1;0;1;1;0;0;0;0;0;0;0;0;(-38.5937402 -3.7561086);
;2022-06-30 21:40:17;Rua Porto Velho;Monsenhor Vicente Martins;;Henrique Jorge;;Colisão;;Não informado;;Cruzamento;;;0;1;0;1;1;0;0;0;0;0;0;0;0;(-38.5794478 -3.7687145);
;2022-06-30 21:17:48;Rua Natal;Rua Porto Alegra;;Henrique Jorge;;Colisão;;Não informado;;Cruzamento;;;0;1;0;1;1;0;0;0;0;0;0;0;0;(-38.5912145 -3.7599207);
;2022-06-30 21:02:06;Rua Gilberto Camara;Dr Atualpa;;Vila Ellery;;Colisão;;Não informado;;Cruzamento;;;0;1;0;1;1;0;0;0;0;0;0;0;0;(-38.563052 -3.723317899999999);
;2022-06-30 20:32:45;Avenida Governador Raul Barbosa - Viaduto;;;Sao Joao Do Tauape;;Colisão;;Não informado;;Meio De Quadra Sem Numero;;;0;1;0;1;1;0;0;0;0;0;0;0;0;(-38.5046054 -3.7583541);
;2022-06-30 20:10:40;Senador Carlos Jereissati;;;Dias Macedo;;Colisão;;Não informado;;Meio De Quadra Sem Numero;;;0;2;0;0;2;0;0;0;0;0;0;0;0;(-38.5242645 -3.7832708);
;2022-06-30 19:17:18;Delmiro De Farias;Rua Machado De Assis;;Damas;;Colisão;;Não informado;;Cruzamento;;;0;1;0;1;1;0;0;0;0;0;0;0;0;(-38.5483659 -3.7495183);
;2022-06-30 19:03:40;Via Coletora A;Avenida Nove;;Mondubim;;Colisão;;Não informado;;Cruzamento;;;0;1;0;0;1;0;0;0;0;1;0;0;0;(-38.5802522 -3.81661);
;2022-06-30 18:51:14;Av Leste Oeste;;;Cristo Redentor;;Colisão;;Não informado;;Meio De Quadra;;;0;1;0;0;2;0;0;0;0;0;0;0;0;(0 0);
;2022-06-30 18:18:09;Emilio De Menezes;;;Bonsucesso;;Colisão;;Não informado;;Meio De Quadra;;;0;1;0;1;1;0;0;0;0;0;0;0;0;(-38.5926285 -3.7803945);
;2022-06-30 18:17:37;Av C;& Av F;;Conjunto Ceara;;Colisão;;Não informado;;Cruzamento;;;0;1;0;0;2;0;0;0;0;0;0;0;0;(-73.97931179999999 40.6999501);
;2022-06-30 17:54:09;Rubia Sampaio;;;Farias Brito;;Queda;;Não informado;;Meio De Quadra;;;0;1;0;0;0;0;0;0;0;1;0;0;0;(-38.5410338 -3.7339574);
;2022-06-30 17:52:51;Rua Floriano Peixoto;;;Centro;;Colisão;;Não informado;;Meio De Quadra;;;0;1;0;1;1;0;0;0;0;0;0;0;0;(-38.5311548 -3.74022);
;2022-06-30 17:32:07;Avenida Washington Soares;;;Messejana;;Atropelamento;;Não informado;;Meio De Quadra;;;0;1;0;0;1;0;0;0;0;0;0;0;0;(-38.4825694 -3.8284527);
;2022-06-30 17:31:21;Alberto Craveiro;;;Boa Vista;;Colisão;;Não informado;;Meio De Quadra Sem Numero;;;0;2;0;1;1;0;0;0;0;0;0;0;0;(-38.5200995 -3.8012212);
;2022-06-30 17:25:28;Rua Teodomiro De Castro;;;Alvaro Weyne;;Colisão;;Não informado;;Meio De Quadra;;;0;1;0;0;2;0;0;0;0;0;0;0;0;(-38.5690623 -3.7201798);
;2022-06-30 17:19:35;C;Quarta Etapa;;Conjunto Ceara;;Colisão;;Não informado;;Cruzamento;;;0;1;0;0;2;0;0;0;0;0;0;0;0;(-38.6187736 -3.7723026);
;2022-06-30 16:25:45;Rua Julio Gaspar;;;Parangaba;;Colisão;;Não informado;;Meio De Quadra;;;0;1;0;1;1;0;0;0;0;0;0;0;0;(-38.5621717 -3.7834561);
;2022-06-30 14:17:34;13 De Maio;;;Fatima;;Colisão;;Não informado;;Meio De Quadra Sem Numero;;;0;1;0;1;1;0;0;0;0;0;0;0;0;(-38.5297266 -3.7489328);
;2022-06-30 12:07:41;Borges De Melo;;;Parreao;;Colisão;;Não informado;;Meio De Quadra;;;0;1;0;1;1;0;0;0;0;0;0;0;0;(-38.53537130000001 -3.7557352);
;2022-06-30 10:10:51;Godofredo Maciel;;;Mondubim;;Queda;;Não informado;;Meio De Quadra;;;0;2;0;1;0;0;0;0;0;0;0;0;0;(-38.5752039 -3.8175437);
;2022-06-30 09:57:24;CE 040;;;Messejana;;Queda;;Não informado;;Meio De Quadra;;;0;1;0;0;0;0;0;0;0;1;0;0;0;(0 0);
;2022-06-30 01:05:59;Doutor Joao Amora;;;Manuel Satiro;;Atropelamento;;Não informado;;Meio De Quadra;;;0;1;0;1;0;0;0;0;0;0;0;0;0;(-38.5865314 -3.7995297);
;2022-06-30 00:27:26;Miguel Gurgel -- Upa Messejana;;;Messejana;;Queda;;Não informado;;Meio De Quadra Sem Numero;;;0;1;0;0;0;0;0;0;0;1;0;0;0;(-38.48236 -3.839615);
;2022-06-29 23:45:57;109.0;;;Jangurussu;;Queda;;Não informado;;Meio De Quadra;;;0;1;0;1;0;0;0;0;0;0;0;0;0;(-38.52336 -3.83002);
;2022-06-29 21:58:05;Goianeza;;;Parque Genibau;;Atropelamento;;Não informado;;Meio De Quadra;;;0;1;0;0;1;0;0;0;0;0;0;0;0;(-38.6023263 -3.753701299999999);
;2022-06-29 21:50:20;Washington Soares;;;Messejana;;Atropelamento;;Não informado;;Meio De Quadra Sem Numero;;;0;1;0;0;1;0;0;0;0;0;0;0;0;(-38.4822017 -3.828229);
;2022-06-29 20:41:02;Rua Professor Heribaldo Costa;;;Henrique Jorge;;Colisão;;Não informado;;Meio De Quadra;;;0;1;0;2;0;0;0;0;0;0;0;0;0;(-38.5831388 -3.758862499999999);
;2022-06-29 17:08:04;BR 116 KM 8;;;Barroso;;Colisão;;Não informado;;Meio De Quadra;;;0;1;0;1;1;0;0;0;0;0;0;0;0;(0 0);
;2022-06-29 14:35:12;Rua Desembargador Praxedes;;;Vila Uniao;;Colisão;;Não informado;;Meio De Quadra;;;0;1;0;2;0;0;0;0;0;0;0;0;0;(-38.5385255 -3.7643194);
;2022-06-29 14:33:40;Inglaterra;Rua Jose Meneleu;;Itaperi;;Colisão;;Não informado;;Cruzamento;;;0;2;0;0;2;0;0;0;0;0;0;0;0;(-38.559995 -3.7833713);
;2022-06-29 11:59:04;Avenida Dioguinho -;;;Vicente Pinzon;;Colisão;;Não informado;;Meio De Quadra Sem Numero;;;0;1;0;1;1;0;0;0;0;0;0;0;0;(-38.4573152 -3.7342667);
;2022-06-29 11:57:59;Benjamim Brasil;;;Maraponga;;Colisão;;Não informado;;Meio De Quadra;;;0;1;0;1;1;0;0;0;0;0;0;0;0;(-38.5707408 -3.803806199999999);
;2022-06-29 11:04:28;Avenida Deputado Paulino Rocha;;;Cajazeiras;;Colisão;;Não informado;;Meio De Quadra;;;0;1;0;1;1;0;0;0;0;0;0;0;0;(-38.5076869 -3.803508099999999);
;2022-06-29 11:02:27;Pedro Sobrinho;;;Cidade Dos Funcionarios;;Queda;;Não informado;;Meio De Quadra;;;0;1;0;1;0;0;0;0;0;0;0;0;0;(-38.4994207 -3.8009148);
;2022-06-29 10:18:19;BR 116;;;Aerolandia;;Colisão;;Não informado;;Meio De Quadra Sem Numero;;;0;1;0;1;1;0;0;0;0;0;0;0;0;(0 0);
;2022-06-29 05:31:28;Sargento Fernamdes Tavora;;;Parangaba;;Queda;;Não informado;;Meio De Quadra Sem Numero;;;0;1;0;1;0;0;0;0;0;0;0;0;0;(-38.5744848 -3.7663439);
;2022-06-28 23:34:31;Coronel Matos Dourado;;;Pici;;Queda;;Não informado;;Meio De Quadra;;;0;1;0;1;0;0;0;0;0;0;0;0;0;(-38.5835575 -3.75119);
;2022-06-28 23:00:56;Pergentino Maia;;;Messejana;;Atropelamento;;Não informado;;Meio De Quadra;;;0;1;0;0;0;0;0;1;0;0;0;0;0;(-38.4887292 -3.8312448);
;2022-06-28 22:45:51;Bernardo Manuel;;;Parque Dois Irmaos;;Colisão;;Não informado;;Meio De Quadra;;;0;1;0;1;1;0;0;0;0;0;0;0;0;(-38.5530446 -3.806188);
;2022-06-28 21:26:30;Borges De Melo;;;Fatima;;Colisão;;Não informado;;Meio De Quadra;;;0;1;0;1;1;0;0;0;0;0;0;0;0;(-38.5251426 -3.7611492);
;2022-06-28 21:00:18;Guilherme Rocha;Imperador;;Centro;;Colisão;;Não informado;;Cruzamento;;;0;1;0;1;1;0;0;0;0;0;0;0;0;(-38.5338704 -3.7250702);
;2022-06-28 20:34:17;BR 116 KM 9;;;Messejana;;Colisão;;Não informado;;Meio De Quadra;;;0;2;0;2;0;0;0;0;0;0;0;0;0;(0 0);
;2022-06-28 18:39:24;Mister Hull;;;Antonio Bezerra;;Colisão;;Não informado;;Meio De Quadra Sem Numero;;;0;1;0;1;1;0;0;0;0;0;0;0;0;(-38.5918137 -3.7395231);
;2022-06-28 17:23:10;Av Carlos Amora - Terminal De Parangaba;;;Parangaba;;Atropelamento;;Não informado;;Meio De Quadra Sem Numero;;;0;1;0;0;0;0;0;1;0;0;0;0;0;(-38.5630536 -3.7763133);
;2022-06-28 17:13:09;Rua Teodoro De Castro;;;Granja Lisboa;;Colisão;;Não informado;;Meio De Quadra;;;0;1;0;1;1;0;0;0;0;0;0;0;0;(-38.6163589 -3.7766739);
;2022-06-28 15:25:46;Avenida Pompilio Gomes;;;Passare;;Colisão;;Não informado;;Meio De Quadra;;;0;1;0;0;2;0;0;0;0;0;0;0;0;(-38.5212092 -3.8199181);
;2022-06-28 15:19:59;Santa Rosa;Rua Dom Quintino;;Pirambu;;Colisão;;Não informado;;Cruzamento;;;0;1;0;1;1;0;0;0;0;0;0;0;0;(-38.5531618 -3.7115614);
;2022-06-28 14:42:11;Senador Fernandes Tavora - Upa  Autran Nunes;;;Autran Nunes;;Queda;;Não informado;;Meio De Quadra;;;0;1;0;0;0;0;0;0;0;1;0;0;0;(-38.59431379999999 -3.7561761);
;2022-06-28 14:12:48;Rua Assunção;;;Jose Bonifacio;;Colisão;;Não informado;;Meio De Quadra;;;0;1;0;1;1;0;0;0;0;0;0;0;0;(-38.5315139 -3.743462);
;2022-06-28 13:39:02;8;;;Prefeito Jose Walter;;Colisão;;Não informado;;Meio De Quadra;;;0;1;0;0;2;0;0;0;0;0;0;0;0;(0 0);
;2022-06-28 08:47:25;Perimetral;;;Henrique Jorge;;Colisão;;Não informado;;Meio De Quadra;;;0;1;0;2;0;0;0;0;0;0;0;0;0;(-38.5861628 -3.795023);
;2022-06-28 02:10:16;Antonio Gadelha;;;Messejana;;Colisão;;Não informado;;Meio De Quadra;;;0;1;0;0;2;0;0;0;0;0;0;0;0;(-38.4988635 -3.8327025);
;2022-06-27 23:59:33;Fiscal Vieira;;;Joaquim Tavora;;Colisão;;Não informado;;Meio De Quadra;;;0;1;0;1;1;0;0;0;0;0;0;0;0;(-38.5170622 -3.7487005);
;2022-06-27 23:15:25;Visconde De Maua;;;Aldeota;;Colisão;;Não informado;;Meio De Quadra Sem Numero;;;0;1;0;1;1;0;0;0;0;0;0;0;0;(-38.4999678 -3.7379054);
;2022-06-27 23:04:08;Emilio De Menezes;;;Bonsucesso;;Colisão;;Não informado;;Meio De Quadra;;;0;1;0;0;2;0;0;0;0;0;0;0;0;(-38.592984 -3.780385);
;2022-06-27 22:58:34;Av. Bezerra De Menese;;;Sao Gerardo;;Atropelamento;;Não informado;;Meio De Quadra;;;0;1;0;0;0;0;0;1;0;0;0;0;0;(-38.5534138 -3.7336891);
;2022-06-27 22:32:55;Visconde De Maua;;;Dionisio Torres;;Colisão;;Não informado;;Meio De Quadra Sem Numero;;;0;1;0;1;1;0;0;0;0;0;0;0;0;(-38.5021668 -3.7443288);
;2022-06-27 22:28:39;Pedro Martins;;;Bom Jardim;;Colisão;;Não informado;;Meio De Quadra;;;0;1;0;0;2;0;0;0;0;0;0;0;0;(-38.6057442 -3.7976212);
;2022-06-27 20:28:46;Perimetral;;;Mondubim;;Colisão;;Não informado;;Meio De Quadra Sem Numero;;;0;1;0;1;1;0;0;0;0;0;0;0;0;(-38.5327995 -3.8276466);
;2022-06-27 19:32:26;Rua Fausto Cabral;;;Papicu;;Queda;;Não informado;;Meio De Quadra;;;0;1;0;1;0;0;0;0;0;0;0;0;0;(-38.4728028 -3.734646699999999);
;2022-06-27 19:29:25;Maria Quintela;;;Bonsucesso;;Colisão;;Não informado;;Meio De Quadra;;;0;1;0;1;1;0;0;0;0;0;0;0;0;(0 0);
;2022-06-27 18:02:37;Lineu Machado;;;Joao Xxiii;;Colisão;;Não informado;;Meio De Quadra;;;0;1;0;1;1;0;0;0;0;0;0;0;0;(-38.5801347 -3.7724754);
;2022-06-27 13:44:51;Rua Iracema - Val Paraisio;;;Conjunto Palmeiras;;Colisão;;Não informado;;Meio De Quadra Sem Numero;;;0;2;0;2;0;0;0;0;0;0;0;0;0;(-38.5270831 -3.8432365);
;2022-06-27 12:49:28;Rui Monte;;;Antonio Bezerra;;Colisão;;Não informado;;Meio De Quadra;;;0;1;0;1;1;0;0;0;0;0;0;0;0;(-38.5874575 -3.7424415);
;2022-06-27 12:03:43;Rua Antonio Nery;;;Granja Portugal;;Queda;;Não informado;;Meio De Quadra;;;0;2;0;1;0;0;0;0;0;0;0;0;0;(-38.6007701 -3.780031699999999);
;2022-06-27 11:53:48;Avenida Doutor Silas Munguba;;;Serrinha;;Colisão;;Não informado;;Meio De Quadra;;;0;1;0;1;1;0;0;0;0;0;0;0;0;(-38.5309513 -3.7998929);
;2022-06-27 10:26:57;Andrade Furtado;;;Coco;;Colisão;;Não informado;;Meio De Quadra;;;0;1;0;1;1;0;0;0;0;0;0;0;0;(-38.4819944 -3.7452597);
;2022-06-27 10:24:16;Deputado Paulino Rocha;;;Cajazeiras;;Queda;;Não informado;;Meio De Quadra Sem Numero;;;0;1;0;1;0;0;0;0;0;0;0;0;0;(-38.5081884 -3.8061682);
;2022-06-27 09:06:53;BR 116;;;Jardim Das Oliveiras;;Atropelamento;;Não informado;;Meio De Quadra Sem Numero;;;0;1;0;0;1;0;0;0;0;0;0;0;0;(0 0);
;2022-06-27 07:23:24;Rua Jose Stubal  Pessoa;;;Vicente Pinzon;;Queda;;Não informado;;Meio De Quadra;;;0;1;0;1;0;0;0;0;0;0;0;0;0;(-38.4720903 -3.7210213);
;2022-06-27 03:10:33;Ismael Pordeus;;;Vicente Pinzon;;Queda de moto;;Não informado;;Meio De Quadra Sem Numero;;;0;1;0;2;0;0;0;0;0;0;0;0;0;(-38.4684904 -3.722594);
;2022-06-27 03:09:07;Via De Pedestre 01 Leste Oeste;;;Vicente Pinzon;;Colisão;;Não informado;;Meio De Quadra Sem Numero;;;0;1;0;2;0;0;0;0;0;0;0;0;0;(-38.4722304 -3.722997);
;2022-06-26 23:51:15;Rua Estudante Silva Carneiro;;;Paupina;;Colisão;;Não informado;;Meio De Quadra;;;0;1;0;1;1;0;0;0;0;0;0;0;0;(-38.4975881 -3.8748732);
;2022-06-26 23:41:59;Veriador Pedro Paulo;;;Parque Manibura;;Atropelamento;;Não informado;;Meio De Quadra;;;0;2;0;1;0;0;0;0;0;0;0;0;0;(-38.4909671 -3.7866185);
;2022-06-26 22:00:47;Avenida Alberto Craveiro;;;Dias Macedo;;Queda de moto;;Não informado;;Meio De Quadra Sem Numero;;;0;1;0;2;0;0;0;0;0;0;0;0;0;(-38.5169862 -3.788271);
;2022-06-26 19:41:55;Avenida Bernardo Manuel;;;Parque Dois Irmaos;;Atropelamento;;Não informado;;Meio De Quadra;;;0;1;0;1;0;0;0;0;0;0;0;0;0;(-38.5507534 -3.7968916);
;2022-06-26 18:35:29;Coronel Carvalho;;;Jardim Iracema;;Colisão;;Não informado;;Meio De Quadra;;;0;1;0;1;1;0;0;0;0;0;0;0;0;(-38.5848302 -3.7283205);
;2022-06-26 18:34:41;Avenida Sargento Herminio Sampaio;;;Parque Presidente Vargas;;Colisão;;Não informado;;Meio De Quadra;;;0;1;0;2;0;0;0;0;0;0;0;0;0;(-38.5694876 -3.7280307);
;2022-06-26 18:26:17;Avenida Bernardo Manuel;;;Prefeito Jose Walter;;Colisão;;Não informado;;Meio De Quadra;;;0;1;0;1;1;0;0;0;0;0;0;0;0;(-38.56166990000001 -3.8323704);
;2022-06-26 16:09:56;Avenida Godofredo Maciel;;;Maraponga;;Colisão;;Não informado;;Meio De Quadra;;;0;1;0;0;2;0;0;0;0;0;0;0;0;(0 0);
;2022-06-26 08:47:34;George Cavalcante;Raimundo Gomes;;Jardim Guanabara;;Queda;;Não informado;;Cruzamento;;;0;1;0;1;0;0;0;0;0;0;0;0;0;(-38.5925319 -3.7225996);
;2022-06-26 03:59:42;N;;;Prefeito Jose Walter;;Colisão;;Não informado;;Meio De Quadra;;;0;1;0;1;1;0;0;0;0;0;0;0;0;(0 0);
;2022-06-26 02:09:49;Av. Almirante Barroso;; ;Praia De Iracema;;Colisão;;Não informado;;Meio De Quadra;;;0;1;0;1;1;0;0;0;0;0;0;0;0;(-38.5140401 -3.7202587);
;2022-06-26 01:05:26;Candido Maia;;;Antonio Bezerra;;Atropelamento;;Não informado;;Meio De Quadra;;;0;1;0;0;0;0;0;0;0;0;1;0;0;(-38.5901092 -3.7371858);
;2022-06-25 21:59:04;Rua Senador Pompeu - Pedro Pereira;;;Centro;;Colisão;;Não informado;;Meio De Quadra Sem Numero;;;0;1;0;2;0;0;0;0;0;0;0;0;0;(-38.5303168 -3.7291192);
;2022-06-25 19:56:33;Av  F;;;Conjunto Ceara;;Colisão;;Não informado;;Meio De Quadra;;;0;2;0;2;0;0;0;0;0;0;0;0;0;(0 0);
;2022-06-25 18:50:21;Avenida Barao De Studart;;;Meireles;;Colisão;;Não informado;;Meio De Quadra;;;0;1;0;0;2;0;0;0;0;0;0;0;0;(-38.5057479 -3.7328713);
;2022-06-25 18:08:03;Rua Brigadeiro Vilela;;;Aerolandia;;Colisão;;Não informado;;Meio De Quadra;;;0;1;0;0;2;0;0;0;0;0;0;0;0;(-38.5154665 -3.770824);
;2022-06-25 17:55:24;Av Coengo De Castro;;;Canindezinho;;Queda;;Não informado;;Meio De Quadra;;;0;1;0;1;0;0;0;0;0;0;0;0;0;(-38.6056054 -3.8240782);
;2022-06-25 17:48:47;Rua Almirante Rubim -;Irman Bazer;;Montese;;Colisão;;Não informado;;Cruzamento;;;0;1;0;1;1;0;0;0;0;0;0;0;0;(-38.552686 -3.7639659);
;2022-06-25 16:55:22;Rua Coletor Antonio Gadelha;;;Messejana;;Atropelamento;;Não informado;;Meio De Quadra;;;0;1;0;1;0;0;0;0;0;0;0;0;0;(-38.4972685 -3.8327422);
;2022-06-25 15:07:57;Presidente Castelo Branco - Upa Pirambu;;;Cristo Redentor;;Colisão;;Não informado;;Meio De Quadra Sem Numero;;;0;1;0;0;2;0;0;0;0;0;0;0;0;(-38.5645486 -3.7095397);
;2022-06-25 14:46:28;Miguel Gurgel -- Upa Messejana;;;Messejana;;Queda;;Não informado;;Meio De Quadra Sem Numero;;;0;1;0;1;0;0;0;0;0;0;0;0;0;(-38.48236 -3.839615);
;2022-06-25 14:05:08;Avenida General Osorio De Paiva;;;Parangaba;;Queda;;Não informado;;Meio De Quadra;;;0;2;0;1;0;0;0;0;0;0;0;0;0;(-38.562713 -3.772639);
;2022-06-25 12:14:44;Avenida Major Assis;;;Jardim Iracema;;Atropelamento;;Não informado;;Meio De Quadra;;;0;1;0;0;0;0;0;0;0;1;0;0;0;(-38.5821534 -3.7240636);
;2022-06-25 10:57:44;Washington Soares;;;Edson Queiroz;;Colisão;;Não informado;;Meio De Quadra Sem Numero;;;0;1;0;1;1;0;0;0;0;0;0;0;0;(-38.481665 -3.7762191);
;2022-06-25 09:39:49;Presidente Costa E Silva (Perimetral);;;Mondubim;;Colisão;;Não informado;;Meio De Quadra Sem Numero;;;0;1;0;1;1;0;0;0;0;0;0;0;0;(-38.5328668 -3.8281242);
;2022-06-25 08:40:54;Coronel Carvalho;;;Antonio Bezerra;;Atropelamento;;Não informado;;Meio De Quadra;;;0;1;0;0;1;0;0;0;0;0;0;0;0;(0 0);
;2022-06-25 07:32:27;Dioguinho;;;Vicente Pinzon;;Colisão;;Não informado;;Meio De Quadra;;;0;1;0;0;2;0;0;0;0;0;0;0;0;(-38.4459336 -3.7562952);
;2022-06-25 02:52:13;Br116;Quilometro 12;;Parque Santa Maria;;Colisão;;Não informado;;Cruzamento;;;0;1;0;0;2;0;0;0;0;0;0;0;0;(-41.9888488 -18.6761034);
;2022-06-25 01:06:20;Av Oliveira Paiva;Na Alça Do Viadulto Br 116;;Cajazeiras;;Queda;;Não informado;;Cruzamento;;;0;1;0;1;0;0;0;0;0;0;0;0;0;(-38.5054894 -3.7996206);
;2022-06-25 00:31:29;Engenheiro Antonio Ferreira Antero;;;Parque Manibura;;Queda;;Não informado;;Meio De Quadra;;;0;1;0;1;0;0;0;0;0;0;0;0;0;(-38.4843558 -3.7883636);
;2022-06-25 00:28:15;Mangel Arruda;;;Messejana;;Colisão;;Não informado;;Meio De Quadra;;;0;1;0;1;1;0;0;0;0;0;0;0;0;(-38.5032641 -3.8289471);
;2022-06-25 00:08:55;Escrivao Pinheiro - No Cruzamento Do Vlt;;;Sao Joao Do Tauape;;Colisão;;Não informado;;Meio De Quadra;;;0;1;0;0;2;0;0;0;0;0;0;0;0;(-38.5078473 -3.7583175);
;2022-06-24 23:58:05;Historiador Raimundo Girao;;;Praia De Iracema;;Atropelamento;;Não informado;;Meio De Quadra;;;0;1;0;0;1;0;0;0;0;0;0;0;0;(-38.5124802 -3.720815);
;2022-06-24 21:58:28;Dioguinho;Bairro Praia Do Futuro 2;;Praia Do Futuro 2;;Colisão;;Não informado;;Cruzamento;;;0;1;0;0;2;0;0;0;0;0;0;0;0;(-38.4435595 -3.760911);
;2022-06-24 21:42:41;Avenida Antonio Sales;;;Dionisio Torres;;Colisão;;Não informado;;Meio De Quadra Sem Numero;;;0;1;0;1;1;0;0;0;0;0;0;0;0;(-38.5024279 -3.7454466);
;2022-06-24 21:35:32;Padre Maximo Feitosa;;;Presidente Kennedy;;Colisão;;Não informado;;Meio De Quadra;;;0;1;0;1;1;0;0;0;0;0;0;0;0;(-38.57427879999999 -3.7318538);
;2022-06-24 21:17:58;Via Expressa - Praia;Sertao;;Varjota;;Atropelamento;;Não informado;;Cruzamento;;;0;1;0;1;0;0;0;0;0;0;0;0;0;(-38.49085 -3.7457388);
;2022-06-24 21:06:13;Conego De Castro;;;Manuel Satiro;;Colisão;;Não informado;;Meio De Quadra;;;0;1;0;2;0;0;0;0;0;0;0;0;0;(-38.5824013 -3.794642899999999);
;2022-06-24 20:47:31;Rua Humaita;;;Parque Genibau;;Colisão;;Não informado;;Meio De Quadra;;;0;1;0;2;0;0;0;0;0;0;0;0;0;(-38.6015248 -3.7652876);
;2022-06-24 20:27:04;Rua Joaquim Nabuco;;;Dionisio Torres;;Colisão;;Não informado;;Meio De Quadra;;;0;1;0;1;1;0;0;0;0;0;0;0;0;(-38.5062326 -3.751108);
;2022-06-24 20:05:30;Perimetral - Sentindo Academia De Policia;;;Cais Do Porto;;Atropelamento;;Não informado;;Meio De Quadra;;;0;1;0;1;0;0;0;0;0;0;0;0;0;(0 0);
;2022-06-24 19:56:35;Dioguinho  - Caça E Pesca;;;Antonio Diogo;;Colisão;;Não informado;;Meio De Quadra;;;0;1;0;0;2;0;0;0;0;0;0;0;0;(-38.437172 -3.7677319);
;2022-06-24 19:49:57;Rua Barao De Aratanha -;;;Fatima;;Colisão;;Não informado;;Meio De Quadra;;;0;1;0;0;2;0;0;0;0;0;0;0;0;(-38.5305805 -3.7449175);
;2022-06-24 19:34:30;Eduardo Brigido Monteiro;;;Engenheiro Luciano Cavalcante;;Colisão;;Não informado;;Meio De Quadra Sem Numero;;;0;1;0;1;1;0;0;0;0;0;0;0;0;(-38.485019 -3.7846721);
;2022-06-24 19:26:30;Avenida Radialista Jose Lima Verde;;;Barra Do Ceara;;Queda de moto;;Não informado;;Meio De Quadra Sem Numero;;;0;2;0;2;0;0;0;0;0;0;0;0;0;(-38.5898182 -3.7023369);
;2022-06-24 19:20:00;Av Alberto Craveiro;;;Boa Vista;;Colisão;;Não informado;;Meio De Quadra;;;0;2;0;2;0;0;0;0;0;0;0;0;0;(-38.5195813 -3.8015484);
;2022-06-24 19:03:25;Professor Eribaldo Costa;Rua Chui;;Henrique Jorge;;Colisão;;Não informado;;Cruzamento;;;0;1;0;1;1;0;0;0;0;0;0;0;0;(-38.588562 -3.768949199999999);
;2022-06-24 17:14:59;Engenheiro Santana Junior;;;Coco;;Colisão;;Não informado;;Meio De Quadra Sem Numero;;;0;1;0;1;1;0;0;0;0;0;0;0;0;(-38.4880925 -3.7441454);
;2022-06-24 16:21:32;Rua Onofre Sampaio Cavalcante;;;Parque Manibura;;Colisão;;Não informado;;Meio De Quadra;;;0;1;0;1;1;0;0;0;0;0;0;0;0;(-38.4856288 -3.7891552);
;2022-06-24 10:45:48;Perimetral;;;Messejana;;Colisão;;Não informado;;Meio De Quadra Sem Numero;;;0;1;0;1;1;0;0;0;0;0;0;0;0;(-38.5327995 -3.8276466);
;2022-06-24 10:43:45;Hugo Vitor;Professor Leite Gondim;;Antonio Bezerra;;Colisão;;Não informado;;Cruzamento;;;0;1;0;0;2;0;0;0;0;0;0;0;0;(-38.5912922 -3.7418296);