COD_ACIDENTE;DATA;LOG1;LOG2;NUMERO;BAIRRO;AMC;NATUREZA;ILUMINACAO;TEMPO;SUPERFICIEPISTA;TIPOCRUZAMENTO;CONTROLETRAFEGO;USOSOLO;MORTOS;FERIDOS;ILESOS;MOTOCICLETA;AUTOMOVEL;MICROONIBUS;CAMINHAO;ONIBUS;CICLOMOTOR;BICICLETA;OUTROS;TREM;TRACAOANIMAL;COORDENADAS
;2022-06-24 10:13:35;Vital Brasil;;;Bonsucesso;;Colisão;;Não informado;;Meio De Quadra;;;0;1;0;0;1;0;0;0;0;1;0;0;0;(0 0);
;2022-06-24 08:20:45;Godofredo Maciel;;;Maraponga;;Colisão;;Não informado;;Meio De Quadra Sem Numero;;;0;1;0;1;1;0;0;0;0;0;0;0;0;(-38.5700693 -3.7966838);
;2022-06-24 01:57:30;Consul Gouveia;;;Carlito Pamplona;;Colisão;;Não informado;;Meio De Quadra;;;0;1;0;1;1;0;0;0;0;0;0;0;0;(-38.5644892 -3.717197999999999);
;2022-06-23 23:24:19;Tenente Marcos Lira;;;Serrinha;;Atropelamento;;Não informado;;Meio De Quadra;;;0;1;0;1;0;0;0;0;0;0;0;0;0;(-38.5412277 -3.7887468);
;2022-06-23 23:12:29;Dom Aluisio Lochaider;R. Mozart Firmeza;;Parangaba;;Queda;;Não informado;;Cruzamento;;;0;1;0;0;0;0;0;0;0;1;0;0;0;(-38.5757517 -3.7676848);
;2022-06-23 23:04:54;Mister Hull;;;Não informado;;Queda;;Não informado;;Meio De Quadra;;;0;1;0;0;0;0;0;0;0;1;0;0;0;(-38.5763009 -3.7370699);
;2022-06-23 20:52:58;Avenida Sargento Herminio Sampaio;;;Monte Castelo;;Queda;;Não informado;;Meio De Quadra;;;0;1;0;1;0;0;0;0;0;0;0;0;0;(-38.5535984 -3.7248467);
;2022-06-23 20:11:53;Rua 5  Conjunto Tamandare;;;Jangurussu;;Colisão;;Não informado;;Meio De Quadra;;;0;1;0;0;1;0;0;0;0;1;0;0;0;(-38.55958 -3.82491);
;2022-06-23 20:10:43;Rua Vicente Leite;;;Aldeota;;Queda;;Não informado;;Meio De Quadra;;;0;1;0;1;0;0;0;0;0;0;0;0;0;(-38.493903 -3.7329597);
;2022-06-23 19:44:14;BR 020;;;Ancuri;;Colisão;;Não informado;;Meio De Quadra Sem Numero;;;0;2;0;0;2;0;0;0;0;0;0;0;0;(0 0);
;2022-06-23 18:53:07;Deputado Matoso Filho;;;Quintino Cunha;;Queda;;Não informado;;Meio De Quadra;;;0;1;0;1;0;0;0;0;0;0;0;0;0;(-38.5922043 -3.7333039);
;2022-06-23 18:47:05;Doutor  Theberge;;;Alvaro Weyne;;Colisão;;Não informado;;Meio De Quadra;;;0;1;0;1;1;0;0;0;0;0;0;0;0;(-38.5654494 -3.7165274);
;2022-06-23 17:39:02;Avenida Filomeno Gomes - São Paulo;;;Jacarecanga;;Colisão;;Não informado;;Meio De Quadra;;;0;1;0;2;0;0;0;0;0;0;0;0;0;(-38.5414322 -3.7200583);
;2022-06-23 17:38:15;Pompilio Gomes;;;Passare;;Colisão;;Não informado;;Meio De Quadra;;;0;1;0;1;1;0;0;0;0;0;0;0;0;(-38.5214591 -3.8249213);
;2022-06-23 17:31:03;Presidente Castelo Branco - Upa Pirambu;;;Cristo Redentor;;Colisão;;Não informado;;Meio De Quadra Sem Numero;;;0;1;0;0;2;0;0;0;0;0;0;0;0;(-38.5645486 -3.7095397);
;2022-06-23 17:06:55;Rua Joao Crispim;;;Paupina;;Colisão;;Não informado;;Meio De Quadra;;;0;1;0;0;2;0;0;0;0;0;0;0;0;(-38.4942623 -3.857011);
;2022-06-23 16:34:29;Engenheiro Antonio Ferreira Antero;;;Parque Manibura;;Colisão;;Não informado;;Meio De Quadra;;;0;1;0;1;1;0;0;0;0;0;0;0;0;(-38.4830893 -3.7882656);
;2022-06-23 14:55:54;Silas Ribeiro;;;Papicu;;Colisão;;Não informado;;Meio De Quadra;;;0;1;0;1;1;0;0;0;0;0;0;0;0;(-38.4818096 -3.7379818);
;2022-06-23 13:44:39;General Bernardo Figueiredo;;;Parque Araxa;;Colisão;;Não informado;;Meio De Quadra;;;0;1;0;1;1;0;0;0;0;0;0;0;0;(-38.549978 -3.7393789);
;2022-06-23 12:37:26;Floriano Peixoto;;;Centro;;Colisão;;Não informado;;Meio De Quadra;;;0;1;0;0;2;0;0;0;0;0;0;0;0;(-38.5260763 -3.7245314);
;2022-06-23 12:12:00;Barbara De Alencar;;;Centro;;Colisão;;Não informado;;Meio De Quadra;;;0;1;0;2;0;0;0;0;0;0;0;0;0;(-38.5186886 -3.7363357);
;2022-06-23 11:47:59;Avenida Carneiro De Mendonça;;;Joquei Clube;;Colisão;;Não informado;;Meio De Quadra;;;0;1;0;0;2;0;0;0;0;0;0;0;0;(-38.5781833 -3.7581696);
;2022-06-23 11:27:02;Avenida Duque De Caxias;;;Centro;;Atropelamento;;Não informado;;Meio De Quadra;;;0;1;0;0;1;0;0;0;0;0;0;0;0;(-38.5263073 -3.7331612);
;2022-06-23 11:15:56;Augusto Benevides;;;Ancuri;;Queda;;Não informado;;Meio De Quadra;;;0;1;0;1;0;0;0;0;0;0;0;0;0;(-38.49889170000001 -3.849147699999999);
;2022-06-23 11:08:27;Jose Baima;Joaquim Felicio;;Guajiru;;Colisão;;Não informado;;Cruzamento;;;0;1;0;2;0;0;0;0;0;0;0;0;0;(-38.4815756 -3.8314345);
;2022-06-23 10:51:25;Rua Frei Vidal;Rua Paulo Firmesa;;Sao Joao Do Tauape;;Colisão;;Não informado;;Cruzamento;;;0;2;0;1;1;0;0;0;0;0;0;0;0;(-38.5174559 -3.7575873);
;2022-06-23 10:33:27;Joao Pessoa;;;Damas;;Colisão;;Não informado;;Meio De Quadra;;;0;1;0;1;1;0;0;0;0;0;0;0;0;(-38.5512766 -3.7545475);
;2022-06-23 02:45:43;Jose Amora;;;Parangaba;;Colisão;;Não informado;;Meio De Quadra Sem Numero;;;0;2;0;1;1;0;0;0;0;0;0;0;0;(0 0);
;2022-06-23 02:31:41;Washington Soares;;;Curio;;Atropelamento;;Não informado;;Meio De Quadra;;;0;1;0;0;1;0;0;0;0;0;0;0;0;(-38.4811689 -3.8234666);
;2022-06-22 20:11:58;Av. Contorno Norte;;;Conjunto Esperanca;;Colisão;;Não informado;;Meio De Quadra;;;0;1;0;1;1;0;0;0;0;0;0;0;0;(-38.5898172 -3.811195399999999);
;2022-06-22 20:08:42;Eduardo Girao;Rua Julio Cesar;;Jardim America;;Colisão;;Não informado;;Cruzamento;;;0;1;0;0;2;0;0;0;0;0;0;0;0;(-38.5404932 -3.7474555);
;2022-06-22 20:06:57;Avenida Joao Pessoa;;;Parangaba;;Colisão;;Não informado;;Meio De Quadra;;;0;2;0;1;1;0;0;0;0;0;0;0;0;(-38.561095 -3.7699951);
;2022-06-22 19:58:00;Avenida Senador Fernandes Tavora - Ate 593 - Lado Impar;;;Joquei Clube;;Colisão;;Não informado;;Meio De Quadra;;;0;1;0;1;1;0;0;0;0;0;0;0;0;(-38.5868083 -3.7598014);
;2022-06-22 19:40:18;Santos Dumont;Barão De Studart;;Aldeota;;Colisão;;Não informado;;Cruzamento;;;0;1;0;0;2;0;0;0;0;0;0;0;0;(-38.5062444 -3.7336639);
;2022-06-22 19:30:45;Av. Sargento Herminio;;;Vila Ellery;;Colisão;;Não informado;;Meio De Quadra;;;0;1;0;1;1;0;0;0;0;0;0;0;0;(-38.5626024 -3.7269341);
;2022-06-22 18:31:42;Rua Francisco Lima E Silva;;;Jangurussu;;Queda;;Não informado;;Meio De Quadra;;;0;1;0;1;0;0;0;0;0;0;0;0;0;(-38.5130549 -3.8407877);
;2022-06-22 17:01:30;Avenida Dom Luis;;;Meireles;;Colisão;;Não informado;;Meio De Quadra Sem Numero;;;0;1;0;1;1;0;0;0;0;0;0;0;0;(-38.4954412 -3.7339158);
;2022-06-22 16:19:15;Alberto Craveiro;;;Boa Vista;;Colisão;;Não informado;;Meio De Quadra Sem Numero;;;0;1;0;1;1;0;0;0;0;0;0;0;0;(-38.5200995 -3.8012212);
;2022-06-22 15:42:35;Rua Napoleao Quezado;;;Parangaba;;Colisão;;Não informado;;Meio De Quadra Sem Numero;;;0;1;0;0;2;0;0;0;0;0;0;0;0;(-38.5662558 -3.7781421);
;2022-06-22 14:35:14;2022;;;Montese;;Colisão;;Não informado;;Meio De Quadra;;;0;1;0;0;2;0;0;0;0;0;0;0;0;(0 0);
;2022-06-22 12:45:11;Silas Munguba;;;Serrinha;;Colisão;;Não informado;;Meio De Quadra;;;0;1;0;1;1;0;0;0;0;0;0;0;0;(-38.5541228 -3.7839959);
;2022-06-22 11:08:03;Barao Do Rio;Rua Senador Alencar;;Centro;;Colisão;;Não informado;;Cruzamento;;;0;1;0;1;1;0;0;0;0;0;0;0;0;(-38.5277824 -3.7248792);
;2022-06-22 10:18:49;Osorio De Paiva;;;Parangaba;;Colisão;;Não informado;;Meio De Quadra;;;0;1;0;1;1;0;0;0;0;0;0;0;0;(-38.57336859999999 -3.779566399999999);
;2022-06-22 10:13:26;Monsenhor Hipolito Brasil;;;Henrique Jorge;;Colisão;;Não informado;;Meio De Quadra;;;0;2;0;2;0;0;0;0;0;0;0;0;0;(-38.5812833 -3.7574444);
;2022-06-22 09:59:35;Avenida Dioguinho;;;Vicente Pinzon;;Colisão;;Não informado;;Meio De Quadra;;;0;1;0;1;1;0;0;0;0;0;0;0;0;(-38.4489984 -3.7500585);
;2022-06-22 09:36:53;Germano Franklin;;;Parangaba;;Colisão;;Não informado;;Meio De Quadra;;;0;1;0;0;1;0;0;0;0;1;0;0;0;(-38.5630126 -3.7784427);
;2022-06-22 09:25:13;Carlos Jereissati;;;Aerolandia;;Colisão;;Não informado;;Meio De Quadra Sem Numero;;;0;2;0;1;1;0;0;0;0;0;0;0;0;(-38.5353259 -3.7822053);
;2022-06-22 08:35:24;Presidente Costa Silva;;;Prefeito Jose Walter;;Colisão;;Não informado;;Meio De Quadra Sem Numero;;;0;1;0;0;2;0;0;0;0;0;0;0;0;(-38.5443558 -3.8244455);
;2022-06-22 02:02:10;Jose Dantas Pereira;;;Canindezinho;;Queda;;Não informado;;Meio De Quadra;;;0;1;0;1;0;0;0;0;0;0;0;0;0;(-38.609057 -3.8216888);
;2022-06-21 23:10:01;Sao Paulo;;;Centro;;Colisão;;Não informado;;Meio De Quadra;;;0;1;0;0;2;0;0;0;0;0;0;0;0;(-38.5387873 -3.7224718);
;2022-06-21 23:08:57;Carneiro De Mendonça;;;Democrito Rocha;;Atropelamento;;Não informado;;Meio De Quadra;;;0;1;0;0;1;0;0;0;0;0;0;0;0;(-38.5705798 -3.7622867);
;2022-06-21 23:07:13;Godofredo Maciel;;;Maraponga;;Colisão;;Não informado;;Meio De Quadra;;;0;2;0;1;1;0;0;0;0;0;0;0;0;(-38.5686932 -3.7938154);
;2022-06-21 21:58:11;Avenida Joao Pessoa;;;Parangaba;;Colisão;;Não informado;;Meio De Quadra;;;0;2;0;1;1;0;0;0;0;0;0;0;0;(-38.5615359 -3.768615);
;2022-06-21 20:44:49;BR 116 KM 13;;;Messejana;;Colisão;;Não informado;;Meio De Quadra Sem Numero;;;0;1;0;1;1;0;0;0;0;0;0;0;0;(0 0);
;2022-06-21 20:25:26;Rua Professor Teodorico;;;Montese;;Queda;;Não informado;;Meio De Quadra;;;0;2;0;0;0;0;0;0;0;1;0;0;0;(-38.5534446 -3.768665);
;2022-06-21 20:19:27;Presidente Castelo Branco - Upa Pirambu;;;Cristo Redentor;;Atropelamento;;Não informado;;Meio De Quadra Sem Numero;;;0;1;0;0;0;0;0;0;0;0;1;0;0;(-38.5645486 -3.7095397);
;2022-06-21 19:09:16;Rua Paulo Firmeza -;;;Sao Joao Do Tauape;;Queda;;Não informado;;Meio De Quadra;;;0;1;0;1;0;0;0;0;0;0;0;0;0;(-38.51080779999999 -3.756861);
;2022-06-21 19:06:44;Jacinto De Matos;;;Jacarecanga;;Colisão;;Não informado;;Meio De Quadra;;;0;1;0;1;1;0;0;0;0;0;0;0;0;(-38.5469523 -3.718911);
;2022-06-21 18:58:01;Rua Joaquim Moreira;;;Parangaba;;Colisão;;Não informado;;Meio De Quadra Sem Numero;;;0;1;0;0;2;0;0;0;0;0;0;0;0;(-38.5629667 -3.7706568);
;2022-06-21 18:36:27;Avenida Independencia;;;Jardim Guanabara;;Colisão;;Não informado;;Meio De Quadra;;;0;1;0;1;1;0;0;0;0;0;0;0;0;(-38.5940862 -3.7261217);
;2022-06-21 16:09:10;Rua Das Pedrinhas;;;Parque Genibau;;Colisão;;Não informado;;Meio De Quadra;;;0;1;0;1;1;0;0;0;0;0;0;0;0;(-38.600379 -3.7641642);
;2022-06-21 15:11:12;Val Paraiso;;;Jangurussu;;Colisão;;Não informado;;Meio De Quadra;;;0;1;0;1;1;0;0;0;0;0;0;0;0;(-38.5094015 -3.8496698);
;2022-06-21 14:37:29;Francisco Alves Pereira;;;Cais Do Porto;;Colisão;;Não informado;;Meio De Quadra;;;0;1;0;1;0;0;0;0;0;0;0;0;0;(-38.4744261 -3.7225668);
;2022-06-21 13:32:03;Leste Oeste;;;Pirambu;;Colisão;;Não informado;;Meio De Quadra Sem Numero;;;0;1;0;0;2;0;0;0;0;0;0;0;0;(-38.5533245 -3.7123711);
;2022-06-21 13:30:48;Presidente Castelo Branco;;;Jacarecanga;;Colisão;;Não informado;;Meio De Quadra Sem Numero;;;0;1;0;0;2;0;0;0;0;0;0;0;0;(-38.5454338 -3.7149803);
;2022-06-21 12:44:11;Dom Luis;;;Aldeota;;Colisão;;Não informado;;Meio De Quadra;;;0;1;0;1;1;0;0;0;0;0;0;0;0;(-38.5006571 -3.7318649);
;2022-06-21 11:58:54;Maestro Lisboa;;;Lagoa Redonda;;Colisão;;Não informado;;Meio De Quadra Sem Numero;;;0;1;0;1;1;0;0;0;0;0;0;0;0;(-38.4644123 -3.8077874);
;2022-06-21 11:27:55;BR 116 KM 3;;;Aerolandia;;Colisão;;Não informado;;Meio De Quadra Sem Numero;;;0;1;0;1;1;0;0;0;0;0;0;0;0;(0 0);
;2022-06-21 10:39:23;Emilia Gonçalves;;;Quintino Cunha;;Colisão;;Não informado;;Meio De Quadra;;;0;1;0;2;0;0;0;0;0;0;0;0;0;(-38.5949396 -3.7283283);
;2022-06-21 09:45:51;Carapinima;;;Benfica;;Queda;;Não informado;;Meio De Quadra;;;0;1;0;0;0;0;0;0;0;1;0;0;0;(-38.5385927 -3.7382637);
;2022-06-21 03:39:32;Jose Bastos - Sentindo Centro;;;Democrito Rocha;;Atropelamento;;Não informado;;Meio De Quadra;;;0;1;0;1;0;0;0;0;0;0;0;0;0;(-38.5584637 -3.7570741);
;2022-06-21 01:55:03;Heribaldo Costa;;;Joao Xxiii;;Colisão;;Não informado;;Meio De Quadra;;;0;1;0;0;2;0;0;0;0;0;0;0;0;(-38.5862551 -3.7641888);
;2022-06-21 01:28:16;Antonio Sales;;;Dionisio Torres;;Queda;;Não informado;;Meio De Quadra;;;0;2;0;1;0;0;0;0;0;0;0;0;0;(-38.4941083 -3.748410499999999);
;2022-06-21 01:13:04;Dom Manuel;Tenente Benevolo;;Centro;;Colisão;;Não informado;;Cruzamento;;;0;1;0;0;2;0;0;0;0;0;0;0;0;(-38.5199208 -3.7245353);
;2022-06-21 00:39:31;Av . Mister Hull;;;Antonio Bezerra;;Queda;;Não informado;;Meio De Quadra;;;0;1;0;1;0;0;0;0;0;0;0;0;0;(-38.5933496 -3.7394494);
;2022-06-21 00:27:28;Terminal Antonio Bezerra;;;Antonio Bezerra;;Colisão;;Não informado;;Meio De Quadra Sem Numero;;;0;1;0;0;2;0;0;0;0;0;0;0;0;(-38.5916287 -3.7346969);
;2022-06-20 22:34:50;Rua Almirante Jaceguai;;;Centro;;Atropelamento;;Não informado;;Meio De Quadra Sem Numero;;;0;2;0;1;0;0;0;0;0;0;0;0;0;(-38.5193178 -3.7222813);
;2022-06-20 22:15:59;Francisco Sa;;;Carlito Pamplona;;Colisão;;Não informado;;Meio De Quadra;;;0;1;0;1;1;0;0;0;0;0;0;0;0;(-38.55511 -3.71819);
;2022-06-20 21:50:21;Rua Pedro Machado;;;Damas;;Colisão;;Não informado;;Meio De Quadra;;;0;1;0;0;1;0;0;0;0;1;0;0;0;(-38.5482149 -3.7561392);
;2022-06-20 21:30:24;Silas Munguba;;;Passare;;Colisão;;Não informado;;Meio De Quadra Sem Numero;;;0;1;0;0;2;0;0;0;0;0;0;0;0;(-38.5297827 -3.8016075);
;2022-06-20 21:11:23;Av. Governador Joao Carlos;;;Não informado;;Colisão;;Não informado;;Meio De Quadra;;;0;1;0;0;1;0;0;0;0;1;0;0;0;(0 0);
;2022-06-20 20:51:25;860;;;Conjunto Ceara;;Colisão;;Não informado;;Meio De Quadra Sem Numero;;;0;1;0;2;0;0;0;0;0;0;0;0;0;(-38.5993337 -3.7689275);
;2022-06-20 20:05:47;Anselmo Nogueira;;;Joao Xxiii;;Queda;;Não informado;;Meio De Quadra;;;0;1;0;1;0;0;0;0;0;0;0;0;0;(-38.5873934 -3.776565);
;2022-06-20 18:33:10;Rua Tulipa Negra;;;Parque Santa Rosa;;Colisão;;Não informado;;Meio De Quadra;;;0;1;0;1;1;0;0;0;0;0;0;0;0;(-38.5975416 -3.8193483);
;2022-06-20 17:59:32;Rua Abel Rochinha;;;Serrinha;;Queda;;Não informado;;Meio De Quadra;;;0;1;0;1;0;0;0;0;0;0;0;0;0;(-38.5394015 -3.7839515);
;2022-06-20 17:18:07;Meton De Alencar;;;Centro;;Colisão;;Não informado;;Meio De Quadra;;;0;1;0;1;1;0;0;0;0;0;0;0;0;(-38.525081 -3.7356795);
;2022-06-20 14:28:36;Pedro Wilson;;;Itaperi;;Colisão;;Não informado;;Meio De Quadra;;;0;1;0;1;1;0;0;0;0;0;0;0;0;(-38.5500293 -3.7897152);
;2022-06-20 11:41:48;Augusto Dos Anjos;;;Parangaba;;Colisão;;Não informado;;Meio De Quadra;;;0;1;0;1;1;0;0;0;0;0;0;0;0;(-38.571072 -3.771464999999999);
;2022-06-20 11:08:53;General Bezerril;;;Centro;;Queda;;Não informado;;Meio De Quadra;;;0;1;0;1;0;0;0;0;0;0;0;0;0;(-38.5256609 -3.724544499999999);
;2022-06-20 11:07:03;Senador Carlos Jereissati;;;Dias Macedo;;Colisão;;Não informado;;Meio De Quadra Sem Numero;;;0;1;0;1;1;0;0;0;0;0;0;0;0;(-38.5242645 -3.7832708);
;2022-06-20 10:33:19;Dioguinho - Praia Do Futuro;;;Antonio Diogo;;Colisão;;Não informado;;Meio De Quadra;;;0;2;0;1;1;0;0;0;0;0;0;0;0;(0 0);
;2022-06-20 10:31:07;Mister Hull;;;Antonio Bezerra;;Atropelamento;;Não informado;;Meio De Quadra Sem Numero;;;0;1;0;0;0;0;0;0;0;0;1;0;0;(-38.5918137 -3.7395231);
;2022-06-20 10:09:10;Ana Bilhar;;;Varjota;;Colisão;;Não informado;;Meio De Quadra;;;0;1;0;1;1;0;0;0;0;0;0;0;0;(-38.4901151 -3.731116);
;2022-06-20 01:49:23;Espirito Santo;;;Bela Vista;;Colisão;;Não informado;;Meio De Quadra;;;0;1;0;0;2;0;0;0;0;0;0;0;0;(-38.5685585 -3.7536933);
;2022-06-20 01:01:02;Brigadeiro Torres;Boa Vista;;Joao Xxiii;;Colisão;;Não informado;;Cruzamento;;;0;1;0;0;1;0;0;0;0;1;0;0;0;(-38.582623 -3.7708371);
;2022-06-20 00:15:44;Manoel Mavignier;;;Sabiaguaba;;Queda;;Não informado;;Meio De Quadra;;;0;1;0;1;0;0;0;0;0;0;0;0;0;(-38.4421349 -3.8053329);
;2022-06-19 23:53:44;Marcelino Lopes;;;Sapiranga;;Colisão;;Não informado;;Meio De Quadra;;;0;1;0;1;1;0;0;0;0;0;0;0;0;(-38.47523839999999 -3.7926886);
;2022-06-19 22:20:42;Rua Coronel Linhares;;;Aldeota;;Colisão;;Não informado;;Meio De Quadra;;;0;1;0;0;2;0;0;0;0;0;0;0;0;(0 0);
;2022-06-19 20:40:20;Rua Pernambuco;Estado Do Rio;;Democrito Rocha;;Colisão;;Não informado;;Cruzamento;;;0;1;0;0;2;0;0;0;0;0;0;0;0;(-38.5708452 -3.758437599999999);
;2022-06-19 19:40:40;Manoel Jesuino;;;Varjota;;Queda;;Não informado;;Meio De Quadra;;;0;1;0;0;0;0;0;0;0;1;0;0;0;(-38.4846022 -3.7271391);
;2022-06-19 18:41:14;Barao De Caninde C;;;Itaoca;;Colisão;;Não informado;;Meio De Quadra;;;0;1;0;1;1;0;0;0;0;0;0;0;0;(-38.5572555 -3.7699768);
;2022-06-19 16:49:59;Avenida Wenefrido Melo;;;Não informado;;Colisão;;Não informado;;Meio De Quadra;;;0;1;0;1;1;0;0;0;0;0;0;0;0;(-38.5759933 -3.8102339);
;2022-06-19 16:25:32;BR  116 - Na  Descida Do Viadulto Da Fae;;;Messejana;;Colisão;;Não informado;;Meio De Quadra Sem Numero;;;0;1;0;1;1;0;0;0;0;0;0;0;0;(-41.9888488 -18.6761034);
;2022-06-19 14:47:16;Almirante Rubim;;;Itaoca;;Colisão;;Não informado;;Meio De Quadra;;;0;1;0;0;2;0;0;0;0;0;0;0;0;(-38.5566135 -3.7712216);
;2022-06-19 14:28:55;Doutor Theberge;;;Alvaro Weyne;;Colisão;;Não informado;;Meio De Quadra;;;0;1;0;1;1;0;0;0;0;0;0;0;0;(0 0);
;2022-06-19 14:11:14;Alexandre Barauna;;;Não informado;;Atropelamento;;Não informado;;Meio De Quadra;;;0;1;0;0;1;0;0;0;0;0;0;0;0;(-38.5450958 -3.7538007);
;2022-06-19 11:28:25;Avenida Juscelino Kubitschek -;;;Passare;;Queda;;Não informado;;Meio De Quadra;;;0;1;0;0;0;0;0;0;0;1;0;0;0;(-38.5290414 -3.813144799999999);
;2022-06-19 09:41:44;Avenida General Osorio De Paiva;;;Vila Peri;;Colisão;;Não informado;;Meio De Quadra;;;0;1;0;1;1;0;0;0;0;0;0;0;0;(-38.5778797 -3.7831076);
;2022-06-19 08:10:42;Godofredo Maciel;;;Maraponga;;Colisão;;Não informado;;Meio De Quadra Sem Numero;;;0;2;0;1;1;0;0;0;0;0;0;0;0;(-38.5700693 -3.7966838);
;2022-06-19 08:08:25;Avenida Washington Soares;;;Messejana;;Queda;;Não informado;;Meio De Quadra Sem Numero;;;0;1;0;1;0;0;0;0;0;0;0;0;0;(-38.4822017 -3.828229);
;2022-06-19 07:48:43;Coronel De Carvalho;;;Barra Do Ceara;;Queda;;Não informado;;Meio De Quadra;;;0;1;0;1;0;0;0;0;0;0;0;0;0;(-38.58929060000001 -3.7126064);
;2022-06-19 03:40:46;Fernandes Tavora;;;Henrique Jorge;;Colisão;;Não informado;;Meio De Quadra;;;0;1;0;2;0;0;0;0;0;0;0;0;0;(-38.5843637 -3.7612054);
;2022-06-19 02:39:38;Perimetral;;;Jangurussu;;Atropelamento;;Não informado;;Meio De Quadra;;;0;1;0;1;0;0;0;0;0;0;0;0;0;(-38.5090259 -3.8301765);
;2022-06-19 02:17:37;Parana;;;Pan Americano;;Queda;;Não informado;;Meio De Quadra;;;0;1;0;1;0;0;0;0;0;0;0;0;0;(0 0);
;2022-06-19 00:15:23;Borges De Melo;;;Aeroporto;;Colisão;;Não informado;;Meio De Quadra Sem Numero;;;0;1;0;0;1;0;0;0;0;1;0;0;0;(-38.5287303 -3.760679699999999);
;2022-06-19 00:09:28;Avenida Presidente Castelo Branco;;;Pirambu;;Atropelamento;;Não informado;;Meio De Quadra;;;0;1;0;1;0;0;0;0;0;0;0;0;0;(-38.5475779 -3.7138134);
;2022-06-18 20:09:05;Alberto Magno;;;Montese;;Atropelamento;;Não informado;;Meio De Quadra;;;0;1;0;1;0;0;0;0;0;0;0;0;0;(0 0);
;2022-06-18 19:44:29;Barao De Aquiraz;Av Gurgel De Amaral 668;;Messejana;;Queda;;Não informado;;Cruzamento;;;0;1;0;1;0;0;0;0;0;0;0;0;0;(-38.4897536 -3.833934);
;2022-06-18 19:35:05;Osorio De Paiva;;;Parangaba;;Colisão;;Não informado;;Meio De Quadra;;;0;1;0;0;2;0;0;0;0;0;0;0;0;(-38.5699598 -3.7776342);
;2022-06-18 16:28:56;Washington Soares;;;Edson Queiroz;;Colisão;;Não informado;;Meio De Quadra;;;0;1;0;1;1;0;0;0;0;0;0;0;0;(-38.4802695 -3.7943482);
;2022-06-18 15:20:42;Washington Soares;Rua Eduardo Brigido;;Engenheiro Luciano Cavalcante;;Colisão;;Não informado;;Cruzamento;;;0;1;0;1;1;0;0;0;0;0;0;0;0;(-38.481665 -3.7762191);
;2022-06-18 14:57:51;Joaquim Albano;Rua Banvarth Bezerra;;Padre Andrade;;Colisão;;Não informado;;Cruzamento;;;0;1;0;1;1;0;0;0;0;0;0;0;0;(-38.5799808 -3.7352685);
;2022-06-18 13:08:12;Senador Pompeu;Rua Guilherme Rocha;;Centro;;Atropelamento;;Não informado;;Cruzamento;;;0;1;0;0;0;0;0;0;0;0;1;0;0;(-38.52884 -3.72428);
;2022-06-18 13:05:25;Rua Oregon;;;Itaperi;;Colisão;;Não informado;;Meio De Quadra;;;0;1;0;2;0;0;0;0;0;0;0;0;0;(0 0);
;2022-06-18 12:09:00;Da Paz;Rua Manuel Jacaré;;Mucuripe;;Colisão;;Não informado;;Cruzamento;;;0;1;0;1;1;0;0;0;0;0;0;0;0;(-38.4875434 -3.7247439);
;2022-06-18 09:38:15;Avenida Engenheiro Santana Junior;;;Coco;;Queda;;Não informado;;Meio De Quadra;;;0;1;0;1;0;0;0;0;0;0;0;0;0;(-38.4899406 -3.746769);
;2022-06-18 09:17:43;Doutor Theberge;;;Cristo Redentor;;Colisão;;Não informado;;Meio De Quadra;;;0;1;0;1;0;0;1;0;0;0;0;0;0;(-38.5658632 -3.7179355);
;2022-06-18 01:27:52;Paulo Lopes;;;Dom Lustosa;;Colisão;;Não informado;;Meio De Quadra;;;0;1;0;1;1;0;0;0;0;0;0;0;0;(-38.591272 -3.7536066);
;2022-06-18 00:31:46;Professor Jose Arthur De Carvalho;;;Curio;;Colisão;;Não informado;;Meio De Quadra;;;0;1;0;0;2;0;0;0;0;0;0;0;0;(-38.468804 -3.827538);
;2022-06-17 20:58:53;Contorno Sul;;;Jangurussu;;Colisão;;Não informado;;Meio De Quadra Sem Numero;;;0;1;0;1;1;0;0;0;0;0;0;0;0;(-38.5199088 -3.8377883);
;2022-06-17 20:39:41;Euzebio  De Queiroz;Vila Lobos;;Itaoca;;Colisão;;Não informado;;Cruzamento;;;0;2;0;2;0;0;0;0;0;0;0;0;0;(-38.5561508 -3.7724621);
;2022-06-17 20:28:28;Avenida Palestina;Rua Dos Sabias 197;;Passare;;Colisão;;Não informado;;Cruzamento;;;0;1;0;1;1;0;0;0;0;0;0;0;0;(-38.5383989 -3.8051281);
;2022-06-17 20:21:48;Esmael Pordeus;;;Cais Do Porto;;Queda;;Não informado;;Meio De Quadra Sem Numero;;;0;1;0;1;0;0;0;0;0;0;0;0;0;(-38.4684904 -3.722594);
;2022-06-17 19:52:32;Conego De Castro;;;Parque Sao Jose;;Colisão;;Não informado;;Meio De Quadra;;;0;1;0;1;1;0;0;0;0;0;0;0;0;(-38.5901502 -3.8031884);
;2022-06-17 19:26:51;Pontes  Vieira;;;Joaquim Tavora;;Choque c/ Obstáculo Fixo;;Não informado;;Meio De Quadra Sem Numero;;;0;1;0;0;1;0;0;0;0;0;0;0;0;(-38.514955 -3.752857);