COD_ACIDENTE;DATA;LOG1;LOG2;NUMERO;BAIRRO;AMC;NATUREZA;ILUMINACAO;TEMPO;SUPERFICIEPISTA;TIPOCRUZAMENTO;CONTROLETRAFEGO;USOSOLO;MORTOS;FERIDOS;ILESOS;MOTOCICLETA;AUTOMOVEL;MICROONIBUS;CAMINHAO;ONIBUS;CICLOMOTOR;BICICLETA;OUTROS;TREM;TRACAOANIMAL;COORDENADAS
;2022-06-17 19:16:15;Santos  Drumont;;;Manoel Dias Branco;;Colisão;;Não informado;;Meio De Quadra;;;0;1;0;0;1;0;0;0;0;1;0;0;0;(-38.51379379999999 -3.7310274);
;2022-06-17 19:10:59;Raimundo Girão;Idelfonso Albano;;Praia De Iracema;;Atropelamento;;Não informado;;Cruzamento;;;0;1;0;0;0;0;0;0;0;0;1;0;0;(-38.5095213 -3.7216136);
;2022-06-17 19:00:30;Rua Coronel Joaquim Franklin;;;Antonio Bezerra;;Colisão;;Não informado;;Meio De Quadra;;;0;1;0;1;1;0;0;0;0;0;0;0;0;(0 0);
;2022-06-17 18:14:44;Jose Dantas Pereira;;;Canindezinho;;Atropelamento;;Não informado;;Meio De Quadra Sem Numero;;;0;1;0;1;0;0;0;0;0;0;0;0;0;(-38.607706 -3.8224972);
;2022-06-17 16:28:52;Jose Hipolito;;;Messejana;;Queda;;Não informado;;Meio De Quadra;;;0;1;0;1;0;0;0;0;0;0;0;0;0;(-38.4920274 -3.8330246);
;2022-06-17 15:48:41;Avenida Senador Fernandes Tavora -;;;Pici;;Queda;;Não informado;;Meio De Quadra;;;0;1;0;1;0;0;0;0;0;0;0;0;0;(-38.5854 -3.76055);
;2022-06-17 15:17:03;Domingos Olimpio Esq Rua Floriano Peixoto;;;Jose Bonifacio;;Colisão;;Não informado;;Meio De Quadra Sem Numero;;;0;1;0;1;1;0;0;0;0;0;0;0;0;(-38.5251579 -3.7383357);
;2022-06-17 15:10:26;Godofredo Maciel;;;Maraponga;;Colisão;;Não informado;;Meio De Quadra;;;0;1;0;1;1;0;0;0;0;0;0;0;0;(-38.572938 -3.8054871);
;2022-06-17 12:55:16;Olavo Bilac;;;Sao Gerardo;;Queda;;Não informado;;Meio De Quadra;;;0;1;0;0;0;0;0;0;0;1;0;0;0;(-38.564828 -3.7287628);
;2022-06-17 12:13:59;Rua Afonso Lopes -;;;Serrinha;;Colisão;;Não informado;;Meio De Quadra;;;0;1;0;1;1;0;0;0;0;0;0;0;0;(-38.5485113 -3.7944329);
;2022-06-17 11:57:01;Luis Guimaraes;;;Floresta;;Colisão;;Não informado;;Meio De Quadra;;;0;1;0;1;1;0;0;0;0;0;0;0;0;(-38.5697045 -3.7227073);
;2022-06-17 10:57:59;Osorio De Paiva;;;Parangaba;;Colisão;;Não informado;;Meio De Quadra;;;0;1;0;1;1;0;0;0;0;0;0;0;0;(0 0);
;2022-06-17 10:51:38;Doutor Batista De Oliveira;;;Papicu;;Colisão;;Não informado;;Meio De Quadra Sem Numero;;;0;1;0;1;1;0;0;0;0;0;0;0;0;(-38.4798073 -3.742439);
;2022-06-17 10:46:04;Mister Hull Esq Rui Monte;;;Antonio Bezerra;;Colisão;;Não informado;;Meio De Quadra Sem Numero;;;0;1;0;1;1;0;0;0;0;0;0;0;0;(-38.5915804 -3.7398738);
;2022-06-17 09:17:57;Santos Dumont;;;Aldeota;;Atropelamento;;Não informado;;Meio De Quadra;;;0;1;0;0;0;0;0;0;0;0;1;0;0;(-38.4894273 -3.7396991);
;2022-06-17 03:38:37;Avenida Doutor Silas Munguba;Bernardo Manuel;;Serrinha;;Queda;;Não informado;;Cruzamento;;;0;1;0;1;0;0;0;0;0;0;0;0;0;(-38.5479782 -3.7875025);
;2022-06-16 23:55:16;Av. Beira Mar;;;Praia De Iracema;;Atropelamento;;Não informado;;Meio De Quadra;;;0;1;0;0;0;0;0;0;0;1;0;0;0;(-38.4877763 -3.7234714);
;2022-06-16 21:47:53;Rua Coronel Dionizio De Alencar;;;Messejana;;Atropelamento;;Não informado;;Meio De Quadra;;;0;1;0;0;0;0;0;0;0;0;1;0;0;(-38.4870465 -3.8296607);
;2022-06-16 21:44:26;Emilio De Menezes;Perimetral;;Bonsucesso;;Queda;;Não informado;;Cruzamento;;;0;1;0;1;0;0;0;0;0;0;0;0;0;(-38.589074 -3.7812864);
;2022-06-16 21:17:28;Perimetral;;;Jangurussu;;Colisão;;Não informado;;Meio De Quadra;;;0;1;0;1;1;0;0;0;0;0;0;0;0;(-38.5090259 -3.8301765);
;2022-06-16 19:52:33;Paulino Rocha  - Na Rotatoria;;;Boa Vista;;Colisão;;Não informado;;Meio De Quadra Sem Numero;;;0;1;0;0;2;0;0;0;0;0;0;0;0;(-38.5189769 -3.8101826);
;2022-06-16 19:27:36;Eduardo Girao;;;Jardim America;;Queda;;Não informado;;Meio De Quadra;;;0;1;0;0;0;0;0;0;0;1;0;0;0;(-38.5373344 -3.7505031);
;2022-06-16 18:44:24;Padre Guerra;Ave Humberto Monte 2440;;Parquelandia;;Colisão;;Não informado;;Cruzamento;;;0;1;0;1;1;0;0;0;0;0;0;0;0;(-38.5672486 -3.741034399999999);
;2022-06-16 17:43:04;Itapipoca;;;Praia De Iracema;;Colisão;;Não informado;;Meio De Quadra;;;0;1;0;1;1;0;0;0;0;0;0;0;0;(-38.5167992 -3.72101);
;2022-06-16 16:48:55;Rua Tomas Rodrigues;;;Antonio Bezerra;;Colisão;;Não informado;;Meio De Quadra;;;0;1;0;1;1;0;0;0;0;0;0;0;0;(-38.5939533 -3.7388475);
;2022-06-16 15:01:45;Dona Leopoldina;Barbara De Alencar;;Centro;;Colisão;;Não informado;;Cruzamento;;;0;1;0;1;1;0;0;0;0;0;0;0;0;(-38.5199384 -3.7325214);
;2022-06-16 12:10:45;C;Rua 1155;;Conjunto Ceara;;Colisão;;Não informado;;Cruzamento;;;0;1;0;2;0;0;0;0;0;0;0;0;0;(-38.6109485 -3.7617032);
;2022-06-16 11:12:40;Coronel Virgilio Nogueira;;;Granja Portugal;;Queda;;Não informado;;Meio De Quadra;;;0;1;0;0;0;0;0;0;0;1;0;0;0;(-38.6092413 -3.790603099999999);
;2022-06-16 08:38:55;Engenheiro Santana Junior;;;Coco;;Choque c/ Obstáculo Fixo;;Não informado;;Meio De Quadra;;;0;1;0;0;1;0;0;0;0;0;0;0;0;(-38.4858341 -3.742187);
;2022-06-16 01:28:53;Padre Valdevino;Av Dom Manuel;;Centro;;Colisão;;Não informado;;Cruzamento;;;0;1;0;0;2;0;0;0;0;0;0;0;0;(-38.52402319999999 -3.7368769);
;2022-06-15 22:50:58;Contorno;;;Edson Queiroz;;Queda;;Não informado;;Meio De Quadra Sem Numero;;;0;1;0;1;0;0;0;0;0;0;0;0;0;(-38.4741084 -3.7697689);
;2022-06-15 22:45:53;Av. Jose Americo;Sentindo Messejana;;Cambeba;;Colisão;;Não informado;;Cruzamento;;;0;1;0;1;1;0;0;0;0;0;0;0;0;(-38.4863826 -3.8091057);
;2022-06-15 22:29:18;Jorge Dumar;;;Jardim America;;Queda;;Não informado;;Meio De Quadra;;;0;1;0;0;0;0;0;0;0;1;0;0;0;(-38.538233 -3.7481266);
;2022-06-15 22:05:34;Travessa Jaborandi;;;Conjunto Palmeiras;;Queda;;Não informado;;Meio De Quadra;;;0;1;0;1;0;0;0;0;0;0;0;0;0;(-38.5200225 -3.844609);
;2022-06-15 21:59:23;Rogaciano Leite;Lago Das Orquideas;;Jardim Das Oliveiras;;Colisão;;Não informado;;Cruzamento;;;0;1;0;1;1;0;0;0;0;0;0;0;0;(-38.5013006 -3.7792007);
;2022-06-15 21:55:46;Santos Dumont;;;Aldeota;;Atropelamento;;Não informado;;Meio De Quadra;;;0;1;0;0;0;0;0;0;0;0;1;0;0;(-38.512771 -3.7313916);
;2022-06-15 21:48:10;D;;;Conjunto Esperanca;;Queda;;Não informado;;Meio De Quadra Sem Numero;;;0;1;0;1;0;0;0;0;0;0;0;0;0;(0 0);
;2022-06-15 21:45:32;Luis Azevedo;;;Joquei Clube;;Colisão;;Não informado;;Meio De Quadra;;;0;1;0;0;2;0;0;0;0;0;0;0;0;(-38.5760343 -3.772030499999999);
;2022-06-15 20:52:59;Ministro Jose América;;;Messejana;;Colisão;;Não informado;;Meio De Quadra;;;0;1;0;2;0;0;0;0;0;0;0;0;0;(-38.4881954 -3.8079549);
;2022-06-15 20:48:10;Raul  Barbosa;Murilo Borges;;Aerolandia;;Colisão;;Não informado;;Cruzamento;;;0;1;0;2;0;0;0;0;0;0;0;0;0;(-38.512539 -3.7729647);
;2022-06-15 20:40:34;Avenida Alberto Craveiro;;;Coco;;Colisão;;Não informado;;Meio De Quadra Sem Numero;;;0;1;0;1;1;0;0;0;0;0;0;0;0;(-38.5172568 -3.7900893);
;2022-06-15 20:31:19;General Goes Monteiro;;;Padre Andrade;;Atropelamento;;Não informado;;Meio De Quadra;;;0;1;0;1;0;0;0;0;0;0;0;0;0;(-38.5810014 -3.734138299999999);
;2022-06-15 20:24:25;Antonio Justa;Viente Leite;;Meireles;;Colisão;;Não informado;;Cruzamento;;;0;1;0;0;2;0;0;0;0;0;0;0;0;(-38.4925996 -3.7282953);
;2022-06-15 20:09:50;Viriato Ribeiro;;;Bela Vista;;Atropelamento;;Não informado;;Meio De Quadra;;;0;1;0;0;1;0;0;0;0;0;0;0;0;(-38.565243 -3.7463461);
;2022-06-15 19:58:41;Julio Silva;;;Antonio Diogo;;Atropelamento;;Não informado;;Meio De Quadra;;;0;1;0;0;1;0;0;0;0;0;0;0;0;(-38.4542732 -3.744987999999999);
;2022-06-15 19:17:27;Estevao De Campos;;;Barra Do Ceara;;Colisão;;Não informado;;Meio De Quadra;;;0;2;0;1;1;0;0;0;0;0;0;0;0;(-38.58024959999999 -3.704736);
;2022-06-15 15:55:32;Godofrdo Maciel;;;Maraponga;;Colisão;;Não informado;;Meio De Quadra Sem Numero;;;0;2;0;2;0;0;0;0;0;0;0;0;0;(-38.5700693 -3.7966838);
;2022-06-15 15:18:07;J;Rua 910;;Conjunto Ceara;;Colisão;;Não informado;;Cruzamento;;;0;1;0;0;2;0;0;0;0;0;0;0;0;(-38.6200179 -3.7742748);
;2022-06-15 15:00:29;L;;;Prefeito Jose Walter;;Colisão;;Não informado;;Meio De Quadra;;;0;1;0;1;1;0;0;0;0;0;0;0;0;(-38.5663723 -3.8254535);
;2022-06-15 12:58:00;Jose Euclides Ferreira Gomes;;;Lagoa Redonda;;Queda;;Não informado;;Meio De Quadra;;;0;1;0;1;0;0;0;0;0;0;0;0;0;(0 0);
;2022-06-15 11:08:49;Tenente Lisboa;;;Centro;;Queda;;Não informado;;Meio De Quadra;;;0;2;0;1;0;0;0;0;0;0;0;0;0;(-38.5515164 -3.7175103);
;2022-06-15 10:58:40;Alvaro Correia;;;Varjota;;Colisão;;Não informado;;Meio De Quadra;;;0;2;0;1;1;0;0;0;0;0;0;0;0;(-38.4835652 -3.7290257);
;2022-06-15 10:41:38;Via Expressa;;;Joaquim Tavora;;Colisão;;Não informado;;Meio De Quadra Sem Numero;;;0;1;0;1;1;0;0;0;0;0;0;0;0;(-38.49085 -3.7457388);
;2022-06-15 08:31:38;Mster Hull;;;Antonio Bezerra;;Queda;;Não informado;;Meio De Quadra Sem Numero;;;0;1;0;1;0;0;0;0;0;0;0;0;0;(-38.5918137 -3.7395231);
;2022-06-15 01:25:44;Rua Valdetario Mota;; ;Papicu;;Colisão;;Não informado;;Meio De Quadra Sem Numero;;;0;1;0;0;1;0;0;0;0;1;0;0;0;(-38.4813912 -3.737975);
;2022-06-14 23:40:45;R Julio Lima - Av. Desembargador Gonzaga , S - N;; S - N ;Cidade Dos Funcionarios;;Colisão;;Não informado;;Meio De Quadra Sem Numero;;;0;1;0;1;1;0;0;0;0;0;0;0;0;(0 0);
;2022-06-14 21:22:51;Rua Osmundo Cavalcante De Oliveira;;;Mucuripe;;Queda;;Não informado;;Meio De Quadra;;;0;1;0;0;0;0;0;0;0;1;0;0;0;(-38.4770984 -3.7268427);
;2022-06-14 20:57:07;Ana Faco;Dr Themberge;;Carlito Pamplona;;Colisão;;Não informado;;Cruzamento;;;0;1;0;1;1;0;0;0;0;0;0;0;0;(-38.5641498 -3.712334799999999);
;2022-06-14 20:33:29;Rua Alberto Ferreira;;;Jardim Iracema;;Atropelamento;;Não informado;;Meio De Quadra;;;0;1;0;0;1;0;0;0;0;0;0;0;0;(-38.58333349999999 -3.722651299999999);
;2022-06-14 18:11:14;Rua Alexandre Barauna - Esquina;Pastor Samuel Munguba;;Rodolfo Teofilo;;Colisão;;Não informado;;Cruzamento;;;0;1;0;1;1;0;0;0;0;0;0;0;0;(-38.5500357 -3.7494648);
;2022-06-14 16:48:49;Perimetral -;;;Mondubim;;Colisão;;Não informado;;Meio De Quadra;;;0;1;0;1;1;0;0;0;0;0;0;0;0;(0 0);
;2022-06-14 15:46:50;Avenida Filomeno Gomes;;;Jacarecanga;;Colisão;;Não informado;;Meio De Quadra Sem Numero;;;0;1;0;1;1;0;0;0;0;0;0;0;0;(-38.5414322 -3.7200583);
;2022-06-14 14:51:03;Washingtons Soares;;;Edson Queiroz;;Colisão;;Não informado;;Meio De Quadra Sem Numero;;;0;2;0;1;1;0;0;0;0;0;0;0;0;(-38.481665 -3.7762191);
;2022-06-14 14:23:04;Borges De Melo;;;Fatima;;Colisão;;Não informado;;Meio De Quadra;;;0;1;0;0;2;0;0;0;0;0;0;0;0;(-38.5332891 -3.756839499999999);
;2022-06-14 14:20:21;Radialista Joao Ramos;;;Prefeito Jose Walter;;Colisão;;Não informado;;Meio De Quadra;;;0;1;0;0;2;0;0;0;0;0;0;0;0;(-38.5691884 -3.8431115);
;2022-06-14 14:17:57;Maximiliano Da Fonseca;;;Edson Queiroz;;Colisão;;Não informado;;Meio De Quadra;;;0;1;0;2;0;0;0;0;0;0;0;0;0;(-38.4825013 -3.771234599999999);
;2022-06-14 13:32:40;Aboliçao;;;Aldeota;;Colisão;;Não informado;;Meio De Quadra;;;0;1;0;1;1;0;0;0;0;0;0;0;0;(-38.5032855 -3.7250331);
;2022-06-14 11:52:24;Washigton Soares;;;Edson Queiroz;;Colisão;;Não informado;;Meio De Quadra;;;0;1;0;1;1;0;0;0;0;0;0;0;0;(-38.4859163 -3.7585068);
;2022-06-14 11:46:57;Padre Miguelinho;Senador Pompeu;;Centro;;Colisão;;Não informado;;Cruzamento;;;0;1;0;1;1;0;0;0;0;0;0;0;0;(-38.5307849 -3.7305786);
;2022-06-14 11:13:28;Salgado Filho;;;Antonio Bezerra;;Colisão;;Não informado;;Meio De Quadra;;;0;2;0;1;1;0;0;0;0;0;0;0;0;(-38.5949779 -3.7435997);
;2022-06-14 10:20:24;Nan;;;Não informado;;Colisão;;Não informado;;Meio De Quadra Sem Numero;;;0;1;0;1;1;0;0;0;0;0;0;0;0;(0 0);
;2022-06-13 21:24:29;Candido Maia;;;Antonio Bezerra;;Atropelamento;;Não informado;;Meio De Quadra;;;0;1;0;0;0;0;0;0;0;0;1;0;0;(-38.5901092 -3.7371858);
;2022-06-13 21:21:19;Bezerra De Meneses;;;Sao Gerardo;;Colisão;;Não informado;;Meio De Quadra Sem Numero;;;0;3;0;0;1;0;0;1;0;0;0;0;0;(-38.556584 -3.7339243);
;2022-06-13 21:08:53;Rio Araguaia;;;Jardim Iracema;;Colisão;;Não informado;;Meio De Quadra;;;0;2;0;0;2;0;0;0;0;0;0;0;0;(-38.582227 -3.7256177);
;2022-06-13 20:34:21;Leste Oeste;;;Pirambu;;Atropelamento;;Não informado;;Meio De Quadra;;;0;1;0;1;0;0;0;0;0;0;0;0;0;(0 0);
;2022-06-13 20:22:34;Avenida Da Aboliçao;;;Meireles;;Colisão;;Não informado;;Meio De Quadra;;;0;1;0;0;1;0;0;0;0;1;0;0;0;(-38.4997663 -3.725670699999999);
;2022-06-13 20:16:28;Julio Ventura;Rua Jose Lourenço;;Aldeota;;Colisão;;Não informado;;Cruzamento;;;0;1;0;1;1;0;0;0;0;0;0;0;0;(-38.5090914 -3.7387441);
;2022-06-13 19:55:04;Coronel De Carvalho;;;Vila Velha;;Colisão;;Não informado;;Meio De Quadra;;;0;1;0;1;1;0;0;0;0;0;0;0;0;(-38.5878908 -3.718639);
;2022-06-13 19:53:47;Avenida G;;;Vila Velha;;Colisão;;Não informado;;Meio De Quadra;;;0;1;0;0;2;0;0;0;0;0;0;0;0;(-38.6020084 -3.7164366);
;2022-06-13 19:30:40;Alberto Magno;Tenente Moacir Matos;;Montese;;Colisão;;Não informado;;Cruzamento;;;0;1;0;1;1;0;0;0;0;0;0;0;0;(-38.5521405 -3.7674043);
;2022-06-13 19:18:35;Via Expressa Em Cima Do Viadutopraia;;;Mucuripe;;Queda;;Não informado;;Meio De Quadra Sem Numero;;;0;1;0;1;0;0;0;0;0;0;0;0;0;(-38.49085 -3.7457388);
;2022-06-13 19:08:50;Jornalista Tomas Coelho;;;Jangurussu;;Colisão;;Não informado;;Meio De Quadra;;;0;1;0;1;1;0;0;0;0;0;0;0;0;(-38.5237779 -3.8293425);
;2022-06-13 18:52:36;Eduardo Perdigão;;;Parangaba;;Colisão;;Não informado;;Meio De Quadra Sem Numero;;;0;1;0;1;1;0;0;0;0;0;0;0;0;(-38.5639655 -3.7765172);
;2022-06-13 18:39:30;Rua Escrivao Azevedo;;;Cidade Dos Funcionarios;;Queda;;Não informado;;Meio De Quadra;;;0;1;0;1;0;0;0;0;0;0;0;0;0;(-38.5007086 -3.794086);
;2022-06-13 18:07:39;Tenente Francisco Paiva;Rua Dalas;;Granja Lisboa;;Colisão;;Não informado;;Cruzamento;;;0;1;0;1;1;0;0;0;0;0;0;0;0;(-38.6156396 -3.7950395);
;2022-06-13 17:59:16;Barao De Sturdat;Costa Barros;;Meireles;;Queda;;Não informado;;Cruzamento;;;0;1;0;1;0;0;0;0;0;0;0;0;0;(-38.5058573 -3.732214);
;2022-06-13 16:50:08;Avenida Deputado Paulino Rocha;;;Boa Vista;;Colisão;;Não informado;;Meio De Quadra Sem Numero;;;0;1;0;0;2;0;0;0;0;0;0;0;0;(-38.5189769 -3.8101826);
;2022-06-13 15:25:57;Andre Rebouças;Rua Diogo Correia;;Bonsucesso;;Colisão;;Não informado;;Cruzamento;;;0;1;0;1;1;0;0;0;0;0;0;0;0;(-38.5885778 -3.7740608);
;2022-06-13 15:19:14;Alberto Magno;Rua Cezar Rosas;;Montese;;Colisão;;Não informado;;Cruzamento;;;0;2;0;2;0;0;0;0;0;0;0;0;0;(-38.552703 -3.7685761);
;2022-06-13 13:21:09;Menerra De Menezes - Sentindo Centro;Rua Olavo Bilac;;Sao Gerardo;;Colisão;;Não informado;;Cruzamento;;;0;1;0;1;1;0;0;0;0;0;0;0;0;(-38.5647707 -3.7299525);
;2022-06-13 12:59:46;Castro E Silva;Avenida Do Imperador;;Centro;;Queda;;Não informado;;Cruzamento;;;0;1;0;0;0;0;0;0;0;1;0;0;0;(-38.5329034 -3.7219916);
;2022-06-13 11:45:21;Alberto Ferreir;Rua Altaneira;;Jardim Iracema;;Colisão;;Não informado;;Cruzamento;;;0;1;0;1;1;0;0;0;0;0;0;0;0;(-38.5836856 -3.7270919);
;2022-06-13 10:59:43;15 De Novembro Px. Mecanica Junior Car;;;Montese;;Colisão;;Não informado;;Meio De Quadra;;;0;1;0;2;0;0;0;0;0;0;0;0;0;(-38.5536 -3.769941);
;2022-06-13 10:50:39;Gomes De Matos;;;Montese;;Colisão;;Não informado;;Meio De Quadra;;;0;1;0;1;1;0;0;0;0;0;0;0;0;(-38.5424391 -3.7575971);
;2022-06-13 10:17:10;Coronel Fabriciano;;;Granja Lisboa;;Queda;;Não informado;;Meio De Quadra;;;0;1;0;1;0;0;0;0;0;0;0;0;0;(0 0);
;2022-06-13 10:15:52;Padre Joaquim Colasso Dourado - Sentinfo Dunas;;;Vicente Pinzon;;Colisão;;Não informado;;Meio De Quadra;;;0;1;0;0;2;0;0;0;0;0;0;0;0;(-38.4653196 -3.7434592);
;2022-06-13 10:13:27;Rua Doutor Joaquim Bento - Em Cima Do Viatudo;;;Messejana;;Colisão;;Não informado;;Meio De Quadra Sem Numero;;;0;1;0;1;1;0;0;0;0;0;0;0;0;(-38.48583 -3.8282957);
;2022-06-13 04:00:02;Joaquim Dos Anjos;;;Planalto Ayrton Senna;;Colisão;;Não informado;;Meio De Quadra;;;0;1;0;2;0;0;0;0;0;0;0;0;0;(-38.567955 -3.8313486);
;2022-06-13 00:48:51;Aloisio Azevedo;Av. Lineu Machado.;;Joao Xxiii;;Capotamento;;Não informado;;Cruzamento;;;0;1;0;0;1;0;0;0;0;0;0;0;0;(-38.5791269 -3.770276);
;2022-06-12 23:59:35;Gurgel Do Amaral;;;Messejana;;Colisão;;Não informado;;Meio De Quadra;;;0;1;0;2;0;0;0;0;0;0;0;0;0;(-38.4873559 -3.8349569);
;2022-06-12 23:00:31;Escrivao Pinheiro;;;Sao Joao Do Tauape;;Colisão;;Não informado;;Meio De Quadra;;;0;1;0;2;0;0;0;0;0;0;0;0;0;(-38.5077427 -3.7613962);
;2022-06-12 22:42:24;Capitao Hugo Bezerra;;;Barroso;;Queda;;Não informado;;Meio De Quadra;;;0;1;0;1;0;0;0;0;0;0;0;0;0;(0 0);
;2022-06-12 22:03:35;Fagundes Varela;R. Inglaterra 177 - Px Cearoca;;Itaperi;;Colisão;;Não informado;;Cruzamento;;;0;1;0;1;1;0;0;0;0;0;0;0;0;(-38.5615154 -3.781871);
;2022-06-12 21:41:01;Miguel Gurgel;;;Messejana;;Atropelamento;;Não informado;;Meio De Quadra Sem Numero;;;0;1;0;0;1;0;0;0;0;0;0;0;0;(-38.4817409 -3.830818);
;2022-06-12 20:34:30;Mister Hull KM 2;;;Antonio Bezerra;;Colisão;;Não informado;;Meio De Quadra Sem Numero;;;0;1;0;1;1;0;0;0;0;0;0;0;0;(-38.5918137 -3.7395231);
;2022-06-12 20:05:33;Coronel Joao De Oliveira;;;Messejana;;Colisão;;Não informado;;Meio De Quadra;;;0;2;0;0;1;0;0;0;0;1;0;0;0;(-38.4846893 -3.823355899999999);
;2022-06-12 18:04:08;Conego De Castro;;;Parque Santa Rosa;;Colisão;;Não informado;;Meio De Quadra;;;0;2;0;2;0;0;0;0;0;0;0;0;0;(-38.5975449 -3.8119744);
;2022-06-12 17:19:10;Silas Munguba;;;Serrinha;;Queda;;Não informado;;Meio De Quadra;;;0;1;0;1;0;0;0;0;0;0;0;0;0;(-38.5532292 -3.7838619);
;2022-06-12 17:18:53;Avenida Eduardo Girao;;;Benfica;;Queda;;Não informado;;Meio De Quadra Sem Numero;;;0;1;0;1;0;0;0;0;0;0;0;0;0;(-38.5399338 -3.7483851);
;2022-06-12 15:18:02;Teodomiro De Castro;;;Alvaro Weyne;;Colisão;;Não informado;;Meio De Quadra;;;0;2;0;1;1;0;0;0;0;0;0;0;0;(-38.5714308 -3.7194314);
;2022-06-12 14:30:38;Avenida Vicente De Castro;;;Cais Do Porto;;Queda;;Não informado;;Meio De Quadra;;;0;1;0;1;0;0;0;0;0;0;0;0;0;(-38.4763999 -3.7197581);
;2022-06-12 14:17:07;Rua Santa Catarina;;;Democrito Rocha;;Colisão;;Não informado;;Meio De Quadra;;;0;1;0;2;0;0;0;0;0;0;0;0;0;(0 0);
;2022-06-12 10:51:21;L    Conjunto 1° De Março -- Barroso 1;;;Barroso;;Queda;;Não informado;;Meio De Quadra;;;0;1;0;0;0;0;0;0;0;1;0;0;0;(-38.5169017 -3.818168099999999);
;2022-06-12 10:33:47;Nicolau  Coelho;;;Messejana;;Colisão;;Não informado;;Meio De Quadra;;;0;1;0;1;1;0;0;0;0;0;0;0;0;(-38.49225029999999 -3.819899);
;2022-06-12 07:39:54;Recreio;;;Lagoa Redonda;;Choque c/ Obstáculo Fixo;;Não informado;;Meio De Quadra Sem Numero;;;0;1;0;0;1;0;0;0;0;0;0;0;0;(-38.4495068 -3.8125945);
;2022-06-12 07:26:20;Avenida Arthur De Carvalho;;;Lagoa Redonda;;Colisão;;Não informado;;Meio De Quadra Sem Numero;;;0;1;0;1;1;0;0;0;0;0;0;0;0;(-38.46925 -3.827219999999999);
;2022-06-12 07:00:08;Bezerra De Meneezes;;;Parquelandia;;Capotamento;;Não informado;;Meio De Quadra Sem Numero;;;0;1;0;0;1;0;0;0;0;0;0;0;0;(-38.558671 -3.7343632);
;2022-06-12 04:08:49;Washington Soares;;;Edson Queiroz;;Atropelamento;;Não informado;;Meio De Quadra;;;0;1;0;0;1;0;0;0;0;0;0;0;0;(0 0);
;2022-06-12 01:13:35;Rua Rosa Fialho;;;Cajazeiras;;Queda;;Não informado;;Meio De Quadra;;;0;1;0;1;0;0;0;0;0;0;0;0;0;(-38.5074722 -3.8028197);
;2022-06-11 23:34:04;Tristao Gonçalves;;;Centro;;Queda;;Não informado;;Meio De Quadra;;;0;1;0;1;0;0;0;0;0;0;0;0;0;(-38.5349507 -3.7339471);
;2022-06-11 22:34:39;Av Leste E Oeste;Filomeno Gomes;;Jacarecanga;;Queda;;Não informado;;Cruzamento;;;0;1;0;0;0;0;0;0;0;1;0;0;0;(-38.5540459 -3.712094);
;2022-06-11 22:24:49;Franco Rocha;Santo Amaro;;Henrique Jorge;;Queda;;Não informado;;Cruzamento;;;0;1;0;1;0;0;0;0;0;0;0;0;0;(-38.5788561 -3.755954699999999);
;2022-06-11 22:10:57;Rua Antonio Arruda -;;;Jardim Guanabara;;Atropelamento;;Não informado;;Meio De Quadra;;;0;1;0;1;0;0;0;0;0;0;0;0;0;(-38.5921592 -3.7133699);
;2022-06-11 22:08:36;Rua Amazonas;;;Bela Vista;;Colisão;;Não informado;;Meio De Quadra;;;0;2;0;1;1;0;0;0;0;0;0;0;0;(-38.5671825 -3.751497);
;2022-06-11 22:05:34;Mister Hull;;;Antonio Bezerra;;Colisão;;Não informado;;Meio De Quadra Sem Numero;;;0;1;0;1;1;0;0;0;0;0;0;0;0;(-38.5918137 -3.7395231);
;2022-06-11 21:45:29;Avenida Filomeno Gomes;;;Jacarecanga;;Queda;;Não informado;;Meio De Quadra Sem Numero;;;0;1;0;0;0;0;0;0;0;1;0;0;0;(-38.5414322 -3.7200583);
;2022-06-11 21:06:04;Fernandes Tavora;Jose Mendonça;;Parque Genibau;;Queda;;Não informado;;Cruzamento;;;0;1;0;1;0;0;0;0;0;0;0;0;0;(-38.60170189999999 -3.7545021);
;2022-06-11 21:02:37;Avenida Godofredo Maciel - Antonio Bandeira;;;Parangaba;;Colisão;;Não informado;;Meio De Quadra Sem Numero;;;0;2;0;2;0;0;0;0;0;0;0;0;0;(-38.56592699999999 -3.7832494);
;2022-06-11 20:59:45;Jose Filomeno;Rua Ricardo Castro Macedo;;Cidade Dos Funcionarios;;Atropelamento;;Não informado;;Cruzamento;;;0;1;0;0;1;0;0;0;0;0;0;0;0;(0 0);
;2022-06-11 20:49:29;Avenida Padre Antonio Tomas;;;Coco;;Queda;;Não informado;;Meio De Quadra;;;0;1;0;0;0;0;0;0;0;1;0;0;0;(-38.4834112 -3.7451704);
;2022-06-11 20:30:52;Major Assis - Rio Araguaia;;;Jardim Iracema;;Atropelamento;;Não informado;;Meio De Quadra Sem Numero;;;0;1;0;1;0;0;0;0;0;0;0;0;0;(-38.582001 -3.7241623);
;2022-06-11 20:01:42;Duas Nacoes;;;Granja Portugal;;Colisão;;Não informado;;Meio De Quadra;;;0;2;0;0;2;0;0;0;0;0;0;0;0;(-38.6020731 -3.7772943);