COD_ACIDENTE;DATA;LOG1;LOG2;NUMERO;BAIRRO;AMC;NATUREZA;ILUMINACAO;TEMPO;SUPERFICIEPISTA;TIPOCRUZAMENTO;CONTROLETRAFEGO;USOSOLO;MORTOS;FERIDOS;ILESOS;MOTOCICLETA;AUTOMOVEL;MICROONIBUS;CAMINHAO;ONIBUS;CICLOMOTOR;BICICLETA;OUTROS;TREM;TRACAOANIMAL;COORDENADAS
;2022-06-11 17:43:32;Senador Fernandes Tavora;;;Henrique Jorge;;Colisão;;Não informado;;Meio De Quadra;;;0;1;0;0;2;0;0;0;0;0;0;0;0;(-38.5923777 -3.7568899);
;2022-06-11 17:36:01;Avenida Senador Carlos Jereissati;;;Serrinha;;Queda;;Não informado;;Meio De Quadra Sem Numero;;;0;1;0;1;0;0;0;0;0;0;0;0;0;(-38.5416215 -3.7803066);
;2022-06-11 17:00:36;Osorio De Paiva;;;Canindezinho;;Queda;;Não informado;;Meio De Quadra;;;0;1;0;1;0;0;0;0;0;0;0;0;0;(-38.6020531 -3.805049099999999);
;2022-06-11 16:10:25;Alexandre Barauna;Esquina Frei Marcelino;;Rodolfo Teofilo;;Colisão;;Não informado;;Cruzamento;;;0;1;0;1;1;0;0;0;0;0;0;0;0;(-38.5500357 -3.7494648);
;2022-06-11 15:44:27;Jose  Artur De Carvalho;;;Lagoa Redonda;;Colisão;;Não informado;;Meio De Quadra;;;0;1;0;0;2;0;0;0;0;0;0;0;0;(-38.4632331 -3.8257559);
;2022-06-11 15:11:00;Coronel Carvalho;;;Quintino Cunha;;Colisão;;Não informado;;Meio De Quadra;;;0;1;0;0;2;0;0;0;0;0;0;0;0;(-38.5855888 -3.727187499999999);
;2022-06-11 14:31:23;Benjamin Brasil;;;Maraponga;;Colisão;;Não informado;;Meio De Quadra;;;0;1;0;1;1;0;0;0;0;0;0;0;0;(-38.5696433 -3.8038964);
;2022-06-11 13:14:17;Virgilio Nogueira;;;Bom Jardim;;Colisão;;Não informado;;Meio De Quadra;;;0;2;0;1;1;0;0;0;0;0;0;0;0;(-38.6101964 -3.7925738);
;2022-06-11 12:55:36;Jornalista Tomaz Coelho;;;Messejana;;Colisão;;Não informado;;Meio De Quadra Sem Numero;;;0;1;0;1;1;0;0;0;0;0;0;0;0;(-38.5107767 -3.8295793);
;2022-06-11 12:00:49;Leste Oeste;;;Praia De Iracema;;Colisão;;Não informado;;Meio De Quadra Sem Numero;;;0;1;0;1;1;0;0;0;0;0;0;0;0;(-38.5540459 -3.712094);
;2022-06-11 11:31:13;Eldorado;Avenida Juscelino Kubitschek;;Passare;;Colisão;;Não informado;;Cruzamento;;;0;1;0;1;1;0;0;0;0;0;0;0;0;(-38.5321687 -3.8168436);
;2022-06-11 11:02:08;Maestro Lisboa;;;Alagadico;;Colisão;;Não informado;;Meio De Quadra;;;0;2;0;0;2;0;0;0;0;0;0;0;0;(-38.4672129 -3.8080877);
;2022-06-11 10:54:32;Edilson Brasil Soares;;;Sapiranga;;Colisão;;Não informado;;Meio De Quadra;;;0;1;0;1;1;0;0;0;0;0;0;0;0;(0 0);
;2022-06-11 10:45:44;Do Imperador;Av. Clarindo De Queiroz;;Centro;;Atropelamento;;Não informado;;Cruzamento;;;0;1;0;1;0;0;0;0;0;0;0;0;0;(-38.53560960000001 -3.7309597);
;2022-06-11 10:26:35;Silas Munguba;;;Passare;;Colisão;;Não informado;;Meio De Quadra;;;0;1;0;1;1;0;0;0;0;0;0;0;0;(-38.53047770000001 -3.8023571);
;2022-06-11 03:36:36;Nelson Coelho;;;Curio;;Queda;;Não informado;;Meio De Quadra;;;0;1;0;0;0;0;0;0;0;1;0;0;0;(0 0);
;2022-06-11 00:05:09;Miguel Gurgel;;;Messejana;;Colisão;;Não informado;;Meio De Quadra Sem Numero;;;0;1;0;0;2;0;0;0;0;0;0;0;0;(-38.4817409 -3.830818);
;2022-06-10 23:29:53;Av. Francisco Sa;Rua Tulipa;;Barra Do Ceara;;Colisão;;Não informado;;Cruzamento;;;0;1;0;0;2;0;0;0;0;0;0;0;0;(-38.5780008 -3.7103363);
;2022-06-10 22:37:28;Av. Perimetral;;;Prefeito Jose Walter;;Colisão;;Não informado;;Meio De Quadra Sem Numero;;;0;1;0;1;1;0;0;0;0;0;0;0;0;(-38.5327995 -3.8276466);
;2022-06-10 20:25:02;Oscar Araripe;Rua Val Verde;;Bom Jardim;;Queda;;Não informado;;Cruzamento;;;0;1;0;1;0;0;0;0;0;0;0;0;0;(-38.6038466 -3.7897323);
;2022-06-10 20:19:28;Rua Coronel De Carvalho;;;Barra Do Ceara;;Colisão;;Não informado;;Meio De Quadra;;;0;1;0;1;1;0;0;0;0;0;0;0;0;(-38.59094109999999 -3.7053048);
;2022-06-10 17:59:54;Pernambuco;;;Democrito Rocha;;Colisão;;Não informado;;Meio De Quadra;;;0;1;0;1;1;0;0;0;0;0;0;0;0;(-38.5604375 -3.765542899999999);
;2022-06-10 17:33:45;Antero De Quental;;;Paupina;;Queda;;Não informado;;Meio De Quadra;;;0;1;0;1;0;0;0;0;0;0;0;0;0;(-38.4923017 -3.8537534);
;2022-06-10 17:26:38;Av Bernardo Manoel;;;Itaperi;;Colisão;;Não informado;;Meio De Quadra;;;0;1;0;1;1;0;0;0;0;0;0;0;0;(-38.5535323 -3.8048539);
;2022-06-10 16:31:17;Aguanambi - Sentindo Messajana;;;Fatima;;Colisão;;Não informado;;Meio De Quadra;;;0;1;0;1;1;0;0;0;0;0;0;0;0;(-38.5236413 -3.7512287);
;2022-06-10 16:24:13;9 - Conj Alto Alegre;;;Sao Bento;;Atropelamento;;Não informado;;Meio De Quadra;;;0;1;0;1;0;0;0;0;0;0;0;0;0;(0 0);
;2022-06-10 16:18:46;Jornalista  Tomas  Coelho;;;Messejana;;Atropelamento;;Não informado;;Meio De Quadra Sem Numero;;;0;1;0;1;0;0;0;0;0;0;0;0;0;(-38.5107767 -3.8295793);
;2022-06-10 15:36:07;Martins De Carvalho;;;Não informado;;Queda;;Não informado;;Meio De Quadra;;;0;1;0;1;0;0;0;0;0;0;0;0;0;(-38.6203504 -3.7904914);
;2022-06-10 13:38:47;Avenida Juscelino Kubitschek;;;Passare;;Colisão;;Não informado;;Meio De Quadra;;;0;1;0;1;1;0;0;0;0;0;0;0;0;(-38.5259532 -3.8082295);
;2022-06-10 13:03:56;Rua Ildefonso Albano Esq Av Monsenhor Tabosa;;;Meireles;;Colisão;;Não informado;;Meio De Quadra;;;0;1;0;0;2;0;0;0;0;0;0;0;0;(-38.5163798 -3.7235644);
;2022-06-10 10:41:43;Avenida Eduardo Girao;Av Expedicionario;;Montese;;Colisão;;Não informado;;Cruzamento;;;0;1;0;0;2;0;0;0;0;0;0;0;0;(-38.536894 -3.7506557);
;2022-06-10 10:35:45;Osorio  De  Paiva;;;Siqueira;;Colisão;;Não informado;;Meio De Quadra;;;0;2;0;1;1;0;0;0;0;0;0;0;0;(-38.5949363 -3.7977396);
;2022-06-10 10:08:43;Aguanambi;;;Fatima;;Colisão;;Não informado;;Meio De Quadra;;;0;1;0;1;1;0;0;0;0;0;0;0;0;(0 0);
;2022-06-10 06:52:29;Conego De Castro;;;Vila Peri;;Queda;;Não informado;;Meio De Quadra;;;0;1;0;1;0;0;0;0;0;0;0;0;0;(-38.5779201 -3.7898677);
;2022-06-10 03:30:37;Avenida Oliveira Paiva;;;Cidade Dos Funcionarios;;Colisão;;Não informado;;Meio De Quadra;;;0;1;0;1;1;0;0;0;0;0;0;0;0;(-38.4954545 -3.795647299999999);
;2022-06-09 22:33:50;Dom Manuel;Avenida Heraclito Graça;;Centro;;Atropelamento;;Não informado;;Cruzamento;;;0;1;0;1;0;0;0;0;0;0;0;0;0;(-38.5229316 -3.7340692);
;2022-06-09 21:55:50;Rua Coronel Juca;Rua Beni De Carvalho;;Meireles;;Atropelamento;;Não informado;;Cruzamento;;;0;1;0;0;1;0;0;0;0;0;0;0;0;(-38.494076 -3.7462913);
;2022-06-09 21:55:08;Dom Luiz;Av. Senador Virgilio Tavora;;Aldeota;;Atropelamento;;Não informado;;Cruzamento;;;0;1;0;0;0;0;0;0;0;0;1;0;0;(-38.4925164 -3.7348276);
;2022-06-09 21:53:28;Avenida Aguanambi;;;Jose Bonifacio;;Colisão;;Não informado;;Meio De Quadra Sem Numero;;;0;1;0;1;1;0;0;0;0;0;0;0;0;(-38.5250288 -3.7402793);
;2022-06-09 20:14:58;24 De Outubro;;;Parque Genibau;;Colisão;;Não informado;;Meio De Quadra;;;0;1;0;1;1;0;0;0;0;0;0;0;0;(-38.6029043 -3.752942);
;2022-06-09 20:10:57;13 De Maio;;;Fatima;;Atropelamento;;Não informado;;Meio De Quadra;;;0;1;0;1;0;0;0;0;0;0;0;0;0;(-38.5254812 -3.752742);
;2022-06-09 20:01:53;24 De Maio;;;Centro;;Queda;;Não informado;;Meio De Quadra;;;0;1;0;1;0;0;0;0;0;0;0;0;0;(0 0);
;2022-06-09 17:19:53;Avenida Washington Luis;;;Vila Velha;;Colisão;;Não informado;;Meio De Quadra;;;0;1;0;1;1;0;0;0;0;0;0;0;0;(-38.5930937 -3.7165587);
;2022-06-09 17:03:09;Maestro Neo Miranda;;;Boa Vista;;Colisão;;Não informado;;Meio De Quadra;;;0;1;0;1;1;0;0;0;0;0;0;0;0;(-38.5188251 -3.8024281);
;2022-06-09 16:06:32;Da Universidade;Rua Francisco Pinto;;Benfica;;Colisão;;Não informado;;Cruzamento;;;0;1;0;1;1;0;0;0;0;0;0;0;0;(-38.5403057 -3.7432498);
;2022-06-09 15:16:26;Mozart Lucena;;;Vila Velha;;Queda;;Não informado;;Meio De Quadra;;;0;1;0;1;0;0;0;0;0;0;0;0;0;(-38.5941169 -3.7134987);
;2022-06-09 14:54:32;Rua Pinto Madeira -;;;Centro;;Colisão;;Não informado;;Meio De Quadra;;;0;1;0;2;0;0;0;0;0;0;0;0;0;(-38.5182063 -3.7323384);
;2022-06-09 12:40:06;Luciano Carneiro;;;Vila Uniao;;Atropelamento;;Não informado;;Meio De Quadra;;;0;1;0;1;0;0;0;0;0;0;0;0;0;(-38.5381548 -3.7701774);
;2022-06-09 11:15:50;Rua Raimundo Nery;;;Parque Sao Jose;;Colisão;;Não informado;;Meio De Quadra;;;0;2;0;2;0;0;0;0;0;0;0;0;0;(-38.5871776 -3.7920404);
;2022-06-09 10:12:06;Luciano Carneiro;;;Parreao;;Colisão;;Não informado;;Meio De Quadra;;;0;1;0;1;1;0;0;0;0;0;0;0;0;(-38.533993 -3.7553561);
;2022-06-09 05:54:24;Rua Ana Bilhar;;;Varjota;;Colisão;;Não informado;;Meio De Quadra;;;0;1;0;0;2;0;0;0;0;0;0;0;0;(0 0);
;2022-06-09 02:11:23;Osorio De Paiva;;;Canindezinho;;Queda;;Não informado;;Meio De Quadra;;;0;1;0;1;0;0;0;0;0;0;0;0;0;(-38.6062885 -3.8088619);
;2022-06-09 01:34:54;Raimundo Nery (Perimetral);;;Parque Sao Jose;;Colisão;;Não informado;;Meio De Quadra;;;0;1;0;1;1;0;0;0;0;0;0;0;0;(-38.585558 -3.7966347);
;2022-06-09 00:22:30;Fagundes Varela;R. Inglaterra - Px Cearoca;;Itaperi;;Colisão;;Não informado;;Cruzamento;;;0;1;0;1;1;0;0;0;0;0;0;0;0;(-38.5674628 -3.735863299999999);
;2022-06-09 00:15:07;Presidente Castelo Branco;;;Cristo Redentor;;Queda;;Não informado;;Meio De Quadra Sem Numero;;;0;1;0;1;0;0;0;0;0;0;0;0;0;(-38.5645486 -3.7095397);
;2022-06-08 23:25:38;Jose Buson;;;Alto Da Balanca;;Atropelamento;;Não informado;;Meio De Quadra;;;0;1;0;1;0;0;0;0;0;0;0;0;0;(-38.5128158 -3.7637041);
;2022-06-08 23:07:39;Lineu Machado;;;Joao Xxiii;;Queda;;Não informado;;Meio De Quadra;;;0;1;0;1;0;0;0;0;0;0;0;0;0;(-38.581067 -3.7743336);
;2022-06-08 23:07:17;Rua Pedro Martins;;;Bom Jardim;;Atropelamento;;Não informado;;Meio De Quadra;;;0;1;0;0;1;0;0;0;0;0;0;0;0;(0 0);
;2022-06-08 22:04:28;Alfa;;;Maraponga;;Colisão;;Não informado;;Meio De Quadra;;;0;1;0;1;1;0;0;0;0;0;0;0;0;(-38.5707234 -3.7950583);
;2022-06-08 21:32:35;Rua Capitao Melo -;;;Sao Joao Do Tauape;;Colisão;;Não informado;;Meio De Quadra;;;0;1;0;1;1;0;0;0;0;0;0;0;0;(-38.5134867 -3.7550876);
;2022-06-08 21:08:53;Germano Franck;;;Parangaba;;Colisão;;Não informado;;Meio De Quadra;;;0;1;0;0;2;0;0;0;0;0;0;0;0;(-38.5586119 -3.7742278);
;2022-06-08 20:44:29;Avenida Leste Oeste;;;Jacarecanga;;Atropelamento;;Não informado;;Meio De Quadra;;;0;1;0;1;0;0;0;0;0;0;0;0;0;(-38.54656 -3.7142694);
;2022-06-08 20:31:40;Avenida Humberto Monte;;;Rodolfo Teofilo;;Colisão;;Não informado;;Meio De Quadra;;;0;2;0;1;1;0;0;0;0;0;0;0;0;(-38.5648788 -3.7441492);
;2022-06-08 20:13:00;Rua Araça;Rua Primeiro De Maio;;Bonsucesso;;Colisão;;Não informado;;Cruzamento;;;0;2;0;0;2;0;0;0;0;0;0;0;0;(-38.5845242 -3.7840756);
;2022-06-08 17:03:32;Vitoria;Avenida Perimetral;;Henrique Jorge;;Colisão;;Não informado;;Cruzamento;;;0;1;0;2;0;0;0;0;0;0;0;0;0;(-38.5864203 -3.794134);
;2022-06-08 16:09:34;Rua Afrodisio Gondim;;;Bom Futuro;;Colisão;;Não informado;;Meio De Quadra;;;0;1;0;1;1;0;0;0;0;0;0;0;0;(-38.5451627 -3.757559999999999);
;2022-06-08 16:05:21;Vicente Paraibano;;;Itaperi;;Colisão;;Não informado;;Meio De Quadra;;;0;1;0;1;1;0;0;0;0;0;0;0;0;(0 0);
;2022-06-08 16:02:10;Emilia Gonçalves;;;Quintino Cunha;;Colisão;;Não informado;;Meio De Quadra;;;0;1;0;1;1;0;0;0;0;0;0;0;0;(-38.59372159999999 -3.7311184);
;2022-06-08 15:34:48;Alberto Magno;Rua Afrodizio Gondim;;Montese;;Colisão;;Não informado;;Cruzamento;;;0;1;0;1;1;0;0;0;0;0;0;0;0;(-38.5443064 -3.7583586);
;2022-06-08 15:02:10;Osorio De Paiva;;;Parangaba;;Atropelamento;;Não informado;;Meio De Quadra;;;0;1;0;0;1;0;0;0;0;0;0;0;0;(-38.571673 -3.779614);
;2022-06-08 13:57:13;Alberto Craveiro;Castelão;;Não informado;;Colisão;;Não informado;;Cruzamento;;;0;1;0;1;1;0;0;0;0;0;0;0;0;(-38.5187133 -3.7973303);
;2022-06-08 11:52:53;Washington Soares;;;Messejana;;Colisão;;Não informado;;Meio De Quadra;;;0;1;0;1;1;0;0;0;0;0;0;0;0;(-38.4810806 -3.8227642);
;2022-06-08 11:42:33;Lineu Machado;;;Joquei Clube;;Atropelamento;;Não informado;;Meio De Quadra;;;0;1;0;1;0;0;0;0;0;0;0;0;0;(-38.579097 -3.77011);
;2022-06-08 10:57:47;Av N;;;Prefeito Jose Walter;;Colisão;;Não informado;;Meio De Quadra;;;0;1;0;1;1;0;0;0;0;0;0;0;0;(-38.5506715 -3.8333037);
;2022-06-08 10:17:00;F;;;Prefeito Jose Walter;;Colisão;;Não informado;;Meio De Quadra;;;0;1;0;1;1;0;0;0;0;0;0;0;0;(-38.5549813 -3.8366244);
;2022-06-08 10:02:33;Saldanha Marinho;;;Fatima;;Colisão;;Não informado;;Meio De Quadra;;;0;1;0;1;1;0;0;0;0;0;0;0;0;(0 0);
;2022-06-08 09:56:24;Rua Maestro Neo Miranda;;;Boa Vista;;Colisão;;Não informado;;Meio De Quadra;;;0;1;0;1;0;0;1;0;0;0;0;0;0;(-38.517797 -3.801057);
;2022-06-08 09:55:02;Rua José Carlos Gurgel Nogueira;;;Vicente Pinzon;;Queda;;Não informado;;Meio De Quadra;;;0;2;0;0;0;0;0;0;0;1;0;0;0;(-38.4737012 -3.7324479);
;2022-06-08 01:50:09;Avenida Senador Fernandes Tavora -;;;Autran Nunes;;Queda;;Não informado;;Meio De Quadra;;;0;1;0;0;0;0;0;0;0;1;0;0;0;(-38.5937402 -3.7561086);
;2022-06-08 00:42:33;Rua José Aristóteles Gondim;;;Bonsucesso;;Queda;;Não informado;;Meio De Quadra;;;0;1;0;1;0;0;0;0;0;0;0;0;0;(-38.5856228 -3.7809);
;2022-06-08 00:06:26;Desembrgador Moreira;Silva Jatahy;;Meireles;;Colisão;;Não informado;;Cruzamento;;;0;1;0;0;1;0;0;0;0;1;0;0;0;(-38.4958336 -3.72836);
;2022-06-07 23:20:42;G;;;Cristo Redentor;;Colisão;;Não informado;;Meio De Quadra;;;0;1;0;0;2;0;0;0;0;0;0;0;0;(0 0);
;2022-06-07 22:49:49;Bragancia;;;Granja Portugal;;Colisão;;Não informado;;Meio De Quadra;;;0;1;0;1;1;0;0;0;0;0;0;0;0;(-38.5968125 -3.781407);
;2022-06-07 22:35:29;Moreira Da Rocha;Silva Paulet;;Meireles;;Colisão;;Não informado;;Cruzamento;;;0;1;0;0;2;0;0;0;0;0;0;0;0;(-38.5031854 -3.7275473);
;2022-06-07 22:32:35;Capitao Olavo;;;Aerolandia;;Atropelamento;;Não informado;;Meio De Quadra;;;0;1;0;0;1;0;0;0;0;0;0;0;0;(-38.5159589 -3.7659776);
;2022-06-07 21:23:33;Avenida Areia Branca;;;Vicente Pinzon;;Colisão;;Não informado;;Meio De Quadra;;;0;1;0;1;1;0;0;0;0;0;0;0;0;(-38.4745237 -3.7284851);
;2022-06-07 20:35:49;Avila Vilar;;;Papicu;;Colisão;;Não informado;;Meio De Quadra;;;0;1;0;0;2;0;0;0;0;0;0;0;0;(-38.4791684 -3.7345161);
;2022-06-07 20:26:37;Washington Soares;;;Paupina;;Queda;;Não informado;;Meio De Quadra Sem Numero;;;0;1;0;1;0;0;0;0;0;0;0;0;0;(-38.4803358 -3.8407359);
;2022-06-07 19:10:32;Alberto Craveiro  -B.Castelao;;;Não informado;;Colisão;;Não informado;;Meio De Quadra Sem Numero;;;0;1;0;1;1;0;0;0;0;0;0;0;0;(-38.5187133 -3.7973303);
;2022-06-07 17:54:24;Silas Munguba;;;Passare;;Colisão;;Não informado;;Meio De Quadra Sem Numero;;;0;1;0;2;0;0;0;0;0;0;0;0;0;(-38.5297827 -3.8016075);
;2022-06-07 15:50:04;Dom Carloto Tavora;R.Almirante Rubim;;Montese;;Colisão;;Não informado;;Cruzamento;;;0;1;0;1;1;0;0;0;0;0;0;0;0;(-38.55625939999999 -3.7698501);
;2022-06-07 15:50:02;Carneiro De Mendonça;;;Joquei Clube;;Colisão;;Não informado;;Meio De Quadra;;;0;1;0;1;1;0;0;0;0;0;0;0;0;(0 0);
;2022-06-07 13:45:14;Erico Mota;;;Parquelandia;;Queda;;Não informado;;Meio De Quadra;;;0;1;0;1;0;0;0;0;0;0;0;0;0;(-38.5618025 -3.7416125);
;2022-06-07 11:11:18;Rua Gonçalo Bezerra;;;Olavo Oliveira;;Colisão;;Não informado;;Meio De Quadra;;;0;2;0;2;0;0;0;0;0;0;0;0;0;(-38.5849164 -3.7311517);
;2022-06-07 11:06:35;Oliveira Paiva;;;Cidade Dos Funcionarios;;Colisão;;Não informado;;Meio De Quadra;;;0;1;0;1;1;0;0;0;0;0;0;0;0;(-38.5012119 -3.7972895);
;2022-06-07 10:50:34;Barao De Studart;R.Soriano Albuquerque;;Meireles;;Queda;;Não informado;;Cruzamento;;;0;1;0;1;0;0;0;0;0;0;0;0;0;(-38.511603 -3.750187199999999);
;2022-06-07 10:33:18;Senador Carlos Jereissati;;;Aeroporto;;Colisão;;Não informado;;Meio De Quadra Sem Numero;;;0;1;0;1;1;0;0;0;0;0;0;0;0;(-38.5357467 -3.7820759);
;2022-06-07 10:17:48;Bernardo Maneul;;;Mondubim;;Colisão;;Não informado;;Meio De Quadra;;;0;1;0;1;1;0;0;0;0;0;0;0;0;(-38.55658529999999 -3.8152051);
;2022-06-07 02:00:27;Americo Barreira 1100;Av. Caneiro De Mendonça;;Parangaba;;Colisão;;Não informado;;Cruzamento;;;0;1;0;0;1;0;0;0;0;1;0;0;0;(-38.566922 -3.764371);
;2022-06-06 22:27:24;Washington Soares;;;Edson Queiroz;;Queda;;Não informado;;Meio De Quadra;;;0;1;0;1;0;0;0;0;0;0;0;0;0;(-38.4801566 -3.7828696);
;2022-06-06 22:11:44;Heraclito Graça;Nogueira Acioly;;Centro;;Queda;;Não informado;;Cruzamento;;;0;2;0;1;0;0;0;0;0;0;0;0;0;(-38.5186861 -3.7354313);
;2022-06-06 21:19:34;Dr Aldyr Mentor;;;Manoel Dias Branco;;Colisão;;Não informado;;Meio De Quadra Sem Numero;;;0;2;0;1;1;0;0;0;0;0;0;0;0;(-38.456063 -3.7543081);
;2022-06-06 20:44:35;Paulo Firmeza;Capitao Gustavo;;Sao Joao Do Tauape;;Atropelamento;;Não informado;;Cruzamento;;;0;1;0;1;0;0;0;0;0;0;0;0;0;(-38.5162751 -3.7574448);
;2022-06-06 20:27:58;Jose Americo - Sentindo Centro;;;Pan Americano;;Colisão;;Não informado;;Meio De Quadra;;;0;1;0;0;2;0;0;0;0;0;0;0;0;(0 0);
;2022-06-06 20:27:56;Jose Bastos;;;Couto Fernandes;;Colisão;;Não informado;;Meio De Quadra;;;0;1;0;1;1;0;0;0;0;0;0;0;0;(-38.56240750000001 -3.7580877);
;2022-06-06 20:24:09;Carapinima;;;Benfica;;Queda;;Não informado;;Meio De Quadra;;;0;1;0;1;0;0;0;0;0;0;0;0;0;(-38.5382539 -3.7379482);
;2022-06-06 20:22:57;Avenida Francisco Sa;;;Jacarecanga;;Atropelamento;;Não informado;;Meio De Quadra;;;0;2;0;1;0;0;0;0;0;0;0;0;0;(-38.5481831 -3.7205599);
;2022-06-06 19:29:14;Joaquim Geronimo;Rua Francisco Mota;;Jardim Cearense;;Colisão;;Não informado;;Cruzamento;;;0;1;0;0;2;0;0;0;0;0;0;0;0;(-38.5625187 -3.8036858);
;2022-06-06 19:27:29;Rua Ari Maia;;;Granja Lisboa;;Colisão;;Não informado;;Meio De Quadra;;;0;1;0;1;1;0;0;0;0;0;0;0;0;(-38.6215461 -3.7836261);
;2022-06-06 18:03:12;Presidente Castelo Branco - Upa Pirambu;;;Cristo Redentor;;Queda;;Não informado;;Meio De Quadra Sem Numero;;;0;1;0;0;0;0;0;0;0;1;0;0;0;(-38.5645486 -3.7095397);
;2022-06-06 17:55:22;Rua Coronel Joao Correia;;;Granja Lisboa;;Queda;;Não informado;;Meio De Quadra;;;0;1;0;1;0;0;0;0;0;0;0;0;0;(-38.6216181 -3.7867019);
;2022-06-06 17:16:33;Rua Nossa Senhora Das Graças;;;Pirambu;;Colisão;;Não informado;;Meio De Quadra;;;0;1;0;2;0;0;0;0;0;0;0;0;0;(-38.5556911 -3.709482);
;2022-06-06 16:44:26;Coronel Carvalho - Sentindo Barra Do Ceara;;;Barra Do Ceara;;Atropelamento;;Não informado;;Meio De Quadra;;;0;2;0;1;0;0;0;0;0;0;0;0;0;(-38.5899797 -3.7097209);
;2022-06-06 16:12:01;Jose Jatay;;;Jacarecanga;;Queda;;Não informado;;Meio De Quadra;;;0;1;0;1;0;0;0;0;0;0;0;0;0;(-38.5448295 -3.7301709);
;2022-06-06 14:38:29;Filomeno Gomes;Av. Leste Oeste;;Jacarecanga;;Queda;;Não informado;;Cruzamento;;;0;1;0;0;0;0;0;0;0;1;0;0;0;(-38.5417415 -3.7156634);
;2022-06-06 14:20:04;Leste Oeste;;;Carlito Pamplona;;Colisão;;Não informado;;Meio De Quadra;;;0;1;0;1;1;0;0;0;0;0;0;0;0;(-38.55345579999999 -3.712129499999999);
;2022-06-06 14:18:54;860--  Upa Conjunto Ceara;;;Conjunto Ceara;;Queda;;Não informado;;Meio De Quadra Sem Numero;;;0;1;0;0;0;0;0;0;0;1;0;0;0;(-38.5998309 -3.7689359);
;2022-06-06 13:50:20;Padre Joao Pia Marta;;;Montese;;Queda;;Não informado;;Meio De Quadra;;;0;1;0;1;0;0;0;0;0;0;0;0;0;(-38.5404594 -3.7564384);
;2022-06-06 13:18:00;Alvaro Correia;;;Varjota;;Colisão;;Não informado;;Meio De Quadra;;;0;1;0;1;1;0;0;0;0;0;0;0;0;(-38.4846843 -3.7286902);
;2022-06-06 12:52:51;Avenida Capitao Waldemar Paula Lima;;;Barroso;;Colisão;;Não informado;;Meio De Quadra;;;0;2;0;1;1;0;0;0;0;0;0;0;0;(-38.5073162 -3.8166239);
;2022-06-06 12:37:42;Genibau;;;Parque Genibau;;Queda;;Não informado;;Meio De Quadra;;;0;1;0;1;0;0;0;0;0;0;0;0;0;(-38.5971814 -3.761492099999999);
;2022-06-06 11:10:22;Pinto Madeira;Rua Barao De Aracati;;Aldeota;;Atropelamento;;Não informado;;Cruzamento;;;0;1;0;0;1;0;0;0;0;0;0;0;0;(-38.5122636 -3.7339313);
;2022-06-06 10:28:52;Francosco Sa;;;Alvaro Weyne;;Colisão;;Não informado;;Meio De Quadra;;;0;1;0;1;1;0;0;0;0;0;0;0;0;(0 0);
;2022-06-06 09:53:03;Honorina Maia;;;Parque Santa Maria;;Colisão;;Não informado;;Meio De Quadra Sem Numero;;;0;1;0;1;1;0;0;0;0;0;0;0;0;(-38.5021972 -3.8547299);
;2022-06-06 01:14:51;Demetrio Menezes;;;Antonio Bezerra;;Queda de moto;;Não informado;;Meio De Quadra;;;0;1;0;2;0;0;0;0;0;0;0;0;0;(0 0);
;2022-06-06 00:42:01;Rua Tulipa;;;Barra Do Ceara;;Queda;;Não informado;;Meio De Quadra;;;0;1;0;1;0;0;0;0;0;0;0;0;0;(-38.5788336 -3.7124023);
;2022-06-05 22:50:52;Mister Hull;;;Antonio Bezerra;;Colisão;;Não informado;;Meio De Quadra Sem Numero;;;0;1;0;2;0;0;0;0;0;0;0;0;0;(-38.5918137 -3.7395231);
;2022-06-05 22:32:42;Maria Julia;;;Bom Jardim;;Colisão;;Não informado;;Meio De Quadra;;;0;1;0;0;2;0;0;0;0;0;0;0;0;(-38.6020934 -3.7998387);
;2022-06-05 22:23:18;Rua Brigadeiro Torres -;;;Joao Xxiii;;Queda;;Não informado;;Meio De Quadra;;;0;1;0;0;0;0;0;0;0;1;0;0;0;(-38.58331769999999 -3.7722246);
;2022-06-05 21:51:45;Avenida Major Assis;Mozart Lucena 2155;;Vila Velha;;Colisão;;Não informado;;Cruzamento;;;0;1;0;1;1;0;0;0;0;0;0;0;0;(-38.5966076 -3.7217349);
;2022-06-05 21:45:37;Rua Capricho;;;Dias Macedo;;Colisão;;Não informado;;Meio De Quadra;;;0;1;0;1;1;0;0;0;0;0;0;0;0;(-38.5256556 -3.788708);
;2022-06-05 21:43:19;12 De Julho;;;Joao Xxiii;;Queda;;Não informado;;Meio De Quadra;;;0;1;0;0;0;0;0;0;0;1;0;0;0;(-38.585225 -3.775336);
;2022-06-05 21:40:40;Beira Mar;;;Meireles;;Queda;;Não informado;;Meio De Quadra Sem Numero;;;0;1;0;0;0;0;0;0;0;1;0;0;0;(-38.5108322 -3.7203831);
;2022-06-05 18:53:45;Avenida Rogaciano Leite;;;Engenheiro Luciano Cavalcante;;Colisão;;Não informado;;Meio De Quadra;;;0;1;0;1;0;0;0;0;0;0;0;0;0;(-38.49827579999999 -3.7707288);
;2022-06-05 18:41:03;Castelo De Castro;;;Passare;;Colisão;;Não informado;;Meio De Quadra;;;0;1;0;1;1;0;0;0;0;0;0;0;0;(0 0);