COD_ACIDENTE;DATA;LOG1;LOG2;NUMERO;BAIRRO;AMC;NATUREZA;ILUMINACAO;TEMPO;SUPERFICIEPISTA;TIPOCRUZAMENTO;CONTROLETRAFEGO;USOSOLO;MORTOS;FERIDOS;ILESOS;MOTOCICLETA;AUTOMOVEL;MICROONIBUS;CAMINHAO;ONIBUS;CICLOMOTOR;BICICLETA;OUTROS;TREM;TRACAOANIMAL;COORDENADAS
;2022-06-05 18:19:10;Monsenhor Tabosa;;;Não informado;;Atropelamento;;Não informado;;Meio De Quadra;;;0;1;0;0;1;0;0;0;0;0;0;0;0;(-38.5081289 -3.7240851);
;2022-06-05 18:08:49;Avenida Almirante Henrique Saboia - Virgilio Borba;;;Dionisio Torres;;Queda;;Não informado;;Meio De Quadra Sem Numero;;;0;1;0;1;0;0;0;0;0;0;0;0;0;(-38.5013338 -3.7528873);
;2022-06-05 18:08:16;Br116;Dionisio Leonel Alencar;;Não informado;;Queda;;Não informado;;Cruzamento;;;0;1;0;0;0;0;0;0;0;1;0;0;0;(-38.4995428 -3.8425433);
;2022-06-05 13:48:20;Engenheiro Santana Junior;;;Coco;;Queda;;Não informado;;Meio De Quadra Sem Numero;;;0;1;0;0;0;0;0;0;0;1;0;0;0;(-38.4880925 -3.7441454);
;2022-06-05 13:45:50;Rua Coronel Linhares;;;Dionisio Torres;;Colisão;;Não informado;;Meio De Quadra;;;0;1;0;1;1;0;0;0;0;0;0;0;0;(-38.4974309 -3.7461972);
;2022-06-05 12:35:25;Avenida Beira Mar;;;Mucuripe;;Colisão;;Não informado;;Meio De Quadra;;;0;1;0;0;2;0;0;0;0;0;0;0;0;(-38.4934719 -3.7259834);
;2022-06-05 11:56:27;Avenida Professor Gomes De Matos;;;Jardim America;;Colisão;;Não informado;;Meio De Quadra;;;0;1;0;1;1;0;0;0;0;0;0;0;0;(0 0);
;2022-06-05 11:41:50;Nossa Senhora Das Graças;;;Pirambu;;Queda;;Não informado;;Meio De Quadra;;;0;1;0;1;0;0;0;0;0;0;0;0;0;(-38.5509831 -3.7107847);
;2022-06-05 11:13:40;Paisagistica;;;Edson Queiroz;;Colisão;;Não informado;;Meio De Quadra Sem Numero;;;0;1;0;1;1;0;0;0;0;0;0;0;0;(-38.4583153 -3.7747729);
;2022-06-05 10:27:30;Rua General Onofre;;;Mondubim;;Queda;;Não informado;;Meio De Quadra;;;0;2;0;1;0;0;0;0;0;0;0;0;0;(-38.569148 -3.8085458);
;2022-06-05 10:24:58;Avenida Dioguinho;;;Cais Do Porto;;Queda;;Não informado;;Meio De Quadra Sem Numero;;;0;1;0;1;0;0;0;0;0;0;0;0;0;(-38.4670068 -3.7181142);
;2022-06-05 10:10:33;Sabiaguaba - Caça E Pesca;;;Sabiaguaba;;Colisão;;Não informado;;Meio De Quadra Sem Numero;;;0;1;0;0;2;0;0;0;0;0;0;0;0;(-38.437172 -3.7677319);
;2022-06-05 04:25:16;Luis Vieira;;;Siqueira;;Colisão;;Não informado;;Meio De Quadra;;;0;1;0;0;1;0;0;0;0;1;0;0;0;(-38.5874056 -3.793695199999999);
;2022-06-05 04:19:59;Jovita Feitosa;;;Parquelandia;;Queda;;Não informado;;Meio De Quadra;;;0;1;0;1;0;0;0;0;0;0;0;0;0;(-38.5526548 -3.7389466);
;2022-06-05 03:41:38;4 De Outubro;;;Henrique Jorge;;Queda;;Não informado;;Meio De Quadra;;;0;1;0;0;0;0;0;0;0;1;0;0;0;(-38.5848507 -3.7627154);
;2022-06-05 03:00:14;Betel;;;Itaperi;;Queda;;Não informado;;Meio De Quadra Sem Numero;;;0;1;0;1;0;0;0;0;0;0;0;0;0;(-38.5526492 -3.7922126);
;2022-06-05 02:23:50;Benjamim Brasil;;;Maraponga;;Colisão;;Não informado;;Meio De Quadra;;;0;1;0;2;0;0;0;0;0;0;0;0;0;(-38.5643902 -3.8058288);
;2022-06-05 02:09:47;Senador Carlos Jereissati;;;Aeroporto;;Colisão;;Não informado;;Meio De Quadra Sem Numero;;;0;2;0;2;0;0;0;0;0;0;0;0;0;(-38.5357467 -3.7820759);
;2022-06-05 00:30:22;1018.0;;;Conjunto Ceara;;Colisão;;Não informado;;Meio De Quadra Sem Numero;;;0;1;0;0;2;0;0;0;0;0;0;0;0;(-38.6174568 -3.7700086);
;2022-06-04 23:54:32;Raul Barbosa;;;Aerolandia;;Queda;;Não informado;;Meio De Quadra;;;0;1;0;1;0;0;0;0;0;0;0;0;0;(-38.5114324 -3.7714119);
;2022-06-04 23:46:57;Osorio De Paiva;Oscar Araripe;;Bom Jardim;;Colisão;;Não informado;;Cruzamento;;;0;2;0;0;2;0;0;0;0;0;0;0;0;(-38.5918034 -3.794082699999999);
;2022-06-04 22:57:58;Primeiro De Abril;;;Passare;;Colisão;;Não informado;;Meio De Quadra;;;0;1;0;2;0;0;0;0;0;0;0;0;0;(0 0);
;2022-06-04 22:46:44;Pernambuco;;;Pici;;Colisão;;Não informado;;Meio De Quadra;;;0;2;0;2;0;0;0;0;0;0;0;0;0;(-38.5774244 -3.7523206);
;2022-06-04 22:38:31;Julio Silva;;;Antonio Diogo;;Atropelamento;;Não informado;;Meio De Quadra;;;0;1;0;1;0;0;0;0;0;0;0;0;0;(-38.4542732 -3.744987999999999);
;2022-06-04 21:38:53;Rua Primeiro De Abril;;;Boa Vista;;Colisão;;Não informado;;Meio De Quadra;;;0;1;0;2;0;0;0;0;0;0;0;0;0;(-38.5248656 -3.802422299999999);
;2022-06-04 21:05:36;Francisco Sa;Rua Padre Anchieta;;Jacarecanga;;Colisão;;Não informado;;Cruzamento;;;0;2;0;1;1;0;0;0;0;0;0;0;0;(-38.5495769 -3.7199776);
;2022-06-04 20:48:53;Rio Araguaia;;;Jardim Iracema;;Colisão;;Não informado;;Meio De Quadra;;;0;2;0;1;1;0;0;0;0;0;0;0;0;(-38.5816406 -3.7212121);
;2022-06-04 20:37:26;Mozart Pinheiro De Lucena -;;;Vila Velha;;Atropelamento;;Não informado;;Meio De Quadra Sem Numero;;;0;1;0;1;0;0;0;0;0;0;0;0;0;(-38.5950474 -3.7158361);
;2022-06-04 20:19:36;Dos Paroaras;;;Passare;;Colisão;;Não informado;;Meio De Quadra;;;0;1;0;2;0;0;0;0;0;0;0;0;0;(-38.5448779 -3.8085777);
;2022-06-04 17:42:06;Washington Soares;;;Cambeba;;Colisão;;Não informado;;Meio De Quadra;;;0;2;0;1;1;0;0;0;0;0;0;0;0;(-38.47929269999999 -3.8055771);
;2022-06-04 17:17:39;G;Av B;;Conjunto Ceara;;Colisão;;Não informado;;Cruzamento;;;0;1;0;1;1;0;0;0;0;0;0;0;0;(-38.6071318 -3.7680946);
;2022-06-04 16:31:25;Washington Soares;;;Cambeba;;Colisão;;Não informado;;Meio De Quadra;;;0;1;0;1;1;0;0;0;0;0;0;0;0;(-38.4831324 -3.816787);
;2022-06-04 15:41:11;Contorno Sul;;;Jangurussu;;Colisão;;Não informado;;Meio De Quadra;;;0;1;0;1;1;0;0;0;0;0;0;0;0;(-38.5180902 -3.8365794);
;2022-06-04 14:00:19;Washington Soares;;;Edson Queiroz;;Colisão;;Não informado;;Meio De Quadra;;;0;1;0;1;1;0;0;0;0;0;0;0;0;(-38.4907007 -3.753704299999999);
;2022-06-04 12:28:59;Dos Expedicionarios- Sentindo;;;Montese;;Atropelamento;;Não informado;;Meio De Quadra;;;0;1;0;0;0;0;0;0;0;0;1;0;0;(-38.541514 -3.7660771);
;2022-06-04 11:37:21;Tulipa;;;Jardim Iracema;;Colisão;;Não informado;;Meio De Quadra;;;0;1;0;0;2;0;0;0;0;0;0;0;0;(0 0);
;2022-06-04 10:27:09;Historiador Raimundo Girao;;;Meireles;;Colisão;;Não informado;;Meio De Quadra;;;0;1;0;1;1;0;0;0;0;0;0;0;0;(-38.5073039 -3.7228274);
;2022-06-04 10:20:39;Deputado Paulino Rocha - Castelao;;;Boa Vista;;Colisão;;Não informado;;Meio De Quadra;;;0;1;0;1;1;0;0;0;0;0;0;0;0;(-38.5224331 -3.8072834);
;2022-06-04 07:53:20;Presidente Costa E Silva;;;Prefeito Jose Walter;;Queda;;Não informado;;Meio De Quadra Sem Numero;;;0;1;0;1;0;0;0;0;0;0;0;0;0;(-38.5443558 -3.8244455);
;2022-06-04 02:19:24;Betel;;;Serrinha;;Queda;;Não informado;;Meio De Quadra;;;0;1;0;0;0;0;0;0;0;1;0;0;0;(-38.552983 -3.7931811);
;2022-06-04 01:57:20;Quinze De Novembro;;;Montese;;Colisão;;Não informado;;Meio De Quadra;;;0;2;0;1;0;0;1;0;0;0;0;0;0;(-38.5560975 -3.7689016);
;2022-06-04 01:18:16;Humberto Monte;;;Parquelandia;;Colisão;;Não informado;;Meio De Quadra;;;0;1;0;2;0;0;0;0;0;0;0;0;0;(-38.5681899 -3.740315);
;2022-06-03 22:56:03;Virgilio Nogueira;;;Bom Jardim;;Atropelamento;;Não informado;;Meio De Quadra;;;0;2;0;1;0;0;0;0;0;0;0;0;0;(-38.6077371 -3.7853237);
;2022-06-03 22:34:04;Maria Julia;;;Bom Jardim;;Queda;;Não informado;;Meio De Quadra;;;0;1;0;1;0;0;0;0;0;0;0;0;0;(-38.6027746 -3.8008254);
;2022-06-03 22:13:55;Av. Castelo De Castro Esquina;Rua 309;;Jangurussu;;Colisão;;Não informado;;Cruzamento;;;0;1;0;1;1;0;0;0;0;0;0;0;0;(-38.5216603 -3.8435121);
;2022-06-03 22:13:10;Castelo De Castro - Conjunto Sao Cristovon;;;Jangurussu;;Colisão;;Não informado;;Meio De Quadra;;;0;1;0;1;1;0;0;0;0;0;0;0;0;(-38.5245898 -3.8314035);
;2022-06-03 21:32:39;Rua Ana Faco;;;Alvaro Weyne;;Colisão;;Não informado;;Meio De Quadra;;;0;1;0;1;1;0;0;0;0;0;0;0;0;(-38.5618538 -3.7151544);
;2022-06-03 21:05:24;Senador Carlos Jereissati;;;Serrinha;;Colisão;;Não informado;;Meio De Quadra Sem Numero;;;0;1;0;1;1;0;0;0;0;0;0;0;0;(-38.5416215 -3.7803066);
;2022-06-03 20:17:00;Godofredo Maciel;;;Maraponga;;Colisão;;Não informado;;Meio De Quadra Sem Numero;;;0;1;0;1;1;0;0;0;0;0;0;0;0;(-38.5700693 -3.7966838);
;2022-06-03 20:10:22;Av; Waschington Soares;;;Guararapes;;Colisão;;Não informado;;Meio De Quadra;;;0;1;0;1;1;0;0;0;0;0;0;0;0;(-38.4879906 -3.7553729);
;2022-06-03 19:29:47;Rua Comendador Garcia;; ;Parque Sao Jose;;Colisão;;Não informado;;Meio De Quadra;;;0;1;0;1;1;0;0;0;0;0;0;0;0;(-38.57709029999999 -3.7863161);
;2022-06-03 17:38:37;Alberto Craveiro;;;Cajazeiras;;Queda;;Não informado;;Meio De Quadra Sem Numero;;;0;1;0;1;0;0;0;0;0;0;0;0;0;(-38.5172568 -3.7900893);
;2022-06-03 16:56:28;Fernndes Tavora;;;Henrique Jorge;;Queda;;Não informado;;Meio De Quadra;;;0;1;0;0;0;0;0;0;0;1;0;0;0;(0 0);
;2022-06-03 16:34:28;Rua Jose Avelino;Rua Almirante Jaceguai;;Centro;;Colisão;;Não informado;;Cruzamento;;;0;2;0;0;2;0;0;0;0;0;0;0;0;(-38.519328 -3.7224014);
;2022-06-03 14:36:35;Osorio De Paiva;;;Parangaba;;Queda;;Não informado;;Meio De Quadra;;;0;1;0;1;0;0;0;0;0;0;0;0;0;(-38.571673 -3.779614);
;2022-06-03 14:05:25;Oscar Araripe;Av. Osorio De Paiva;;Bom Jardim;;Colisão;;Não informado;;Cruzamento;;;0;1;0;0;2;0;0;0;0;0;0;0;0;(-38.5918034 -3.794082699999999);
;2022-06-03 13:00:07;Washington Soares;;;Parque Manibura;;Atropelamento;;Não informado;;Meio De Quadra;;;0;1;0;0;1;0;0;0;0;0;0;0;0;(-38.4807203 -3.7910392);
;2022-06-03 12:45:40;Coronel Fabriciano;;;Bom Jardim;;Colisão;;Não informado;;Meio De Quadra;;;0;1;0;1;1;0;0;0;0;0;0;0;0;(-38.6068179 -3.783086);
;2022-06-03 12:33:37;Heraclito Graça;;;Aldeota;;Colisão;;Não informado;;Meio De Quadra Sem Numero;;;0;1;0;1;1;0;0;0;0;0;0;0;0;(-38.5145043 -3.7367752);
;2022-06-03 12:14:11;Alberto Craveiro - Sentindo Inteirior;;;Dias Macedo;;Queda;;Não informado;;Meio De Quadra Sem Numero;;;0;1;0;0;0;0;0;0;0;1;0;0;0;(-38.5169862 -3.788271);
;2022-06-03 11:43:29;13 De Maio;Rua Waldery Uchoa;;Benfica;;Colisão;;Não informado;;Cruzamento;;;0;1;0;1;1;0;0;0;0;0;0;0;0;(-38.5374227 -3.7423487);
;2022-06-03 10:34:21;Rua Gabriel Fiuza;Rua Dom Cisto Albano;;Vila Peri;;Colisão;;Não informado;;Cruzamento;;;0;1;0;1;1;0;0;0;0;0;0;0;0;(-38.5780534 -3.788791899999999);
;2022-06-03 09:59:40;Rua Ari Maia;;;Granja Lisboa;;Colisão;;Não informado;;Meio De Quadra;;;0;1;0;0;2;0;0;0;0;0;0;0;0;(-38.6214466 -3.783127);
;2022-06-03 09:33:00;Silas Munguba;;;Parangaba;;Colisão;;Não informado;;Meio De Quadra;;;0;2;0;0;2;0;0;0;0;0;0;0;0;(0 0);
;2022-06-03 09:31:50;Rua Jaime Benevolo;;;Centro;;Colisão;;Não informado;;Meio De Quadra;;;0;1;0;1;1;0;0;0;0;0;0;0;0;(-38.5265976 -3.7361547);
;2022-06-03 08:40:27;Terminal Parangaba;;;Parangaba;;Atropelamento;;Não informado;;Meio De Quadra Sem Numero;;;0;1;0;0;0;0;0;0;0;0;1;0;0;(-38.563162 -3.776384);
;2022-06-03 07:30:48;Avenida Godofredo Maciel;;;Mondubim;;Queda;;Não informado;;Meio De Quadra Sem Numero;;;0;1;0;1;0;0;0;0;0;0;0;0;0;(-38.5752152 -3.8178563);
;2022-06-03 05:19:07;Nereu Ramos;;;Parangaba;;Queda;;Não informado;;Meio De Quadra;;;0;1;0;1;0;0;0;0;0;0;0;0;0;(-38.5752114 -3.783264699999999);
;2022-06-03 03:18:13;Duque De Caxias;Rua Visconde Do Rio Branco;;Centro;;Colisão;;Não informado;;Cruzamento;;;0;1;0;1;1;0;0;0;0;0;0;0;0;(-38.5246095 -3.7334701);
;2022-06-03 01:11:16;Desembargador Luis Paulino;;;Henrique Jorge;;Colisão;;Não informado;;Meio De Quadra;;;0;1;0;0;2;0;0;0;0;0;0;0;0;(-38.579643 -3.766129);
;2022-06-02 22:37:11;Osvaldo Cruz;;;Meireles;;Colisão;;Não informado;;Meio De Quadra;;;0;1;0;0;1;0;0;0;0;1;0;0;0;(-38.4985649 -3.731652099999999);
;2022-06-02 22:06:45;Osvaldo Cruz;;;Meireles;;Colisão;;Não informado;;Meio De Quadra;;;0;1;0;1;1;0;0;0;0;0;0;0;0;(-38.5008213 -3.7367762);
;2022-06-02 22:06:01;Avenida Jovita Feitosa;Humberto Montes;;Parquelandia;;Colisão;;Não informado;;Cruzamento;;;0;1;0;2;0;0;0;0;0;0;0;0;0;(-38.5665031 -3.7419566);
;2022-06-02 20:49:51;Rua Pereira De Miranda;;;Papicu;;Atropelamento;;Não informado;;Meio De Quadra;;;0;1;0;0;1;0;0;0;0;0;0;0;0;(-38.4793136 -3.7406938);
;2022-06-02 20:47:13;Leste Oest;;;Jacarecanga;;Queda;;Não informado;;Meio De Quadra;;;0;1;0;0;0;0;0;0;0;1;0;0;0;(-38.5513679 -3.7129863);
;2022-06-02 20:39:52;Rua Coronel Guilherme Alencar;;;Messejana;;Atropelamento;;Não informado;;Meio De Quadra;;;0;2;0;1;0;0;0;0;0;0;0;0;0;(0 0);
;2022-06-02 20:39:03;Rua Paula Ney;;;Aldeota;;Colisão;;Não informado;;Meio De Quadra;;;0;1;0;1;1;0;0;0;0;0;0;0;0;(-38.4907105 -3.7421806);
;2022-06-02 19:47:56;Av. Perimetral;;;Messejana;;Colisão;;Não informado;;Meio De Quadra Sem Numero;;;0;1;0;0;2;0;0;0;0;0;0;0;0;(-38.5327995 -3.8276466);
;2022-06-02 17:04:58;Bezerra De Meneses;;;Farias Brito;;Atropelamento;;Não informado;;Meio De Quadra;;;0;1;0;1;0;0;0;0;0;0;0;0;0;(-38.542232 -3.7308181);
;2022-06-02 16:21:23;Almirante Barroso;;;Praia De Iracema;;Atropelamento;;Não informado;;Meio De Quadra;;;0;1;0;0;1;0;0;0;0;0;0;0;0;(-38.5142043 -3.7202503);
;2022-06-02 11:12:22;Tristao Gonçalves;;;Centro;;Colisão;;Não informado;;Meio De Quadra;;;0;1;0;0;1;0;0;0;0;1;0;0;0;(-38.535279 -3.7331687);
;2022-06-02 09:51:04;Presidente Costa E Silva;;;Prefeito Jose Walter;;Capotamento;;Não informado;;Meio De Quadra Sem Numero;;;0;1;0;0;1;0;0;0;0;0;0;0;0;(-38.5443558 -3.8244455);
;2022-06-02 04:54:13;Avenida General Osorio De Paiva;;;Parangaba;;Queda;;Não informado;;Meio De Quadra;;;0;1;0;1;0;0;0;0;0;0;0;0;0;(-38.579303 -3.784091);
;2022-06-02 03:58:02;Pompilio Gomes;;;Passare;;Atropelamento;;Não informado;;Meio De Quadra;;;0;2;0;1;0;0;0;0;0;0;0;0;0;(-38.5199827 -3.8118896);
;2022-06-02 02:06:45;Jovita Feitosa;;;Parquelandia;;Colisão;;Não informado;;Meio De Quadra;;;0;2;0;1;1;0;0;0;0;0;0;0;0;(-38.5498241 -3.738649299999999);
;2022-06-02 01:30:52;Mister Hull;;;Antonio Bezerra;;Queda;;Não informado;;Meio De Quadra;;;0;1;0;1;0;0;0;0;0;0;0;0;0;(-38.5911804 -3.739485);
;2022-06-02 01:00:39;Audizio Pinheiro;R. Florianopolis;;Henrique Jorge;;Colisão;;Não informado;;Cruzamento;;;0;1;0;2;0;0;0;0;0;0;0;0;0;(-38.5894495 -3.7595755);
;2022-06-02 00:52:02;BR 020;;;Pedras;;Queda;;Não informado;;Meio De Quadra Sem Numero;;;0;1;0;1;0;0;0;0;0;0;0;0;0;(0 0);
;2022-06-01 23:31:06;Espirito Santo;;;Bela Vista;;Colisão;;Não informado;;Meio De Quadra;;;0;1;0;2;0;0;0;0;0;0;0;0;0;(-38.5687035 -3.7532538);
;2022-06-01 23:08:22;Paulino Rocha (Entrada Do Castelão);;;Boa Vista;;Atropelamento;;Não informado;;Meio De Quadra Sem Numero;;;0;1;0;0;1;0;0;0;0;0;0;0;0;(-38.5224331 -3.8072834);
;2022-06-01 21:34:18;Rua Joao Tinoco;;;Olavo Oliveira;;Atropelamento;;Não informado;;Meio De Quadra;;;0;1;0;0;0;0;0;0;0;0;1;0;0;(-38.5899666 -3.7290359);
;2022-06-01 21:30:35;Senador Fernandes Tavora;;;Autran Nunes;;Atropelamento;;Não informado;;Meio De Quadra;;;0;1;0;1;0;0;0;0;0;0;0;0;0;(-38.5979911 -3.7554466);
;2022-06-01 19:53:18;Rua Conego De Castro;;;Parangaba;;Atropelamento;;Não informado;;Meio De Quadra;;;0;1;0;1;0;0;0;0;0;0;0;0;0;(-38.583724 -3.7960228);
;2022-06-01 17:26:01;P;;;Barroso;;Queda;;Não informado;;Meio De Quadra;;;0;1;0;1;0;0;0;0;0;0;0;0;0;(0 0);
;2022-06-01 17:25:54;Gontran Giffoni;;;Engenheiro Luciano Cavalcante;;Colisão;;Não informado;;Meio De Quadra;;;0;1;0;1;1;0;0;0;0;0;0;0;0;(-38.4952888 -3.7663179);
;2022-06-01 15:14:04;Francisco Holanda;R. Joaquim Nabuco;;Dionisio Torres;;Colisão;;Não informado;;Cruzamento;;;0;1;0;1;1;0;0;0;0;0;0;0;0;(-38.505509 -3.748394);
;2022-06-01 11:10:20;Demetrio De Menezes;;;Antonio Bezerra;;Colisão;;Não informado;;Meio De Quadra Sem Numero;;;0;1;0;1;1;0;0;0;0;0;0;0;0;(-38.5837642 -3.7387149);
;2022-06-01 10:59:58;Marcelino Lopes;Leal Lima Verde;;Sapiranga;;Colisão;;Não informado;;Cruzamento;;;0;1;0;1;1;0;0;0;0;0;0;0;0;(-38.4759889 -3.7928099);
;2022-06-01 10:49:24;BR 116 KM 6;;;Cidade Dos Funcionarios;;Queda;;Não informado;;Meio De Quadra Sem Numero;;;0;1;0;1;0;0;0;0;0;0;0;0;0;(0 0);
;2022-06-01 10:48:54;Jacinto Botelho;;;Guararapes;;Queda;;Não informado;;Meio De Quadra;;;0;1;0;1;0;0;0;0;0;0;0;0;0;(-38.4942566 -3.766505);
;2022-06-01 10:18:14;Irineu De Sousa;Pedro Americo;;Alvaro Weyne;;Colisão;;Não informado;;Cruzamento;;;0;1;0;1;1;0;0;0;0;0;0;0;0;(-38.5683264 -3.7107633);
;2022-06-01 09:57:04;Silas Munguba;;;Parangaba;;Colisão;;Não informado;;Meio De Quadra;;;0;2;0;1;1;0;0;0;0;0;0;0;0;(-38.5592508 -3.7804924);
;2022-08-01 00:59:21;N;;;Barroso;;Colisão;;Não informado;;Meio De Quadra;;;0;1;0;1;1;0;0;0;0;0;0;0;0;(0 0);
;2022-08-01 00:00:54;Carlos Vasconcelos;;;Aldeota;;Colisão;;Não informado;;Meio De Quadra;;;0;1;0;1;1;0;0;0;0;0;0;0;0;(-38.5120697 -3.7362577);
;2022-07-31 23:24:57;Governador Joao Carlos;;;Serrinha;;Atropelamento;;Não informado;;Meio De Quadra;;;0;1;0;0;1;0;0;0;0;0;0;0;0;(-38.5511583 -3.7768141);
;2022-07-31 20:14:56;Dentro Do Terminal Siqueira;;;Siqueira;;Queda;;Não informado;;Meio De Quadra Sem Numero;;;0;1;0;1;0;0;0;0;0;0;0;0;0;(-38.6168689 -3.8203388);
;2022-07-31 19:09:44;Rosa  Cruz;;;Jardim Cearense;;Colisão;;Não informado;;Meio De Quadra;;;0;1;0;1;1;0;0;0;0;0;0;0;0;(-38.569547 -3.7981862);
;2022-07-31 18:59:00;Avenida C (Cj Sitio Sao Joao);;;Jangurussu;;Colisão;;Não informado;;Meio De Quadra;;;0;1;0;1;1;0;0;0;0;0;0;0;0;(0 0);
;2022-07-31 18:54:02;Rua Jose Dantas Pereira   - Upa Canindezinho;;;Canindezinho;;Atropelamento;;Não informado;;Meio De Quadra Sem Numero;;;0;1;0;1;0;0;0;0;0;0;0;0;0;(-38.6088561 -3.8217799);
;2022-07-31 16:28:04;Rua Coronel Juca;;;Aldeota;;Atropelamento;;Não informado;;Meio De Quadra;;;0;1;0;0;0;0;0;0;0;0;1;0;0;(-38.4915215 -3.7378446);
;2022-07-31 15:27:00;Alberto  Oliveira;;;Jardim Iracema;;Colisão;;Não informado;;Meio De Quadra;;;0;1;0;2;0;0;0;0;0;0;0;0;0;(-38.575696 -3.708720199999999);
;2022-07-31 15:19:36;Washington Soares;;;Jose De Alencar;;Colisão;;Não informado;;Meio De Quadra Sem Numero;;;0;2;0;1;1;0;0;0;0;0;0;0;0;(-38.4788176 -3.8109469);
;2022-07-31 15:16:34;Rua Gonçalo Souto;;;Vila Uniao;;Colisão;;Não informado;;Meio De Quadra;;;0;1;0;1;1;0;0;0;0;0;0;0;0;(-38.529841 -3.7662898);
;2022-07-31 15:01:56;Argentina;Viriato Ribeiro;;Bela Vista;;Colisão;;Não informado;;Cruzamento;;;0;1;0;0;2;0;0;0;0;0;0;0;0;(-38.5617027 -3.7498475);
;2022-07-31 13:18:12;Avenida Padre Antonio Tomas;;;Coco;;Colisão;;Não informado;;Meio De Quadra;;;0;1;0;1;1;0;0;0;0;0;0;0;0;(-38.4855386 -3.743791699999999);
;2022-07-31 12:41:06;BR 116 KM 6;;;Cajazeiras;;Colisão;;Não informado;;Meio De Quadra;;;0;1;0;1;1;0;0;0;0;0;0;0;0;(0 0);
;2022-07-31 12:11:55;Rua Divina;;;Siqueira;;Colisão;;Não informado;;Meio De Quadra;;;0;1;0;0;1;0;0;0;0;1;0;0;0;(-38.6076539 -3.8077975);
;2022-07-31 10:04:43;Beni De Carvalho;Av.Desembargador Moreira;;Dionisio Torres;;Colisão;;Não informado;;Cruzamento;;;0;1;0;1;1;0;0;0;0;0;0;0;0;(-38.5008423 -3.7441062);
;2022-07-31 05:35:30;Leste Oeste;;;Cristo Redentor;;Colisão;;Não informado;;Meio De Quadra Sem Numero;;;0;1;0;0;2;0;0;0;0;0;0;0;0;(-38.5645486 -3.7095397);
;2022-07-31 04:46:05;Carapinima;;;Benfica;;Queda de moto;;Não informado;;Meio De Quadra;;;0;1;0;2;0;0;0;0;0;0;0;0;0;(-38.5364587 -3.7360661);
;2022-07-31 03:47:34;Upa Messejana X Ijf (Centro);;;Coacu;;Queda;;Não informado;;Meio De Quadra Sem Numero;;;0;1;0;1;0;0;0;0;0;0;0;0;0;(-38.48236 -3.839615);
;2022-07-31 02:34:50;Av. Engenheiro Santana Junior;;;Coco;;Queda;;Não informado;;Meio De Quadra Sem Numero;;;0;1;0;1;0;0;0;0;0;0;0;0;0;(-38.4880925 -3.7441454);
;2022-07-31 02:32:35;Renato Braga;;;Vicente Pinzon;;Colisão;;Não informado;;Meio De Quadra;;;0;1;0;0;2;0;0;0;0;0;0;0;0;(0 0);
;2022-07-31 01:44:06;Independencia;Raimundo Rocha De Meneses;;Olavo Oliveira;;Colisão;;Não informado;;Cruzamento;;;0;1;0;1;1;0;0;0;0;0;0;0;0;(-38.5869036 -3.728181199999999);
;2022-07-31 01:31:11;Sargento Herminio Sampaio;;;Monte Castelo;;Colisão;;Não informado;;Meio De Quadra Sem Numero;;;0;2;0;0;2;0;0;0;0;0;0;0;0;(-38.5536455 -3.7251204);
;2022-07-30 22:28:13;Jose Jatahy;;;Benfica;;Queda;;Não informado;;Meio De Quadra;;;0;1;0;0;0;0;0;0;0;1;0;0;0;(-38.5430546 -3.7399203);
;2022-07-30 20:49:57;Ulisses Guimaraes;;;Barra Do Ceara;;Colisão;;Não informado;;Meio De Quadra Sem Numero;;;0;1;0;1;1;0;0;0;0;0;0;0;0;(-38.5898556 -3.6990014);
;2022-07-30 20:44:48;Mister Huul;;;Antonio Bezerra;;Colisão;;Não informado;;Meio De Quadra;;;0;1;0;1;1;0;0;0;0;0;0;0;0;(-38.5928152 -3.7401527);
;2022-07-30 19:10:56;Nova Fortaleza;;;Planalto Ayrton Senna;;Atropelamento;;Não informado;;Meio De Quadra;;;0;1;0;0;1;0;0;0;0;0;0;0;0;(-38.5763214 -3.8387557);
;2022-07-30 19:09:06;Avenida Jovita Feitosa;;;Parquelandia;;Queda;;Não informado;;Meio De Quadra;;;0;1;0;1;0;0;0;0;0;0;0;0;0;(-38.56444210000001 -3.7416095);
;2022-07-30 18:15:42;Ana Bilhar;;;Meireles;;Colisão;;Não informado;;Meio De Quadra;;;0;1;0;0;2;0;0;0;0;0;0;0;0;(-38.4972699 -3.7286597);
;2022-07-30 17:50:08;Perimetral;;;Mondubim;;Colisão;;Não informado;;Meio De Quadra;;;0;1;0;1;1;0;0;0;0;0;0;0;0;(-38.5327995 -3.8276466);
;2022-07-30 16:33:09;Osorio De Paiva;;;Canindezinho;;Queda;;Não informado;;Meio De Quadra;;;0;1;0;0;0;0;0;0;0;1;0;0;0;(-38.6057388 -3.8096606);
;2022-07-30 16:05:55;Monsenhor Tabosa;;;Meireles;;Colisão;;Não informado;;Meio De Quadra;;;0;1;0;2;0;0;0;0;0;0;0;0;0;(-38.5163827 -3.7238755);
;2022-07-30 16:03:43;Avenida Jovita Feitosa;;;Parquelandia;;Queda;;Não informado;;Meio De Quadra;;;0;1;0;1;0;0;0;0;0;0;0;0;0;(-38.5582749 -3.740019199999999);