COD_ACIDENTE;DATA;LOG1;LOG2;NUMERO;BAIRRO;AMC;NATUREZA;ILUMINACAO;TEMPO;SUPERFICIEPISTA;TIPOCRUZAMENTO;CONTROLETRAFEGO;USOSOLO;MORTOS;FERIDOS;ILESOS;MOTOCICLETA;AUTOMOVEL;MICROONIBUS;CAMINHAO;ONIBUS;CICLOMOTOR;BICICLETA;OUTROS;TREM;TRACAOANIMAL;COORDENADAS
;2022-07-30 15:21:18;Rua Tiburcio Cavalcante;Ana Bilhar;;Meireles;;Colisão;;Não informado;;Cruzamento;;;0;1;0;0;2;0;0;0;0;0;0;0;0;(-38.5000477 -3.7280856);
;2022-07-30 15:10:47;Oliveira Paiva;;;Cidade Dos Funcionarios;;Colisão;;Não informado;;Meio De Quadra;;;0;2;0;1;1;0;0;0;0;0;0;0;0;(-38.4914317 -3.7955478);
;2022-07-30 14:57:11;Historiador Raimundo Girão;;;Praia De Iracema;;Colisão;;Não informado;;Meio De Quadra;;;0;1;0;0;2;0;0;0;0;0;0;0;0;(0 0);
;2022-07-30 14:27:30;Joaquim Moreira;;;Parangaba;;Atropelamento;;Não informado;;Meio De Quadra;;;0;1;0;0;1;0;0;0;0;0;0;0;0;(-38.5632669 -3.7717971);
;2022-07-30 13:47:49;Napoleao Quezado;Av.Godofredo Maciel;;Parangaba;;Atropelamento;;Não informado;;Cruzamento;;;0;1;0;0;1;0;0;0;0;0;0;0;0;(-38.5645972 -3.7795053);
;2022-07-30 13:44:23;Pontes Vieira;;;Sao Joao Do Tauape;;Colisão;;Não informado;;Meio De Quadra;;;0;1;0;1;1;0;0;0;0;0;0;0;0;(-38.5153646 -3.7528102);
;2022-07-30 11:58:38;Deputado Moreira Da Rocha;Silva Paulet;;Meireles;;Colisão;;Não informado;;Cruzamento;;;0;1;0;0;2;0;0;0;0;0;0;0;0;(-38.5031854 -3.7275473);
;2022-07-30 11:49:26;Expediocionarios;;;Montese;;Colisão;;Não informado;;Meio De Quadra Sem Numero;;;0;1;0;1;1;0;0;0;0;0;0;0;0;(-38.541514 -3.7660771);
;2022-07-30 11:09:40;Tristao Gonçalves;;;Centro;;Colisão;;Não informado;;Meio De Quadra Sem Numero;;;0;1;0;1;1;0;0;0;0;0;0;0;0;(-38.5335279 -3.7280666);
;2022-07-30 10:57:51;Caetano Silva;Rua Minerva;;Autran Nunes;;Queda;;Não informado;;Cruzamento;;;0;1;0;1;0;0;0;0;0;0;0;0;0;(-38.5988075 -3.7490945);
;2022-07-30 10:17:22;Avenida Presidente Costa E Silva -;;;Prefeito Jose Walter;;Queda;;Não informado;;Meio De Quadra Sem Numero;;;0;1;0;1;0;0;0;0;0;0;0;0;0;(-38.5443558 -3.8244455);
;2022-07-30 09:13:21;Perimetral (Conj. São Critovao;;;Jangurussu;;Atropelamento;;Não informado;;Meio De Quadra;;;0;1;0;1;0;0;0;0;0;0;0;0;0;(-38.5189846 -3.8328895);
;2022-07-30 07:47:44;Pedro Primeiro;;;Centro;;Queda;;Não informado;;Meio De Quadra;;;0;1;0;0;0;0;0;0;0;1;0;0;0;(-38.539967 -3.7270496);
;2022-07-30 07:30:56;Augusto Dos Anjos;;;Joquei Clube;;Atropelamento;;Não informado;;Meio De Quadra;;;0;2;0;0;1;0;0;0;0;0;0;0;0;(-38.5723646 -3.7724031);
;2022-07-30 06:44:30;Rua Cacilda Becker;;;Joao Xxiii;;Choque c/ Obstáculo Fixo;;Não informado;;Meio De Quadra;;;0;1;0;0;1;0;0;0;0;0;0;0;0;(-38.5875159 -3.7749837);
;2022-07-30 06:15:40;Cidade Rio Branco;;;Henrique Jorge;;Capotamento;;Não informado;;Meio De Quadra;;;0;1;0;0;1;0;0;0;0;0;0;0;0;(-38.59283569999999 -3.7642097);
;2022-07-30 01:58:33;Independencia;;;Jardim Guanabara;;Queda;;Não informado;;Meio De Quadra;;;0;1;0;1;0;0;0;0;0;0;0;0;0;(-38.58930970000001 -3.7275418);
;2022-07-30 01:10:13;Valdetario Mota;;;Papicu;;Colisão;;Não informado;;Meio De Quadra Sem Numero;;;0;1;0;1;1;0;0;0;0;0;0;0;0;(-38.4813912 -3.737975);
;2022-07-30 00:53:09;Washington Soares;;;Cambeba;;Atropelamento;;Não informado;;Meio De Quadra Sem Numero;;;0;1;0;0;1;0;0;0;0;0;0;0;0;(-38.4790722 -3.8070071);
;2022-07-30 00:24:35;Padre Perdigao Sampaio;;;Antonio Bezerra;;Colisão;;Não informado;;Meio De Quadra Sem Numero;;;0;1;0;2;0;0;0;0;0;0;0;0;0;(-38.5945296 -3.7407896);
;2022-07-29 23:40:58;Senhor Do Bonfim;;;Siqueira;;Colisão;;Não informado;;Meio De Quadra;;;0;3;0;2;0;0;0;0;0;0;0;0;0;(-38.6038514 -3.8027297);
;2022-07-29 22:24:52;Frei Cirilo;;;Messejana;;Colisão;;Não informado;;Meio De Quadra Sem Numero;;;0;1;0;1;1;0;0;0;0;0;0;0;0;(-38.4968631 -3.8184466);
;2022-07-29 22:12:16;Antonio Sales;;;Aldeota;;Colisão;;Não informado;;Meio De Quadra;;;0;3;0;2;0;0;0;0;0;0;0;0;0;(-38.4916241 -3.7487775);
;2022-07-29 21:44:07;Presidente Costa E Silva;;;Prefeito Jose Walter;;Atropelamento;;Não informado;;Meio De Quadra Sem Numero;;;0;1;0;0;0;0;0;0;0;0;1;0;0;(-38.5443558 -3.8244455);
;2022-07-29 21:03:37;Rua Recanto Verde;;;Jangurussu;;Atropelamento;;Não informado;;Meio De Quadra;;;0;1;0;0;1;0;0;0;0;0;0;0;0;(-38.5143685 -3.8458727);
;2022-07-29 21:02:36;Perimetral;;;Prefeito Jose Walter;;Atropelamento;;Não informado;;Meio De Quadra;;;0;1;0;1;0;0;0;0;0;0;0;0;0;(-38.5300457 -3.8290547);
;2022-07-29 21:01:07;Avenida Bernardo Manuel;;;Itaperi;;Atropelamento;;Não informado;;Meio De Quadra;;;0;1;0;0;0;0;0;1;0;0;0;0;0;(-38.5538691 -3.8076421);
;2022-07-29 20:38:54;Av Silas Munguba;;;Passare;;Colisão;;Não informado;;Meio De Quadra;;;0;1;0;1;1;0;0;0;0;0;0;0;0;(-38.5291235 -3.8028416);
;2022-07-29 20:25:34;Rua Glauco Lobo;Joaquim Alfredo;;Mondubim;;Queda;;Não informado;;Cruzamento;;;0;1;0;1;0;0;0;0;0;0;0;0;0;(-38.5867839 -3.8051711);
;2022-07-29 20:22:19;Rua Frei Vidal;Tiburcio Da Frota;;Sao Joao Do Tauape;;Colisão;;Não informado;;Cruzamento;;;0;1;0;2;0;0;0;0;0;0;0;0;0;(-38.5178463 -3.7554063);
;2022-07-29 19:27:17;Padre Pedro Alencar;;;Messejana;;Atropelamento;;Não informado;;Meio De Quadra;;;0;2;0;0;1;0;0;0;0;0;0;0;0;(-38.4943231 -3.8324968);
;2022-07-29 19:23:22;Engenheiro Alberta Sa;;;Papicu;;Colisão;;Não informado;;Meio De Quadra;;;0;1;0;1;1;0;0;0;0;0;0;0;0;(-38.4713159 -3.7355871);
;2022-07-29 19:21:26;Rua Jose Pontes Medeiros;;;Monte Castelo;;Colisão;;Não informado;;Meio De Quadra;;;0;1;0;0;2;0;0;0;0;0;0;0;0;(0 0);
;2022-07-29 18:33:17;Sargento Herminio;;;Vila Ellery;;Colisão;;Não informado;;Meio De Quadra;;;0;1;0;0;2;0;0;0;0;0;0;0;0;(-38.560598 -3.726622);
;2022-07-29 18:07:41;Eusebio De Sousa;;;Jose Bonifacio;;Atropelamento;;Não informado;;Meio De Quadra;;;0;1;0;0;1;0;0;0;0;0;0;0;0;(-38.5285819 -3.746537);
;2022-07-29 16:18:31;Rua Do Mandacaru- Cj. Tamandare;;;Jangurussu;;Colisão;;Não informado;;Meio De Quadra;;;0;1;0;0;2;0;0;0;0;0;0;0;0;(-38.5166042 -3.8383307);
;2022-07-29 15:57:45;Macambira;Rua Mandacaru;;Não informado;;Colisão;;Não informado;;Cruzamento;;;0;1;0;0;2;0;0;0;0;0;0;0;0;(-38.5157724 -3.8375227);
;2022-07-29 15:14:22;Rua Sargento Joao Pinheiro;;;Bom Jardim;;Atropelamento;;Não informado;;Meio De Quadra Sem Numero;;;0;1;0;0;0;0;0;0;0;0;1;0;0;(-38.6230856 -3.7838172);
;2022-07-29 15:08:21;Avenida Odilon Guimaraes;;;Lagoa Redonda;;Colisão;;Não informado;;Meio De Quadra;;;0;1;0;2;0;0;0;0;0;0;0;0;0;(-38.4617243 -3.8087924);
;2022-07-29 14:24:00;Rua Catole;;;Conjunto Palmeiras;;Colisão;;Não informado;;Meio De Quadra;;;0;1;0;2;0;0;0;0;0;0;0;0;0;(-38.5208888 -3.8484818);
;2022-07-29 12:22:08;BR 116;;;Aerolandia;;Colisão;;Não informado;;Meio De Quadra Sem Numero;;;0;1;0;2;0;0;0;0;0;0;0;0;0;(0 0);
;2022-07-29 10:55:12;Jose Bastos;;;Parangaba;;Queda;;Não informado;;Meio De Quadra Sem Numero;;;0;1;0;1;0;0;0;0;0;0;0;0;0;(-38.5509844 -3.7504393);
;2022-07-29 09:09:58;Osorio De Paiva;;;Siqueira;;Colisão;;Não informado;;Meio De Quadra Sem Numero;;;0;1;0;0;2;0;0;0;0;0;0;0;0;(-38.6103328 -3.8133833);
;2022-07-29 00:54:52;Presidente Costa E Silva;;;Passare;;Colisão;;Não informado;;Meio De Quadra;;;0;1;0;2;0;0;0;0;0;0;0;0;0;(0 0);
;2022-07-28 22:19:48;Avenida Genibau;;;Parque Genibau;;Colisão;;Não informado;;Meio De Quadra;;;0;1;0;1;1;0;0;0;0;0;0;0;0;(-38.6019368 -3.7602761);
;2022-07-28 22:08:39;Jose Mendonça;;;Parque Genibau;;Colisão;;Não informado;;Meio De Quadra;;;0;1;0;1;1;0;0;0;0;0;0;0;0;(-38.6018241 -3.755992);
;2022-07-28 21:37:22;Miguel Gurgel;;;Messejana;;Atropelamento;;Não informado;;Meio De Quadra Sem Numero;;;0;1;0;0;0;0;0;0;0;0;1;0;0;(-38.4817409 -3.830818);
;2022-07-28 20:11:07;Rua Sergipe;Rua Rio Grande Do Sul;;Democrito Rocha;;Colisão;;Não informado;;Cruzamento;;;0;1;0;0;2;0;0;0;0;0;0;0;0;(-38.5694175 -3.761443299999999);
;2022-07-28 19:13:50;Avenida Senador Virgilio Tavora;Canudo De Aguiar;;Meireles;;Colisão;;Não informado;;Cruzamento;;;0;1;0;1;1;0;0;0;0;0;0;0;0;(-38.4915489 -3.7318845);
;2022-07-28 18:50:57;Avenida Sargento Herminio Sampaio -;;;Presidente Kennedy;;Colisão;;Não informado;;Meio De Quadra;;;0;1;0;1;1;0;0;0;0;0;0;0;0;(-38.57360440000001 -3.7294803);
;2022-07-28 17:21:07;Deputado Paulino Rocha;;;Cajazeiras;;Colisão;;Não informado;;Meio De Quadra;;;0;1;0;1;1;0;0;0;0;0;0;0;0;(-38.5113719 -3.8119637);
;2022-07-28 16:47:05;Cesar Correia;Av  Francisco Sa;;Barra Do Ceara;;Colisão;;Não informado;;Cruzamento;;;0;1;0;1;1;0;0;0;0;0;0;0;0;(-38.5733166 -3.711953299999999);
;2022-07-28 16:09:34;Av Conselheiro Lafayete;;;Jardim Iracema;;Colisão;;Não informado;;Meio De Quadra;;;0;1;0;1;1;0;0;0;0;0;0;0;0;(-38.5864908 -3.7175366);
;2022-07-28 15:31:18;Sargento Herminio;;;Sao Gerardo;;Colisão;;Não informado;;Meio De Quadra;;;0;1;0;1;1;0;0;0;0;0;0;0;0;(-38.5609617 -3.7266384);
;2022-07-28 12:55:51;Tristao Gonçalves;;;Centro;;Colisão;;Não informado;;Meio De Quadra;;;0;1;0;1;1;0;0;0;0;0;0;0;0;(-38.53424 -3.7309283);
;2022-07-28 11:14:30;Amadeu Furtado;Rua Rotary;;Parquelandia;;Colisão;;Não informado;;Cruzamento;;;0;1;0;0;2;0;0;0;0;0;0;0;0;(-38.562497 -3.743306399999999);
;2022-07-28 11:14:26;102;;;Itaperi;;Colisão;;Não informado;;Meio De Quadra;;;0;1;0;1;1;0;0;0;0;0;0;0;0;(0 0);
;2022-07-27 22:01:37;Rua Pedro Lopes;;;Messejana;;Queda;;Não informado;;Meio De Quadra;;;0;1;0;1;0;0;0;0;0;0;0;0;0;(-38.4803821 -3.827913399999999);
;2022-07-27 20:49:24;Alberto Magno;;;Montese;;Colisão;;Não informado;;Meio De Quadra;;;0;2;0;1;1;0;0;0;0;0;0;0;0;(-38.5525113 -3.767817);
;2022-07-27 20:00:16;Valdetario Mota;Doutor Gilberto Studart;;Papicu;;Colisão;;Não informado;;Cruzamento;;;0;1;0;0;2;0;0;0;0;0;0;0;0;(-38.4842499 -3.7425618);
;2022-07-27 19:47:29;Vitoria;;;Henrique Jorge;;Colisão;;Não informado;;Meio De Quadra;;;0;1;0;1;1;0;0;0;0;0;0;0;0;(-38.5863678 -3.7614304);
;2022-07-27 19:22:10;Francisco Sá;;;Carlito Pamplona;;Atropelamento;;Não informado;;Meio De Quadra Sem Numero;;;0;1;0;1;0;0;0;0;0;0;0;0;0;(-38.5564955 -3.7175988);
;2022-07-27 19:18:39;Godolfredo Maciel;;;Parangaba;;Colisão;;Não informado;;Meio De Quadra;;;0;1;0;0;2;0;0;0;0;0;0;0;0;(0 0);
;2022-07-27 19:16:29;Agapito Dos Santos;Guilherme Rocha;;Centro;;Colisão;;Não informado;;Cruzamento;;;0;1;0;1;1;0;0;0;0;0;0;0;0;(-38.5381417 -3.723683599999999);
;2022-07-27 18:50:39;Padre Anchieta;;;Monte Castelo;;Colisão;;Não informado;;Meio De Quadra;;;0;1;0;0;2;0;0;0;0;0;0;0;0;(-38.5520934 -3.7321473);
;2022-07-27 18:42:22;João Pessoa;;;Damas;;Colisão;;Não informado;;Meio De Quadra;;;0;2;0;0;2;0;0;0;0;0;0;0;0;(-38.5574029 -3.7620264);
;2022-07-27 18:07:59;Senandor Alencar;Av. Imperador;;Centro;;Colisão;;Não informado;;Cruzamento;;;0;1;0;1;1;0;0;0;0;0;0;0;0;(-38.5332086 -3.7231805);
;2022-07-27 17:10:35;Avenida Senador Fernandes Tavora;;;Autran Nunes;;Colisão;;Não informado;;Meio De Quadra;;;0;1;0;1;1;0;0;0;0;0;0;0;0;(-38.5923777 -3.7568899);
;2022-07-27 15:57:07;Pomar Carioca;;;Bonsucesso;;Colisão;;Não informado;;Meio De Quadra;;;0;1;0;0;1;0;0;0;0;1;0;0;0;(-38.5872456 -3.786021499999999);
;2022-07-27 14:48:39;Imperador;A Duque De Caxias;;Centro;;Colisão;;Não informado;;Cruzamento;;;0;1;0;1;1;0;0;0;0;0;0;0;0;(-38.5332576 -3.7307412);
;2022-07-27 14:15:27;Antonio Augusto  - Edificio Coliseu;;;Praia De Iracema;;Colisão;;Não informado;;Meio De Quadra;;;0;1;0;1;1;0;0;0;0;0;0;0;0;(-38.4923588 -3.7455355);
;2022-07-27 13:43:43;Lineu Machado;;;Joao Xxiii;;Colisão;;Não informado;;Meio De Quadra;;;0;1;0;2;0;0;0;0;0;0;0;0;0;(-38.5811192 -3.7746207);
;2022-07-27 13:36:31;Washington Soares;;;Cambeba;;Colisão;;Não informado;;Meio De Quadra;;;0;1;0;1;1;0;0;0;0;0;0;0;0;(-38.4794344 -3.803640999999999);
;2022-07-27 13:01:52;Vital Brasil;;;Bonsucesso;;Queda;;Não informado;;Meio De Quadra;;;0;1;0;0;0;0;0;0;0;1;0;0;0;(-38.5888833 -3.7806785);
;2022-07-27 12:08:21;Marcelino Lopes;;;Cidade Dos Funcionarios;;Colisão;;Não informado;;Meio De Quadra;;;0;1;0;1;1;0;0;0;0;0;0;0;0;(0 0);
;2022-07-27 12:01:30;Antonio Bandeira- Conj . Vila Betanea;;;Itaperi;;Colisão;;Não informado;;Meio De Quadra;;;0;1;0;0;2;0;0;0;0;0;0;0;0;(-38.5575519 -3.7778734);
;2022-07-27 11:14:02;Aboliçao;;;Mucuripe;;Colisão;;Não informado;;Meio De Quadra;;;0;1;0;0;2;0;0;0;0;0;0;0;0;(-38.4846432 -3.725296);
;2022-07-27 09:22:14;Osorio De Paiva;;;Parangaba;;Atropelamento;;Não informado;;Meio De Quadra;;;0;1;0;1;0;0;0;0;0;0;0;0;0;(-38.5762291 -3.7816466);
;2022-07-27 02:09:43;Via Ferrea;;;Sao Joao Do Tauape;;Queda;;Não informado;;Meio De Quadra;;;0;1;0;1;0;0;0;0;0;0;0;0;0;(-38.50643 -3.758379);
;2022-07-27 01:43:52;Senador Carlos Jereissati;;;Aeroporto;;Colisão;;Não informado;;Meio De Quadra Sem Numero;;;0;1;0;1;1;0;0;0;0;0;0;0;0;(-38.5357467 -3.7820759);
;2022-07-27 01:17:39;Perimetral;;;Prefeito Jose Walter;;Colisão;;Não informado;;Meio De Quadra Sem Numero;;;0;1;0;1;1;0;0;0;0;0;0;0;0;(-38.5300457 -3.8290547);
;2022-07-27 01:08:22;Sete;& Rua 12;;Pequeno Mondubim;;Colisão;;Não informado;;Cruzamento;;;0;2;0;1;1;0;0;0;0;0;0;0;0;(0 0);
;2022-07-26 21:29:33;Rua Jorge Acurcio;;;Vila Uniao;;Atropelamento;;Não informado;;Meio De Quadra;;;0;1;0;1;0;0;0;0;0;0;0;0;0;(-38.5322423 -3.7671612);
;2022-07-26 20:12:44;Primeiro De Maio - Jose Bastos;;;Siqueira;;Colisão;;Não informado;;Meio De Quadra Sem Numero;;;0;1;0;0;2;0;0;0;0;0;0;0;0;(-38.5979197 -3.7803026);
;2022-07-26 17:00:02;Avenida Presidente Costa E Silva;;;Mondubim;;Colisão;;Não informado;;Meio De Quadra;;;0;2;0;0;2;0;0;0;0;0;0;0;0;(0 0);
;2022-07-26 16:49:14;Avenida Santos Dumont;;;Papicu;;Colisão;;Não informado;;Meio De Quadra Sem Numero;;;0;1;0;1;1;0;0;0;0;0;0;0;0;(-38.4749346 -3.7437989);
;2022-07-26 16:29:45;Almeida Prado;Av Santos Dumont;;Aldeota;;Colisão;;Não informado;;Cruzamento;;;0;1;0;1;1;0;0;0;0;0;0;0;0;(-38.5022633 -3.7349664);
;2022-07-26 15:27:11;Rua Eduardo Araujo;;;Parque Santa Rosa;;Colisão;;Não informado;;Meio De Quadra;;;0;1;0;1;1;0;0;0;0;0;0;0;0;(-38.5980261 -3.817244);
;2022-07-26 14:54:55;Frei Cirilo;;;Messejana;;Colisão;;Não informado;;Meio De Quadra;;;0;1;0;1;1;0;0;0;0;0;0;0;0;(-38.4962639 -3.8203628);
;2022-07-26 14:41:57;Oliveira Paiva;;;Cidade Dos Funcionarios;;Colisão;;Não informado;;Meio De Quadra Sem Numero;;;0;1;0;1;1;0;0;0;0;0;0;0;0;(-38.49671 -3.7957203);
;2022-07-26 13:47:37;Mister Hull;;;Antonio Bezerra;;Colisão;;Não informado;;Meio De Quadra;;;0;2;0;2;0;0;0;0;0;0;0;0;0;(-38.5944449 -3.740393);
;2022-07-26 13:25:36;Rua Ajurana;;;Itaoca;;Queda;;Não informado;;Meio De Quadra;;;0;1;0;0;0;0;0;0;0;1;0;0;0;(-38.55788039999999 -3.7739108);
;2022-07-26 13:15:54;Beir Mar;;;Praia De Iracema;;Colisão;;Não informado;;Meio De Quadra;;;0;1;0;0;1;0;0;0;0;1;0;0;0;(-38.5111667 -3.7204702);
;2022-07-26 11:07:35;Avenida Doutor Theberge - Esq.;Rua Ana Faco;;Alvaro Weyne;;Colisão;;Não informado;;Cruzamento;;;0;1;0;1;1;0;0;0;0;0;0;0;0;(-38.5626608 -3.7139926);
;2022-07-26 09:56:02;Eduardo Saboia;;;Varjota;;Colisão;;Não informado;;Meio De Quadra;;;0;1;0;1;1;0;0;0;0;0;0;0;0;(0 0);
;2022-07-26 01:52:37;Major Assis;;;Vila Velha;;Colisão;;Não informado;;Meio De Quadra;;;0;1;0;0;2;0;0;0;0;0;0;0;0;(-38.6011881 -3.7204605);
;2022-07-25 23:34:34;Sargento Herminio;;;Monte Castelo;;Queda;;Não informado;;Meio De Quadra;;;0;1;0;1;0;0;0;0;0;0;0;0;0;(-38.5522549 -3.7250509);
;2022-07-25 23:19:17;Jose Americo;;;Cambeba;;Colisão;;Não informado;;Meio De Quadra Sem Numero;;;0;1;0;2;0;0;0;0;0;0;0;0;0;(-38.4863826 -3.8091057);
;2022-07-25 21:40:03;Frei Odilon;;;Presidente Kennedy;;Atropelamento;;Não informado;;Meio De Quadra;;;0;1;0;0;0;0;0;1;0;0;0;0;0;(-38.57271890000001 -3.7287107);
;2022-07-25 21:12:26;28 Esq.;Av. J - Conjunto Dos Bancarios;;Vila Velha;;Colisão;;Não informado;;Cruzamento;;;0;1;0;1;1;0;0;0;0;0;0;0;0;(-38.59899420000001 -3.7185476);
;2022-07-25 21:11:15;Gustavo Sampaio;Rua Raimundo Arruda;;Parquelandia;;Colisão;;Não informado;;Cruzamento;;;0;1;0;0;2;0;0;0;0;0;0;0;0;(-38.5519251 -3.7343067);
;2022-07-25 20:06:23;Mister Hull;;;Pici;;Queda;;Não informado;;Meio De Quadra Sem Numero;;;0;1;0;1;0;0;0;0;0;0;0;0;0;(-38.5774339 -3.737564);
;2022-07-25 19:58:00;Avenida Osorio De Paiva;;;Siqueira;;Queda;;Não informado;;Meio De Quadra;;;0;1;0;0;0;0;0;0;0;1;0;0;0;(-38.6223383 -3.8258118);
;2022-07-25 19:36:39;Rua Senador Robert Kennedy;;;Barra Do Ceara;;Colisão;;Não informado;;Meio De Quadra;;;0;2;0;0;2;0;0;0;0;0;0;0;0;(-38.5799598 -3.7062441);
;2022-07-25 19:28:44;Avenidas Washington Soares;;;Edson Queiroz;;Colisão;;Não informado;;Meio De Quadra;;;0;1;0;1;1;0;0;0;0;0;0;0;0;(0 0);
;2022-07-25 19:28:03;Joao Cordeiro;Rua Costa Barros;;Meireles;;Colisão;;Não informado;;Cruzamento;;;0;2;0;0;2;0;0;0;0;0;0;0;0;(-38.5143081 -3.7294352);
;2022-07-25 19:08:58;Rua Professor Edgard De Arruda;;;Henrique Jorge;;Colisão;;Não informado;;Meio De Quadra;;;0;1;0;1;1;0;0;0;0;0;0;0;0;(-38.5850524 -3.7582287);
;2022-07-25 17:10:05;Mister Hull;;;Presidente Kennedy;;Colisão;;Não informado;;Meio De Quadra Sem Numero;;;0;1;0;1;1;0;0;0;0;0;0;0;0;(-38.5736743 -3.7369751);
;2022-07-25 16:25:57;Domingos Olimpio;Rua Assunção;;Centro;;Colisão;;Não informado;;Cruzamento;;;0;1;0;1;1;0;0;0;0;0;0;0;0;(-38.5295194 -3.7371579);
;2022-07-25 15:26:30;Rua Sao Fidelis;;;Parque Presidente Vargas;;Queda;;Não informado;;Meio De Quadra;;;0;1;0;1;0;0;0;0;0;0;0;0;0;(-38.5833695 -3.8192184);
;2022-07-25 15:20:11;Araripe Macedo;;;Joao Xxiii;;Colisão;;Não informado;;Meio De Quadra;;;0;1;0;0;2;0;0;0;0;0;0;0;0;(-38.5789885 -3.7715008);
;2022-07-25 14:09:45;Avenida Senador Carlos Jereissati;;;Serrinha;;Queda;;Não informado;;Meio De Quadra Sem Numero;;;0;2;0;1;0;0;0;0;0;0;0;0;0;(-38.5416215 -3.7803066);
;2022-07-25 14:08:47;Expedicionarios;;;Montese;;Colisão;;Não informado;;Meio De Quadra;;;0;1;0;1;1;0;0;0;0;0;0;0;0;(-38.539578 -3.7539798);
;2022-07-25 11:39:49;L Esq Rua 56;;;Prefeito Jose Walter;;Colisão;;Não informado;;Meio De Quadra Sem Numero;;;0;1;0;1;1;0;0;0;0;0;0;0;0;(-38.5568446 -3.8325692);
;2022-07-25 10:38:19;Avenida Joao Pessoa -;;;Damas;;Queda;;Não informado;;Meio De Quadra;;;0;1;0;0;0;0;0;0;0;1;0;0;0;(-38.5485934 -3.7511829);
;2022-07-25 10:09:34;Osorio De Paiva;;;Siqueira;;Colisão;;Não informado;;Meio De Quadra;;;0;1;0;2;0;0;0;0;0;0;0;0;0;(-38.5848514 -3.7874475);
;2022-07-25 09:17:00;Senador Carlos Jereissati;;;Aeroporto;;Queda;;Não informado;;Meio De Quadra Sem Numero;;;0;1;0;1;0;0;0;0;0;0;0;0;0;(-38.5357467 -3.7820759);
;2022-07-25 08:19:46;Ministro Jose Americo;;;Cambeba;;Colisão;;Não informado;;Meio De Quadra;;;0;2;0;1;1;0;0;0;0;0;0;0;0;(-38.4971672 -3.8116003);
;2022-07-25 07:39:26;Rua Perdigao De Oliveira;;;Parangaba;;Colisão;;Não informado;;Meio De Quadra;;;0;1;0;1;1;0;0;0;0;0;0;0;0;(0 0);
;2022-07-25 00:36:38;Coronel Virgilio Nogueira;;;Granja Lisboa;;Colisão;;Não informado;;Meio De Quadra;;;0;1;0;2;0;0;0;0;0;0;0;0;0;(-38.61142880000001 -3.7967889);
;2022-07-24 23:55:15;Senador Virgilio Tavora;;;Aldeota;;Colisão;;Não informado;;Meio De Quadra Sem Numero;;;0;1;0;1;1;0;0;0;0;0;0;0;0;(-38.4933967 -3.7375997);
;2022-07-24 23:50:43;Radialista Jose Lima Verde;;;Barra Do Ceara;;Colisão;;Não informado;;Meio De Quadra Sem Numero;;;0;2;0;1;1;0;0;0;0;0;0;0;0;(-38.5898182 -3.7023369);
;2022-07-24 23:00:21;Rua Pernambuco;;;Democrito Rocha;;Queda;;Não informado;;Meio De Quadra;;;0;2;0;1;0;0;0;0;0;0;0;0;0;(-38.5720153 -3.7578644);
;2022-07-24 21:09:40;Avenida Areia Branca;;;Vicente Pinzon;;Colisão;;Não informado;;Meio De Quadra;;;0;1;0;2;0;0;0;0;0;0;0;0;0;(0 0);
;2022-07-24 20:43:28;Conego De Castro;;;Vila Peri;;Colisão;;Não informado;;Meio De Quadra;;;0;1;0;1;1;0;0;0;0;0;0;0;0;(-38.5722203 -3.7834048);
;2022-07-24 20:04:36;Rua Santa Liduina;;;Parque Sao Jose;;Colisão;;Não informado;;Meio De Quadra;;;0;1;0;2;0;0;0;0;0;0;0;0;0;(-38.5853175 -3.801);
;2022-07-24 17:44:04;Avenida Senador Carlos Jereissati;;;Serrinha;;Colisão;;Não informado;;Meio De Quadra Sem Numero;;;0;1;0;0;2;0;0;0;0;0;0;0;0;(-38.5416215 -3.7803066);
;2022-07-24 17:24:48;Jose Bastos;;;Parangaba;;Colisão;;Não informado;;Meio De Quadra Sem Numero;;;0;1;0;0;2;0;0;0;0;0;0;0;0;(-38.5509844 -3.7504393);
;2022-07-24 15:42:30;Rua Aracaju - Porto Velho;;;Henrique Jorge;;Colisão;;Não informado;;Meio De Quadra Sem Numero;;;0;2;0;2;0;0;0;0;0;0;0;0;0;(-38.5899919 -3.7643556);
;2022-07-24 14:17:43;Coronel  Joao Correia;;;Bom Jardim;;Colisão;;Não informado;;Meio De Quadra;;;0;2;0;1;1;0;0;0;0;0;0;0;0;(-38.6015474 -3.7929344);
;2022-07-24 14:01:49;Geraldo Barbosa;;;Bom Jardim;;Colisão;;Não informado;;Meio De Quadra;;;0;1;0;0;2;0;0;0;0;0;0;0;0;(-38.6049766 -3.7908572);
;2022-07-24 13:55:03;Osorio De Paiva;;;Parangaba;;Atropelamento;;Não informado;;Meio De Quadra Sem Numero;;;0;1;0;1;0;0;0;0;0;0;0;0;0;(-38.5711297 -3.7785352);
;2022-07-24 11:28:13;Washington Soares Papicu;;;Coacu;;Queda;;Não informado;;Meio De Quadra Sem Numero;;;0;1;0;1;0;0;0;0;0;0;0;0;0;(-38.4797152 -3.845296);
;2022-07-24 11:24:35;C;Av F  - Na Rotatoria  - Segunda Etapa;;Conjunto Ceara;;Colisão;;Não informado;;Cruzamento;;;0;1;0;1;1;0;0;0;0;0;0;0;0;(-38.6057574 -3.7643084);