COD_ACIDENTE;DATA;LOG1;LOG2;NUMERO;BAIRRO;AMC;NATUREZA;ILUMINACAO;TEMPO;SUPERFICIEPISTA;TIPOCRUZAMENTO;CONTROLETRAFEGO;USOSOLO;MORTOS;FERIDOS;ILESOS;MOTOCICLETA;AUTOMOVEL;MICROONIBUS;CAMINHAO;ONIBUS;CICLOMOTOR;BICICLETA;OUTROS;TREM;TRACAOANIMAL;COORDENADAS
;2022-07-24 10:56:16;Perimetral;;;Henrique Jorge;;Colisão;;Não informado;;Meio De Quadra;;;0;1;0;1;1;0;0;0;0;0;0;0;0;(0 0);
;2022-07-24 04:10:49;Avenida Sorio De Paiva;;;Siqueira;;Colisão;;Não informado;;Meio De Quadra Sem Numero;;;0;1;0;2;0;0;0;0;0;0;0;0;0;(-38.6103328 -3.8133833);
;2022-07-24 04:04:15;Av. Dioguinho;;;Mucuripe;;Colisão;;Não informado;;Meio De Quadra;;;0;1;0;1;1;0;0;0;0;0;0;0;0;(-38.4481048 -3.7502876);
;2022-07-24 03:43:52;Visconde De Maua;;;Meireles;;Atropelamento;;Não informado;;Meio De Quadra;;;0;1;0;0;1;0;0;0;0;0;0;0;0;(-38.4962592 -3.7265246);
;2022-07-24 02:51:49;Miguel Gurgel;;;Messejana;;Queda;;Não informado;;Meio De Quadra Sem Numero;;;0;1;0;1;0;0;0;0;0;0;0;0;0;(-38.4817409 -3.830818);
;2022-07-24 02:14:41;Antonio Nery -;;;Granja Portugal;;Colisão;;Não informado;;Meio De Quadra;;;0;1;0;2;0;0;0;0;0;0;0;0;0;(-38.6014551 -3.783170499999999);
;2022-07-24 00:48:46;Firmino Rocha Aguiar;;;Jacarecanga;;Queda de moto;;Não informado;;Meio De Quadra;;;0;1;0;2;0;0;0;0;0;0;0;0;0;(-38.4859368 -3.7630961);
;2022-07-24 00:18:44;Anario Braga;;;Antonio Bezerra;;Colisão;;Não informado;;Meio De Quadra;;;0;2;0;1;1;0;0;0;0;0;0;0;0;(-38.5916621 -3.737458);
;2022-07-23 23:34:29;Rua Leandro Henrique;;;Siqueira;;Atropelamento;;Não informado;;Meio De Quadra;;;0;1;0;1;0;0;0;0;0;0;0;0;0;(-38.6252913 -3.8134627);
;2022-07-23 23:09:37;Jose Da Franca Cabral;;;Boa Vista;;Colisão;;Não informado;;Meio De Quadra;;;0;3;0;1;1;0;0;0;0;0;0;0;0;(-38.5189656 -3.8097188);
;2022-07-23 22:24:19;Santos Dumont;Rua Monsenhor Bruno;;Aldeota;;Colisão;;Não informado;;Cruzamento;;;0;1;0;0;2;0;0;0;0;0;0;0;0;(-38.5094866 -3.7325904);
;2022-07-23 21:25:42;Rua Alexandre Barauna;;;Jardim America;;Atropelamento;;Não informado;;Meio De Quadra;;;0;1;0;0;0;0;0;0;0;0;1;0;0;(-38.5455881 -3.7537433);
;2022-07-23 19:30:32;Avenida Desembargador Moreira;;;Aldeota;;Queda;;Não informado;;Meio De Quadra;;;0;1;0;0;0;0;0;0;0;1;0;0;0;(-38.4959311 -3.7285574);
;2022-07-23 19:18:34;Rua Vale Formoso;;;Jardim Das Oliveiras;;Colisão;;Não informado;;Meio De Quadra;;;0;1;0;0;2;0;0;0;0;0;0;0;0;(-38.5068768 -3.7843979);
;2022-07-23 19:12:58;Vila Do Mar;;;Barra Do Ceara;;Colisão;;Não informado;;Meio De Quadra;;;0;1;0;1;1;0;0;0;0;0;0;0;0;(-38.5754318 -3.6986199);
;2022-07-23 18:59:00;Rua Astrogildo Fontoura;;;Barra Do Ceara;;Colisão;;Não informado;;Meio De Quadra;;;0;1;0;0;2;0;0;0;0;0;0;0;0;(-38.5836123 -3.7123126);
;2022-07-23 18:23:36;Nestor Barbosa;;;Parquelandia;;Colisão;;Não informado;;Meio De Quadra;;;0;1;0;1;1;0;0;0;0;0;0;0;0;(0 0);
;2022-07-23 16:28:51;Avenida Dioguinho;;;Antonio Diogo;;Colisão;;Não informado;;Meio De Quadra;;;0;1;0;0;2;0;0;0;0;0;0;0;0;(-38.4473673 -3.753054);
;2022-07-23 13:20:58;Virgilio Tavora Esq Avenida Snatos Dumont;;;Aldeota;;Colisão;;Não informado;;Meio De Quadra Sem Numero;;;0;1;0;0;2;0;0;0;0;0;0;0;0;(-38.5232946 -3.7281148);
;2022-07-23 08:36:12;Avenida Carlos Jereissate;;;Serrinha;;Queda;;Não informado;;Meio De Quadra;;;0;2;0;1;0;0;0;0;0;0;0;0;0;(0 0);
;2022-07-23 07:24:20;Professor Heribaldo Costa;;;Henrique Jorge;;Queda;;Não informado;;Meio De Quadra;;;0;1;0;1;0;0;0;0;0;0;0;0;0;(-38.5836308 -3.7592969);
;2022-07-23 05:50:25;CE 40;;;Lagoa Redonda;;Colisão;;Não informado;;Meio De Quadra Sem Numero;;;0;1;0;0;2;0;0;0;0;0;0;0;0;(-38.478959 -3.8119688);
;2022-07-23 05:33:56;Rua Coronel Juca;;;Aldeota;;Colisão;;Não informado;;Meio De Quadra Sem Numero;;;0;1;0;1;1;0;0;0;0;0;0;0;0;(-38.491855 -3.7394319);
;2022-07-23 02:11:26;Antonio Sales;Rua Carlos Vasconcelos;;Dionisio Torres;;Colisão;;Não informado;;Cruzamento;;;0;1;0;1;1;0;0;0;0;0;0;0;0;(-38.5137186 -3.7419421);
;2022-07-23 01:53:08;Almirante Henrique Saboia;;;Papicu;;Colisão;;Não informado;;Meio De Quadra Sem Numero;;;0;1;0;1;1;0;0;0;0;0;0;0;0;(-38.4848306 -3.7362911);
;2022-07-23 01:46:01;Tavares Coutinho;;;Varjota;;Colisão;;Não informado;;Meio De Quadra;;;0;1;0;2;0;0;0;0;0;0;0;0;0;(-38.48305740000001 -3.7321629);
;2022-07-23 00:48:36;Santa Liduina;;;Manuel Satiro;;Colisão;;Não informado;;Meio De Quadra;;;0;1;0;0;2;0;0;0;0;0;0;0;0;(-38.5850254 -3.7988674);
;2022-07-23 00:40:10;Val Paraiso;Rua H;;Prefeito Jose Walter;;Queda;;Não informado;;Cruzamento;;;0;1;0;1;0;0;0;0;0;0;0;0;0;(-38.5490311 -3.8346638);
;2022-07-22 23:44:16;Jose Hipolito;;;Messejana;;Queda de moto;;Não informado;;Meio De Quadra;;;0;1;0;2;0;0;0;0;0;0;0;0;0;(-38.4819145 -3.838026999999999);
;2022-07-22 21:57:13;Avenida Joao Pessoa;;;Damas;;Atropelamento;;Não informado;;Meio De Quadra;;;0;2;0;1;0;0;0;0;0;0;0;0;0;(-38.5517456 -3.7561965);
;2022-07-22 21:54:42;Clarindo De Queiroz;Solon Pinheiro;;Centro;;Atropelamento;;Não informado;;Cruzamento;;;0;1;0;0;1;0;0;0;0;0;0;0;0;(-38.5273568 -3.7336372);
;2022-07-22 20:06:53;Pedro Lazar;Rua Jose Gil;;Cambeba;;Colisão;;Não informado;;Cruzamento;;;0;1;0;1;1;0;0;0;0;0;0;0;0;(-38.4882958 -3.804624);
;2022-07-22 19:47:03;Avenida Alberto Craveiro;;;Dias Macedo;;Colisão;;Não informado;;Meio De Quadra;;;0;1;0;1;1;0;0;0;0;0;0;0;0;(0 0);
;2022-07-22 15:47:32;Homem De Melo;;;Messejana;;Queda;;Não informado;;Meio De Quadra Sem Numero;;;0;1;0;0;0;0;0;0;0;1;0;0;0;(-38.4914674 -3.8150733);
;2022-07-22 12:55:23;Pontes Vieira;;;Joaquim Tavora;;Atropelamento;;Não informado;;Meio De Quadra;;;0;1;0;0;1;0;0;0;0;0;0;0;0;(-38.5181037 -3.7528954);
;2022-07-22 09:48:59;Perimetral;;;Siqueira;;Colisão;;Não informado;;Meio De Quadra Sem Numero;;;0;1;0;0;2;0;0;0;0;0;0;0;0;(-38.5864203 -3.794134);
;2022-07-22 09:22:58;Manoel Moura;;;Jardim Iracema;;Queda de moto;;Não informado;;Meio De Quadra;;;0;1;0;2;0;0;0;0;0;0;0;0;0;(0 0);
;2022-07-22 09:00:15;Avenida Godofredo Maciel -;;;Parangaba;;Atropelamento;;Não informado;;Meio De Quadra;;;0;1;0;0;0;0;0;0;0;0;1;0;0;(-38.5661298 -3.7858362);
;2022-07-22 01:18:09;Araripe Prata;;;Parangaba;;Colisão;;Não informado;;Meio De Quadra;;;0;1;0;0;1;0;0;0;0;1;0;0;0;(-38.5690213 -3.7749372);
;2022-07-22 00:30:00;Sargento Herminio Sampaio;;;Parque Presidente Vargas;;Colisão;;Não informado;;Meio De Quadra;;;0;1;0;1;1;0;0;0;0;0;0;0;0;(-38.5643559 -3.7269306);
;2022-07-21 20:46:30;Antenor Rocha Alexandre;;;Parque Manibura;;Colisão;;Não informado;;Meio De Quadra;;;0;1;0;1;1;0;0;0;0;0;0;0;0;(0 0);
;2022-07-21 20:35:44;Coronel Carvalho;;;Barra Do Ceara;;Queda;;Não informado;;Meio De Quadra;;;0;1;0;1;0;0;0;0;0;0;0;0;0;(-38.5903962 -3.7071711);
;2022-07-21 18:39:46;Leste Oeste;;;Moura Brasil;;Queda;;Não informado;;Meio De Quadra Sem Numero;;;0;2;0;0;0;0;0;0;0;1;0;0;0;(-38.5344252 -3.718373);
;2022-07-21 17:38:02;Av Alberto Craveiro;Rotatoria;;Passare;;Colisão;;Não informado;;Cruzamento;;;0;1;0;1;1;0;0;0;0;0;0;0;0;(-38.5222393 -3.8039402);
;2022-07-21 16:36:04;Jovita Feitosa;;;Parque Araxa;;Queda;;Não informado;;Meio De Quadra;;;0;1;0;1;0;0;0;0;0;0;0;0;0;(-38.5442547 -3.7371693);
;2022-07-21 16:23:06;Washington Soares - Sentindo Eusebio;Iguatemi;;Edson Queiroz;;Colisão;;Não informado;;Cruzamento;;;0;1;0;0;2;0;0;0;0;0;0;0;0;(-38.4893449 -3.7560474);
;2022-07-21 12:46:36;Osorio De Paiva;;;Siqueira;;Colisão;;Não informado;;Meio De Quadra;;;0;1;0;2;0;0;0;0;0;0;0;0;0;(-38.6048165 -3.8093442);
;2022-07-21 11:36:25;F Quarta Etapa;;;Conjunto Ceara;;Colisão;;Não informado;;Meio De Quadra;;;0;1;0;1;1;0;0;0;0;0;0;0;0;(-38.6154119 -3.7672577);
;2022-07-20 22:52:58;Doutor Theberge;;;Alvaro Weyne;;Colisão;;Não informado;;Meio De Quadra;;;0;1;0;1;1;0;0;0;0;0;0;0;0;(-38.5661913 -3.7191233);
;2022-07-20 22:45:58;Av. I;Av. D;;Prefeito Jose Walter;;Colisão;;Não informado;;Cruzamento;;;0;2;0;2;0;0;0;0;0;0;0;0;0;(-38.5530154 -3.8325173);
;2022-07-20 22:14:40;Godofredo Maciel;;;Mondubim;;Colisão;;Não informado;;Meio De Quadra;;;0;1;0;0;2;0;0;0;0;0;0;0;0;(-38.5743119 -3.8168363);
;2022-07-20 22:02:34;Rua Conego De Castro;;;Parque Sao Jose;;Colisão;;Não informado;;Meio De Quadra;;;0;2;0;1;1;0;0;0;0;0;0;0;0;(-38.5896931 -3.8025898);
;2022-07-20 20:48:49;Avenida Engenheiro Santana Junior -;;;Coco;;Colisão;;Não informado;;Meio De Quadra;;;0;1;0;2;0;0;0;0;0;0;0;0;0;(-38.489269 -3.74646);
;2022-07-20 20:47:09;Jose Dantas Pereira;;;Canindezinho;;Queda;;Não informado;;Meio De Quadra;;;0;1;0;0;0;0;0;0;0;1;0;0;0;(-38.609057 -3.8216888);
;2022-07-20 20:22:39;Rua Barao De Sobral;;;Montese;;Colisão;;Não informado;;Meio De Quadra;;;0;1;0;1;1;0;0;0;0;0;0;0;0;(-38.5562213 -3.7657769);
;2022-07-20 19:20:06;Rua Coronel Alves Teixeira;;;Joaquim Tavora;;Colisão;;Não informado;;Meio De Quadra;;;0;1;0;0;2;0;0;0;0;0;0;0;0;(-38.51805239999999 -3.7453983);
;2022-07-20 18:59:13;102.0;;;Conjunto Esperanca;;Atropelamento;;Não informado;;Meio De Quadra;;;0;1;0;0;1;0;0;0;0;0;0;0;0;(0 0);
;2022-07-20 18:48:17;Avenida Pontes Vieira;Fiscal Vieira;;Sao Joao Do Tauape;;Atropelamento;;Não informado;;Cruzamento;;;0;2;0;0;0;0;0;1;0;0;0;0;0;(-38.5160239 -3.7529766);
;2022-07-20 18:07:53;Avenida Engenheiro Leal Lima Verde;;;Jose De Alencar;;Queda;;Não informado;;Meio De Quadra;;;0;1;0;1;0;0;0;0;0;0;0;0;0;(-38.4744472 -3.8159008);
;2022-07-20 17:44:32;Fernandes Tavora Esq Av Lineu Machado;;;Joquei Clube;;Colisão;;Não informado;;Meio De Quadra Sem Numero;;;0;1;0;2;0;0;0;0;0;0;0;0;0;(-38.5780534 -3.7681973);
;2022-07-20 17:10:49;Rua Doutor Gilberto Studart;;;Coco;;Colisão;;Não informado;;Meio De Quadra;;;0;1;0;1;1;0;0;0;0;0;0;0;0;(-38.4793258 -3.744414099999999);
;2022-07-20 16:58:38;Rua Setembrina;;;Parque Santa Rosa;;Colisão;;Não informado;;Meio De Quadra;;;0;1;0;1;0;0;1;0;0;0;0;0;0;(-38.59641269999999 -3.8116629);
;2022-07-20 16:48:13;Rua Paraguaçu -;;;Serrinha;;Atropelamento;;Não informado;;Meio De Quadra;;;0;1;0;1;0;0;0;0;0;0;0;0;0;(-38.5411364 -3.7911117);
;2022-07-20 15:44:02;Rua Junior Rocha;;;Parque Manibura;;Colisão;;Não informado;;Meio De Quadra;;;0;1;0;1;1;0;0;0;0;0;0;0;0;(-38.4871893 -3.7843054);
;2022-07-20 12:16:21;Do Contorno;;;Edson Queiroz;;Queda;;Não informado;;Meio De Quadra Sem Numero;;;0;1;0;0;0;0;0;0;0;1;0;0;0;(-38.4741084 -3.7697689);
;2022-07-20 11:25:57;BR 116 Km;;;Cajazeiras;;Queda;;Não informado;;Meio De Quadra;;;0;1;0;1;0;0;0;0;0;0;0;0;0;(0 0);
;2022-07-20 10:50:36;Leneu Machado;;;Joquei Clube;;Queda de moto;;Não informado;;Meio De Quadra Sem Numero;;;0;1;0;2;0;0;0;0;0;0;0;0;0;(-38.5780534 -3.7681973);
;2022-07-20 10:37:57;Ismael  Por Deus;;;Vicente Pinzon;;Queda;;Não informado;;Meio De Quadra;;;0;1;0;0;0;0;0;0;0;1;0;0;0;(-38.4986586 -3.7840926);
;2022-07-19 23:37:54;Das Pedrinhas;;;Parque Genibau;;Colisão;;Não informado;;Meio De Quadra;;;0;2;0;1;1;0;0;0;0;0;0;0;0;(-38.60092789999999 -3.7537726);
;2022-07-19 22:58:35;Sao Jose;;;Centro;;Queda;;Não informado;;Meio De Quadra;;;0;1;0;1;0;0;0;0;0;0;0;0;0;(0 0);
;2022-07-19 21:34:27;Rua Cacilda Becker;;;Joao Xxiii;;Colisão;;Não informado;;Meio De Quadra;;;0;1;0;1;0;0;0;0;0;0;0;0;0;(-38.5901852 -3.7694241);
;2022-07-19 21:23:20;Avenida Bezerra De Menezes;;;Farias Brito;;Queda;;Não informado;;Meio De Quadra Sem Numero;;;0;1;0;0;0;0;0;0;0;1;0;0;0;(-38.544775 -3.7316771);
;2022-07-19 19:04:06;Heraclito Graça;;;Centro;;Colisão;;Não informado;;Meio De Quadra;;;0;1;0;0;2;0;0;0;0;0;0;0;0;(-38.5224081 -3.7342974);
;2022-07-19 18:02:46;Rua Teodorico Barroso -;;;Montese;;Colisão;;Não informado;;Meio De Quadra;;;0;2;0;1;1;0;0;0;0;0;0;0;0;(-38.5422786 -3.766368999999999);
;2022-07-19 17:56:51;Osorio De Paiva;;;Canindezinho;;Colisão;;Não informado;;Meio De Quadra;;;0;1;0;1;1;0;0;0;0;0;0;0;0;(-38.6109034 -3.813198);
;2022-07-19 16:48:02;Rua Jose Avelino;;;Centro;;Atropelamento;;Não informado;;Meio De Quadra;;;0;1;0;0;1;0;0;0;0;0;0;0;0;(-38.5208299 -3.7222086);
;2022-07-19 16:11:54;Avenida Imperador;Menton De Alencar;;Centro;;Colisão;;Não informado;;Cruzamento;;;0;1;0;2;0;0;0;0;0;0;0;0;0;(-38.5358268 -3.7319841);
;2022-07-19 14:42:51;Da Aboliçao;;;Meireles;;Queda;;Não informado;;Meio De Quadra;;;0;1;0;1;0;0;0;0;0;0;0;0;0;(-38.5038966 -3.7248635);
;2022-07-19 14:35:34;Conego De Castro;;;Parque Santa Rosa;;Colisão;;Não informado;;Meio De Quadra;;;0;1;0;0;2;0;0;0;0;0;0;0;0;(0 0);
;2022-07-19 13:19:55;Antonio Sales;;;Joaquim Tavora;;Colisão;;Não informado;;Meio De Quadra;;;0;1;0;0;2;0;0;0;0;0;0;0;0;(-38.5215719 -3.73959);
;2022-07-19 11:27:37;Jose Bastos;Rua Gomes Brasil;;Parangaba;;Colisão;;Não informado;;Cruzamento;;;0;1;0;1;1;0;0;0;0;0;0;0;0;(-38.571245 -3.7711319);
;2022-07-19 10:29:18;Rua Pedro Dantas;;;Dias Macedo;;Colisão;;Não informado;;Meio De Quadra;;;0;1;0;2;0;0;0;0;0;0;0;0;0;(-38.5208164 -3.7859911);
;2022-07-19 00:27:54;Avenida Doutor Theberge;;;Alvaro Weyne;;Colisão;;Não informado;;Meio De Quadra;;;0;1;0;1;1;0;0;0;0;0;0;0;0;(0 0);
;2022-07-18 23:52:48;Manuel Da Nobrega;;;Manuel Satiro;;Colisão;;Não informado;;Meio De Quadra;;;0;1;0;0;1;0;0;0;0;1;0;0;0;(-38.5838391 -3.7969668);
;2022-07-18 22:17:01;Rua Rui Montes;A Martins Neto;;Antonio Bezerra;;Colisão;;Não informado;;Cruzamento;;;0;1;0;1;1;0;0;0;0;0;0;0;0;(-38.5871804 -3.7440769);
;2022-07-18 20:33:39;Fernando Farias De Melo;;;Manuel Satiro;;Colisão;;Não informado;;Meio De Quadra;;;0;1;0;0;2;0;0;0;0;0;0;0;0;(-38.5783352 -3.794526);
;2022-07-18 19:57:31;Rua Guilherme Perdigão;;;Parangaba;;Colisão;;Não informado;;Meio De Quadra;;;0;2;0;2;0;0;0;0;0;0;0;0;0;(-38.5720146 -3.7748979);
;2022-07-18 19:28:22;Lineu Machado;;;Joquei Clube;;Colisão;;Não informado;;Meio De Quadra;;;0;1;0;0;2;0;0;0;0;0;0;0;0;(-38.5783513 -3.7691956);
;2022-07-18 19:06:07;Francisco Sa;;;Alvaro Weyne;;Colisão;;Não informado;;Meio De Quadra;;;0;1;0;0;2;0;0;0;0;0;0;0;0;(-38.5707849 -3.7123564);
;2022-07-18 17:28:53;Rua Raimundo Nery;;;Parque Sao Jose;;Queda;;Não informado;;Meio De Quadra;;;0;1;0;1;0;0;0;0;0;0;0;0;0;(-38.58661379999999 -3.7939831);
;2022-07-18 17:10:45;Rua Nogueira Acioli;;;Joaquim Tavora;;Queda;;Não informado;;Meio De Quadra;;;0;1;0;1;0;0;0;0;0;0;0;0;0;(-38.5209665 -3.7428666);
;2022-07-18 16:24:24;Av Abolição;;;Meireles;;Colisão;;Não informado;;Meio De Quadra;;;0;2;0;1;1;0;0;0;0;0;0;0;0;(-38.496152 -3.7270653);
;2022-07-18 16:01:35;Augusto Do Anjos;;;Bonsucesso;;Queda;;Não informado;;Meio De Quadra;;;0;1;0;1;0;0;0;0;0;0;0;0;0;(-38.5787368 -3.7798023);
;2022-07-18 15:15:27;Engenheiro Leal Lima Verde  Esq Rua Granja Sao Francisco;;;Edson Queiroz;;Colisão;;Não informado;;Meio De Quadra Sem Numero;;;0;1;0;1;1;0;0;0;0;0;0;0;0;(-38.4770872 -3.804323);
;2022-07-18 14:20:37;Augusto Do Anjos;;;Parangaba;;Colisão;;Não informado;;Meio De Quadra;;;0;1;0;0;2;0;0;0;0;0;0;0;0;(-38.5768014 -3.7776295);
;2022-07-18 13:56:47;Tipografo Sales;Rua Damiao Fernandes;;Parquelandia;;Colisão;;Não informado;;Cruzamento;;;0;1;0;1;1;0;0;0;0;0;0;0;0;(-38.5632659 -3.7449625);
;2022-07-18 13:46:24;Professor José Arthur De Carvalho;;;Lagoa Redonda;;Colisão;;Não informado;;Meio De Quadra;;;0;1;0;1;1;0;0;0;0;0;0;0;0;(-38.467663 -3.8269232);
;2022-07-18 13:12:53;Eduardo Salgados;Avenida Rui Barbosa;;Aldeota;;Colisão;;Não informado;;Cruzamento;;;0;1;0;1;1;0;0;0;0;0;0;0;0;(-38.5087798 -3.7340037);
;2022-07-18 11:14:49;Julio Silva   -- Upa Praia Do Futuro;;;Antonio Diogo;;Atropelamento;;Não informado;;Meio De Quadra;;;0;1;0;0;0;0;0;0;0;0;1;0;0;(-38.454374 -3.7448061);
;2022-07-18 10:48:29;Doutor Theberge;;;Presidente Kennedy;;Colisão;;Não informado;;Meio De Quadra;;;0;1;0;1;1;0;0;0;0;0;0;0;0;(-38.56797400000001 -3.723773);
;2022-07-17 23:15:32;Ari Maia;Rua Jose Martins;;Granja Lisboa;;Colisão;;Não informado;;Cruzamento;;;0;1;0;2;0;0;0;0;0;0;0;0;0;(-38.6211884 -3.7828645);
;2022-07-17 22:56:31;Godofredo Marciel;;;Maraponga;;Atropelamento;;Não informado;;Meio De Quadra Sem Numero;;;0;2;0;0;1;0;0;0;0;0;0;0;0;(-38.5700693 -3.7966838);
;2022-07-17 21:39:49;Olyntho Arruda;;;Sapiranga;;Queda;;Não informado;;Meio De Quadra;;;0;1;0;1;0;0;0;0;0;0;0;0;0;(-38.4651911 -3.8052228);
;2022-07-17 21:21:02;Rua Jose Carlos Bezerra;;;Granja Lisboa;;Queda;;Não informado;;Meio De Quadra;;;0;1;0;1;0;0;0;0;0;0;0;0;0;(-38.6270597 -3.7930596);
;2022-07-17 21:07:09;Avenida Pedro Lazar;;;Cambeba;;Colisão;;Não informado;;Meio De Quadra;;;0;1;0;1;1;0;0;0;0;0;0;0;0;(-38.48838620000001 -3.8020706);
;2022-07-17 18:21:11;Rua Desembargador Moreira;;;Aldeota;;Atropelamento;;Não informado;;Meio De Quadra;;;0;1;0;0;0;0;0;0;0;0;1;0;0;(-38.4995691 -3.738126599999999);
;2022-07-17 18:04:37;Rua Pernambuco;;;Pici;;Colisão;;Não informado;;Meio De Quadra;;;0;1;0;0;2;0;0;0;0;0;0;0;0;(0 0);
;2022-07-17 17:55:29;Rua Professor Heribaldo Costa -;;;Henrique Jorge;;Queda;;Não informado;;Meio De Quadra;;;0;1;0;1;0;0;0;0;0;0;0;0;0;(-38.5847723 -3.7615206);
;2022-07-17 17:37:30;Rua Alberto Ferreira;;;Jardim Iracema;;Colisão;;Não informado;;Meio De Quadra;;;0;1;0;1;1;0;0;0;0;0;0;0;0;(-38.5840438 -3.7291911);
;2022-07-17 13:55:31;Rua Jaime Benevolo;;;Centro;;Colisão;;Não informado;;Meio De Quadra;;;0;1;0;1;1;0;0;0;0;0;0;0;0;(-38.5263768 -3.7349668);
;2022-07-17 13:25:58;Rua Monsenhor Agostinho;;;Parque Sao Jose;;Queda;;Não informado;;Meio De Quadra;;;0;1;0;0;0;0;0;0;0;1;0;0;0;(-38.5909017 -3.7969719);
;2022-07-17 11:54:41;Rua Theodoro De Castro;;;Granja Portugal;;Queda;;Não informado;;Meio De Quadra;;;0;1;0;1;0;0;0;0;0;0;0;0;0;(-38.6034638 -3.7803673);
;2022-07-17 11:32:26;CE 010;;;Sabiaguaba;;Colisão;;Não informado;;Meio De Quadra;;;0;1;0;1;1;0;0;0;0;0;0;0;0;(0 0);
;2022-07-17 05:29:55;Rua Mario De Andrade;Rua Goias;;Bela Vista;;Atropelamento;;Não informado;;Cruzamento;;;0;1;0;0;1;0;0;0;0;0;0;0;0;(-38.5608132 -3.7518825);
;2022-07-17 04:19:30;Rua Quinze De Novembro;;;Montese;;Colisão;;Não informado;;Meio De Quadra;;;0;1;0;2;0;0;0;0;0;0;0;0;0;(-38.5521473 -3.7702121);
;2022-07-17 04:07:37;Bartolomeu Gusmão;;;Bonsucesso;;Queda;;Não informado;;Meio De Quadra;;;0;1;0;1;0;0;0;0;0;0;0;0;0;(-38.58924680000001 -3.777749199999999);
;2022-07-17 03:32:43;Pontes Vieira;;;Joaquim Tavora;;Colisão;;Não informado;;Meio De Quadra Sem Numero;;;0;1;0;1;1;0;0;0;0;0;0;0;0;(-38.514955 -3.752857);
;2022-07-17 01:44:42;Rua Rocha Pombo;;;Alvaro Weyne;;Colisão;;Não informado;;Meio De Quadra;;;0;2;0;2;0;0;0;0;0;0;0;0;0;(-38.5704719 -3.7209516);
;2022-07-17 01:34:41;Julio Lima;;;Cidade Dos Funcionarios;;Colisão;;Não informado;;Meio De Quadra;;;0;2;0;2;0;0;0;0;0;0;0;0;0;(0 0);
;2022-07-17 00:57:26;Rua Carnaubal;;;Jardim Iracema;;Colisão;;Não informado;;Meio De Quadra;;;0;1;0;1;1;0;0;0;0;0;0;0;0;(-38.5794892 -3.72274);
;2022-07-17 00:15:59;Avenida Alberto Craveiro;;;Aerolandia;;Colisão;;Não informado;;Meio De Quadra Sem Numero;;;0;1;0;1;1;0;0;0;0;0;0;0;0;(-38.5132459 -3.7763989);
;2022-07-17 00:03:34;Avenida Radialista Joao Ramos;;;Planalto Ayrton Senna;;Colisão;;Não informado;;Meio De Quadra;;;0;1;0;1;1;0;0;0;0;0;0;0;0;(-38.5754511 -3.841495199999999);
;2022-07-16 23:48:32;Rio Tocantins;;;Jardim Iracema;;Colisão;;Não informado;;Meio De Quadra;;;0;1;0;1;1;0;0;0;0;0;0;0;0;(-38.581273 -3.72241);
;2022-07-16 23:48:07;Rua Rio Grande Do Sul;;;Pan Americano;;Queda de moto;;Não informado;;Meio De Quadra;;;0;1;0;2;0;0;0;0;0;0;0;0;0;(-38.5660375 -3.7565022);
;2022-07-16 22:16:57;Avenida Presidente Costa E Silva;;;Jangurussu;;Colisão;;Não informado;;Meio De Quadra;;;0;3;0;2;0;0;0;0;0;0;0;0;0;(-38.5307846 -3.828869399999999);
;2022-07-16 21:50:47;Padre  Ascenso Gago;;;Serrinha;;Queda;;Não informado;;Meio De Quadra;;;0;1;0;0;0;0;0;0;0;1;0;0;0;(-38.5468292 -3.7804183);
;2022-07-16 20:52:42;Conego De Castro;;;Canindezinho;;Colisão;;Não informado;;Meio De Quadra;;;0;1;0;0;1;0;0;0;0;1;0;0;0;(-38.6040195 -3.821738);
;2022-07-16 20:41:39;Rua Santa Quiteria;;;Parreao;;Queda;;Não informado;;Meio De Quadra;;;0;2;0;1;0;0;0;0;0;0;0;0;0;(-38.5386335 -3.7593905);
;2022-07-16 20:34:47;Av Conego De Castro;;;Parque Santa Rosa;;Colisão;;Não informado;;Meio De Quadra;;;0;1;0;1;1;0;0;0;0;0;0;0;0;(-38.5962312 -3.8098311);
;2022-07-16 19:10:50;Rua Hercules;;;Itaoca;;Colisão;;Não informado;;Meio De Quadra;;;0;1;0;1;1;0;0;0;0;0;0;0;0;(-38.5556085 -3.7761795);
;2022-07-16 18:34:19;Rua Mundica Paula;;;Itaoca;;Colisão;;Não informado;;Meio De Quadra;;;0;1;0;2;0;0;0;0;0;0;0;0;0;(-38.5572583 -3.7732612);
;2022-07-16 18:12:19;Rua Barra Vermelha;;;Granja Lisboa;;Queda;;Não informado;;Meio De Quadra;;;0;1;0;0;0;0;0;0;0;1;0;0;0;(-38.6122287 -3.7789962);
;2022-07-16 16:16:18;Wencery Felix;;;Coacu;;Colisão;;Não informado;;Meio De Quadra;;;0;1;0;1;1;0;0;0;0;0;0;0;0;(-38.481594 -3.8431846);
;2022-07-16 16:13:49;Perimetral;Fernandes Tavora;;Henrique Jorge;;Colisão;;Não informado;;Cruzamento;;;0;1;0;1;1;0;0;0;0;0;0;0;0;(-38.5864203 -3.794134);
;2022-07-16 15:37:47;Rua Irma Dorothy Stang;Rua Madre Tereza De Calcutar;;Cajazeiras;;Colisão;;Não informado;;Cruzamento;;;0;1;0;0;2;0;0;0;0;0;0;0;0;(-38.5038619 -3.8143808);