COD_ACIDENTE;DATA;LOG1;LOG2;NUMERO;BAIRRO;AMC;NATUREZA;ILUMINACAO;TEMPO;SUPERFICIEPISTA;TIPOCRUZAMENTO;CONTROLETRAFEGO;USOSOLO;MORTOS;FERIDOS;ILESOS;MOTOCICLETA;AUTOMOVEL;MICROONIBUS;CAMINHAO;ONIBUS;CICLOMOTOR;BICICLETA;OUTROS;TREM;TRACAOANIMAL;COORDENADAS
;2022-07-10 01:22:01;Professor Jose Artur De Carvalho;;;Curio;;Colisão;;Não informado;;Meio De Quadra Sem Numero;;;0;2;0;0;1;0;0;0;0;1;0;0;0;(-38.4613241 -3.8250273);
;2022-07-10 00:15:12;Ana Faco;;;Carlito Pamplona;;Colisão;;Não informado;;Meio De Quadra;;;0;1;0;0;1;0;0;0;0;1;0;0;0;(-38.5634535 -3.7133602);
;2022-07-09 22:28:59;Santa Liduina;;;Mondubim;;Colisão;;Não informado;;Meio De Quadra Sem Numero;;;0;1;0;2;0;0;0;0;0;0;0;0;0;(-38.5852168 -3.8008589);
;2022-07-09 21:31:35;Rio Grande Do Sul;Rua Plutao;;Joquei Clube;;Queda;;Não informado;;Cruzamento;;;0;2;0;1;0;0;0;0;0;0;0;0;0;(-38.5699794 -3.7623676);
;2022-07-09 20:07:50;Joao Ramos;;;Planalto Ayrton Senna;;Queda;;Não informado;;Meio De Quadra;;;0;1;0;1;0;0;0;0;0;0;0;0;0;(-38.5748922 -3.8416562);
;2022-07-09 18:11:25;Heribaldo Costa;Rua Diogo Correia;;Joao Xxiii;;Atropelamento;;Não informado;;Cruzamento;;;0;1;0;1;0;0;0;0;0;0;0;0;0;(-38.5900873 -3.7710573);
;2022-07-09 17:24:28;Rua Edgar Falcao;;;Presidente Kennedy;;Colisão;;Não informado;;Meio De Quadra;;;0;1;0;1;1;0;0;0;0;0;0;0;0;(-38.5724664 -3.7325912);
;2022-07-09 17:10:37;Rua Coronel Nunes De Melo;; ;Rodolfo Teofilo;;Colisão;;Não informado;;Meio De Quadra;;;0;2;0;1;1;0;0;0;0;0;0;0;0;(-38.558897 -3.7552797);
;2022-07-09 15:58:16;Presidente Costa E Silva;;;Prefeito Jose Walter;;Atropelamento;;Não informado;;Meio De Quadra Sem Numero;;;0;1;0;0;1;0;0;0;0;0;0;0;0;(-38.5443558 -3.8244455);
;2022-07-09 10:46:42;Francisco Sá;;;Alvaro Weyne;;Colisão;;Não informado;;Meio De Quadra;;;0;1;0;2;0;0;0;0;0;0;0;0;0;(-38.5688916 -3.713385599999999);
;2022-07-09 09:53:55;Val Paraiso;;;Conjunto Palmeiras;;Atropelamento;;Não informado;;Meio De Quadra;;;0;3;0;0;1;0;0;0;0;0;0;0;0;(-38.5195813 -3.8462951);
;2022-07-09 09:45:22;Avenida Augusto Dos Anjos;;;Siqueira;;Queda;;Não informado;;Meio De Quadra;;;0;1;0;0;0;0;0;0;0;1;0;0;0;(-38.5857509 -3.7870274);
;2022-07-09 08:41:23;Osorio De Paiva;;;Parangaba;;Atropelamento;;Não informado;;Meio De Quadra;;;0;1;0;0;0;0;0;0;0;0;1;0;0;(0 0);
;2022-07-09 05:34:45;Rua Mestre Andre;;;Parque Genibau;;Queda;;Não informado;;Meio De Quadra;;;0;1;0;1;0;0;0;0;0;0;0;0;0;(-38.6002151 -3.7492017);
;2022-07-09 02:35:01;Francisco Glicerio;;;Maraponga;;Colisão;;Não informado;;Meio De Quadra;;;0;1;0;1;1;0;0;0;0;0;0;0;0;(-38.5693187 -3.7962678);
;2022-07-09 00:26:26;Perimetral;;;Messejana;;Atropelamento;;Não informado;;Meio De Quadra;;;0;1;0;1;0;0;0;0;0;0;0;0;0;(-38.5327995 -3.8276466);
;2022-07-08 23:31:51;Avenida Bezerra De Menezes;;;Farias Brito;;Colisão;;Não informado;;Meio De Quadra Sem Numero;;;0;1;0;1;1;0;0;0;0;0;0;0;0;(-38.544775 -3.7316771);
;2022-07-08 22:25:20;Jose Jatahy 305;Rua Comendador Luis Ribeiro;;Monte Castelo;;Queda;;Não informado;;Cruzamento;;;0;1;0;1;0;0;0;0;0;0;0;0;0;(0 0);
;2022-07-08 21:20:46;Val Paraiso;Dionisio Leonel Alencar;;Ancuri;;Colisão;;Não informado;;Cruzamento;;;0;1;0;0;1;0;0;0;0;1;0;0;0;(-38.5049793 -3.8515592);
;2022-07-08 17:46:45;Washington Soares;;;Edson Queiroz;;Colisão;;Não informado;;Meio De Quadra;;;0;1;0;0;2;0;0;0;0;0;0;0;0;(-38.4824051 -3.8186616);
;2022-07-08 15:17:20;Jose  Bastos;;;Rodolfo Teofilo;;Colisão;;Não informado;;Meio De Quadra;;;0;1;0;1;1;0;0;0;0;0;0;0;0;(-38.5522175 -3.75175);
;2022-07-08 15:03:49;Avenida Rogaciano Leite;;;Engenheiro Luciano Cavalcante;;Colisão;;Não informado;;Meio De Quadra;;;0;1;0;0;2;0;0;0;0;0;0;0;0;(-38.4967772 -3.7665341);
;2022-07-08 14:14:53;Avenida Governador Leonel Brizola;;;Jangurussu;;Colisão;;Não informado;;Meio De Quadra;;;0;2;0;0;2;0;0;0;0;0;0;0;0;(0 0);
;2022-07-08 13:57:32;Avenida Mozart Pinheiro De Lucena - Rua 8;;;Quintino Cunha;;Colisão;;Não informado;;Meio De Quadra Sem Numero;;;0;1;0;1;1;0;0;0;0;0;0;0;0;(-38.59899 -3.7295818);
;2022-07-08 13:23:24;Engenheiro  Ronaldo De Castro Barbosa;;;Engenheiro Luciano Cavalcante;;Colisão;;Não informado;;Meio De Quadra;;;0;1;0;1;1;0;0;0;0;0;0;0;0;(-38.4882159 -3.7863177);
;2022-07-08 11:50:16;Treze De Maio;Rua Nossa Senhora Dos Remedios;;Fatima;;Colisão;;Não informado;;Cruzamento;;;0;1;0;1;1;0;0;0;0;0;0;0;0;(-38.5378441 -3.7420678);
;2022-07-08 11:42:25;Eduardo Girao;;;Fatima;;Colisão;;Não informado;;Meio De Quadra;;;0;1;0;1;1;0;0;0;0;0;0;0;0;(-38.535744 -3.751722199999999);
;2022-07-08 10:49:09;Rua Almirante Rubim -;;;Itaoca;;Queda;;Não informado;;Meio De Quadra;;;0;1;0;1;0;0;0;0;0;0;0;0;0;(-38.5566751 -3.7705993);
;2022-07-08 09:38:15;Avenida Dionisio Leonel Alencar;;;Pedras;;Colisão;;Não informado;;Meio De Quadra Sem Numero;;;0;1;0;1;1;0;0;0;0;0;0;0;0;(-38.5265602 -3.8708699);
;2022-07-08 08:55:59;Avenida Santos Dumont;;;Papicu;;Colisão;;Não informado;;Meio De Quadra Sem Numero;;;0;1;0;0;2;0;0;0;0;0;0;0;0;(-38.4749346 -3.7437989);
;2022-07-08 06:03:51;Amazonas - Bl A Apto 203 - Res. Rui Do Ceara;;;Democrito Rocha;;Queda;;Não informado;;Meio De Quadra;;;0;1;0;1;0;0;0;0;0;0;0;0;0;(0 0);
;2022-07-08 00:26:47;Santa Catarina;;;Pan Americano;;Atropelamento;;Não informado;;Meio De Quadra;;;0;1;0;0;1;0;0;0;0;0;0;0;0;(-38.5677594 -3.757895999999999);
;2022-07-07 23:32:35;Jose Jatahy;;;Jacarecanga;;Colisão;;Não informado;;Meio De Quadra;;;0;1;0;2;0;0;0;0;0;0;0;0;0;(0 0);
;2022-07-07 23:24:23;Coronel De Carvalho;;;Jardim Iracema;;Queda;;Não informado;;Meio De Quadra;;;0;1;0;1;0;0;0;0;0;0;0;0;0;(-38.5886019 -3.7142136);
;2022-07-07 22:26:45;Antonio Arruda;;;Vila Velha;;Colisão;;Não informado;;Meio De Quadra Sem Numero;;;0;1;0;1;1;0;0;0;0;0;0;0;0;(-38.5931626 -3.7172218);
;2022-07-07 22:06:43;860;;;Conjunto Ceara;;Atropelamento;;Não informado;;Meio De Quadra Sem Numero;;;0;1;0;0;1;0;0;0;0;0;0;0;0;(-38.5993337 -3.7689275);
;2022-07-07 21:37:53;Rua Belisario Tavora;;;Sao Joao Do Tauape;;Atropelamento;;Não informado;;Meio De Quadra;;;0;1;0;1;0;0;0;0;0;0;0;0;0;(-38.5055262 -3.7595067);
;2022-07-07 21:32:57;Capitao Melo;Rua Paulo Firmeza;;Sao Joao Do Tauape;;Colisão;;Não informado;;Cruzamento;;;0;1;0;0;2;0;0;0;0;0;0;0;0;(-38.5129776 -3.7571512);
;2022-07-07 17:12:09;Leao Do Norte;;;Vila Peri;;Colisão;;Não informado;;Meio De Quadra;;;0;1;0;0;2;0;0;0;0;0;0;0;0;(-38.5769477 -3.7841707);
;2022-07-07 16:13:58;Rua Jose De Barcelos;;;Parque Araxa;;Colisão;;Não informado;;Meio De Quadra;;;0;1;0;1;1;0;0;0;0;0;0;0;0;(-38.5499472 -3.7377546);
;2022-07-07 16:02:58;Av Perimetral;;;Bonsucesso;;Colisão;;Não informado;;Meio De Quadra;;;0;1;0;1;1;0;0;0;0;0;0;0;0;(0 0);
;2022-07-07 13:50:33;Rua Doutor Manoel Teofilo;;;Itaperi;;Colisão;;Não informado;;Meio De Quadra;;;0;1;0;1;1;0;0;0;0;0;0;0;0;(-38.5598731 -3.7817291);
;2022-07-07 11:33:54;Rua Clarice Lispector;Cidade Jardim Dois;;Prefeito Jose Walter;;Queda;;Não informado;;Cruzamento;;;0;1;0;1;0;0;0;0;0;0;0;0;0;(-38.554353 -3.8427362);
;2022-07-07 10:56:26;Avenida Pontes Vieira - Virgilio Tavora;;;Dionisio Torres;;Queda;;Não informado;;Meio De Quadra Sem Numero;;;0;1;0;1;0;0;0;0;0;0;0;0;0;(-38.4976034 -3.7508373);
;2022-07-07 04:36:53;A;;;Conjunto Ceara;;Queda;;Não informado;;Meio De Quadra Sem Numero;;;0;1;0;1;0;0;0;0;0;0;0;0;0;(0 0);
;2022-07-07 03:54:43;Avenida Doutor Joao Maciel Filho;;;Jardim Das Oliveiras;;Colisão;;Não informado;;Meio De Quadra;;;0;1;0;0;2;0;0;0;0;0;0;0;0;(-38.4947447 -3.7832423);
;2022-07-07 01:44:57;Deputado Paulino Rocha;;;Cajazeiras;;Colisão;;Não informado;;Meio De Quadra;;;0;1;0;1;1;0;0;0;0;0;0;0;0;(-38.508365 -3.8091256);
;2022-07-07 00:12:16;13 De Maio;Rua Waldery Uchoa;;Benfica;;Queda;;Não informado;;Cruzamento;;;0;1;0;1;0;0;0;0;0;0;0;0;0;(-38.5374227 -3.7423487);
;2022-07-06 22:28:25;Avenida  Washington Soares;;;Não informado;;Colisão;;Não informado;;Meio De Quadra;;;0;1;0;1;1;0;0;0;0;0;0;0;0;(-38.48195330000001 -3.78361);
;2022-07-06 22:19:23;Viaduto Da Raul Barbosa;;;Sao Joao Do Tauape;;Colisão;;Não informado;;Meio De Quadra Sem Numero;;;0;1;0;0;2;0;0;0;0;0;0;0;0;(-38.5046054 -3.7583541);
;2022-07-06 19:47:47;Presidente Costa E Silva;;;Passare;;Colisão;;Não informado;;Meio De Quadra;;;0;1;0;1;1;0;0;0;0;0;0;0;0;(0 0);
;2022-07-06 17:14:43;Av Jovita Feitosa;;;Parquelandia;;Colisão;;Não informado;;Meio De Quadra;;;0;1;0;1;1;0;0;0;0;0;0;0;0;(-38.5655453 -3.7418544);
;2022-07-06 13:52:22;Perimetral;;;Jangurussu;;Atropelamento;;Não informado;;Meio De Quadra;;;0;1;0;0;0;0;0;0;0;0;1;0;0;(-38.5090259 -3.8301765);
;2022-07-06 11:41:22;Rua Antero Quental;;;Paupina;;Queda;;Não informado;;Meio De Quadra;;;0;1;0;1;0;0;0;0;0;0;0;0;0;(0 0);
;2022-07-06 11:41:16;Antero De Quental;;;Messejana;;Colisão;;Não informado;;Meio De Quadra;;;0;1;0;1;0;0;0;0;0;0;0;0;0;(-38.4927636 -3.8510102);
;2022-07-06 09:53:18;Rua Sete De Setembro;;;Parangaba;;Colisão;;Não informado;;Meio De Quadra;;;0;1;0;1;1;0;0;0;0;0;0;0;0;(-38.5630741 -3.7738836);
;2022-07-05 23:03:09;Jose Dantas Pereira - Upa Canindezinho;;;Canindezinho;;Atropelamento;;Não informado;;Meio De Quadra Sem Numero;;;0;1;0;1;0;0;0;0;0;0;0;0;0;(-38.6088561 -3.8217799);
;2022-07-05 22:47:11;Eduardo Brigido Monteiro;;;Engenheiro Luciano Cavalcante;;Colisão;;Não informado;;Meio De Quadra Sem Numero;;;0;1;0;1;1;0;0;0;0;0;0;0;0;(-38.485019 -3.7846721);
;2022-07-05 22:20:11;Frei Vidal;;;Sao Joao Do Tauape;;Atropelamento;;Não informado;;Meio De Quadra Sem Numero;;;0;1;0;0;0;0;0;0;0;0;1;0;0;(-38.5175709 -3.7568622);
;2022-07-05 20:44:23;Conselheiro Tristao;Rua Joaquim Magalhaes;;Jose Bonifacio;;Colisão;;Não informado;;Cruzamento;;;0;1;0;1;1;0;0;0;0;0;0;0;0;(-38.5271049 -3.740216);
;2022-07-05 20:18:21;Av Bernado Manoel;;;Parque Dois Irmaos;;Colisão;;Não informado;;Meio De Quadra Sem Numero;;;0;1;0;2;0;0;0;0;0;0;0;0;0;(-38.5540171 -3.8074526);
;2022-07-05 19:09:54;I Esq.;Rua 816;;Conjunto Ceara;;Atropelamento;;Não informado;;Cruzamento;;;0;1;0;1;0;0;0;0;0;0;0;0;0;(-38.6004995 -3.7673388);
;2022-07-05 19:09:02;Independencia;;;Jardim Guanabara;;Colisão;;Não informado;;Meio De Quadra;;;0;1;0;1;1;0;0;0;0;0;0;0;0;(-38.585742 -3.728462999999999);
;2022-07-05 18:32:03;BR 116 KM 9;;;Jangurussu;;Queda;;Não informado;;Meio De Quadra;;;0;1;0;1;0;0;0;0;0;0;0;0;0;(0 0);
;2022-07-05 18:24:15;Av Germano Franck;;;Parangaba;;Colisão;;Não informado;;Meio De Quadra;;;0;2;0;2;0;0;0;0;0;0;0;0;0;(-38.559813 -3.775695);
;2022-07-05 18:16:40;Anselmo Nogueira;;;Bonsucesso;;Colisão;;Não informado;;Meio De Quadra;;;0;1;0;2;0;0;0;0;0;0;0;0;0;(-38.5871542 -3.7805491);
;2022-07-05 15:19:35;Oscar Araripe;;;Bom Jardim;;Colisão;;Não informado;;Meio De Quadra;;;0;2;0;0;2;0;0;0;0;0;0;0;0;(-38.6083417 -3.7880452);
;2022-07-05 15:03:39;Joao Pessoa;Av Jatahy;;Benfica;;Atropelamento;;Não informado;;Cruzamento;;;0;1;0;0;1;0;0;0;0;0;0;0;0;(-38.5435876 -3.7388721);
;2022-07-05 10:09:49;Godofredo Maciel;;;Maraponga;;Colisão;;Não informado;;Meio De Quadra;;;0;1;0;0;2;0;0;0;0;0;0;0;0;(-38.5745748 -3.8107966);
;2022-07-05 09:41:05;Farias Lemos;;;Cambeba;;Colisão;;Não informado;;Meio De Quadra;;;0;1;0;1;1;0;0;0;0;0;0;0;0;(-38.4947103 -3.8121173);
;2022-07-05 09:36:55;Avenida Oscar Araripe;;;Bom Jardim;;Queda;;Não informado;;Meio De Quadra;;;0;1;0;1;0;0;0;0;0;0;0;0;0;(-38.6145777 -3.7864937);
;2022-07-05 08:12:52;Avenida Antonio Sales;;;Joaquim Tavora;;Colisão;;Não informado;;Meio De Quadra;;;0;1;0;0;2;0;0;0;0;0;0;0;0;(0 0);
;2022-07-05 03:04:46;Av. Mister Hull;;;Antonio Bezerra;;Queda;;Não informado;;Meio De Quadra Sem Numero;;;0;1;0;1;0;0;0;0;0;0;0;0;0;(-38.5918137 -3.7395231);
;2022-07-05 01:04:02;Avenida Godofredo Maciel;;;Mondubim;;Atropelamento;;Não informado;;Meio De Quadra;;;0;1;0;1;0;0;0;0;0;0;0;0;0;(-38.579244 -3.8246548);
;2022-07-05 00:21:22;Humberto Monte;Rua Doutor Abdenago;;Parquelandia;;Colisão;;Não informado;;Cruzamento;;;0;1;0;1;1;0;0;0;0;0;0;0;0;(-38.56881 -3.73924);
;2022-07-04 23:30:12;Rio Grande Do Sul;;;Bela Vista;;Queda;;Não informado;;Meio De Quadra;;;0;2;0;1;0;0;0;0;0;0;0;0;0;(-38.5625698 -3.7513947);
;2022-07-04 21:22:43;Rua Quintino Cunha;;;Jardim America;;Queda;;Não informado;;Meio De Quadra;;;0;1;0;1;0;0;0;0;0;0;0;0;0;(-38.54766 -3.7547304);
;2022-07-04 20:46:35;Senador Fernandes Tavora   - Upa Autran Nunes;;;Autran Nunes;;Colisão;;Não informado;;Meio De Quadra Sem Numero;;;0;1;0;0;2;0;0;0;0;0;0;0;0;(-38.59431379999999 -3.7561761);
;2022-07-04 20:15:30;Belisario Tavora;;;Não informado;;Colisão;;Não informado;;Meio De Quadra;;;0;1;0;0;2;0;0;0;0;0;0;0;0;(-38.5060968 -3.760489999999999);
;2022-07-04 20:13:00;Rua Julio Braga;;;Joao Xxiii;;Queda;;Não informado;;Meio De Quadra;;;0;1;0;1;0;0;0;0;0;0;0;0;0;(-38.5743119 -3.7778027);
;2022-07-04 20:07:51;Rua Guarani -;;;Henrique Jorge;;Colisão;;Não informado;;Meio De Quadra;;;0;1;0;1;1;0;0;0;0;0;0;0;0;(-38.5822159 -3.7684224);
;2022-07-04 19:48:00;Rua Professor Otavio Lobo;;;Papicu;;Colisão;;Não informado;;Meio De Quadra;;;0;1;0;1;1;0;0;0;0;0;0;0;0;(-38.4778316 -3.7432643);
;2022-07-04 19:16:09;Avenida J (Cj Ceara);;;Conjunto Ceara;;Colisão;;Não informado;;Meio De Quadra;;;0;1;0;0;2;0;0;0;0;0;0;0;0;(0 0);
;2022-07-04 19:10:24;Alberto Magno;;;Montese;;Colisão;;Não informado;;Meio De Quadra;;;0;1;0;1;1;0;0;0;0;0;0;0;0;(-38.547153 -3.76176);
;2022-07-04 17:27:44;Valdir Diogo;;;Novo Mondubim;;Queda;;Não informado;;Meio De Quadra;;;0;1;0;1;0;0;0;0;0;0;0;0;0;(-38.588121 -3.802803);
;2022-07-04 16:29:32;Monsenhor Tabosa;;;Meireles;;Colisão;;Não informado;;Meio De Quadra;;;0;1;0;1;1;0;0;0;0;0;0;0;0;(-38.5077594 -3.7241042);
;2022-07-04 14:12:28;Avenida Doutor Silas Munguba;;;Passare;;Colisão;;Não informado;;Meio De Quadra Sem Numero;;;0;1;0;1;1;0;0;0;0;0;0;0;0;(-38.5297827 -3.8016075);
;2022-07-04 14:03:05;Joaquim Nabuco;;;Meireles;;Colisão;;Não informado;;Meio De Quadra;;;0;2;0;1;1;0;0;0;0;0;0;0;0;(-38.4991791 -3.7290848);
;2022-07-04 13:18:11;Monsenhor Bruno;;;Meireles;;Atropelamento;;Não informado;;Meio De Quadra;;;0;1;0;0;0;0;0;1;0;0;0;0;0;(-38.5070283 -3.7246759);
;2022-07-04 13:17:28;Rua Estado Do Rio;;;Pici;;Queda;;Não informado;;Meio De Quadra;;;0;1;0;1;0;0;0;0;0;0;0;0;0;(-38.5686522 -3.7545811);
;2022-07-04 11:37:28;Torres Camara Esq.;Jose Vilar;;Aldeota;;Colisão;;Não informado;;Cruzamento;;;0;1;0;1;1;0;0;0;0;0;0;0;0;(-38.499481 -3.738046);
;2022-07-04 11:30:57;Osorio De Paiva;;;Siqueira;;Colisão;;Não informado;;Meio De Quadra;;;0;1;0;2;0;0;0;0;0;0;0;0;0;(-38.5980526 -3.8011595);
;2022-07-04 11:14:54;Rua Joaquim Franklin;;;Antonio Bezerra;;Colisão;;Não informado;;Meio De Quadra;;;0;1;0;1;1;0;0;0;0;0;0;0;0;(-38.5866767 -3.7423808);
;2022-07-04 10:45:28;Coronel Carvalho;;;Padre Andrade;;Colisão;;Não informado;;Meio De Quadra Sem Numero;;;0;1;0;0;2;0;0;0;0;0;0;0;0;(-38.5841947 -3.7345113);
;2022-07-04 09:54:27;Godofredo Maciel;;;Mondubim;;Colisão;;Não informado;;Meio De Quadra;;;0;2;0;1;1;0;0;0;0;0;0;0;0;(-38.574614 -3.81629);
;2022-07-04 09:34:02;Av. Osorio De Paiva;;;Canindezinho;;Queda de moto;;Não informado;;Meio De Quadra;;;0;1;0;2;0;0;0;0;0;0;0;0;0;(-38.6220362 -3.8255069);
;2022-07-04 08:28:59;BR 116;;;Pedras;;Atropelamento;;Não informado;;Meio De Quadra Sem Numero;;;0;1;0;1;0;0;0;0;0;0;0;0;0;(0 0);
;2022-07-04 08:01:12;Maranhao;;;Pan Americano;;Colisão;;Não informado;;Meio De Quadra;;;0;1;0;0;2;0;0;0;0;0;0;0;0;(-38.5646225 -3.7561635);
;2022-07-04 07:42:02;Senador Fernandes Tavora - Upa  Autran Nunes;;;Autran Nunes;;Queda;;Não informado;;Meio De Quadra;;;0;1;0;1;0;0;0;0;0;0;0;0;0;(-38.59431379999999 -3.7561761);
;2022-07-04 06:28:33;Senador Carlos Jereissati;;;Dias Macedo;;Choque c/ Obstáculo Fixo;;Não informado;;Meio De Quadra Sem Numero;;;0;1;0;0;1;0;0;0;0;0;0;0;0;(-38.5242645 -3.7832708);
;2022-07-04 06:11:24;Via Expressa Esq;Av. Dom Luís;;Aldeota;;Colisão;;Não informado;;Cruzamento;;;0;1;0;0;1;0;1;0;0;0;0;0;0;(-38.4969004 -3.7340428);
;2022-07-04 03:58:46;Presidente Costa E Silva;;;Mondubim;;Queda;;Não informado;;Meio De Quadra;;;0;1;0;1;0;0;0;0;0;0;0;0;0;(-38.5431939 -3.8244917);
;2022-07-04 02:14:59;Osorio De Paiva;A Perimentral;;Parangaba;;Colisão;;Não informado;;Cruzamento;;;0;1;0;0;2;0;0;0;0;0;0;0;0;(-38.5711297 -3.7785352);
;2022-07-04 01:58:07;Conego De Castro;;;Parque Santa Rosa;;Atropelamento;;Não informado;;Meio De Quadra;;;0;1;0;0;1;0;0;0;0;0;0;0;0;(-38.58763 -3.8006466);
;2022-07-04 01:22:15;Jose Bastos - Esquina;Rua Antonio Martins;;Bela Vista;;Colisão;;Não informado;;Cruzamento;;;0;1;0;1;1;0;0;0;0;0;0;0;0;(-38.5557941 -3.7521129);
;2022-07-04 00:55:13;Amaro Cavalcante;;;Monte Castelo;;Queda;;Não informado;;Meio De Quadra;;;0;1;0;1;0;0;0;0;0;0;0;0;0;(-38.554955 -3.723998);
;2022-07-04 00:39:14;Julio Braga;;;Joao Xxiii;;Queda;;Não informado;;Meio De Quadra;;;0;1;0;1;0;0;0;0;0;0;0;0;0;(-38.5829437 -3.7743488);
;2022-07-04 00:06:10;Rua Coronel Fabriciano;;;Granja Lisboa;;Colisão;;Não informado;;Meio De Quadra Sem Numero;;;0;1;0;1;1;0;0;0;0;0;0;0;0;(-38.6158626 -3.7805488);
;2022-07-03 23:02:53;Presidente Castelo Branco;;;Moura Brasil;;Colisão;;Não informado;;Meio De Quadra;;;0;1;0;1;1;0;0;0;0;0;0;0;0;(-38.5396919 -3.7175431);
;2022-07-03 20:02:34;Jornalista Tomaz Coelho;;;Messejana;;Atropelamento;;Não informado;;Meio De Quadra;;;0;1;0;0;0;0;0;0;0;0;1;0;0;(0 0);
;2022-07-03 17:55:40;Rua Doutor Raimundo Maia;;;Mondubim;;Queda;;Não informado;;Meio De Quadra;;;0;1;0;1;0;0;0;0;0;0;0;0;0;(-38.5638868 -3.814063399999999);
;2022-07-03 17:55:13;Rua Papi Junior;;;Bela Vista;;Colisão;;Não informado;;Meio De Quadra;;;0;1;0;0;2;0;0;0;0;0;0;0;0;(-38.5589143 -3.7538039);
;2022-07-03 14:31:25;1018  - Quarta Etapa;;;Conjunto Ceara;;Colisão;;Não informado;;Meio De Quadra;;;0;1;0;1;1;0;0;0;0;0;0;0;0;(-38.6154119 -3.7672577);
;2022-07-03 13:57:24;Avenida Pompilio Gomes;;;Passare;;Queda;;Não informado;;Meio De Quadra;;;0;1;0;1;0;0;0;0;0;0;0;0;0;(-38.5211568 -3.8270121);
;2022-07-03 13:20:05;Areia Branca;;;Vicente Pinzon;;Queda;;Não informado;;Meio De Quadra;;;0;2;0;1;0;0;0;0;0;0;0;0;0;(-38.4761112 -3.727203899999999);
;2022-07-03 12:46:36;Bernardo Manuel;;;Itaperi;;Colisão;;Não informado;;Meio De Quadra;;;0;1;0;0;1;0;0;0;0;1;0;0;0;(-38.552619 -3.8019477);
;2022-07-03 11:44:03;Rua Professor Glauco Lobo;;;Novo Mondubim;;Colisão;;Não informado;;Meio De Quadra;;;0;1;0;1;1;0;0;0;0;0;0;0;0;(0 0);
;2022-07-03 11:35:01;Rua Francisca Clotilde;;;Rodolfo Teofilo;;Colisão;;Não informado;;Meio De Quadra;;;0;1;0;0;2;0;0;0;0;0;0;0;0;(-38.551734 -3.741791);
;2022-07-03 11:18:25;Rua Professor Manuel Lourenço;;;Joquei Clube;;Colisão;;Não informado;;Meio De Quadra;;;0;1;0;1;1;0;0;0;0;0;0;0;0;(-38.572235 -3.7621591);
;2022-07-03 07:15:53;Antero De Quntal;;;Paupina;;Colisão;;Não informado;;Meio De Quadra;;;0;1;0;0;2;0;0;0;0;0;0;0;0;(-38.4923017 -3.8537534);
;2022-07-03 04:57:31;Rua Vereador Pedro Paulo;;;Parque Manibura;;Queda;;Não informado;;Meio De Quadra;;;0;1;0;1;0;0;0;0;0;0;0;0;0;(-38.4902075 -3.787023799999999);
;2022-07-03 04:00:06;Rua Germano Franck;Carlos Amora;;Parangaba;;Colisão;;Não informado;;Cruzamento;;;0;1;0;1;1;0;0;0;0;0;0;0;0;(-38.5620067 -3.777236);
;2022-07-03 03:41:03;Engenheiro Santana Junior 231;Rua Pascoal De Castro Alves;;Papicu;;Colisão;;Não informado;;Cruzamento;;;0;1;0;1;1;0;0;0;0;0;0;0;0;(-38.4798588 -3.7318439);
;2022-07-03 01:49:51;Osvaldo Cruz;;;Meireles;;Colisão;;Não informado;;Meio De Quadra;;;0;1;0;1;1;0;0;0;0;0;0;0;0;(-38.4986282 -3.729939);
;2022-07-03 01:22:37;Br;;;Aerolandia;;Colisão;;Não informado;;Meio De Quadra;;;0;1;0;1;1;0;0;0;0;0;0;0;0;(-38.5152306 -3.7760061);
;2022-07-03 00:05:49;Pedro Cabral;;;Parque Presidente Vargas;;Colisão;;Não informado;;Meio De Quadra;;;0;1;0;1;1;0;0;0;0;0;0;0;0;(-38.5935224 -3.8244759);
;2022-07-02 23:55:55;Almirante Henrque Sabioa (Via Expressa);;;Papicu;;Queda;;Não informado;;Meio De Quadra Sem Numero;;;0;1;0;1;0;0;0;0;0;0;0;0;0;(-38.489463 -3.7436133);
;2022-07-02 23:14:13;13 De Maio;;;Fatima;;Atropelamento;;Não informado;;Meio De Quadra;;;0;2;0;1;0;0;0;0;0;0;0;0;0;(-38.5315037 -3.7472631);
;2022-07-02 20:38:37;BR 116 KM 14;;;Pedras;;Colisão;;Não informado;;Meio De Quadra Sem Numero;;;0;2;0;2;0;0;0;0;0;0;0;0;0;(0 0);
;2022-07-02 20:15:49;Fernandes Tavora;;;Autran Nunes;;Atropelamento;;Não informado;;Meio De Quadra;;;0;1;0;1;0;0;0;0;0;0;0;0;0;(-38.5937402 -3.7561086);
;2022-07-02 20:12:03;Barão De Caninde;Elcias  Lopes;;Parangaba;;Colisão;;Não informado;;Cruzamento;;;0;1;0;2;0;0;0;0;0;0;0;0;0;(-38.5573921 -3.7704825);
;2022-07-02 15:54:20;Barao Sturdart;Santos Dumont;;Aldeota;;Colisão;;Não informado;;Cruzamento;;;0;2;0;0;2;0;0;0;0;0;0;0;0;(-38.5062444 -3.7336639);
;2022-07-02 15:31:29;Avenida Mister Hull;;;Antonio Bezerra;;Colisão;;Não informado;;Meio De Quadra;;;0;1;0;1;0;0;0;0;0;0;0;0;0;(-38.5869829 -3.7394488);
;2022-07-02 13:32:58;Humberto Monte;;;Bela Vista;;Colisão;;Não informado;;Meio De Quadra;;;0;1;0;1;1;0;0;0;0;0;0;0;0;(-38.56530950000001 -3.7436668);