COD_ACIDENTE;DATA;LOG1;LOG2;NUMERO;BAIRRO;AMC;NATUREZA;ILUMINACAO;TEMPO;SUPERFICIEPISTA;TIPOCRUZAMENTO;CONTROLETRAFEGO;USOSOLO;MORTOS;FERIDOS;ILESOS;MOTOCICLETA;AUTOMOVEL;MICROONIBUS;CAMINHAO;ONIBUS;CICLOMOTOR;BICICLETA;OUTROS;TREM;TRACAOANIMAL;COORDENADAS
;2022-07-02 13:16:00;Joao De Oliveira;;;Messejana;;Queda;;Não informado;;Meio De Quadra;;;0;1;0;1;0;0;0;0;0;0;0;0;0;(-38.4998578 -3.8446177);
;2022-07-02 11:52:30;Jose Dantas Pereira - Upa Canindezinho;;;Canindezinho;;Colisão;;Não informado;;Meio De Quadra Sem Numero;;;0;1;0;0;2;0;0;0;0;0;0;0;0;(-38.6088561 -3.8217799);
;2022-07-02 11:33:38;Antonio Sales;Em Baixo Do Viaduto;;Coco;;Queda;;Não informado;;Cruzamento;;;0;1;0;1;0;0;0;0;0;0;0;0;0;(-38.4920221 -3.7486892);
;2022-07-02 11:09:17;Zacarias Gondim;;;Itaoca;;Colisão;;Não informado;;Meio De Quadra;;;0;1;0;0;2;0;0;0;0;0;0;0;0;(-38.5588182 -3.7688089);
;2022-07-02 10:46:08;Senador Pompeu;Domingos Olimpio;;Centro;;Queda;;Não informado;;Cruzamento;;;0;1;0;1;0;0;0;0;0;0;0;0;0;(-38.5324507 -3.736201699999999);
;2022-07-02 08:48:00;Avenida Alberto Nepomuceno;;;Centro;;Atropelamento;;Não informado;;Meio De Quadra Sem Numero;;;0;2;0;0;0;0;0;1;0;0;0;0;0;(-38.5251264 -3.7249261);
;2022-07-02 08:42:55;Vitoria;;;Joao Xxiii;;Queda;;Não informado;;Meio De Quadra;;;0;1;0;1;0;0;0;0;0;0;0;0;0;(0 0);
;2022-07-02 04:16:58;Avenida Doutor Silas Munguba;;;Serrinha;;Atropelamento;;Não informado;;Meio De Quadra;;;0;3;0;1;0;0;0;0;0;0;0;0;0;(-38.5494652 -3.7870688);
;2022-07-02 03:45:54;L;;;Conjunto Ceara;;Colisão;;Não informado;;Meio De Quadra Sem Numero;;;0;2;0;2;0;0;0;0;0;0;0;0;0;(-38.60659 -3.77061);
;2022-07-02 03:08:04;Av. H No Final Da Av. Teodoro De Castro;;;Conjunto Ceara;;Colisão;;Não informado;;Meio De Quadra;;;0;1;0;2;0;0;0;0;0;0;0;0;0;(-38.6223078 -3.7770056);
;2022-07-02 02:24:03;Av. H - Quarta Etapa;A Teodoro De Castro;;Conjunto Ceara;;Colisão;;Não informado;;Cruzamento;;;0;1;0;2;0;0;0;0;0;0;0;0;0;(-38.6134492 -3.7774221);
;2022-07-02 01:36:36;Godofredo Maciel;Rua Francisco Bento;;Mondubim;;Atropelamento;;Não informado;;Cruzamento;;;0;1;0;0;1;0;0;0;0;0;0;0;0;(-38.5750342 -3.8128003);
;2022-07-02 01:17:14;Edilson Brasil Soares;;;Edson Queiroz;;Colisão;;Não informado;;Meio De Quadra;;;0;1;0;1;1;0;0;0;0;0;0;0;0;(-38.4733183 -3.7889341);
;2022-07-02 01:11:45;Heribaldo Costa;Ru Chui;;Joao Xxiii;;Colisão;;Não informado;;Cruzamento;;;0;2;0;2;0;0;0;0;0;0;0;0;0;(-38.588562 -3.768949199999999);
;2022-07-02 01:10:49;Pedro Camelo;;;Messejana;;Queda;;Não informado;;Meio De Quadra;;;0;1;0;1;0;0;0;0;0;0;0;0;0;(-38.504393 -3.836216);
;2022-07-02 00:28:23;Nan;;;Pirambu;;Colisão;;Não informado;;Meio De Quadra Sem Numero;;;0;1;0;1;1;0;0;0;0;0;0;0;0;(0 0);
;2022-07-02 00:21:38;I;;;Conjunto Ceara;;Queda;;Não informado;;Meio De Quadra;;;0;1;0;1;0;0;0;0;0;0;0;0;0;(-38.6156044 -3.7754644);
;2022-07-01 22:43:02;Rua Doutor Perilo Teixeira;;;Parque Genibau;;Colisão;;Não informado;;Meio De Quadra;;;0;1;0;1;1;0;0;0;0;0;0;0;0;(-38.602029 -3.761183299999999);
;2022-07-01 21:32:03;Avenida Castelo De Castro;;;Jangurussu;;Colisão;;Não informado;;Meio De Quadra;;;0;1;0;1;0;0;0;0;0;0;0;0;0;(-38.5217841 -3.836875);
;2022-07-01 21:21:34;Perimetral;;;Jangurussu;;Atropelamento;;Não informado;;Meio De Quadra;;;0;2;0;1;0;0;0;0;0;0;0;0;0;(-38.5090259 -3.8301765);
;2022-07-01 21:07:48;Avenida Jornalista Tomaz Coelho;;;Messejana;;Atropelamento;;Não informado;;Meio De Quadra;;;0;3;0;1;0;0;0;0;0;0;0;0;0;(-38.5117208 -3.8288169);
;2022-07-01 19:58:18;Presidente Costa E Silva;;;Prefeito Jose Walter;;Queda;;Não informado;;Meio De Quadra Sem Numero;;;0;1;0;1;0;0;0;0;0;0;0;0;0;(-38.5443558 -3.8244455);
;2022-07-01 19:26:37;Vilebaldo Aguiar;;;Coco;;Colisão;;Não informado;;Meio De Quadra;;;0;1;0;1;1;0;0;0;0;0;0;0;0;(-38.4774875 -3.7439775);
;2022-07-01 16:56:43;Joao Pessoa;;;Parangaba;;Colisão;;Não informado;;Meio De Quadra;;;0;1;0;1;1;0;0;0;0;0;0;0;0;(-38.5609812 -3.7704559);
;2022-07-01 16:39:51;Av Bejamim Brasil;;;Maraponga;;Colisão;;Não informado;;Meio De Quadra;;;0;1;0;1;1;0;0;0;0;0;0;0;0;(-38.5561066 -3.8093178);
;2022-07-01 16:23:38;Avenida Benjamim Brasil;;;Itaperi;;Colisão;;Não informado;;Meio De Quadra;;;0;1;0;1;1;0;0;0;0;0;0;0;0;(0 0);
;2022-07-01 16:15:41;Avenida Benjamim Brasil -;;;Mondubim;;Colisão;;Não informado;;Meio De Quadra;;;0;1;0;1;1;0;0;0;0;0;0;0;0;(-38.5569787 -3.808876);
;2022-07-01 15:25:16;Rua Doutor Alexandre Antonio Furtado;;;De Lourdes;;Colisão;;Não informado;;Meio De Quadra Sem Numero;;;0;2;0;2;0;0;0;0;0;0;0;0;0;(-38.4644142 -3.7415566);
;2022-07-01 14:45:18;Padre Mororo;Clarindo De Queiroz;;Centro;;Atropelamento;;Não informado;;Cruzamento;;;0;1;0;1;0;0;0;0;0;0;0;0;0;(-38.5388558 -3.7299243);
;2022-07-01 14:29:40;Avenida Senador Carlos Jereissati;;;Dias Macedo;;Colisão;;Não informado;;Meio De Quadra Sem Numero;;;0;1;0;1;1;0;0;0;0;0;0;0;0;(-38.5242645 -3.7832708);
;2022-07-01 14:03:52;Avenida Francisco Sa;Graça Aranha;;Barra Do Ceara;;Colisão;;Não informado;;Cruzamento;;;0;1;0;1;1;0;0;0;0;0;0;0;0;(-38.574359 -3.7115792);
;2022-07-01 12:55:53;Rua Princesa Isabel;;;Centro;;Colisão;;Não informado;;Meio De Quadra Sem Numero;;;0;1;0;1;1;0;0;0;0;0;0;0;0;(-38.5364156 -3.7296892);
;2022-07-01 11:26:13;Rua Das Pedrinhas;Rua Itaperona;;Parque Genibau;;Colisão;;Não informado;;Cruzamento;;;0;1;0;1;1;0;0;0;0;0;0;0;0;(-38.6005611 -3.7642113);
;2022-07-01 09:37:08;F;;;Conjunto Ceara;;Queda;;Não informado;;Meio De Quadra;;;0;1;0;1;0;0;0;0;0;0;0;0;0;(0 0);
;2022-07-01 04:09:29;Catole (Sitio Sao Joao);;;Conjunto Palmeiras;;Queda;;Não informado;;Meio De Quadra Sem Numero;;;0;1;0;1;0;0;0;0;0;0;0;0;0;(-38.5224043 -3.8543962);
;2022-07-01 03:26:21;Monsenhor Tabosa;;;Meireles;;Colisão;;Não informado;;Meio De Quadra;;;0;2;0;0;2;0;0;0;0;0;0;0;0;(0 0);
;2022-06-01 01:14:07;Coronel Matos Dourado;;;Antonio Bezerra;;Colisão;;Não informado;;Meio De Quadra;;;0;1;0;0;2;0;0;0;0;0;0;0;0;(-38.5847035 -3.7465449);
;2022-06-01 00:02:29;Washington Soares;;;Sapiranga;;Atropelamento;;Não informado;;Meio De Quadra;;;0;1;0;0;1;0;0;0;0;0;0;0;0;(-38.4804749 -3.7939877);
;2022-05-31 23:42:10;Humberto Monte;;;Parquelandia;;Queda;;Não informado;;Meio De Quadra;;;0;1;0;1;0;0;0;0;0;0;0;0;0;(-38.5617615 -3.7473568);
;2022-05-31 22:14:58;Ronaldo Castro De Barbosa;;;Parque Manibura;;Colisão;;Não informado;;Meio De Quadra;;;0;1;0;1;1;0;0;0;0;0;0;0;0;(0 0);
;2022-05-31 21:40:22;Avenida Godofredo Maciel;;;Maraponga;;Queda;;Não informado;;Meio De Quadra Sem Numero;;;0;2;0;1;0;0;0;0;0;0;0;0;0;(-38.5700693 -3.7966838);
;2022-05-31 21:27:59;Rua Kasel;Rua Engenheiro Ronaldo De Castro Barbosa;;Engenheiro Luciano Cavalcante;;Colisão;;Não informado;;Cruzamento;;;0;1;0;1;1;0;0;0;0;0;0;0;0;(-38.48806310000001 -3.7860655);
;2022-05-31 21:08:32;Frei Cirilo;;;Messejana;;Colisão;;Não informado;;Meio De Quadra Sem Numero;;;0;1;0;1;1;0;0;0;0;0;0;0;0;(-38.4968631 -3.8184466);
;2022-05-31 20:17:38;A;Conj Veneza Tropical;;Itaperi;;Colisão;;Não informado;;Cruzamento;;;0;1;0;1;1;0;0;0;0;0;0;0;0;(-38.5388173 -3.7934977);
;2022-05-31 19:10:27;Heraclito Graça;Rua Idelfonso Albano;;Centro;;Colisão;;Não informado;;Cruzamento;;;0;1;0;1;1;0;0;0;0;0;0;0;0;(-38.5144673 -3.7367877);
;2022-05-31 18:00:58;Rua Ines Brasil;;;Boa Vista;;Colisão;;Não informado;;Meio De Quadra;;;0;1;0;1;1;0;0;0;0;0;0;0;0;(-38.51912799999999 -3.8036082);
;2022-05-31 16:51:57;Rua Gustavo Sampaio;Amadeu Furtado;;Parquelandia;;Colisão;;Não informado;;Cruzamento;;;0;2;0;1;1;0;0;0;0;0;0;0;0;(-38.5638391 -3.736789);
;2022-05-31 16:10:01;Frei Cirilo;;;Messejana;;Colisão;;Não informado;;Meio De Quadra;;;0;1;0;1;1;0;0;0;0;0;0;0;0;(0 0);
;2022-05-31 14:53:25;Avenida Frei Cirilo;;;Messejana;;Colisão;;Não informado;;Meio De Quadra Sem Numero;;;0;1;0;1;1;0;0;0;0;0;0;0;0;(-38.4979833 -3.8161503);
;2022-05-31 14:31:27;Coronel Filomeno;R. Ricardo Castro Macedo;;Engenheiro Luciano Cavalcante;;Colisão;;Não informado;;Cruzamento;;;0;1;0;1;1;0;0;0;0;0;0;0;0;(-38.4879587 -3.7777567);
;2022-05-31 14:14:04;Avenida Frei Cirilo;;;Messejana;;Colisão;;Não informado;;Meio De Quadra;;;0;2;0;1;1;0;0;0;0;0;0;0;0;(-38.4943503 -3.8232074);
;2022-05-31 14:13:51;Heraclito Graça;;;Centro;;Colisão;;Não informado;;Meio De Quadra;;;0;1;0;1;1;0;0;0;0;0;0;0;0;(-38.5170981 -3.736172);
;2022-05-31 13:43:33;Augusto Dos Anjos;;;Parangaba;;Colisão;;Não informado;;Meio De Quadra;;;0;1;0;1;1;0;0;0;0;0;0;0;0;(-38.5772953 -3.7776224);
;2022-05-31 12:45:16;Monsenhor Amarlio Rodrigues;;;Jangurussu;;Atropelamento;;Não informado;;Meio De Quadra;;;0;1;0;0;1;0;0;0;0;0;0;0;0;(-38.52189 -3.8350607);
;2022-05-31 12:38:01;Washington Soares;;;Edson Queiroz;;Choque c/ Obstáculo Fixo;;Não informado;;Meio De Quadra Sem Numero;;;0;1;0;0;1;0;0;0;0;0;0;0;0;(-38.481665 -3.7762191);
;2022-05-31 12:07:32;Pedro Primeiro;;;Centro;;Atropelamento;;Não informado;;Meio De Quadra;;;0;1;0;1;0;0;0;0;0;0;0;0;0;(-38.5351969 -3.729158);
;2022-05-31 09:53:29;Avenida Pontes Vieira;;;Joaquim Tavora;;Atropelamento;;Não informado;;Meio De Quadra;;;0;1;0;0;1;0;0;0;0;0;0;0;0;(0 0);
;2022-05-31 09:51:11;Avenida Barao De Studart;;;Dionisio Torres;;Queda;;Não informado;;Meio De Quadra;;;0;1;0;0;0;0;0;0;0;1;0;0;0;(-38.509687 -3.743517999999999);
;2022-05-31 02:51:30;Av Francisco Sa;;;Carlito Pamplona;;Colisão;;Não informado;;Meio De Quadra Sem Numero;;;0;1;0;0;2;0;0;0;0;0;0;0;0;(-38.55458 -3.7183483);
;2022-05-31 00:25:04;Rua Gustavo Barroso;;;Granja Portugal;;Colisão;;Não informado;;Meio De Quadra;;;0;1;0;1;1;0;0;0;0;0;0;0;0;(-38.601163 -3.7853773);
;2022-05-30 21:33:05;Avenida Humberto Monte;;;Parquelandia;;Queda;;Não informado;;Meio De Quadra Sem Numero;;;0;1;0;0;0;0;0;0;0;1;0;0;0;(-38.5679321 -3.7400837);
;2022-05-30 21:27:59;Osorio De Paiva;;;Canindezinho;;Atropelamento;;Não informado;;Meio De Quadra;;;0;1;0;1;0;0;0;0;0;0;0;0;0;(0 0);
;2022-05-30 20:13:09;Benjamim Brasil;;;Maraponga;;Colisão;;Não informado;;Meio De Quadra;;;0;1;0;0;2;0;0;0;0;0;0;0;0;(-38.5703694 -3.8036348);
;2022-05-30 20:08:23;Avenida  Washington Soares;;;Sapiranga;;Atropelamento;;Não informado;;Meio De Quadra;;;0;1;0;0;1;0;0;0;0;0;0;0;0;(-38.4805981 -3.7922326);
;2022-05-30 19:59:09;Duque De Caxias;Avenida Jose Jatahy;;Monte Castelo;;Queda;;Não informado;;Cruzamento;;;0;1;0;1;0;0;0;0;0;0;0;0;0;(-38.5457961 -3.7267699);
;2022-05-30 19:54:36;Juscelino Kubitschek;;;Passare;;Colisão;;Não informado;;Meio De Quadra Sem Numero;;;0;1;0;1;1;0;0;0;0;0;0;0;0;(-38.5321687 -3.8168436);
;2022-05-30 19:33:58;Dom Jeronimo;Avenida Domingos Olimpio;;Farias Brito;;Colisão;;Não informado;;Cruzamento;;;0;1;0;1;1;0;0;0;0;0;0;0;0;(-38.543459 -3.733201199999999);
;2022-05-30 17:56:47;Antonio Augusto;Rua Costa Barros;;Centro;;Colisão;;Não informado;;Cruzamento;;;0;2;0;1;1;0;0;0;0;0;0;0;0;(-38.5132816 -3.7298025);
;2022-05-30 16:48:48;F;;;Conjunto Esperanca;;Colisão;;Não informado;;Meio De Quadra;;;0;1;0;1;1;0;0;0;0;0;0;0;0;(-38.5562378 -3.8363393);
;2022-05-30 15:34:18;Placido Castelo;;;Tancredo Neves;;Queda;;Não informado;;Meio De Quadra;;;0;1;0;1;0;0;0;0;0;0;0;0;0;(-38.5108085 -3.7848391);
;2022-05-30 15:04:02;Duarte Coelho;Rua Anterio De Quintal;;Paupina;;Colisão;;Não informado;;Cruzamento;;;0;1;0;1;1;0;0;0;0;0;0;0;0;(-38.4915724 -3.8635495);
;2022-05-30 14:20:34;Santos Dumont;;;Papicu;;Colisão;;Não informado;;Meio De Quadra;;;0;1;0;1;1;0;0;0;0;0;0;0;0;(-38.4704153 -3.7456942);
;2022-05-30 13:56:31;Ijf;;;Centro;;Queda;;Não informado;;Meio De Quadra Sem Numero;;;0;1;0;1;0;0;0;0;0;0;0;0;0;(-38.5314298 -3.7342386);
;2022-05-30 12:38:42;Washigton Soares;;;Cambeba;;Colisão;;Não informado;;Meio De Quadra Sem Numero;;;0;1;0;1;1;0;0;0;0;0;0;0;0;(-38.4790722 -3.8070071);
;2022-05-30 11:23:35;Antonio Justa;Rua Vicente Leite;;Meireles;;Queda;;Não informado;;Cruzamento;;;0;1;0;1;0;0;0;0;0;0;0;0;0;(-38.4925996 -3.7282953);
;2022-05-30 11:08:49;Aeroporto;;;Dias Macedo;;Colisão;;Não informado;;Meio De Quadra Sem Numero;;;0;1;0;1;1;0;0;0;0;0;0;0;0;(0 0);
;2022-05-30 11:00:27;Perimetral;;;Prefeito Jose Walter;;Colisão;;Não informado;;Meio De Quadra Sem Numero;;;0;1;0;1;1;0;0;0;0;0;0;0;0;(-38.5300457 -3.8290547);
;2022-05-30 10:48:44;Santos Dumont;;;Não informado;;Colisão;;Não informado;;Meio De Quadra Sem Numero;;;0;2;0;1;1;0;0;0;0;0;0;0;0;(-38.4871768 -3.7398314);
;2022-05-30 10:35:22;Carlos Jereissati;;;Dias Macedo;;Colisão;;Não informado;;Meio De Quadra Sem Numero;;;0;1;0;1;1;0;0;0;0;0;0;0;0;(-38.5242645 -3.7832708);
;2022-05-30 10:27:53;Gustavo Sampaio 116;Padre Graça;;Parque Araxa;;Colisão;;Não informado;;Cruzamento;;;0;1;0;1;1;0;0;0;0;0;0;0;0;(-38.5457718 -3.7329672);
;2022-05-30 10:18:26;Washington Soares   - Bairro Agua Fria;;;Agua Fria;;Colisão;;Não informado;;Meio De Quadra Sem Numero;;;0;1;0;1;1;0;0;0;0;0;0;0;0;(-38.481665 -3.7762191);
;2022-05-30 09:04:44;Osorio De Paiva;;;Canindezinho;;Queda;;Não informado;;Meio De Quadra;;;0;1;0;1;0;0;0;0;0;0;0;0;0;(-38.5986675 -3.801889099999999);
;2022-05-30 02:40:33;Antonio Fiuza;;;Montese;;Colisão;;Não informado;;Meio De Quadra;;;0;1;0;1;1;0;0;0;0;0;0;0;0;(-38.5527367 -3.7712307);
;2022-05-30 01:54:20;Rocha Lima;;;Aldeota;;Queda;;Não informado;;Meio De Quadra;;;0;1;0;1;0;0;0;0;0;0;0;0;0;(-38.5158502 -3.7385062);
;2022-05-29 23:39:32;Independencia;;;Quintino Cunha;;Queda;;Não informado;;Meio De Quadra;;;0;2;0;1;0;0;0;0;0;0;0;0;0;(-38.6003772 -3.724262899999999);
;2022-05-29 23:02:46;Ismael Pordeus;;;Vicente Pinzon;;Colisão;;Não informado;;Meio De Quadra;;;0;1;0;1;1;0;0;0;0;0;0;0;0;(0 0);
;2022-05-29 22:45:17;Rua Luciano Queiros -;;;Henrique Jorge;;Colisão;;Não informado;;Meio De Quadra;;;0;1;0;2;0;0;0;0;0;0;0;0;0;(-38.5790607 -3.758875);
;2022-05-29 21:43:51;Barbara De Alencar;Nunes Valente;;Aldeota;;Colisão;;Não informado;;Cruzamento;;;0;1;0;1;1;0;0;0;0;0;0;0;0;(-38.505243 -3.7409308);
;2022-05-29 21:36:10;Beira Mar;;;Meireles;;Queda;;Não informado;;Meio De Quadra;;;0;1;0;0;0;0;0;0;0;1;0;0;0;(-38.4998209 -3.7252755);
;2022-05-29 21:18:27;Carneiro De Mendonca;;;Democrito Rocha;;Queda;;Não informado;;Meio De Quadra;;;0;1;0;1;0;0;0;0;0;0;0;0;0;(-38.5644383 -3.7653739);
;2022-05-29 21:01:40;Mozart Pinheiro De Lucena;;;Quintino Cunha;;Queda;;Não informado;;Meio De Quadra;;;0;1;0;0;0;0;0;0;0;1;0;0;0;(-38.598144 -3.727917);
;2022-05-29 20:25:08;Santos Dumont;Joaquim Nabuco;;Aldeota;;Colisão;;Não informado;;Cruzamento;;;0;1;0;1;1;0;0;0;0;0;0;0;0;(-38.5022633 -3.7349664);
;2022-05-29 19:18:23;Avenida Aguanambi;;;Não informado;;Atropelamento;;Não informado;;Meio De Quadra Sem Numero;;;0;2;0;0;0;0;0;0;0;0;1;0;0;(-38.523825 -3.7489718);
;2022-05-29 19:10:00;Aguanambi;Rua Joaquim De Magalhaes;;Jose Bonifacio;;Atropelamento;;Não informado;;Cruzamento;;;0;2;0;1;0;0;0;0;0;0;0;0;0;(-38.5253158 -3.7408175);
;2022-05-29 15:59:14;Santo Agostinho;;;Canindezinho;;Queda;;Não informado;;Meio De Quadra;;;0;1;0;0;0;0;0;0;0;1;0;0;0;(-38.6004949 -3.8040986);
;2022-05-29 13:39:42;Raimundo Nery;;;Parque Sao Jose;;Colisão;;Não informado;;Meio De Quadra;;;0;2;0;1;1;0;0;0;0;0;0;0;0;(-38.5875442 -3.791751);
;2022-05-29 13:27:14;Manaca -;Av. Doutor Theberge;;Cristo Redentor;;Colisão;;Não informado;;Cruzamento;;;0;2;0;1;1;0;0;0;0;0;0;0;0;(-38.5637814 -3.7111798);
;2022-05-29 11:49:09;Rua Luis Francisco Xavier;;;Paupina;;Colisão;;Não informado;;Meio De Quadra;;;0;1;0;2;0;0;0;0;0;0;0;0;0;(-38.4872475 -3.8445603);
;2022-05-29 10:15:21;Duque De Caxias;24 De Maio;;Centro;;Colisão;;Não informado;;Cruzamento;;;0;1;0;1;1;0;0;0;0;0;0;0;0;(-38.5332388 -3.730681);
;2022-05-29 09:03:44;Quartzo - Lot. Cartier;;;Itaperi;;Queda;;Não informado;;Meio De Quadra;;;0;1;0;1;0;0;0;0;0;0;0;0;0;(0 0);
;2022-05-29 07:32:03;Jose De Carvalho;;;Lagoa Redonda;;Atropelamento;;Não informado;;Meio De Quadra;;;0;1;0;0;1;0;0;0;0;0;0;0;0;(-38.4553871 -3.8237586);
;2022-05-29 05:32:13;Estarda Do Fio;Av. Washington Soares;;Coacu;;Queda;;Não informado;;Cruzamento;;;0;2;0;1;0;0;0;0;0;0;0;0;0;(-38.4797152 -3.845296);
;2022-05-29 03:43:43;Monsenhor Rosa 961;Rua Dom Helio Campos;;Jacarecanga;;Queda;;Não informado;;Cruzamento;;;0;1;0;1;0;0;0;0;0;0;0;0;0;(-38.5552439 -3.7127897);
;2022-05-29 02:37:48;Rua Professor Paulo Lopes -;;;Dom Lustosa;;Colisão;;Não informado;;Meio De Quadra;;;0;1;0;1;1;0;0;0;0;0;0;0;0;(0 0);
;2022-05-29 01:33:00;Rua Teodoro De Castro;Esquina Antonio Nery;;Granja Portugal;;Colisão;;Não informado;;Cruzamento;;;0;2;0;0;2;0;0;0;0;0;0;0;0;(-38.6015101 -3.7807371);
;2022-05-29 01:21:02;Ana Brito;;;Mondubim;;Queda;;Não informado;;Meio De Quadra;;;0;1;0;1;0;0;0;0;0;0;0;0;0;(-38.5897757 -3.8269838);
;2022-05-29 01:09:47;Rua Gustavo Braga;Frei Marcelino;;Rodolfo Teofilo;;Colisão;;Não informado;;Cruzamento;;;0;1;0;2;0;0;0;0;0;0;0;0;0;(-38.556144 -3.7478009);
;2022-05-28 23:55:33;Porto Alegre;;;Henrique Jorge;;Queda;;Não informado;;Meio De Quadra;;;0;1;0;1;0;0;0;0;0;0;0;0;0;(-38.5879345 -3.7616018);
;2022-05-28 23:54:19;Av Ossorio De Paiva;;;Siqueira;;Colisão;;Não informado;;Meio De Quadra;;;0;3;0;2;0;0;0;0;0;0;0;0;0;(-38.6221249 -3.825266);
;2022-05-28 23:28:16;Waldir Diogo;;;Parque Sao Jose;;Colisão;;Não informado;;Meio De Quadra Sem Numero;;;0;1;0;0;2;0;0;0;0;0;0;0;0;(-38.5882033 -3.8017871);
;2022-05-28 22:40:46;Rua Tiburcio Cavalcante;Canuto De Aguiar;;Meireles;;Queda;;Não informado;;Cruzamento;;;0;1;0;0;0;0;0;0;0;1;0;0;0;(-38.500366 -3.729017499999999);
;2022-05-28 21:57:45;Rua 1058 -  Conj.;;;Conjunto Ceara;;Colisão;;Não informado;;Meio De Quadra;;;0;1;0;1;1;0;0;0;0;0;0;0;0;(-38.612497 -3.7661373);
;2022-05-28 21:17:00;Sargento Herminio;;;Padre Andrade;;Atropelamento;;Não informado;;Meio De Quadra;;;0;1;0;0;1;0;0;0;0;0;0;0;0;(-38.5802991 -3.7317732);
;2022-05-28 20:53:42;Almirante Henrique Saboia -;Rua General Tertuliano Potiguara;;Coco;;Choque c/ Obstáculo Fixo;;Não informado;;Cruzamento;;;0;1;0;0;1;0;0;0;0;0;0;0;0;(-38.4911684 -3.7461589);
;2022-05-28 20:03:42;Osvaldo Cruz;;;Meireles;;Colisão;;Não informado;;Meio De Quadra;;;0;1;0;0;2;0;0;0;0;0;0;0;0;(-38.5000413 -3.734308899999999);
;2022-05-28 19:33:56;Alberto Craveiro;;;Boa Vista;;Colisão;;Não informado;;Meio De Quadra Sem Numero;;;0;1;0;1;1;0;0;0;0;0;0;0;0;(-38.5200995 -3.8012212);
;2022-05-28 17:58:05;41;;;Prefeito Jose Walter;;Colisão;;Não informado;;Meio De Quadra;;;0;1;0;1;1;0;0;0;0;0;0;0;0;(0 0);
;2022-05-28 15:37:08;Jose Torres;Rua Jose Abilio;;Granja Portugal;;Colisão;;Não informado;;Cruzamento;;;0;1;0;0;2;0;0;0;0;0;0;0;0;(-38.6076692 -3.7813107);
;2022-05-28 15:35:01;Frei Cirilo Na Rotatoria  Na Alça Do Viadulto -;;;Messejana;;Colisão;;Não informado;;Meio De Quadra Sem Numero;;;0;1;0;0;2;0;0;0;0;0;0;0;0;(-38.4979833 -3.8161503);
;2022-05-28 15:32:57;Armando Oliveira;Rua Azevedo Bolão;;Parquelandia;;Colisão;;Não informado;;Cruzamento;;;0;1;0;1;1;0;0;0;0;0;0;0;0;(-38.5674864 -3.7386522);
;2022-05-28 14:39:32;Duque De Caxias;;;Centro;;Atropelamento;;Não informado;;Meio De Quadra;;;0;1;0;0;1;0;0;0;0;0;0;0;0;(-38.5281385 -3.7326497);
;2022-05-28 14:28:38;Monsenhor Liberato;;;Fatima;;Colisão;;Não informado;;Meio De Quadra;;;0;1;0;0;2;0;0;0;0;0;0;0;0;(-38.5315857 -3.7499884);
;2022-05-28 14:12:29;Jovita Feitosa;;;Parquelandia;;Queda;;Não informado;;Meio De Quadra;;;0;1;0;1;0;0;0;0;0;0;0;0;0;(-38.55286 -3.7389043);
;2022-05-28 14:05:17;Rua General Sampaio -;Sao Paulo;;Centro;;Atropelamento;;Não informado;;Cruzamento;;;0;1;0;0;0;0;0;0;0;0;1;0;0;(-38.5302837 -3.7251517);
;2022-05-28 13:38:16;Rua Paulo Firmeza;Rua Jose Justa;;Sao Joao Do Tauape;;Colisão;;Não informado;;Cruzamento;;;0;1;0;1;1;0;0;0;0;0;0;0;0;(-38.5088241 -3.7567869);
;2022-05-28 12:46:41;Avenida Sargento Herminio Sampaio;;;Antonio Bezerra;;Colisão;;Não informado;;Meio De Quadra;;;0;2;0;1;1;0;0;0;0;0;0;0;0;(-38.5806272 -3.7322001);
;2022-05-28 12:23:47;Rua Adolfo Caminha;;;Centro;;Colisão;;Não informado;;Meio De Quadra;;;0;1;0;1;1;0;0;0;0;0;0;0;0;(-38.5259673 -3.7209584);
;2022-05-28 11:06:05;Rua Conego Lima Sucupira;Rua D;;Parangaba;;Colisão;;Não informado;;Cruzamento;;;0;1;0;1;1;0;0;0;0;0;0;0;0;(-38.5574255 -3.7760961);
;2022-05-28 11:03:55;Avenida Governador Raul Barbosa;Av. Alberto Craveiro;;Aerolandia;;Colisão;;Não informado;;Cruzamento;;;0;1;0;1;1;0;0;0;0;0;0;0;0;(-38.5136475 -3.7785011);
;2022-05-28 10:25:59;Avenida Otavio Paranhos;Avenida Major Assis;;Alvaro Weyne;;Colisão;;Não informado;;Cruzamento;;;0;2;0;1;1;0;0;0;0;0;0;0;0;(-38.5935382 -3.722315);
;2022-05-28 09:44:08;BR 116;;;Aerolandia;;ACIDENTE ONIBUS (TRANSPORTE COLETIVO);;Não informado;;Meio De Quadra;;;0;1;0;0;0;0;0;1;0;0;0;0;0;(0 0);
;2022-05-28 09:01:12;Presidente Costa E Silva;;;Prefeito Jose Walter;;Colisão;;Não informado;;Meio De Quadra;;;0;1;0;0;2;0;0;0;0;0;0;0;0;(-38.5386642 -3.8261001);
;2022-05-28 04:49:51;Francisco Sá;;;Jacarecanga;;Colisão;;Não informado;;Meio De Quadra;;;0;1;0;0;2;0;0;0;0;0;0;0;0;(-38.5437577 -3.7218052);