COD_ACIDENTE;DATA;LOG1;LOG2;NUMERO;BAIRRO;AMC;NATUREZA;ILUMINACAO;TEMPO;SUPERFICIEPISTA;TIPOCRUZAMENTO;CONTROLETRAFEGO;USOSOLO;MORTOS;FERIDOS;ILESOS;MOTOCICLETA;AUTOMOVEL;MICROONIBUS;CAMINHAO;ONIBUS;CICLOMOTOR;BICICLETA;OUTROS;TREM;TRACAOANIMAL;COORDENADAS
;2022-05-28 01:46:05;Jose Dantas Pereira;;;Canindezinho;;Queda;;Não informado;;Meio De Quadra Sem Numero;;;0;1;0;1;0;0;0;0;0;0;0;0;0;(-38.607706 -3.8224972);
;2022-05-28 01:42:44;Carapinima;;;Benfica;;Atropelamento;;Não informado;;Meio De Quadra;;;0;1;0;0;1;0;0;0;0;0;0;0;0;(-38.5380077 -3.737485);
;2022-05-28 01:22:55;Rua Barao Do Rio Branco 1816 Centro;;;Centro;;Atropelamento;;Não informado;;Meio De Quadra;;;0;1;0;0;0;0;0;0;0;0;1;0;0;(-38.5314298 -3.7342386);
;2022-05-27 23:20:11;B  Loteamento Parque Aracape;;;Mondubim;;Queda;;Não informado;;Meio De Quadra;;;0;1;0;1;0;0;0;0;0;0;0;0;0;(-38.555901 -3.8182807);
;2022-05-27 22:40:41;Ministro Jose Americo;;;Cambeba;;Queda;;Não informado;;Meio De Quadra;;;0;1;0;1;0;0;0;0;0;0;0;0;0;(-38.4945095 -3.8104312);
;2022-05-27 22:32:55;Avenida Jose Saboia;;;Cais Do Porto;;Atropelamento;;Não informado;;Meio De Quadra Sem Numero;;;0;1;0;0;0;0;0;0;0;0;1;0;0;(-38.4687554 -3.7162888);
;2022-05-27 22:30:42;Rua Pastor Samuel Munguba;;;Rodolfo Teofilo;;Colisão;;Não informado;;Meio De Quadra;;;0;1;0;0;2;0;0;0;0;0;0;0;0;(-38.5469113 -3.7447652);
;2022-05-27 22:18:49;Francisco Sa;;;Cristo Redentor;;Colisão;;Não informado;;Meio De Quadra Sem Numero;;;0;1;0;1;1;0;0;0;0;0;0;0;0;(-38.5702599 -3.7130039);
;2022-05-27 21:30:25;Avenida Governador Raul Barbosa;;;Sao Joao Do Tauape;;Colisão;;Não informado;;Meio De Quadra;;;0;1;0;0;2;0;0;0;0;0;0;0;0;(-38.5048242 -3.7591906);
;2022-05-27 21:24:32;Rua Araripe Prata;;;Parangaba;;Atropelamento;;Não informado;;Meio De Quadra;;;0;1;0;0;1;0;0;0;0;0;0;0;0;(-38.5699236 -3.774191499999999);
;2022-05-27 20:55:10;Avenida Edilson Brasil Soares -;;;Parque Manibura;;Colisão;;Não informado;;Meio De Quadra;;;0;1;0;1;1;0;0;0;0;0;0;0;0;(-38.4837398 -3.7899536);
;2022-05-27 20:54:06;Rua Teodorio De Paiva;Av; Norte;;Engenheiro Luciano Cavalcante;;Colisão;;Não informado;;Cruzamento;;;0;1;0;0;2;0;0;0;0;0;0;0;0;(-38.4965078 -3.7762033);
;2022-05-27 19:48:22;Rua Jose Torres;;;Granja Portugal;;Colisão;;Não informado;;Meio De Quadra;;;0;1;0;1;1;0;0;0;0;0;0;0;0;(-38.6078194 -3.7814265);
;2022-05-27 19:36:17;Rua Paulo Setubal;;;Messejana;;Colisão;;Não informado;;Meio De Quadra;;;0;1;0;2;0;0;0;0;0;0;0;0;0;(-38.5017246 -3.8217599);
;2022-05-27 19:30:24;Avenida Oscar Araripe;;;Bom Jardim;;Colisão;;Não informado;;Meio De Quadra;;;0;1;0;2;0;0;0;0;0;0;0;0;0;(-38.6054314 -3.7893729);
;2022-05-27 18:44:56;Avenida Vicente De Castro;;;Cais Do Porto;;Colisão;;Não informado;;Meio De Quadra Sem Numero;;;0;1;0;0;2;0;0;0;0;0;0;0;0;(-38.4730252 -3.7132388);
;2022-05-27 18:18:01;Rua Emilio De Meneses;;;Granja Portugal;;Colisão;;Não informado;;Meio De Quadra;;;0;1;0;1;1;0;0;0;0;0;0;0;0;(-38.604182 -3.777135);
;2022-05-27 16:44:23;Raimundo Arruda - Gustavo Sampaio;;;Parquelandia;;Colisão;;Não informado;;Meio De Quadra Sem Numero;;;0;1;0;1;1;0;0;0;0;0;0;0;0;(-38.5519251 -3.7343067);
;2022-05-27 16:13:47;Alvaro De Alencar;;;Carlito Pamplona;;Atropelamento;;Não informado;;Meio De Quadra;;;0;1;0;1;0;0;0;0;0;0;0;0;0;(-38.5574134 -3.7129818);
;2022-05-27 16:04:48;Rua Maria Quintino;;;Parque Santa Maria;;Atropelamento;;Não informado;;Meio De Quadra;;;0;1;0;0;0;0;0;1;0;0;0;0;0;(-38.501181 -3.858209);
;2022-05-27 15:27:04;Anselmo Nogueira;Rua Carlos Chagas;;Bonsucesso;;Colisão;;Não informado;;Cruzamento;;;0;1;0;0;2;0;0;0;0;0;0;0;0;(-38.5867717 -3.77969);
;2022-05-27 15:25:45;Jardim  Fluminense;;;Canindezinho;;Colisão;;Não informado;;Meio De Quadra Sem Numero;;;0;1;0;0;2;0;0;0;0;0;0;0;0;(-38.6024728 -3.816824899999999);
;2022-05-27 14:47:34;Alberto Sa;;;Papicu;;Queda;;Não informado;;Meio De Quadra Sem Numero;;;0;1;0;0;0;0;0;0;0;1;0;0;0;(-38.4769619 -3.7342568);
;2022-05-27 13:52:12;Doutor Valmir Pontes;;;Edson Queiroz;;Colisão;;Não informado;;Meio De Quadra Sem Numero;;;0;1;0;1;1;0;0;0;0;0;0;0;0;(-38.4776052 -3.7710502);
;2022-05-27 13:31:03;Avenida General Osorio De Paiva -;;;Vila Peri;;Colisão;;Não informado;;Meio De Quadra;;;0;1;0;2;0;0;0;0;0;0;0;0;0;(-38.57915089999999 -3.7831679);
;2022-05-27 13:20:11;Avenida Alberto Craveiro;;;Dias Macedo;;Colisão;;Não informado;;Meio De Quadra;;;0;1;0;1;1;0;0;0;0;0;0;0;0;(-38.516544 -3.7819418);
;2022-05-27 12:19:23;Governador Leonel Brizola;;;Jangurussu;;Atropelamento;;Não informado;;Meio De Quadra;;;0;1;0;1;0;0;0;0;0;0;0;0;0;(-38.5219185 -3.8316344);
;2022-05-27 12:16:41;Rua Jaime Benevolo -;;;Centro;;Atropelamento;;Não informado;;Meio De Quadra Sem Numero;;;0;1;0;0;1;0;0;0;0;0;0;0;0;(-38.5263603 -3.7350302);
;2022-05-27 12:00:00;Presidente  Costa  E  Silva;;;Messejana;;Colisão;;Não informado;;Meio De Quadra Sem Numero;;;0;1;0;2;0;0;0;0;0;0;0;0;0;(-38.5327035 -3.8281536);
;2022-05-27 11:55:00;Avenida Frei Cirilo;Inacio Vasconcelos;;Messejana;;Colisão;;Não informado;;Cruzamento;;;0;1;0;1;1;0;0;0;0;0;0;0;0;(-38.4988883 -3.813867999999999);
;2022-05-27 11:17:14;Canuto De Aguiar;;;Meireles;;Colisão;;Não informado;;Meio De Quadra;;;0;1;0;1;1;0;0;0;0;0;0;0;0;(-38.4924263 -3.7316788);
;2022-05-27 11:09:38;Presidente Costa E Silva;;;Prefeito Jose Walter;;Colisão;;Não informado;;Meio De Quadra Sem Numero;;;0;1;0;2;0;0;0;0;0;0;0;0;0;(-38.5443558 -3.8244455);
;2022-05-27 11:07:41;Raul Barbosa;;;Aerolandia;;Colisão;;Não informado;;Meio De Quadra;;;0;2;0;1;1;0;0;0;0;0;0;0;0;(-38.5103121 -3.7688967);
;2022-05-27 11:02:08;Senador Carlos Jereissati;;;Serrinha;;Colisão;;Não informado;;Meio De Quadra Sem Numero;;;0;2;0;2;0;0;0;0;0;0;0;0;0;(-38.5416215 -3.7803066);
;2022-05-27 11:00:07;Monsenhor Otavio De Castro;Coronel Solon;;Fatima;;Colisão;;Não informado;;Cruzamento;;;0;1;0;2;0;0;0;0;0;0;0;0;0;(-38.5277002 -3.7430695);
;2022-05-27 10:53:36;Heribaldo Costa;;;Henrique Jorge;;Colisão;;Não informado;;Meio De Quadra;;;0;1;0;0;2;0;0;0;0;0;0;0;0;(0 0);
;2022-05-27 04:12:07;Rua Oscar Franca;Av. Osorio De Paiva;;Bom Jardim;;Colisão;;Não informado;;Cruzamento;;;0;1;0;2;0;0;0;0;0;0;0;0;0;(-38.5921257 -3.7944034);
;2022-05-27 03:57:11;Pedro Pereira Px. Ao Lado Da Fametro;;;Centro;;Queda;;Não informado;;Meio De Quadra;;;0;2;0;1;0;0;0;0;0;0;0;0;0;(-38.540359 -3.7253741);
;2022-05-27 00:31:50;Raimundo Bizarria- Floresta;;;Padre Andrade;;Colisão;;Não informado;;Meio De Quadra;;;0;1;0;1;1;0;0;0;0;0;0;0;0;(-38.5804407 -3.7288834);
;2022-05-26 23:33:47;Rua Jose Euclides Ferreira Gomes;;;Curio;;Queda;;Não informado;;Meio De Quadra;;;0;1;0;1;0;0;0;0;0;0;0;0;0;(0 0);
;2022-05-26 21:50:30;Terminal De Parangaba - Plataforma Vlt;;;Parangaba;;Atropelamento;;Não informado;;Meio De Quadra Sem Numero;;;0;1;0;0;1;0;0;0;0;0;0;0;0;(-38.5630536 -3.7763133);
;2022-05-26 21:01:08;Barao  Do  Crato;;;Vila Ellery;;Colisão;;Não informado;;Meio De Quadra;;;0;1;0;1;1;0;0;0;0;0;0;0;0;(-38.5626361 -3.721927);
;2022-05-26 20:54:47;Sublime Esq. Rua Da Tranquilidade;;;Siqueira;;Colisão;;Não informado;;Meio De Quadra Sem Numero;;;0;1;0;1;1;0;0;0;0;0;0;0;0;(-38.6193438 -3.8029211);
;2022-05-26 20:37:02;Contorno Sul;;;Jangurussu;;Atropelamento;;Não informado;;Meio De Quadra Sem Numero;;;0;1;0;0;1;0;0;0;0;0;0;0;0;(-38.5199088 -3.8377883);
;2022-05-26 19:40:54;Barra Vermelha;;;Bom Jardim;;Colisão;;Não informado;;Meio De Quadra;;;0;2;0;0;1;0;0;1;0;0;0;0;0;(-38.6123482 -3.7787028);
;2022-05-26 18:28:39;Pedro Dantas;;;Dias Macedo;;Colisão;;Não informado;;Meio De Quadra;;;0;1;0;1;1;0;0;0;0;0;0;0;0;(-38.5191016 -3.7862947);
;2022-05-26 18:15:34;Rua Gustavo Sampaio;Lino Encarnaçao;;Parquelandia;;Colisão;;Não informado;;Cruzamento;;;0;1;0;1;1;0;0;0;0;0;0;0;0;(-38.5616592 -3.7363329);
;2022-05-26 14:18:45;Raimundo Pinheiro;;;Bom Jardim;;Colisão;;Não informado;;Meio De Quadra;;;0;2;0;1;1;0;0;0;0;0;0;0;0;(-38.5981858 -3.7922861);
;2022-05-26 14:00:03;Nereu Ramos;;;Maraponga;;Colisão;;Não informado;;Meio De Quadra;;;0;1;0;0;1;0;0;0;0;1;0;0;0;(0 0);
;2022-05-26 13:58:08;Pedestre  V > Párque Santa Maria 716;;;Ancuri;;Queda;;Não informado;;Meio De Quadra;;;0;1;0;0;0;0;0;0;0;1;0;0;0;(-38.6048674 -3.816594);
;2022-05-26 10:13:24;Marcelino Lopes;;;Sapiranga;;Atropelamento;;Não informado;;Meio De Quadra;;;0;1;0;0;1;0;0;0;0;0;0;0;0;(-38.47915980000001 -3.7931877);
;2022-05-26 07:06:18;D;;;Prefeito Jose Walter;;Queda;;Não informado;;Meio De Quadra;;;0;1;0;1;0;0;0;0;0;0;0;0;0;(0 0);
;2022-05-25 23:45:18;Joao Brigido;;;Joaquim Tavora;;Colisão;;Não informado;;Meio De Quadra;;;0;1;0;1;1;0;0;0;0;0;0;0;0;(-38.5134281 -3.7412988);
;2022-05-25 22:08:17;Avenida Sargento Herminioo;;;Presidente Kennedy;;Colisão;;Não informado;;Meio De Quadra;;;0;1;0;1;1;0;0;0;0;0;0;0;0;(-38.5648158 -3.727035699999999);
;2022-05-25 22:06:06;Osorio De Paiva;;;Siqueira;;Colisão;;Não informado;;Meio De Quadra Sem Numero;;;0;1;0;2;0;0;0;0;0;0;0;0;0;(-38.6103328 -3.8133833);
;2022-05-25 20:31:52;Rua Porto Velho;;;Joao Xxiii;;Colisão;;Não informado;;Meio De Quadra;;;0;2;0;1;1;0;0;0;0;0;0;0;0;(0 0);
;2022-05-25 20:20:17;Padre Ibiapina;;;Jacarecanga;;Colisão;;Não informado;;Meio De Quadra;;;0;2;0;1;1;0;0;0;0;0;0;0;0;(-38.5401209 -3.7273985);
;2022-05-25 16:11:21;Presidente Castelo Branco;;;Moura Brasil;;Queda;;Não informado;;Meio De Quadra;;;0;1;0;1;0;0;0;0;0;0;0;0;0;(-38.5371665 -3.717528599999999);
;2022-05-25 15:05:15;Luciano Carneiro;;;Vila Uniao;;Colisão;;Não informado;;Meio De Quadra;;;0;1;0;1;1;0;0;0;0;0;0;0;0;(-38.5349814 -3.7600304);
;2022-05-25 14:53:49;Osorio De Paiva;;;Vila Peri;;Colisão;;Não informado;;Meio De Quadra;;;0;1;0;1;1;0;0;0;0;0;0;0;0;(-38.58066820000001 -3.7849295);
;2022-05-25 14:50:04;Aguanambi;;;Fatima;;Queda;;Não informado;;Meio De Quadra Sem Numero;;;0;1;0;1;0;0;0;0;0;0;0;0;0;(-38.5236413 -3.7512287);
;2022-05-25 14:46:15;Silvia Jatahy;;;Meireles;;Colisão;;Não informado;;Meio De Quadra;;;0;1;0;1;1;0;0;0;0;0;0;0;0;(-38.496466 -3.728298);
;2022-05-25 14:26:23;Mister Hull;;;Antonio Bezerra;;Colisão;;Não informado;;Meio De Quadra Sem Numero;;;0;1;0;1;1;0;0;0;0;0;0;0;0;(-38.5918137 -3.7395231);
;2022-05-25 13:33:37;Oliveira Paiva;;;Cidade Dos Funcionarios;;Colisão;;Não informado;;Meio De Quadra Sem Numero;;;0;1;0;1;1;0;0;0;0;0;0;0;0;(-38.49671 -3.7957203);
;2022-05-25 12:18:27;Aboliçao;Rua Julio Ibiapina;;Meireles;;Colisão;;Não informado;;Cruzamento;;;0;1;0;1;1;0;0;0;0;0;0;0;0;(-38.4913127 -3.7266417);
;2022-05-25 10:53:15;Edilson Brasil  Soares;Rua Solon Farias;;Sapiranga;;Colisão;;Não informado;;Cruzamento;;;0;1;0;1;1;0;0;0;0;0;0;0;0;(-38.4771335 -3.789191);
;2022-05-25 10:39:34;BR 116 KM 8;;;Messejana;;Colisão;;Não informado;;Meio De Quadra;;;0;1;0;1;1;0;0;0;0;0;0;0;0;(0 0);
;2022-05-25 09:48:19;Padre Pedro De Alencar;;;Messejana;;Colisão;;Não informado;;Meio De Quadra;;;0;1;0;1;1;0;0;0;0;0;0;0;0;(-38.4941241 -3.8421142);
;2022-05-25 03:43:43;Av Dom Manuel;;;Fatima;;Colisão;;Não informado;;Meio De Quadra;;;0;1;0;1;0;0;1;0;0;0;0;0;0;(0 0);
;2022-05-25 03:33:48;Av.Duque De Caxias;A Rocha Lima;;Centro;;Colisão;;Não informado;;Cruzamento;;;0;2;0;1;0;0;1;0;0;0;0;0;0;(-38.5332576 -3.7307412);
;2022-05-25 00:30:48;Leste Oeste;;;Moura Brasil;;Queda;;Não informado;;Meio De Quadra Sem Numero;;;0;1;0;1;0;0;0;0;0;0;0;0;0;(-38.5344252 -3.718373);
;2022-05-24 23:42:03;Avenida Dioguinho;;;Vicente Pinzon;;Colisão;;Não informado;;Meio De Quadra;;;0;1;0;1;1;0;0;0;0;0;0;0;0;(-38.4399753 -3.7684107);
;2022-05-24 23:33:40;Av. Leste Oeste;;;Pirambu;;Colisão;;Não informado;;Meio De Quadra Sem Numero;;;0;1;0;1;1;0;0;0;0;0;0;0;0;(-38.5533245 -3.7123711);
;2022-05-24 23:01:01;Av .Silas Munguba;;;Passare;;Colisão;;Não informado;;Meio De Quadra;;;0;1;0;1;1;0;0;0;0;0;0;0;0;(-38.5320568 -3.7954593);
;2022-05-24 21:38:24;Rua Conego De Castro;;;Vila Peri;;Colisão;;Não informado;;Meio De Quadra;;;0;1;0;1;1;0;0;0;0;0;0;0;0;(-38.5807046 -3.7926224);
;2022-05-24 21:00:46;BR 116;Quilometro - 9;;Messejana;;Colisão;;Não informado;;Cruzamento;;;0;1;0;1;0;0;0;0;0;0;0;0;0;(0 0);
;2022-05-24 20:18:31;Av.Silas Munguba;A Rotatoria Do Castelao;;Passare;;Queda;;Não informado;;Cruzamento;;;0;1;0;1;0;0;0;0;0;0;0;0;0;(-38.5297827 -3.8016075);
;2022-05-24 19:40:43;Rua Doutor Justa Araujo;;;Serrinha;;Atropelamento;;Não informado;;Meio De Quadra;;;0;1;0;1;0;0;0;0;0;0;0;0;0;(-38.5508908 -3.777792);
;2022-05-24 15:10:39;Alvaro Martins;;;Damas;;Colisão;;Não informado;;Meio De Quadra;;;0;1;0;0;2;0;0;0;0;0;0;0;0;(-38.5427118 -3.7484246);
;2022-05-24 14:29:35;Heribaldo Costa;Rua Porto Alegre;;Henrique Jorge;;Colisão;;Não informado;;Cruzamento;;;0;2;0;2;0;0;0;0;0;0;0;0;0;(-38.58540259999999 -3.7630185);
;2022-05-24 10:55:57;Sao Felipe;;;Canindezinho;;Colisão;;Não informado;;Meio De Quadra;;;0;1;0;0;2;0;0;0;0;0;0;0;0;(-38.597418 -3.802192);
;2022-05-24 10:30:05;Rua Birmania;Rua Q;;Sao Bento;;Colisão;;Não informado;;Cruzamento;;;0;2;0;1;1;0;0;0;0;0;0;0;0;(-38.4766531 -3.8550744);
;2022-05-24 08:28:00;Benjamim Brasil;;;Itaperi;;Queda;;Não informado;;Meio De Quadra;;;0;1;0;1;0;0;0;0;0;0;0;0;0;(0 0);
;2022-05-24 00:56:53;Av.  Raul Barbosa;;;Aerolandia;;Queda;;Não informado;;Meio De Quadra;;;0;1;0;0;0;0;0;0;0;1;0;0;0;(-38.5104975 -3.7694412);
;2022-05-23 22:39:03;Conselheiro Lafaiete;;;Alvaro Weyne;;Colisão;;Não informado;;Meio De Quadra;;;0;1;0;2;0;0;0;0;0;0;0;0;0;(-38.5780304 -3.7183797);
;2022-05-23 21:59:26;Capitao Vasconcelos -;Av. Do Canal;;Aerolandia;;Colisão;;Não informado;;Cruzamento;;;0;1;0;1;1;0;0;0;0;0;0;0;0;(-38.5162941 -3.7698686);
;2022-05-23 21:55:47;Avenida Jose Bastos;;;Couto Fernandes;;Queda;;Não informado;;Meio De Quadra;;;0;1;0;1;0;0;0;0;0;0;0;0;0;(-38.5574372 -3.7566021);
;2022-05-23 21:37:33;Rua Barao Do Crato;;;Vila Ellery;;Queda;;Não informado;;Meio De Quadra;;;0;1;0;0;0;0;0;0;0;1;0;0;0;(-38.5600585 -3.7212855);
;2022-05-23 20:54:42;Senador  Virgilio  Tavora;;;Meireles;;Queda;;Não informado;;Meio De Quadra;;;0;1;0;1;0;0;0;0;0;0;0;0;0;(0 0);
;2022-05-23 17:40:41;Alberto Magno;Rua  Ana  Neri;;Montese;;Colisão;;Não informado;;Cruzamento;;;0;2;0;2;0;0;0;0;0;0;0;0;0;(-38.5410669 -3.7547101);
;2022-05-23 17:32:25;Jose Jatahy;Av. Francisco Sa;;Jacarecanga;;Colisão;;Não informado;;Cruzamento;;;0;1;0;0;2;0;0;0;0;0;0;0;0;(-38.5467873 -3.720876);
;2022-05-23 17:19:22;H;;;Conjunto Ceara;;Colisão;;Não informado;;Meio De Quadra;;;0;1;0;1;1;0;0;0;0;0;0;0;0;(-38.6126454 -3.7759822);
;2022-05-23 16:40:21;Sargento Herminio;Rua Eretide Martins;;Monte Castelo;;Colisão;;Não informado;;Cruzamento;;;0;1;0;1;1;0;0;0;0;0;0;0;0;(-38.5604807 -3.7263496);
;2022-05-23 15:39:31;Da  Abolição;;;Meireles;;Queda;;Não informado;;Meio De Quadra Sem Numero;;;0;1;0;1;0;0;0;0;0;0;0;0;0;(-38.496152 -3.7270653);
;2022-05-23 13:40:12;24 De Maio Esq Meton De Alencar;;;Centro;;Colisão;;Não informado;;Meio De Quadra Sem Numero;;;0;1;0;1;1;0;0;0;0;0;0;0;0;(-38.5324379 -3.7331199);
;2022-05-23 13:30:01;Rua Domingos Jaguaribe;;;Vila Uniao;;Colisão;;Não informado;;Meio De Quadra;;;0;1;0;0;2;0;0;0;0;0;0;0;0;(0 0);
;2022-05-23 12:13:54;Jornalista Tomaz Coelho;;;Jangurussu;;Queda;;Não informado;;Meio De Quadra;;;0;1;0;1;0;0;0;0;0;0;0;0;0;(-38.5181755 -3.8285621);
;2022-05-23 11:51:52;Washinton Soares;;;Cambeba;;Colisão;;Não informado;;Meio De Quadra Sem Numero;;;0;2;0;0;2;0;0;0;0;0;0;0;0;(-38.4790722 -3.8070071);
;2022-05-23 10:47:08;Mister Hull;;;Antonio Bezerra;;Atropelamento;;Não informado;;Meio De Quadra Sem Numero;;;0;1;0;1;0;0;0;0;0;0;0;0;0;(-38.5918137 -3.7395231);
;2022-05-23 01:58:49;Av. Borges De Melo;;;Não informado;;Queda;;Não informado;;Meio De Quadra;;;0;1;0;1;0;0;0;0;0;0;0;0;0;(-38.5328168 -3.7579237);
;2022-05-23 01:53:14;Joao Cordeiro 1265;Av. Santos Dumont;;Aldeota;;Queda;;Não informado;;Cruzamento;;;0;1;0;1;0;0;0;0;0;0;0;0;0;(-38.5147379 -3.7310104);
;2022-05-23 01:06:26;Candido Juca;;;Rodolfo Teofilo;;Queda;;Não informado;;Meio De Quadra;;;0;1;0;0;0;0;0;0;0;1;0;0;0;(-38.5484293 -3.7398637);
;2022-05-23 01:04:40;Sao Francisco;;;Bom Jardim;;Colisão;;Não informado;;Meio De Quadra;;;0;1;0;1;1;0;0;0;0;0;0;0;0;(-38.6046228 -3.7973512);
;2022-05-23 00:57:43;Luis Vieira;;;Mondubim;;Colisão;;Não informado;;Meio De Quadra;;;0;1;0;1;1;0;0;0;0;0;0;0;0;(0 0);
;2022-05-23 00:41:56;Osorio De Paiva;;;Canindezinho;;Colisão;;Não informado;;Meio De Quadra;;;0;2;0;1;1;0;0;0;0;0;0;0;0;(-38.6049921 -3.808019);
;2022-05-23 00:11:02;Gomes De Mato;;;Montese;;Queda;;Não informado;;Meio De Quadra;;;0;1;0;1;0;0;0;0;0;0;0;0;0;(-38.5501113 -3.7659265);
;2022-05-22 23:48:45;Abolição - Sentindo Centro;;;Mucuripe;;Atropelamento;;Não informado;;Meio De Quadra;;;0;1;0;0;1;0;0;0;0;0;0;0;0;(-38.4838843 -3.7251901);
;2022-05-22 23:30:04;Jornalista Tomas Coelho;;;Barroso;;Colisão;;Não informado;;Meio De Quadra;;;0;1;0;1;1;0;0;0;0;0;0;0;0;(-38.52099219999999 -3.8284803);
;2022-05-22 23:15:42;Avenida Coronel Carvalho;;;Barra Do Ceara;;Queda;;Não informado;;Meio De Quadra;;;0;1;0;1;0;0;0;0;0;0;0;0;0;(-38.5918548 -3.7028988);
;2022-05-22 22:21:17;Benjamim Brasil;;;Maraponga;;Queda;;Não informado;;Meio De Quadra;;;0;1;0;1;0;0;0;0;0;0;0;0;0;(-38.5652686 -3.8055698);
;2022-05-22 19:31:11;Avenida Treze De Maio -;;;Fatima;;Colisão;;Não informado;;Meio De Quadra Sem Numero;;;0;1;0;2;0;0;0;0;0;0;0;0;0;(-38.5297266 -3.7489328);
;2022-05-22 18:34:23;Rua Ana Bilhar 1491;Castro Monte;;Varjota;;Colisão;;Não informado;;Cruzamento;;;0;1;0;1;1;0;0;0;0;0;0;0;0;(-38.4861748 -3.7314366);
;2022-05-22 18:29:21;Vital Brasil;;;Bonsucesso;;Colisão;;Não informado;;Meio De Quadra;;;0;2;0;1;1;0;0;0;0;0;0;0;0;(-38.5856605 -3.7815959);
;2022-05-22 16:13:54;Rua Teodomiro De Castro;;;Alvaro Weyne;;Atropelamento;;Não informado;;Meio De Quadra;;;0;1;0;0;1;0;0;0;0;0;0;0;0;(-38.57066349999999 -3.7194815);
;2022-05-22 15:32:31;Avenida Joao Pessoa;;;Damas;;Colisão;;Não informado;;Meio De Quadra Sem Numero;;;0;1;0;1;1;0;0;0;0;0;0;0;0;(-38.5494485 -3.7523912);
;2022-05-22 14:22:25;Jose Lourenço;Pereira Filgueras;;Meireles;;Colisão;;Não informado;;Cruzamento;;;0;1;0;0;2;0;0;0;0;0;0;0;0;(-38.5064729 -3.7304415);
;2022-05-22 10:07:29;Sendor  Pompeu;;;Benfica;;Colisão;;Não informado;;Meio De Quadra Sem Numero;;;0;1;0;1;1;0;0;0;0;0;0;0;0;(-38.5330745 -3.7382708);
;2022-05-22 09:15:05;Santos Dumont;;;Centro;;Colisão;;Não informado;;Meio De Quadra;;;0;1;0;1;1;0;0;0;0;0;0;0;0;(-38.515056 -3.7309384);
;2022-05-22 07:26:19;Osorio De Paiva;;;Siqueira;;Colisão;;Não informado;;Meio De Quadra;;;0;1;0;2;0;0;0;0;0;0;0;0;0;(-38.6212007 -3.8240296);
;2022-05-22 05:14:19;Osorio De Paiva;;;Parangaba;;Queda;;Não informado;;Meio De Quadra;;;0;1;0;1;0;0;0;0;0;0;0;0;0;(-38.571673 -3.779614);
;2022-05-22 03:05:30;Avenida Pontes Vieira;;;Sao Joao Do Tauape;;Queda;;Não informado;;Meio De Quadra;;;0;1;0;0;0;0;0;0;0;1;0;0;0;(-38.51868899999999 -3.7534747);
;2022-05-22 02:23:51;A;Av.  Hemilio De Menezes;;Granja Portugal;;Queda;;Não informado;;Cruzamento;;;0;2;0;1;0;0;0;0;0;0;0;0;0;(-38.6001791 -3.7781269);
;2022-05-22 01:50:58;Conego De Castro;;;Vila Peri;;Queda;;Não informado;;Meio De Quadra;;;0;1;0;1;0;0;0;0;0;0;0;0;0;(-38.5799711 -3.7917292);
;2022-05-22 01:17:35;Washington Soares;;;Edson Queiroz;;Queda;;Não informado;;Meio De Quadra;;;0;1;0;1;0;0;0;0;0;0;0;0;0;(-38.4803311 -3.8373073);
;2022-05-22 00:55:42;Perimetral;;;Prefeito Jose Walter;;Queda;;Não informado;;Meio De Quadra Sem Numero;;;0;1;0;1;0;0;0;0;0;0;0;0;0;(-38.5300457 -3.8290547);
;2022-05-22 00:14:25;11.0;;;Parque Dois Irmaos;;Queda;;Não informado;;Meio De Quadra;;;0;1;0;1;0;0;0;0;0;0;0;0;0;(0 0);
;2022-05-21 23:25:38;Rua Doutor Gilberto Studart;;;Coco;;Colisão;;Não informado;;Meio De Quadra;;;0;1;0;0;2;0;0;0;0;0;0;0;0;(-38.4705971 -3.7466918);
;2022-05-21 21:23:28;Avenida Washington Luis;;;Jardim Guanabara;;Atropelamento;;Não informado;;Meio De Quadra;;;0;1;0;0;1;0;0;0;0;0;0;0;0;(-38.5893917 -3.7176483);
;2022-05-21 16:33:51;Rua Farias Lemos;;;Messejana;;Colisão;;Não informado;;Meio De Quadra;;;0;1;0;1;1;0;0;0;0;0;0;0;0;(-38.4931333 -3.8157721);
;2022-05-21 16:30:40;Washington Soares;Sentiido-Eusebio;;Messejana;;Atropelamento;;Não informado;;Cruzamento;;;0;1;0;1;0;0;0;0;0;0;0;0;0;(-38.4822017 -3.828229);
;2022-05-21 16:14:55;Capitao Aragao;;;Aerolandia;;Colisão;;Não informado;;Meio De Quadra;;;0;1;0;0;2;0;0;0;0;0;0;0;0;(-38.5121741 -3.7646078);
;2022-05-21 16:14:30;Avenida Senador Carlos Jereissati;;;Dias Macedo;;Queda;;Não informado;;Meio De Quadra Sem Numero;;;0;1;0;1;0;0;0;0;0;0;0;0;0;(-38.5242645 -3.7832708);
;2022-05-21 15:37:50;Senador Fernandes Tavora;Audisio Pinheiro;;Henrique Jorge;;Queda de moto;;Não informado;;Cruzamento;;;0;2;0;2;0;0;0;0;0;0;0;0;0;(-38.5889133 -3.7586228);
;2022-05-21 15:34:05;Senador  Fernendes  Tavora;;;Henrique Jorge;;Atropelamento;;Não informado;;Meio De Quadra;;;0;1;0;1;0;0;0;0;0;0;0;0;0;(-38.5838666 -3.7610852);