COD_ACIDENTE;DATA;LOG1;LOG2;NUMERO;BAIRRO;AMC;NATUREZA;ILUMINACAO;TEMPO;SUPERFICIEPISTA;TIPOCRUZAMENTO;CONTROLETRAFEGO;USOSOLO;MORTOS;FERIDOS;ILESOS;MOTOCICLETA;AUTOMOVEL;MICROONIBUS;CAMINHAO;ONIBUS;CICLOMOTOR;BICICLETA;OUTROS;TREM;TRACAOANIMAL;COORDENADAS
;2022-05-21 15:33:12;Avenida Alberto Craveiro;;;Dias Macedo;;Queda;;Não informado;;Meio De Quadra Sem Numero;;;0;1;0;1;0;0;0;0;0;0;0;0;0;(-38.5169862 -3.788271);
;2022-05-21 15:04:41;Fernando Farias De Melo;;;Manuel Satiro;;Queda;;Não informado;;Meio De Quadra;;;0;1;0;0;0;0;0;0;0;1;0;0;0;(-38.57804369999999 -3.7913861);
;2022-05-21 13:59:43;Alanis Maria Laurindo De Oliveira;;;Conjunto Ceara;;Colisão;;Não informado;;Meio De Quadra;;;0;1;0;0;2;0;0;0;0;0;0;0;0;(-38.6028796 -3.763748);
;2022-05-21 13:05:00;Senador Fernandes Tavora;;;Autran Nunes;;Colisão;;Não informado;;Meio De Quadra;;;0;1;0;2;0;0;0;0;0;0;0;0;0;(-38.5979911 -3.7554466);
;2022-05-21 11:46:13;Mister  Hull;;;Antonio Bezerra;;Queda;;Não informado;;Meio De Quadra;;;0;1;0;1;0;0;0;0;0;0;0;0;0;(-38.5938006 -3.7395846);
;2022-05-21 11:34:15;Osorio De Paiva;;;Siqueira;;Colisão;;Não informado;;Meio De Quadra;;;0;1;0;2;0;0;0;0;0;0;0;0;0;(-38.5930251 -3.7957448);
;2022-05-21 11:27:17;Rua Barao De Caninde Esq 15 De Novembro;;;Montese;;Colisão;;Não informado;;Meio De Quadra Sem Numero;;;0;1;0;1;1;0;0;0;0;0;0;0;0;(-38.55825 -3.77303);
;2022-05-21 11:22:48;Rua Joao Bosco;;;Parque Araxa;;Queda;;Não informado;;Meio De Quadra;;;0;1;0;1;0;0;0;0;0;0;0;0;0;(-38.547387 -3.73849);
;2022-05-21 09:34:53;Jamaica (Caça E Pesca);;;Antonio Diogo;;Queda;;Não informado;;Meio De Quadra;;;0;1;0;1;0;0;0;0;0;0;0;0;0;(0 0);
;2022-05-21 06:04:37;Av.Visconde Do Rio Brancom;A Duque De Caxias;;Centro;;Colisão;;Não informado;;Cruzamento;;;0;1;0;2;0;0;0;0;0;0;0;0;0;(-38.5245955 -3.7335594);
;2022-05-21 04:09:09;Av. Waldir Diogo;; ;Vila Peri;;Queda de moto;;Não informado;;Meio De Quadra;;;0;1;0;2;0;0;0;0;0;0;0;0;0;(-38.587765 -3.802544599999999);
;2022-05-21 03:18:52;Contorno Sul Cj Alto Alegre;;;Sao Bento;;Queda;;Não informado;;Meio De Quadra;;;0;1;0;1;0;0;0;0;0;0;0;0;0;(-38.4844625 -3.8567077);
;2022-05-21 01:54:33;Antero De Quintal;;;Paupina;;Colisão;;Não informado;;Meio De Quadra;;;0;1;0;1;1;0;0;0;0;0;0;0;0;(-38.4916652 -3.8576511);
;2022-05-21 01:13:18;Joao Areas;;;Manuel Satiro;;Queda;;Não informado;;Meio De Quadra;;;0;1;0;1;0;0;0;0;0;0;0;0;0;(-38.575981 -3.792928);
;2022-05-21 01:11:06;Nossa Senhora Das Graças;;;Pirambu;;Colisão;;Não informado;;Meio De Quadra;;;0;1;0;1;1;0;0;0;0;0;0;0;0;(-38.5501832 -3.7110945);
;2022-05-21 00:20:23;Rua Cristais Paulista;;;Passare;;Queda;;Não informado;;Meio De Quadra;;;0;2;0;1;0;0;0;0;0;0;0;0;0;(-38.5247311 -3.8182417);
;2022-05-20 22:54:24;Bernardo Manuel;;;Itaperi;;Colisão;;Não informado;;Meio De Quadra;;;0;1;0;0;2;0;0;0;0;0;0;0;0;(-38.55411 -3.8080418);
;2022-05-20 22:39:44;Castro Mireles;;;Maraponga;;Colisão;;Não informado;;Meio De Quadra;;;0;1;0;0;2;0;0;0;0;0;0;0;0;(-38.571113 -3.8068066);
;2022-05-20 21:37:42;Avenida Godofredo Maciel;;;Parangaba;;Queda;;Não informado;;Meio De Quadra;;;0;1;0;0;0;0;0;0;0;1;0;0;0;(-38.56530950000001 -3.7806718);
;2022-05-20 20:13:03;D;;;Prefeito Jose Walter;;Queda;;Não informado;;Meio De Quadra Sem Numero;;;0;1;0;1;0;0;0;0;0;0;0;0;0;(0 0);
;2022-05-20 19:33:21;Rua Santa Liduina;;;Manuel Satiro;;Colisão;;Não informado;;Meio De Quadra;;;0;1;0;1;1;0;0;0;0;0;0;0;0;(-38.5853222 -3.7993703);
;2022-05-20 17:55:12;Av Nila Gomes De Soares;;;Cidade 2000;;Colisão;;Não informado;;Meio De Quadra;;;0;1;0;2;0;0;0;0;0;0;0;0;0;(-38.4683254 -3.7524186);
;2022-05-20 16:24:10;Beira Mar;;;Meireles;;Queda;;Não informado;;Meio De Quadra Sem Numero;;;0;1;0;0;0;0;0;0;0;1;0;0;0;(-38.5108322 -3.7203831);
;2022-05-20 12:52:02;Um > Pq Santana;;;Mondubim;;Colisão;;Não informado;;Meio De Quadra;;;0;1;0;1;0;0;0;0;0;0;0;0;0;(-38.5752012 -3.812660299999999);
;2022-05-20 11:30:36;Bernardo Manuel;Perimetral;;Prefeito Jose Walter;;Queda;;Não informado;;Cruzamento;;;0;1;0;1;0;0;0;0;0;0;0;0;0;(-38.5613587 -3.8318327);
;2022-05-20 11:15:43;Siqueira Campos - Jardim Jatoba;;;Siqueira;;Colisão;;Não informado;;Meio De Quadra;;;0;1;0;1;1;0;0;0;0;0;0;0;0;(-38.623803 -3.8171584);
;2022-05-20 11:02:17;Rua Belem;;;Parque Genibau;;Colisão;;Não informado;;Meio De Quadra;;;0;1;0;0;2;0;0;0;0;0;0;0;0;(-38.5946528 -3.7616229);
;2022-05-20 10:44:54;Osorio De Paiva;;;Parangaba;;Queda;;Não informado;;Meio De Quadra;;;0;1;0;0;0;0;0;0;0;1;0;0;0;(-38.5667759 -3.7756132);
;2022-05-20 09:27:36;Senador Fernandes Távora;Américo Barreira;;Parangaba;;Atropelamento;;Não informado;;Cruzamento;;;0;1;0;0;0;0;0;0;0;0;1;0;0;(-38.5704451 -3.7702252);
;2022-05-20 06:59:26;Rosa Cruz;;;Jardim Cearense;;Queda;;Não informado;;Meio De Quadra;;;0;1;0;1;0;0;0;0;0;0;0;0;0;(-38.5657185 -3.7991906);
;2022-05-20 02:02:26;Abolição;;;Meireles;;Colisão;;Não informado;;Meio De Quadra Sem Numero;;;0;1;0;1;1;0;0;0;0;0;0;0;0;(-38.496152 -3.7270653);
;2022-05-20 01:32:27;Juscelino Kubitschek;;;Passare;;Queda;;Não informado;;Meio De Quadra;;;0;1;0;1;0;0;0;0;0;0;0;0;0;(-38.5339248 -3.8206121);
;2022-05-20 01:30:11;Sargento Barbosa;;;Granja Lisboa;;Colisão;;Não informado;;Meio De Quadra;;;0;1;0;1;1;0;0;0;0;0;0;0;0;(-38.6186894 -3.7788599);
;2022-05-20 01:12:50;Desembargador Henrique Saboia;;;Não informado;;Colisão;;Não informado;;Meio De Quadra Sem Numero;;;0;1;0;0;2;0;0;0;0;0;0;0;0;(-38.4891043 -3.7426637);
;2022-05-20 01:04:42;Professor Heribaldo Costa;;;Henrique Jorge;;Colisão;;Não informado;;Meio De Quadra;;;0;1;0;0;2;0;0;0;0;0;0;0;0;(-38.5835693 -3.7591891);
;2022-05-19 22:34:09;Raul Barbosa - Px Atacadão;;;Aerolandia;;Colisão;;Não informado;;Meio De Quadra Sem Numero;;;0;1;0;1;1;0;0;0;0;0;0;0;0;(-38.512539 -3.7729647);
;2022-05-19 18:24:50;Avenida H;Av G;;Conjunto Ceara;;Atropelamento;;Não informado;;Cruzamento;;;0;1;0;1;0;0;0;0;0;0;0;0;0;(-38.610175 -3.775745699999999);
;2022-05-19 12:34:26;Avenida Joao Pessoa;;;Damas;;Colisão;;Não informado;;Meio De Quadra;;;0;2;0;1;1;0;0;0;0;0;0;0;0;(-38.5535265 -3.7566563);
;2022-05-19 11:18:50;Av Vital Brasil;;;Bonsucesso;;Colisão;;Não informado;;Meio De Quadra;;;0;2;0;2;0;0;0;0;0;0;0;0;0;(0 0);
;2022-05-19 11:08:49;Avenida Jovita Feitosa;;;Parquelandia;;Atropelamento;;Não informado;;Meio De Quadra;;;0;1;0;1;0;0;0;0;0;0;0;0;0;(-38.5594909 -3.740579);
;2022-05-19 00:14:10;Para;;;Pan Americano;;Atropelamento;;Não informado;;Meio De Quadra;;;0;1;0;1;0;0;0;0;0;0;0;0;0;(0 0);
;2022-05-18 23:32:27;Osorio De Paiva;;;Canindezinho;;Colisão;;Não informado;;Meio De Quadra;;;0;1;0;0;2;0;0;0;0;0;0;0;0;(-38.6221174 -3.8248944);
;2022-05-18 23:11:47;Bezerra Menezes;;;Sao Gerardo;;Colisão;;Não informado;;Meio De Quadra;;;0;1;0;0;2;0;0;0;0;0;0;0;0;(-38.553756 -3.7337068);
;2022-05-18 21:07:00;Avenida Contorno Sul;;;Messejana;;Queda;;Não informado;;Meio De Quadra;;;0;1;0;1;0;0;0;0;0;0;0;0;0;(-38.516051 -3.8354554);
;2022-05-18 20:13:11;Avenida Dioguinho;Bairro Praia Do Futuro;;Praia Do Futuro;;Colisão;;Não informado;;Cruzamento;;;0;1;0;1;0;0;0;0;0;0;0;0;0;(-38.4536386 -3.7411197);
;2022-05-18 20:07:14;Dos Expedicionarios;;;Fatima;;Colisão;;Não informado;;Meio De Quadra;;;0;1;0;1;1;0;0;0;0;0;0;0;0;(-38.536309 -3.7483971);
;2022-05-18 16:00:34;Via Expressa;;;Vicente Pinzon;;Colisão;;Não informado;;Meio De Quadra;;;0;1;0;1;1;0;0;0;0;0;0;0;0;(0 0);
;2022-05-18 15:48:53;Frei Caneca;;;Não informado;;Colisão;;Não informado;;Meio De Quadra;;;0;1;0;1;1;0;0;0;0;0;0;0;0;(-38.5057079 -3.786318899999999);
;2022-05-18 15:17:17;Sargento Herminio;;;Presidente Kennedy;;Colisão;;Não informado;;Meio De Quadra;;;0;1;0;0;2;0;0;0;0;0;0;0;0;(-38.5550396 -3.7251731);
;2022-05-18 10:51:08;Jose  Bastos;;;Couto Fernandes;;Colisão;;Não informado;;Meio De Quadra;;;0;1;0;0;2;0;0;0;0;0;0;0;0;(-38.5574372 -3.7566021);
;2022-05-18 10:03:47;Treze De Maio;;;Fatima;;Colisão;;Não informado;;Meio De Quadra;;;0;1;0;2;0;0;0;0;0;0;0;0;0;(-38.5298621 -3.7492527);
;2022-05-18 10:00:36;Teodomiro De Castro;;;Alvaro Weyne;;Colisão;;Não informado;;Meio De Quadra;;;0;1;0;1;1;0;0;0;0;0;0;0;0;(-38.5716844 -3.7191845);
;2022-05-18 09:53:31;Holanda;;;Maraponga;;Colisão;;Não informado;;Meio De Quadra;;;0;1;0;1;1;0;0;0;0;0;0;0;0;(0 0);
;2022-05-18 09:09:00;Leste Oeste;;;Barra Do Ceara;;Atropelamento;;Não informado;;Meio De Quadra;;;0;1;0;0;1;0;0;0;0;0;0;0;0;(-38.5839317 -3.7016265);
;2022-05-18 08:47:08;Humberto Monte;Rua Argentina;;Parquelandia;;Queda;;Não informado;;Cruzamento;;;0;1;0;1;0;0;0;0;0;0;0;0;0;(-38.56308569999999 -3.745934);
;2022-05-18 01:00:33;Deputado Paulino Rocha;;;Passare;;Colisão;;Não informado;;Meio De Quadra Sem Numero;;;0;1;0;1;1;0;0;0;0;0;0;0;0;(-38.5195682 -3.8100305);
;2022-05-17 22:17:13;Jose Mendonça;;;Parque Genibau;;Queda;;Não informado;;Meio De Quadra;;;0;1;0;1;0;0;0;0;0;0;0;0;0;(-38.6012182 -3.7518848);
;2022-05-17 22:11:18;A (Cj Ceara);;;Conjunto Ceara;;Queda;;Não informado;;Meio De Quadra;;;0;1;0;1;0;0;0;0;0;0;0;0;0;(-38.61081 -3.76609);
;2022-05-17 22:06:01;Osorio De Paiva;;;Canindezinho;;Colisão;;Não informado;;Meio De Quadra;;;0;1;0;1;1;0;0;0;0;0;0;0;0;(-38.6054771 -3.8079024);
;2022-05-17 21:59:27;Val Paraiso;;;Jangurussu;;Atropelamento;;Não informado;;Meio De Quadra;;;0;1;0;1;0;0;0;0;0;0;0;0;0;(-38.5174778 -3.8466856);
;2022-05-17 21:16:50;Rua Nunes Feijo;;;Jangurussu;;Colisão;;Não informado;;Meio De Quadra;;;0;2;0;2;0;0;0;0;0;0;0;0;0;(-38.5037262 -3.8474986);
;2022-05-17 20:24:49;Tereza Cristina;;;Centro;;Atropelamento;;Não informado;;Meio De Quadra;;;0;1;0;0;1;0;0;0;0;0;0;0;0;(-38.534969 -3.7211553);
;2022-05-17 20:11:28;Jose Jatahy;Av. Francisco Sa;;Jacarecanga;;Colisão;;Não informado;;Cruzamento;;;0;2;0;1;1;0;0;0;0;0;0;0;0;(-38.5467873 -3.720876);
;2022-05-17 18:15:27;Avenida Visconde Do Rio Branco;;;Centro;;Colisão;;Não informado;;Meio De Quadra;;;0;1;0;0;2;0;0;0;0;0;0;0;0;(-38.5226391 -3.7419467);
;2022-05-17 18:05:30;Rua Capitao Vasconcelos;Tenente Wilson;;Aerolandia;;Colisão;;Não informado;;Cruzamento;;;0;1;0;0;2;0;0;0;0;0;0;0;0;(-38.5162941 -3.7698686);
;2022-05-17 17:22:50;Rua Maria Tomazia;;;Aldeota;;Colisão;;Não informado;;Meio De Quadra;;;0;1;0;1;1;0;0;0;0;0;0;0;0;(-38.4921604 -3.7372917);
;2022-05-17 15:06:24;Godofredo Maciel;;;Maraponga;;Colisão;;Não informado;;Meio De Quadra Sem Numero;;;0;1;0;1;1;0;0;0;0;0;0;0;0;(-38.5700693 -3.7966838);
;2022-05-17 14:48:23;Filomeno Gomes;;;Jacarecanga;;Colisão;;Não informado;;Meio De Quadra;;;0;3;0;0;1;0;0;0;0;0;0;0;0;(-38.5416481 -3.719137299999999);
;2022-05-17 14:39:03;Pedro Dantas;Rua Joao Fonseca;;Dias Macedo;;Colisão;;Não informado;;Cruzamento;;;0;1;0;1;1;0;0;0;0;0;0;0;0;(-38.5229133 -3.7857339);
;2022-05-17 13:37:45;Almirante Henrique Saboia;;;Papicu;;Queda;;Não informado;;Meio De Quadra Sem Numero;;;0;1;0;1;0;0;0;0;0;0;0;0;0;(-38.4848306 -3.7362911);
;2022-05-17 13:14:42;Rio Grande Do Sul, Esq;R. Pernambuco; Esq - R. Pernambuco;Democrito Rocha;;Colisão;;Não informado;;Cruzamento;;;0;1;0;2;0;0;0;0;0;0;0;0;0;(-38.5666945 -3.7611916);
;2022-05-17 12:46:33;Rua Carapinima;;;Benfica;;Colisão;;Não informado;;Meio De Quadra;;;0;1;0;1;1;0;0;0;0;0;0;0;0;(-38.5382539 -3.7379482);
;2022-05-17 11:47:36;Joao Pessoa;;;Parangaba;;Colisão;;Não informado;;Meio De Quadra;;;0;1;0;2;0;0;0;0;0;0;0;0;0;(-38.5614852 -3.771575);
;2022-05-17 10:49:03;Engenheiro Santana Junior;;;Coco;;Colisão;;Não informado;;Meio De Quadra Sem Numero;;;0;1;0;1;1;0;0;0;0;0;0;0;0;(-38.4880925 -3.7441454);
;2022-05-17 09:09:32;BR 116;;;Messejana;;Colisão;;Não informado;;Meio De Quadra Sem Numero;;;0;1;0;1;0;0;0;0;0;0;0;0;0;(0 0);
;2022-05-17 02:45:59;Senador Fernandes Tavora;;;Autran Nunes;;Queda de moto;;Não informado;;Meio De Quadra;;;0;1;0;2;0;0;0;0;0;0;0;0;0;(-38.5937402 -3.7561086);
;2022-05-17 01:49:22;Pastor Samuel Manguba;;;Rodolfo Teofilo;;Queda;;Não informado;;Meio De Quadra;;;0;1;0;1;0;0;0;0;0;0;0;0;0;(-38.5489523 -3.7476339);
;2022-05-17 01:39:45;Avenida Mister Hull;;;Alvaro Weyne;;Atropelamento;;Não informado;;Meio De Quadra;;;0;1;0;1;0;0;0;0;0;0;0;0;0;(-38.5780054 -3.7375821);
;2022-05-16 22:41:05;Senador Fernandes Tavora;;;Joquei Clube;;Colisão;;Não informado;;Meio De Quadra;;;0;1;0;2;0;0;0;0;0;0;0;0;0;(-38.5776303 -3.7644138);
;2022-05-16 22:18:38;Coronel Matos Dourado;;;Antonio Bezerra;;Atropelamento;;Não informado;;Meio De Quadra Sem Numero;;;0;1;0;0;1;0;0;0;0;0;0;0;0;(-38.5849011 -3.7445358);
;2022-05-16 21:43:29;Beijamin Brasil;;;Maraponga;;Colisão;;Não informado;;Meio De Quadra;;;0;1;0;1;1;0;0;0;0;0;0;0;0;(-38.5644892 -3.8052979);
;2022-05-16 21:42:12;Imperador;Antonio Pompeu;;Centro;;Colisão;;Não informado;;Cruzamento;;;0;1;0;1;1;0;0;0;0;0;0;0;0;(-38.5362348 -3.7330288);
;2022-05-16 21:41:47;Professor Jose Artur De Carvalho;;;Lagoa Redonda;;Queda;;Não informado;;Meio De Quadra Sem Numero;;;0;1;0;1;0;0;0;0;0;0;0;0;0;(-38.4613241 -3.8250273);
;2022-05-16 21:35:58;Rua Pedro Pereira;;;Centro;;Colisão;;Não informado;;Meio De Quadra;;;0;1;0;0;2;0;0;0;0;0;0;0;0;(-38.5318507 -3.7285787);
;2022-05-16 21:30:37;Avenida Frei Cirilo;;;Messejana;;Colisão;;Não informado;;Meio De Quadra Sem Numero;;;0;1;0;1;1;0;0;0;0;0;0;0;0;(-38.4979833 -3.8161503);
;2022-05-16 20:56:31;Presidente Castelo Branco;;;Pirambu;;Atropelamento;;Não informado;;Meio De Quadra;;;0;2;0;1;0;0;0;0;0;0;0;0;0;(-38.5576801 -3.7112721);
;2022-05-16 20:55:00;Rua Haroldo Torres -;;;Sao Gerardo;;Colisão;;Não informado;;Meio De Quadra;;;0;1;0;1;1;0;0;0;0;0;0;0;0;(-38.5597208 -3.7277411);
;2022-05-16 20:45:26;Rua Bom Jesus;;;Bom Jardim;;Colisão;;Não informado;;Meio De Quadra;;;0;1;0;2;0;0;0;0;0;0;0;0;0;(-38.6111352 -3.7913059);
;2022-05-16 20:12:24;Lineu Machado;;;Joao Xxiii;;Colisão;;Não informado;;Meio De Quadra;;;0;1;0;1;1;0;0;0;0;0;0;0;0;(-38.5799193 -3.7712232);
;2022-05-16 17:58:59;Rua Livino De Carvalho;;;Itaoca;;Colisão;;Não informado;;Meio De Quadra;;;0;1;0;1;1;0;0;0;0;0;0;0;0;(-38.5592554 -3.7708319);
;2022-05-16 17:43:25;Rua Fidelis;;;Messejana;;Colisão;;Não informado;;Meio De Quadra;;;0;1;0;0;1;0;0;0;0;1;0;0;0;(0 0);
;2022-05-16 17:22:44;Gustavo Sampaio;Rua Dom Lino;;Parquelandia;;Colisão;;Não informado;;Cruzamento;;;0;1;0;1;1;0;0;0;0;0;0;0;0;(-38.5572956 -3.7354346);
;2022-05-16 17:21:35;Juscelino Kubitschek;Bairro Castelao;;Castelao;;Atropelamento;;Não informado;;Cruzamento;;;0;1;0;0;1;0;0;0;0;0;0;0;0;(-38.5224331 -3.8072834);
;2022-05-16 17:17:28;Rua Gustavo Sampaio - Pedro De Queiroz;;;Parquelandia;;Colisão;;Não informado;;Meio De Quadra Sem Numero;;;0;2;0;1;1;0;0;0;0;0;0;0;0;(-38.5605856 -3.7360937);
;2022-05-16 15:57:56;Clarindo De Queiroz N°;Av. Imperador N° 1140;;Centro;;Colisão;;Não informado;;Cruzamento;;;0;1;0;1;1;0;0;0;0;0;0;0;0;(-38.5357488 -3.7310995);
;2022-05-16 15:52:10;Mister  Hull;;;Antonio Bezerra;;Colisão;;Não informado;;Meio De Quadra;;;0;1;0;1;1;0;0;0;0;0;0;0;0;(-38.5864088 -3.7385908);
;2022-05-16 15:13:23;Santos Dumont;;;Aldeota;;Colisão;;Não informado;;Meio De Quadra;;;0;1;0;1;1;0;0;0;0;0;0;0;0;(-38.4890976 -3.7394905);
;2022-05-16 14:51:49;Avenida Joao De Araujo Lima;;;Prefeito Jose Walter;;Colisão;;Não informado;;Meio De Quadra;;;0;1;0;0;2;0;0;0;0;0;0;0;0;(-38.5610431 -3.834176599999999);
;2022-05-16 13:11:14;Silas Munguba;;;Serrinha;;Colisão;;Não informado;;Meio De Quadra;;;0;2;0;1;1;0;0;0;0;0;0;0;0;(-38.5517091 -3.7852651);
;2022-05-16 12:30:41;Gomes De Matos;;;Montese;;Colisão;;Não informado;;Meio De Quadra;;;0;1;0;0;1;0;0;0;0;1;0;0;0;(-38.5461317 -3.7614042);
;2022-05-16 10:41:37;Padre  Pedro De Alencar;;;Messejana;;Colisão;;Não informado;;Meio De Quadra;;;0;1;0;1;1;0;0;0;0;0;0;0;0;(-38.494976 -3.848223999999999);
;2022-05-16 10:35:41;Estrada Do Fio;;;Messejana;;Colisão;;Não informado;;Meio De Quadra Sem Numero;;;0;1;0;1;1;0;0;0;0;0;0;0;0;(-38.4416243 -3.8646358);
;2022-05-16 09:50:38;Rui Monte;;;Antonio Bezerra;;Colisão;;Não informado;;Meio De Quadra;;;0;1;0;1;1;0;0;0;0;0;0;0;0;(-38.5871161 -3.74362);
;2022-05-16 09:36:40;Costa Silva;;;Vila Peri;;Colisão;;Não informado;;Meio De Quadra;;;0;1;0;0;2;0;0;0;0;0;0;0;0;(0 0);
;2022-05-16 04:03:02;Dom Luis;;;Meireles;;Colisão;;Não informado;;Meio De Quadra;;;0;1;0;1;1;0;0;0;0;0;0;0;0;(-38.49488849999999 -3.7337976);
;2022-05-16 03:09:39;Padre Pedro De Alencar;;;Messejana;;Colisão;;Não informado;;Meio De Quadra Sem Numero;;;0;1;0;1;1;0;0;0;0;0;0;0;0;(-38.494095 -3.8355645);
;2022-05-16 02:36:45;Filomeno Gomes;;;Moura Brasil;;Queda;;Não informado;;Meio De Quadra;;;0;1;0;0;0;0;0;0;0;1;0;0;0;(-38.5416185 -3.7173785);
;2022-05-16 01:25:43;Governador Raul Barbosa;;;Aerolandia;;Colisão;;Não informado;;Meio De Quadra;;;0;3;0;2;0;0;0;0;0;0;0;0;0;(-38.5132191 -3.7755712);
;2022-05-15 22:52:34;H;;;Conjunto Ceara;;Queda;;Não informado;;Meio De Quadra;;;0;1;0;1;0;0;0;0;0;0;0;0;0;(-38.6136168 -3.776359);
;2022-05-15 22:51:35;Raimundo Nere Px. Igreja Crista Maranata;;;Parque Sao Jose;;Queda;;Não informado;;Meio De Quadra;;;0;1;0;1;0;0;0;0;0;0;0;0;0;(-38.5854995 -3.7966645);
;2022-05-15 22:33:13;Almirante Henrique Saboia;;;Mucuripe;;Colisão;;Não informado;;Meio De Quadra;;;0;1;0;1;1;0;0;0;0;0;0;0;0;(-38.480577 -3.7279082);
;2022-05-15 21:20:34;BR 116 KM 14;;;Paupina;;Queda;;Não informado;;Meio De Quadra Sem Numero;;;0;1;0;1;0;0;0;0;0;0;0;0;0;(0 0);
;2022-05-15 20:05:59;Emilio De Menezes;;;Bonsucesso;;Colisão;;Não informado;;Meio De Quadra;;;0;1;0;1;1;0;0;0;0;0;0;0;0;(-38.5937621 -3.779880299999999);
;2022-05-15 19:18:31;Silas Munguba;;;Serrinha;;Colisão;;Não informado;;Meio De Quadra;;;0;1;0;2;0;0;0;0;0;0;0;0;0;(-38.5541228 -3.7839959);
;2022-05-15 18:06:12;Rua Jose Amaro De Souza;;;Planalto Ayrton Senna;;Colisão;;Não informado;;Meio De Quadra;;;0;2;0;0;2;0;0;0;0;0;0;0;0;(-38.5647213 -3.8271705);
;2022-05-15 14:42:07;Major Assis 555;Alberto Ferreira;;Jardim Iracema;;Queda;;Não informado;;Cruzamento;;;0;1;0;0;0;0;0;0;0;1;0;0;0;(-38.5835398 -3.7241718);
;2022-05-15 14:02:31;Padre Pedro De Alencar;;;Messejana;;Colisão;;Não informado;;Meio De Quadra;;;0;1;0;1;1;0;0;0;0;0;0;0;0;(-38.4942424 -3.8347678);
;2022-05-15 13:29:55;Bom Jesus;Joao Pinheiro;;Bom Jardim;;Queda de moto;;Não informado;;Cruzamento;;;0;1;0;2;0;0;0;0;0;0;0;0;0;(-38.6035208 -3.7937041);
;2022-05-15 10:57:51;Rua Ricardo Ponte;;;Parque Genibau;;Colisão;;Não informado;;Meio De Quadra;;;0;1;0;0;1;0;0;0;0;1;0;0;0;(-38.5995079 -3.7619336);
;2022-05-15 09:56:33;J;;;Barra Do Ceara;;Atropelamento;;Não informado;;Meio De Quadra;;;0;1;0;1;0;0;0;0;0;0;0;0;0;(0 0);
;2022-05-15 09:39:28;J;;;Conjunto Ceara;;Atropelamento;;Não informado;;Meio De Quadra;;;0;1;0;1;0;0;0;0;0;0;0;0;0;(-38.6144078 -3.7637397);
;2022-05-15 09:37:38;Washington Soares - Sentindo Praia;;;Edson Queiroz;;Colisão;;Não informado;;Meio De Quadra;;;0;1;0;0;2;0;0;0;0;0;0;0;0;(-38.481665 -3.7762191);
;2022-05-15 08:56:07;Avenida  Washington Soares;;;Edson Queiroz;;Choque c/ Obstáculo Fixo;;Não informado;;Meio De Quadra;;;0;1;0;0;1;0;0;0;0;0;0;0;0;(-38.481173 -3.7710334);
;2022-05-15 06:12:10;Juscelino Kubstchek;;;Passare;;Colisão;;Não informado;;Meio De Quadra;;;0;1;0;1;1;0;0;0;0;0;0;0;0;(-38.5265123 -3.8095629);
;2022-05-15 05:45:02;Osorio Correia Px. Mercadinho Ximendes;;;Parque Presidente Vargas;;Colisão;;Não informado;;Meio De Quadra;;;0;1;0;1;1;0;0;0;0;0;0;0;0;(-38.5985588 -3.822343699999999);
;2022-05-15 03:51:51;Osorio De Paiva;Rua Oscar França;;Bom Jardim;;Colisão;;Não informado;;Cruzamento;;;0;1;0;1;1;0;0;0;0;0;0;0;0;(-38.5921257 -3.7944034);
;2022-05-15 03:14:45;Avenida Doutor Silas Munguba;;;Parangaba;;Colisão;;Não informado;;Meio De Quadra Sem Numero;;;0;2;0;1;1;0;0;0;0;0;0;0;0;(-38.5568892 -3.7816343);
;2022-05-15 02:02:16;Avenida  Washington Soares;;;Edson Queiroz;;Colisão;;Não informado;;Meio De Quadra;;;0;1;0;0;2;0;0;0;0;0;0;0;0;(-38.4828363 -3.772043);
;2022-05-15 01:53:41;Washington Soares - Sentindo Eusebio;;;Edson Queiroz;;Colisão;;Não informado;;Meio De Quadra Sem Numero;;;0;1;0;0;2;0;0;0;0;0;0;0;0;(-38.481665 -3.7762191);
;2022-05-15 01:34:30;Governador Leonel Brizola;;;Jangurussu;;Colisão;;Não informado;;Meio De Quadra;;;0;1;0;2;0;0;0;0;0;0;0;0;0;(-38.5204022 -3.8319349);
;2022-05-15 00:41:09;Maria Julia;;;Bom Jardim;;Colisão;;Não informado;;Meio De Quadra;;;0;1;0;1;1;0;0;0;0;0;0;0;0;(0 0);
;2022-05-14 23:47:33;Castro E Silva;Rua Senador Pompeu;;Centro;;Colisão;;Não informado;;Cruzamento;;;0;3;0;0;1;0;0;1;0;0;0;0;0;(-38.5286025 -3.7234595);
;2022-05-14 22:43:39;Monsenhor Bruno;;;Meireles;;Atropelamento;;Não informado;;Meio De Quadra Sem Numero;;;0;1;0;0;1;0;0;0;0;0;0;0;0;(-38.5085856 -3.7297469);
;2022-05-14 22:05:22;Ines Brasil Px. Em Frente Ao Castelao;;;Boa Vista;;Colisão;;Não informado;;Meio De Quadra;;;0;1;0;1;1;0;0;0;0;0;0;0;0;(-38.5224331 -3.8072834);
;2022-05-14 18:41:49;Antonio Alexandrino Do Reis;;;Passare;;Colisão;;Não informado;;Meio De Quadra;;;0;2;0;2;0;0;0;0;0;0;0;0;0;(-38.53758 -3.8006919);
;2022-05-14 18:37:47;Rua Guimaraes Passos;;;Pici;;Queda;;Não informado;;Meio De Quadra;;;0;1;0;1;0;0;0;0;0;0;0;0;0;(-38.5829799 -3.7465903);