COD_ACIDENTE;DATA;LOG1;LOG2;NUMERO;BAIRRO;AMC;NATUREZA;ILUMINACAO;TEMPO;SUPERFICIEPISTA;TIPOCRUZAMENTO;CONTROLETRAFEGO;USOSOLO;MORTOS;FERIDOS;ILESOS;MOTOCICLETA;AUTOMOVEL;MICROONIBUS;CAMINHAO;ONIBUS;CICLOMOTOR;BICICLETA;OUTROS;TREM;TRACAOANIMAL;COORDENADAS
;2022-05-14 18:27:00;Engenheiro Luis Montenegro;;;Siqueira;;Colisão;;Não informado;;Meio De Quadra;;;0;1;0;2;0;0;0;0;0;0;0;0;0;(-38.61713779999999 -3.8146538);
;2022-05-14 18:25:42;Costa Freire;;;Parque Sao Jose;;Colisão;;Não informado;;Meio De Quadra;;;0;2;0;1;1;0;0;0;0;0;0;0;0;(-38.5777442 -3.7847889);
;2022-05-14 18:07:37;Rua Antonio Alexandrino Dos Reis;;;Passare;;Queda;;Não informado;;Meio De Quadra;;;0;1;0;1;0;0;0;0;0;0;0;0;0;(-38.5378945 -3.801748);
;2022-05-14 16:11:17;10 - São Cristovão;;;Jangurussu;;Colisão;;Não informado;;Meio De Quadra;;;0;1;0;1;1;0;0;0;0;0;0;0;0;(0 0);
;2022-05-14 15:32:06;Jorge Acurcio;;;Vila Uniao;;Colisão;;Não informado;;Meio De Quadra;;;0;1;0;2;0;0;0;0;0;0;0;0;0;(-38.5322423 -3.7671612);
;2022-05-14 14:37:30;Rua Romeu Martins;;;Montese;;Colisão;;Não informado;;Meio De Quadra;;;0;1;0;1;1;0;0;0;0;0;0;0;0;(-38.5563198 -3.7639164);
;2022-05-14 14:25:05;Rua Conselheiro Estelita;;;Centro;;Colisão;;Não informado;;Meio De Quadra;;;0;1;0;0;1;0;0;0;0;1;0;0;0;(-38.5397504 -3.725426);
;2022-05-14 12:47:03;Osorio De Paiva;;;Siqueira;;Colisão;;Não informado;;Meio De Quadra Sem Numero;;;0;1;0;1;1;0;0;0;0;0;0;0;0;(-38.6103328 -3.8133833);
;2022-05-14 12:29:06;Bezerra De Menezes;;;Sao Gerardo;;Colisão;;Não informado;;Meio De Quadra;;;0;1;0;1;1;0;0;0;0;0;0;0;0;(-38.5547968 -3.73346);
;2022-05-14 06:50:35;Alberto Magno;;;Montese;;Atropelamento;;Não informado;;Meio De Quadra;;;0;1;0;0;0;0;0;0;0;0;1;0;0;(-38.5421109 -3.7557414);
;2022-05-14 02:08:57;Av.Bernardo Manuel;;;Itaperi;;Colisão;;Não informado;;Meio De Quadra;;;0;1;0;2;0;0;0;0;0;0;0;0;0;(-38.55658529999999 -3.8152051);
;2022-05-14 00:44:22;Aguanambi - Sentindo Centro;;;Fatima;;Queda;;Não informado;;Meio De Quadra;;;0;1;0;0;0;0;0;0;0;1;0;0;0;(-38.5236413 -3.7512287);
;2022-05-13 21:28:39;Avenida Doutor Silas Munguba;;;Parangaba;;Queda;;Não informado;;Meio De Quadra;;;0;1;0;1;0;0;0;0;0;0;0;0;0;(-38.5532292 -3.7838619);
;2022-05-13 21:08:23;Antonia Justa;;;Meireles;;Colisão;;Não informado;;Meio De Quadra;;;0;1;0;0;2;0;0;0;0;0;0;0;0;(-38.4942636 -3.7278659);
;2022-05-13 20:44:16;Perimetral;;;Antonio Bezerra;;Queda;;Não informado;;Meio De Quadra;;;0;1;0;1;0;0;0;0;0;0;0;0;0;(0 0);
;2022-05-13 19:20:12;Amadeu Furtado - Gustavo Sampaio;;;Parquelandia;;Colisão;;Não informado;;Meio De Quadra Sem Numero;;;0;1;0;1;1;0;0;0;0;0;0;0;0;(-38.5638391 -3.736789);
;2022-05-13 15:26:39;Esperantina;;;Vicente Pinzon;;Colisão;;Não informado;;Meio De Quadra Sem Numero;;;0;1;0;1;1;0;0;0;0;0;0;0;0;(-38.4745263 -3.7217519);
;2022-05-13 15:03:49;Rua Chico França;;;Messejana;;Colisão;;Não informado;;Meio De Quadra;;;0;1;0;1;1;0;0;0;0;0;0;0;0;(-38.5008008 -3.8346137);
;2022-05-13 14:53:33;Desembagador Leite Albuquerque;;;Aldeota;;Colisão;;Não informado;;Meio De Quadra;;;0;1;0;1;1;0;0;0;0;0;0;0;0;(-38.495512 -3.7384024);
;2022-05-13 11:54:39;Valdir Diogo;;;Mondubim;;Colisão;;Não informado;;Meio De Quadra;;;0;1;0;1;1;0;0;0;0;0;0;0;0;(-38.5842034 -3.8052488);
;2022-05-13 11:00:42;Rua Eduardo Bezerra;;;Sao Joao Do Tauape;;Queda;;Não informado;;Meio De Quadra;;;0;1;0;1;0;0;0;0;0;0;0;0;0;(-38.5102225 -3.7536544);
;2022-05-13 11:00:33;Nossa Senhora Das Graças;;;Pirambu;;Colisão;;Não informado;;Meio De Quadra;;;0;2;0;2;0;0;0;0;0;0;0;0;0;(-38.5565828 -3.7091968);
;2022-05-13 10:38:56;Carneiro De Mendonça;;;Pici;;Colisão;;Não informado;;Meio De Quadra;;;0;2;0;2;0;0;0;0;0;0;0;0;0;(-38.574968 -3.759868);
;2022-05-13 10:29:57;Airton  Senna;;;Mondubim;;Queda;;Não informado;;Meio De Quadra;;;0;1;0;1;0;0;0;0;0;0;0;0;0;(-38.56539650000001 -3.8257204);
;2022-05-13 10:19:34;Matos Vasconcelos;;;Damas;;Colisão;;Não informado;;Meio De Quadra;;;0;1;0;1;1;0;0;0;0;0;0;0;0;(0 0);
;2022-05-13 09:37:57;Avenida Bernardo Manuel;;;Itaperi;;Queda;;Não informado;;Meio De Quadra;;;0;1;0;1;0;0;0;0;0;0;0;0;0;(-38.547337 -3.785441);
;2022-05-13 09:26:46;Humaita;;;Parque Genibau;;Colisão;;Não informado;;Meio De Quadra;;;0;2;0;1;1;0;0;0;0;0;0;0;0;(-38.6006762 -3.7605244);
;2022-05-13 08:34:52;Rua Gustavo Sampaio -;;;Parquelandia;;Queda;;Não informado;;Meio De Quadra;;;0;1;0;1;0;0;0;0;0;0;0;0;0;(-38.5509011 -3.7342554);
;2022-05-13 08:13:28;Rua Rui Monte;;;Antonio Bezerra;;Colisão;;Não informado;;Meio De Quadra;;;0;1;0;1;1;0;0;0;0;0;0;0;0;(-38.5856006 -3.748162);
;2022-05-13 06:48:44;Avenida Doutor Theberge;;;Alvaro Weyne;;Queda;;Não informado;;Meio De Quadra;;;0;1;0;1;0;0;0;0;0;0;0;0;0;(-38.5672338 -3.7212853);
;2022-05-13 04:22:56;Teodomiro De Castro;;;Alvaro Weyne;;Choque c/ Obstáculo Fixo;;Não informado;;Meio De Quadra;;;0;1;0;0;1;0;0;0;0;0;0;0;0;(-38.5690623 -3.7201798);
;2022-05-13 01:55:58;Capitao Vasconcelos - Esquina;R. Djalma Petit;;Aerolandia;;Colisão;;Não informado;;Cruzamento;;;0;1;0;1;1;0;0;0;0;0;0;0;0;(-38.5133206 -3.7656875);
;2022-05-12 23:54:40;Av. Senador Carlos Jereissate;;;Aeroporto;;Colisão;;Não informado;;Meio De Quadra Sem Numero;;;0;1;0;0;2;0;0;0;0;0;0;0;0;(-38.5357467 -3.7820759);
;2022-05-12 23:37:54;Va Francisco Sa;;;Jacarecanga;;Colisão;;Não informado;;Meio De Quadra;;;0;1;0;0;2;0;0;0;0;0;0;0;0;(-38.546523 -3.7207893);
;2022-05-12 23:16:50;Senador Carlos Jereissati;;;Serrinha;;Colisão;;Não informado;;Meio De Quadra Sem Numero;;;0;1;0;0;2;0;0;0;0;0;0;0;0;(-38.5416215 -3.7803066);
;2022-05-12 22:29:47;Av. Bezerra De Menese;;;Sao Gerardo;;Queda;;Não informado;;Meio De Quadra;;;0;1;0;1;0;0;0;0;0;0;0;0;0;(-38.5663759 -3.736443);
;2022-05-12 21:54:10;Rua Inglaterra;;;Itaperi;;Atropelamento;;Não informado;;Meio De Quadra;;;0;2;0;0;1;0;0;0;0;0;0;0;0;(-38.55932749999999 -3.7856471);
;2022-05-12 20:38:19;Godofredo Maciel;;;Maraponga;;Atropelamento;;Não informado;;Meio De Quadra;;;0;1;0;0;0;0;0;0;0;1;0;0;0;(-38.56948 -3.79543);
;2022-05-12 20:36:26;Tomas Rodrigues;;;Antonio Bezerra;;Colisão;;Não informado;;Meio De Quadra;;;0;1;0;1;1;0;0;0;0;0;0;0;0;(-38.59391189999999 -3.7393427);
;2022-05-12 20:32:16;Visconde Do Rio Branco;;;Jose Bonifacio;;Queda;;Não informado;;Meio De Quadra;;;0;1;0;1;0;0;0;0;0;0;0;0;0;(-38.5237049 -3.7384841);
;2022-05-12 19:29:20;Almirante Tamandare;;;Praia De Iracema;;Atropelamento;;Não informado;;Meio De Quadra;;;0;1;0;1;0;0;0;0;0;0;0;0;0;(-38.518806 -3.7194799);
;2022-05-12 18:56:28;Avenida Desembargador Moreira;;;Dionisio Torres;;Colisão;;Não informado;;Meio De Quadra Sem Numero;;;0;1;0;1;1;0;0;0;0;0;0;0;0;(-38.50192 -3.7471698);
;2022-05-12 17:31:40;George Rocha;Professor Manuel Lourenço;;Joquei Clube;;Colisão;;Não informado;;Cruzamento;;;0;1;0;1;1;0;0;0;0;0;0;0;0;(-38.5732379 -3.763961199999999);
;2022-05-12 17:20:50;Matos Dourado;;;Dom Lustosa;;Colisão;;Não informado;;Meio De Quadra Sem Numero;;;0;1;0;0;2;0;0;0;0;0;0;0;0;(-38.5837787 -3.7515471);
;2022-05-12 16:24:53;Rua Padre Joao Piamarta;;;Montese;;Atropelamento;;Não informado;;Meio De Quadra;;;0;1;0;0;1;0;0;0;0;0;0;0;0;(0 0);
;2022-05-12 15:46:08;Coronel De Carvalho;;;Jardim Guanabara;;Colisão;;Não informado;;Meio De Quadra;;;0;1;0;1;1;0;0;0;0;0;0;0;0;(-38.5863865 -3.7239716);
;2022-05-12 15:02:54;Sargento Joao Pinheiro;;;Bom Jardim;;Queda;;Não informado;;Meio De Quadra Sem Numero;;;0;1;0;1;0;0;0;0;0;0;0;0;0;(-38.6230856 -3.7838172);
;2022-05-12 14:15:15;Avenida Heraclito Graça;;;Centro;;Colisão;;Não informado;;Meio De Quadra;;;0;1;0;0;2;0;0;0;0;0;0;0;0;(-38.5215408 -3.7343598);
;2022-05-12 14:05:42;Conselheiro Tristao;;;Fatima;;Colisão;;Não informado;;Meio De Quadra;;;0;1;0;1;1;0;0;0;0;0;0;0;0;(-38.5271065 -3.740463);
;2022-05-12 11:40:10;Santos Dumont;;;Papicu;;Queda;;Não informado;;Meio De Quadra;;;0;2;0;1;0;0;0;0;0;0;0;0;0;(-38.4717677 -3.7444873);
;2022-05-12 10:56:38;Rua Alagoas Esq Rua Joaquim Alves;;;Democrito Rocha;;Queda;;Não informado;;Meio De Quadra;;;0;1;0;0;0;0;0;0;0;1;0;0;0;(-38.5665455 -3.7623197);
;2022-05-12 10:22:56;Val Paraiso;;;Conjunto Palmeiras;;Queda;;Não informado;;Meio De Quadra;;;0;2;0;1;0;0;0;0;0;0;0;0;0;(0 0);
;2022-05-12 09:22:51;Barao De Studart;;;Dionisio Torres;;Colisão;;Não informado;;Meio De Quadra;;;0;1;0;1;1;0;0;0;0;0;0;0;0;(-38.51093770000001 -3.7485889);
;2022-05-12 03:19:00;13 Px. Igreja Universal;;;Barroso;;Colisão;;Não informado;;Meio De Quadra;;;0;1;0;1;0;0;0;0;0;0;0;0;0;(0 0);
;2022-05-11 22:45:27;Osorio De Paiva Px. Em Frente Ao Posto Carioca;;;Siqueira;;Colisão;;Não informado;;Meio De Quadra Sem Numero;;;0;1;0;0;2;0;0;0;0;0;0;0;0;(-38.5201406 -3.8021874);
;2022-05-11 22:18:18;Jose Bastos;;;Damas;;Atropelamento;;Não informado;;Meio De Quadra Sem Numero;;;0;1;0;0;1;0;0;0;0;0;0;0;0;(-38.5509844 -3.7504393);
;2022-05-11 21:30:48;Avenida Coronel Carvalho;;;Barra Do Ceara;;Queda;;Não informado;;Meio De Quadra Sem Numero;;;0;2;0;1;0;0;0;0;0;0;0;0;0;(-38.5899797 -3.7097209);
;2022-05-11 21:17:50;BR 116;;;Dias Macedo;;Colisão;;Não informado;;Meio De Quadra Sem Numero;;;0;1;0;1;1;0;0;0;0;0;0;0;0;(0 0);
;2022-05-11 20:32:28;Dom Luiz;;;Meireles;;Colisão;;Não informado;;Meio De Quadra;;;0;1;0;1;1;0;0;0;0;0;0;0;0;(-38.4931229 -3.734238);
;2022-05-11 20:09:28;Rua Florencio Fontenele;;;Jangurussu;;Colisão;;Não informado;;Meio De Quadra;;;0;1;0;1;1;0;0;0;0;0;0;0;0;(-38.5072206 -3.8343326);
;2022-05-11 19:48:13;Jose Hipolito;Padre Pedro De Alencar;;Messejana;;Colisão;;Não informado;;Cruzamento;;;0;1;0;1;1;0;0;0;0;0;0;0;0;(-38.4941088 -3.8327354);
;2022-05-11 19:42:41;Av Silas Mumguba;;;Serrinha;;Colisão;;Não informado;;Meio De Quadra Sem Numero;;;0;1;0;1;1;0;0;0;0;0;0;0;0;(-38.542238 -3.7897477);
;2022-05-11 19:09:04;Avenida Deputado Paulino Rocha;;;Cajazeiras;;Colisão;;Não informado;;Meio De Quadra;;;0;1;0;0;1;0;1;0;0;0;0;0;0;(-38.5172195 -3.810506);
;2022-05-11 18:06:52;Carneiro De Mendonça;Rio Grande Do Sul;;Democrito Rocha;;Colisão;;Não informado;;Cruzamento;;;0;3;0;1;1;0;0;0;0;0;0;0;0;(-38.5699794 -3.7623676);
;2022-05-11 17:35:39;Coronel Alves Ribeiro;;;Messejana;;Colisão;;Não informado;;Meio De Quadra;;;0;1;0;1;1;0;0;0;0;0;0;0;0;(-38.49676729999999 -3.8211458);
;2022-05-11 17:30:20;Rua Ataulfo Alves;;;Jardim Das Oliveiras;;Colisão;;Não informado;;Meio De Quadra;;;0;1;0;1;1;0;0;0;0;0;0;0;0;(-38.4982882 -3.7868708);
;2022-05-11 17:11:13;Bernardo Manuel;;;Itaperi;;Colisão;;Não informado;;Meio De Quadra;;;0;4;0;1;1;0;0;0;0;0;0;0;0;(-38.5532144 -3.8040536);
;2022-05-11 16:19:37;Leste Oeste;;;Pirambu;;Queda;;Não informado;;Meio De Quadra Sem Numero;;;0;1;0;1;0;0;0;0;0;0;0;0;0;(-38.5533245 -3.7123711);
;2022-05-11 15:56:38;Ana Faco -;Av. Doutor Theberge;;Carlito Pamplona;;Colisão;;Não informado;;Cruzamento;;;0;1;0;1;1;0;0;0;0;0;0;0;0;(-38.5641498 -3.712334799999999);
;2022-05-11 15:37:30;Rua Padre Pedro De Alencar;;;Messejana;;Colisão;;Não informado;;Meio De Quadra;;;0;1;0;0;1;0;0;0;0;1;0;0;0;(-38.493398 -3.8282184);
;2022-05-11 14:40:58;Monsenhor Tabosa;Rui Barbosa;;Aldeota;;Colisão;;Não informado;;Cruzamento;;;0;2;0;1;1;0;0;0;0;0;0;0;0;(-38.5114567 -3.7240826);
;2022-05-11 14:20:36;BR 116 KM 8;;;Messejana;;Colisão;;Não informado;;Meio De Quadra Sem Numero;;;0;1;0;1;1;0;0;0;0;0;0;0;0;(0 0);
;2022-05-11 13:49:47;Dom Pedro Ii;;;Parangaba;;Colisão;;Não informado;;Meio De Quadra;;;0;1;0;2;0;0;0;0;0;0;0;0;0;(-38.5692257 -3.7809169);
;2022-05-11 12:53:03;Porto Velho;;;Henrique Jorge;;Colisão;;Não informado;;Meio De Quadra;;;0;1;0;1;1;0;0;0;0;0;0;0;0;(-38.5825707 -3.7684872);
;2022-05-11 10:52:18;Val Verde;Rua Edson Martins;;Bom Jardim;;Colisão;;Não informado;;Cruzamento;;;0;1;0;1;1;0;0;0;0;0;0;0;0;(-38.6021631 -3.7895078);
;2022-05-11 10:51:20;15 De Novembro Esq Zacarias Gondim;;;Itaoca;;Colisão;;Não informado;;Meio De Quadra Sem Numero;;;0;1;0;1;1;0;0;0;0;0;0;0;0;(-38.5591071 -3.7698865);
;2022-05-11 10:47:42;Rua  E  Esq;Avenida  A >  Conj Veneza Tropical;;Não informado;;Queda;;Não informado;;Cruzamento;;;0;1;0;1;0;0;0;0;0;0;0;0;0;(-38.5406168 -3.7975598);
;2022-05-11 09:32:04;Radialista Jose Lima Verde;;;Barra Do Ceara;;Queda;;Não informado;;Meio De Quadra;;;0;1;0;1;0;0;0;0;0;0;0;0;0;(-38.58630369999999 -3.6954696);
;2022-05-11 01:57:04;Leste Oeste;;;Barra Do Ceara;;Colisão;;Não informado;;Meio De Quadra Sem Numero;;;0;1;0;0;2;0;0;0;0;0;0;0;0;(-38.5757674 -3.7057814);
;2022-05-11 01:41:11;Washington Soares - Sentindo Sertao;;;Cambeba;;Colisão;;Não informado;;Meio De Quadra Sem Numero;;;0;1;0;1;1;0;0;0;0;0;0;0;0;(-38.4790722 -3.8070071);
;2022-05-11 00:29:18;Santa Rosa - Bairro: Praia Do Futuro Ii;;;Praia Do Futuro Ii;;Queda;;Não informado;;Meio De Quadra;;;0;1;0;1;0;0;0;0;0;0;0;0;0;(0 0);
;2022-05-11 00:13:52;Carloa Amora;Dom Pedro Ii;;Parangaba;;Colisão;;Não informado;;Cruzamento;;;0;1;0;2;0;0;0;0;0;0;0;0;0;(-38.5635371 -3.7753417);
;2022-05-10 21:57:06;Rua Desembargador Faustino De Albuquerque;;;Jardim Das Oliveiras;;Colisão;;Não informado;;Meio De Quadra;;;0;1;0;1;1;0;0;0;0;0;0;0;0;(-38.4994848 -3.786457699999999);
;2022-05-10 21:12:43;Desembargador Luis Paulino;;;Henrique Jorge;;Colisão;;Não informado;;Meio De Quadra;;;0;1;0;1;1;0;0;0;0;0;0;0;0;(-38.5801761 -3.763752899999999);
;2022-05-10 21:08:59;Avenida Sargento Herminio;;;Padre Andrade;;Atropelamento;;Não informado;;Meio De Quadra;;;0;1;0;0;1;0;0;0;0;0;0;0;0;(-38.58025629999999 -3.732023399999999);
;2022-05-10 20:24:52;Avenida Sebastiao De Abreu;;;Edson Queiroz;;Colisão;;Não informado;;Meio De Quadra Sem Numero;;;0;1;0;1;1;0;0;0;0;0;0;0;0;(-38.4832888 -3.7559611);
;2022-05-10 19:26:58;Professor Jose Henrique;Rua Inacio Oria;;Messejana;;Colisão;;Não informado;;Cruzamento;;;0;4;0;2;0;0;0;0;0;0;0;0;0;(-38.4841597 -3.8300865);
;2022-05-10 18:49:24;Da Abolição;;;Cais Do Porto;;Queda;;Não informado;;Meio De Quadra;;;0;1;0;0;0;0;0;0;0;1;0;0;0;(-38.4788619 -3.7214808);
;2022-05-10 18:45:44;Avenida Vicente De Castro;;;Cais Do Porto;;Queda;;Não informado;;Meio De Quadra Sem Numero;;;0;2;0;0;0;0;0;0;0;1;0;0;0;(-38.4730252 -3.7132388);
;2022-05-10 16:46:39;Rua General Onofre;;;Mondubim;;Colisão;;Não informado;;Meio De Quadra;;;0;1;0;1;1;0;0;0;0;0;0;0;0;(-38.5717794 -3.8077959);
;2022-05-10 15:32:20;Domingos Olimpio;Solon Pinheiro;;Centro;;Colisão;;Não informado;;Cruzamento;;;0;1;0;0;2;0;0;0;0;0;0;0;0;(-38.5286218 -3.7373564);
;2022-05-10 15:17:31;Jose Dantas Pereira;;;Canindezinho;;Atropelamento;;Não informado;;Meio De Quadra;;;0;1;0;0;1;0;0;0;0;0;0;0;0;(-38.609057 -3.8216888);
;2022-05-10 14:25:15;Deputado Paulino Rocha;;;Boa Vista;;Colisão;;Não informado;;Meio De Quadra;;;0;2;0;1;1;0;0;0;0;0;0;0;0;(-38.5163271 -3.8110907);
;2022-05-10 13:47:18;Rua Silvinha Teles Enfrente Uma Academia;;;Conjunto Palmeiras;;Atropelamento;;Não informado;;Meio De Quadra Sem Numero;;;0;1;0;0;0;0;0;0;0;0;1;0;0;(-38.52809 -3.847199);
;2022-05-10 13:36:20;Romeu Martins;Almirante Rubim;;Montese;;Colisão;;Não informado;;Cruzamento;;;0;1;0;0;2;0;0;0;0;0;0;0;0;(-38.5539611 -3.765397);
;2022-05-10 12:54:36;Slvinha Teles;;;Conjunto Palmeiras;;Colisão;;Não informado;;Meio De Quadra;;;0;1;0;0;2;0;0;0;0;0;0;0;0;(-38.5250705 -3.849937);
;2022-05-10 11:49:26;Sebastiao De Abreu;;;Coco;;Colisão;;Não informado;;Meio De Quadra Sem Numero;;;0;1;0;1;1;0;0;0;0;0;0;0;0;(-38.48319 -3.7548815);
;2022-05-10 10:23:06;Das Acacias;Emilio De Menezes;;Bonsucesso;;Colisão;;Não informado;;Cruzamento;;;0;1;0;1;1;0;0;0;0;0;0;0;0;(-38.589074 -3.7812864);
;2022-05-10 09:36:21;Rua Jatai;;;Mondubim;;Queda;;Não informado;;Meio De Quadra;;;0;1;0;1;0;0;0;0;0;0;0;0;0;(0 0);
;2022-05-10 00:26:52;Avenida Augusto Dos Anjos;;;Siqueira;;Colisão;;Não informado;;Meio De Quadra;;;0;1;0;0;2;0;0;0;0;0;0;0;0;(-38.57996079999999 -3.7815935);
;2022-05-09 21:57:10;Rua Jose Martins;;;Granja Lisboa;;Colisão;;Não informado;;Meio De Quadra;;;0;2;0;1;1;0;0;0;0;0;0;0;0;(0 0);
;2022-05-09 21:14:38;Dioguinho;;;Edson Queiroz;;Atropelamento;;Não informado;;Meio De Quadra Sem Numero;;;0;1;0;0;1;0;0;0;0;0;0;0;0;(-38.4473673 -3.753054);
;2022-05-09 19:51:48;Mendes Junior;;;Quintino Cunha;;Colisão;;Não informado;;Meio De Quadra;;;0;2;0;2;0;0;0;0;0;0;0;0;0;(-38.592097 -3.734724);
;2022-05-09 19:00:21;Rua Cuiaba;Rua Dr Julio Maciel;;Joquei Clube;;Colisão;;Não informado;;Cruzamento;;;0;1;0;1;1;0;0;0;0;0;0;0;0;(-38.5800615 -3.7683576);
;2022-05-09 18:40:26;Rua Germano Franck;;;Parangaba;;Colisão;;Não informado;;Meio De Quadra;;;0;1;0;1;1;0;0;0;0;0;0;0;0;(-38.5630126 -3.7784427);
;2022-05-09 18:27:44;Rua Cruz Abreu N;;;Sao Joao Do Tauape;;Colisão;;Não informado;;Meio De Quadra;;;0;1;0;0;2;0;0;0;0;0;0;0;0;(-38.5047563 -3.7570997);
;2022-05-09 18:18:21;Betel;;;Itaperi;;Atropelamento;;Não informado;;Meio De Quadra Sem Numero;;;0;1;0;0;1;0;0;0;0;0;0;0;0;(-38.5526492 -3.7922126);
;2022-05-09 17:14:27;Rua Sao Lucas;;;Mondubim;;Queda;;Não informado;;Meio De Quadra;;;0;1;0;1;0;0;0;0;0;0;0;0;0;(-38.5834566 -3.819115999999999);
;2022-05-09 16:15:03;Padre Pedro De Alencar;;;Messejana;;Colisão;;Não informado;;Meio De Quadra;;;0;2;0;1;1;0;0;0;0;0;0;0;0;(-38.49414900000001 -3.841079);
;2022-05-09 15:06:43;1 ( Conj. Jardim Castelao );;;Passare;;Colisão;;Não informado;;Meio De Quadra;;;0;1;0;1;1;0;0;0;0;0;0;0;0;(0 0);
;2022-05-09 14:18:22;Rua Cesar Correia;;;Barra Do Ceara;;Queda;;Não informado;;Meio De Quadra;;;0;1;0;1;0;0;0;0;0;0;0;0;0;(-38.571934 -3.7083245);
;2022-05-09 13:19:55;Francisco Sa;;;Carlito Pamplona;;Queda;;Não informado;;Meio De Quadra;;;0;1;0;1;0;0;0;0;0;0;0;0;0;(-38.5500908 -3.7201285);
;2022-05-09 13:01:51;Ildefonso Albano;;;Meireles;;Colisão;;Não informado;;Meio De Quadra;;;0;1;0;2;0;0;0;0;0;0;0;0;0;(-38.5171904 -3.7449192);
;2022-05-09 11:44:34;Jornalista Tomaz Coelho;;;Jangurussu;;Atropelamento;;Não informado;;Meio De Quadra;;;0;1;0;0;1;0;0;0;0;0;0;0;0;(-38.5171829 -3.8282915);
;2022-05-09 11:19:06;Avenida Alberto Craveiro;;;Boa Vista;;Colisão;;Não informado;;Meio De Quadra Sem Numero;;;0;1;0;1;1;0;0;0;0;0;0;0;0;(-38.5200995 -3.8012212);
;2022-05-09 10:45:52;Treze De Maio;;;Fatima;;Colisão;;Não informado;;Meio De Quadra;;;0;1;0;1;1;0;0;0;0;0;0;0;0;(-38.5217453 -3.753477199999999);
;2022-05-09 10:08:23;Cacilda Becker;Julio Braga;;Joao Xxiii;;Queda;;Não informado;;Cruzamento;;;0;2;0;1;0;0;0;0;0;0;0;0;0;(-38.5831101 -3.7742971);
;2022-05-09 05:32:34;Rua Cruz Abreu;;;Sao Joao Do Tauape;;Queda;;Não informado;;Meio De Quadra;;;0;1;0;1;0;0;0;0;0;0;0;0;0;(-38.51026359999999 -3.7579072);
;2022-05-09 03:08:31;Godofredo Maciel;;;Maraponga;;Queda;;Não informado;;Meio De Quadra Sem Numero;;;0;1;0;1;0;0;0;0;0;0;0;0;0;(-38.5700693 -3.7966838);
;2022-05-09 01:56:49;Rua Tres Marias;;;Montese;;Colisão;;Não informado;;Meio De Quadra;;;0;1;0;1;1;0;0;0;0;0;0;0;0;(-38.5515536 -3.7686357);
;2022-05-09 00:16:59;Professor Anacleto;;;Parquelandia;;Colisão;;Não informado;;Meio De Quadra;;;0;1;0;0;2;0;0;0;0;0;0;0;0;(-38.5526548 -3.7354572);
;2022-05-08 23:47:40;Av. Castelo Branco;;;Pirambu;;Queda;;Não informado;;Meio De Quadra;;;0;2;0;1;0;0;0;0;0;0;0;0;0;(-38.5506273 -3.7129468);
;2022-05-08 23:16:17;Castelo De Castro;;;Jangurussu;;Queda;;Não informado;;Meio De Quadra;;;0;2;0;1;0;0;0;0;0;0;0;0;0;(-38.5217841 -3.836875);
;2022-05-08 23:01:12;Carlos Chagas;;;Granja Portugal;;Colisão;;Não informado;;Meio De Quadra;;;0;1;0;1;1;0;0;0;0;0;0;0;0;(-38.5992107 -3.7762508);
;2022-05-08 22:35:01;Ministro Jose Americo;;;Messejana;;Colisão;;Não informado;;Meio De Quadra;;;0;2;0;1;1;0;0;0;0;0;0;0;0;(-38.4971672 -3.8116003);
;2022-05-08 22:06:27;Av.Presidente Costa E Silva;;;Mondubim;;Colisão;;Não informado;;Meio De Quadra Sem Numero;;;0;1;0;1;1;0;0;0;0;0;0;0;0;(-38.5647962 -3.8178905);
;2022-05-08 21:35:01;Dioguinho;;;Vicente Pinzon;;Colisão;;Não informado;;Meio De Quadra;;;0;1;0;2;0;0;0;0;0;0;0;0;0;(-38.4546016 -3.7390376);
;2022-05-08 21:27:53;Glauco Lobo;;;Mondubim;;Colisão;;Não informado;;Meio De Quadra;;;0;2;0;1;1;0;0;0;0;0;0;0;0;(-38.5792892 -3.8072688);
;2022-05-08 20:56:22;L;Conjunto Polar;;Vila Velha;;Queda;;Não informado;;Cruzamento;;;0;1;0;1;0;0;0;0;0;0;0;0;0;(-38.5987712 -3.7097864);
;2022-05-08 20:49:30;Governador Raul Barbosa;;;Sao Joao Do Tauape;;Colisão;;Não informado;;Meio De Quadra;;;0;1;0;1;1;0;0;0;0;0;0;0;0;(-38.5070616 -3.7611861);
;2022-05-08 20:07:03;Avenida Luciano Carneiro;;;Fatima;;Colisão;;Não informado;;Meio De Quadra Sem Numero;;;0;3;0;2;0;0;0;0;0;0;0;0;0;(-38.5334899 -3.7542494);
;2022-05-08 18:46:12;Rua Fernao Magalhaes;;;Pici;;Atropelamento;;Não informado;;Meio De Quadra;;;0;1;0;0;1;0;0;0;0;0;0;0;0;(-38.569854 -3.749525);
;2022-05-08 18:23:08;Avenida BR 116;;;Cajazeiras;;Colisão;;Não informado;;Meio De Quadra;;;0;1;0;0;2;0;0;0;0;0;0;0;0;(0 0);
;2022-05-08 14:55:27;Osorio De Paiva;Oscar França;;Bom Jardim;;Colisão;;Não informado;;Cruzamento;;;0;2;0;1;1;0;0;0;0;0;0;0;0;(-38.5921257 -3.7944034);