COD_ACIDENTE;DATA;LOG1;LOG2;NUMERO;BAIRRO;AMC;NATUREZA;ILUMINACAO;TEMPO;SUPERFICIEPISTA;TIPOCRUZAMENTO;CONTROLETRAFEGO;USOSOLO;MORTOS;FERIDOS;ILESOS;MOTOCICLETA;AUTOMOVEL;MICROONIBUS;CAMINHAO;ONIBUS;CICLOMOTOR;BICICLETA;OUTROS;TREM;TRACAOANIMAL;COORDENADAS
;2022-05-08 13:53:31;Ildelbrando De Melo -;Rua Carnaubau;;Jardim Guanabara;;Colisão;;Não informado;;Cruzamento;;;0;1;0;2;0;0;0;0;0;0;0;0;0;(-38.5889728 -3.722001999999999);
;2022-05-08 11:30:24;Barbara De Alencar Esq.;R. Dona Leopoldina;;Meireles;;Colisão;;Não informado;;Cruzamento;;;0;1;0;0;2;0;0;0;0;0;0;0;0;(-38.5199384 -3.7325214);
;2022-05-08 08:12:02;Avenida Godofredo Maciel;;;Mondubim;;Colisão;;Não informado;;Meio De Quadra Sem Numero;;;0;1;0;1;1;0;0;0;0;0;0;0;0;(-38.5752152 -3.8178563);
;2022-05-08 02:48:06;Mister Hull;;;Presidente Kennedy;;Queda;;Não informado;;Meio De Quadra Sem Numero;;;0;1;0;1;0;0;0;0;0;0;0;0;0;(-38.5736743 -3.7369751);
;2022-05-08 02:07:05;Santa Liduina Px. Padaria Emporio;;;Manuel Satiro;;Colisão;;Não informado;;Meio De Quadra;;;0;1;0;1;1;0;0;0;0;0;0;0;0;(-38.585197 -3.800579);
;2022-05-08 00:03:13;Joao Cordeiro;;;Centro;;Queda;;Não informado;;Meio De Quadra;;;0;1;0;1;0;0;0;0;0;0;0;0;0;(-38.5158373 -3.7339569);
;2022-05-07 23:39:37;Sargento João Pinheiro;;;Bom Jardim;;Atropelamento;;Não informado;;Meio De Quadra Sem Numero;;;0;1;0;0;1;0;0;0;0;0;0;0;0;(-38.6230856 -3.7838172);
;2022-05-07 23:39:35;Engenheiro Santana Junior;;;Vicente Pinzon;;Colisão;;Não informado;;Meio De Quadra;;;0;1;0;1;1;0;0;0;0;0;0;0;0;(-38.4802398 -3.7324841);
;2022-05-07 22:08:36;Santos Dumont;Rua Almeida Prado;;Papicu;;Colisão;;Não informado;;Cruzamento;;;0;1;0;1;1;0;0;0;0;0;0;0;0;(-38.4751555 -3.7437299);
;2022-05-07 22:00:58;Lineu Juca;Rua Abel  Garcia;;Vila Uniao;;Colisão;;Não informado;;Cruzamento;;;0;1;0;1;1;0;0;0;0;0;0;0;0;(-38.5352904 -3.768082299999999);
;2022-05-07 20:02:24;Avenida Mister Hull;;;Antonio Bezerra;;Colisão;;Não informado;;Meio De Quadra;;;0;1;0;1;1;0;0;0;0;0;0;0;0;(-38.5958183 -3.7396083);
;2022-05-07 19:19:27;Alberto Magno;;;Montese;;Colisão;;Não informado;;Meio De Quadra;;;0;1;0;1;1;0;0;0;0;0;0;0;0;(-38.5477101 -3.762148);
;2022-05-07 19:18:24;Rua Alves De Sousa;;;Canindezinho;;Colisão;;Não informado;;Meio De Quadra;;;0;1;0;1;1;0;0;0;0;0;0;0;0;(-38.5948578 -3.802635);
;2022-05-07 18:50:04;Jose Alves De Morais;Rua Alberto Feitosa Lima;;Engenheiro Luciano Cavalcante;;Colisão;;Não informado;;Cruzamento;;;0;1;0;0;2;0;0;0;0;0;0;0;0;(-38.4842463 -3.7695038);
;2022-05-07 18:37:24;Bernardo Manuel;;;Parque Dois Irmaos;;Colisão;;Não informado;;Meio De Quadra;;;0;1;0;0;2;0;0;0;0;0;0;0;0;(-38.557137 -3.8165367);
;2022-05-07 18:34:02;Rua General Silva Junior;;;Fatima;;Colisão;;Não informado;;Meio De Quadra;;;0;1;0;1;1;0;0;0;0;0;0;0;0;(-38.5323208 -3.7562113);
;2022-05-07 18:25:17;Beira Mar;;;Praia De Iracema;;Colisão;;Não informado;;Meio De Quadra Sem Numero;;;0;1;0;0;2;0;0;0;0;0;0;0;0;(-38.5119907 -3.720142);
;2022-05-07 18:11:03;Jose Bastos;Rua Miguel Gonçalves;;Couto Fernandes;;Colisão;;Não informado;;Cruzamento;;;0;1;0;1;1;0;0;0;0;0;0;0;0;(-38.5581439 -3.7570074);
;2022-05-07 18:03:35;Avenida Manoel Mavignier;;;Sabiaguaba;;Queda;;Não informado;;Meio De Quadra;;;0;1;0;1;0;0;0;0;0;0;0;0;0;(0 0);
;2022-05-07 17:56:55;Rua Recanto Verde;;;Jangurussu;;Colisão;;Não informado;;Meio De Quadra;;;0;1;0;0;2;0;0;0;0;0;0;0;0;(-38.511399 -3.8377846);
;2022-05-07 17:43:49;Alberto  Feitosa  Lima;;;Guararapes;;Colisão;;Não informado;;Meio De Quadra Sem Numero;;;0;1;0;0;2;0;0;0;0;0;0;0;0;(-38.4844029 -3.7669089);
;2022-05-07 17:16:34;Avenida Val Paraiso - Sitio Saõ Joao;;;Conjunto Palmeiras;;Queda;;Não informado;;Meio De Quadra;;;0;1;0;0;0;0;0;0;0;1;0;0;0;(-38.5256987 -3.8442229);
;2022-05-07 17:15:55;Avenida Edilson Brasil Soares;;;Edson Queiroz;;Colisão;;Não informado;;Meio De Quadra;;;0;1;0;1;1;0;0;0;0;0;0;0;0;(-38.4650794 -3.7880497);
;2022-05-07 16:42:19;Upa Messejana;;;Messejana;;Colisão;;Não informado;;Meio De Quadra Sem Numero;;;0;1;0;0;2;0;0;0;0;0;0;0;0;(-38.48236 -3.839615);
;2022-05-07 16:39:15;Bezerra De Menezes;;;Sao Gerardo;;Colisão;;Não informado;;Meio De Quadra;;;0;1;0;1;1;0;0;0;0;0;0;0;0;(-38.5540086 -3.7332618);
;2022-05-07 16:35:57;Fernandes Tavora;Rua Aldizio Pinheiro;;Henrique Jorge;;Colisão;;Não informado;;Cruzamento;;;0;1;0;1;1;0;0;0;0;0;0;0;0;(-38.5889133 -3.7586228);
;2022-05-07 15:07:58;Avenida Edilson Brasil Soares;;;Parque Manibura;;Colisão;;Não informado;;Meio De Quadra;;;0;1;0;1;1;0;0;0;0;0;0;0;0;(-38.4844584 -3.7895503);
;2022-05-07 14:23:56;Professor Moreira De Souza;R. Regina De Fatima;;Passare;;Colisão;;Não informado;;Cruzamento;;;0;1;0;1;1;0;0;0;0;0;0;0;0;(-38.5262819 -3.8127425);
;2022-05-07 12:31:50;Avenida Americo Barreira -;;;Democrito Rocha;;Atropelamento;;Não informado;;Meio De Quadra;;;0;1;0;0;1;0;0;0;0;0;0;0;0;(-38.5676869 -3.7652334);
;2022-05-07 12:26:12;Major Assis;;;Vila Velha;;Atropelamento;;Não informado;;Meio De Quadra;;;0;1;0;0;1;0;0;0;0;0;0;0;0;(-38.6001331 -3.720880499999999);
;2022-05-07 12:05:55;Desembargador Gomes Parente;R. Melo Oliveira;;Joao Xxiii;;Colisão;;Não informado;;Cruzamento;;;0;1;0;1;1;0;0;0;0;0;0;0;0;(-38.5786388 -3.773355);
;2022-05-07 11:53:17;Carapinima;;;Benfica;;Colisão;;Não informado;;Meio De Quadra;;;0;1;0;1;1;0;0;0;0;0;0;0;0;(-38.5376794 -3.7370896);
;2022-05-07 11:42:45;Chico Lemos;;;Cidade Dos Funcionarios;;Colisão;;Não informado;;Meio De Quadra;;;0;1;0;1;1;0;0;0;0;0;0;0;0;(-38.4974079 -3.7949722);
;2022-05-07 11:28:23;Washington Soares;Pergentino Maia;;Jose De Alencar;;Colisão;;Não informado;;Cruzamento;;;0;2;0;1;1;0;0;0;0;0;0;0;0;(-38.4788176 -3.8109469);
;2022-05-07 10:54:19;Valdir Diogo;Rua  102;;Mondubim;;Queda;;Não informado;;Cruzamento;;;0;1;0;1;0;0;0;0;0;0;0;0;0;(-38.5848451 -3.8084412);
;2022-05-07 09:56:38;Um;;;Mondubim;;Queda;;Não informado;;Meio De Quadra;;;0;1;0;1;0;0;0;0;0;0;0;0;0;(-38.6156044 -3.7754644);
;2022-05-07 09:28:39;Alberto Craveiro;;;Boa Vista;;Colisão;;Não informado;;Meio De Quadra Sem Numero;;;0;1;0;1;1;0;0;0;0;0;0;0;0;(-38.5200995 -3.8012212);
;2022-05-07 08:36:59;Senador Virgilio Tavora;;;Meireles;;Colisão;;Não informado;;Meio De Quadra Sem Numero;;;0;1;0;1;1;0;0;0;0;0;0;0;0;(-38.4918539 -3.7326626);
;2022-05-07 08:01:11;Professor Carvalho;;;Sao Joao Do Tauape;;Colisão;;Não informado;;Meio De Quadra Sem Numero;;;0;1;0;0;2;0;0;0;0;0;0;0;0;(-38.5146624 -3.7543471);
;2022-05-07 03:01:59;Nereu Ramos;;;Maraponga;;Queda;;Não informado;;Meio De Quadra;;;0;1;0;1;0;0;0;0;0;0;0;0;0;(-38.56715519999999 -3.7868938);
;2022-05-07 03:01:45;Leste Oeste Px. Enfrente A Igreja Canaã;;;Pirambu;;Queda;;Não informado;;Meio De Quadra;;;0;1;0;1;0;0;0;0;0;0;0;0;0;(-38.5581928 -3.7404385);
;2022-05-07 02:34:09;Boa Vista;Tupi;;Joao Xxiii;;Colisão;;Não informado;;Cruzamento;;;0;3;0;2;0;0;0;0;0;0;0;0;0;(-38.584067 -3.7700912);
;2022-05-07 02:32:48;Leste Oeste;;;Moura Brasil;;Queda;;Não informado;;Meio De Quadra;;;0;1;0;1;0;0;0;0;0;0;0;0;0;(0 0);
;2022-05-07 02:21:14;Mario Mamede;Eusebio De Souza;;Fatima;;Atropelamento;;Não informado;;Cruzamento;;;0;1;0;0;0;0;0;0;0;0;1;0;0;(-38.529229 -3.7487352);
;2022-05-07 01:33:42;Alberto Magno;;;Montese;;Queda;;Não informado;;Meio De Quadra;;;0;1;0;0;0;0;0;0;0;1;0;0;0;(-38.5516641 -3.7667108);
;2022-05-07 00:44:45;Washington Soares Px. Depois Do Pinheiro;;;Paupina;;Atropelamento;;Não informado;;Meio De Quadra;;;0;1;0;0;0;0;0;0;0;0;1;0;0;(-38.4803358 -3.8407359);
;2022-05-06 23:20:15;Guanabara;;;Pan Americano;;Queda;;Não informado;;Meio De Quadra;;;0;1;0;1;0;0;0;0;0;0;0;0;0;(-38.5672577 -3.7538605);
;2022-05-06 22:51:01;Adenanteras;;;Cidade 2000;;Colisão;;Não informado;;Meio De Quadra;;;0;2;0;2;0;0;0;0;0;0;0;0;0;(-38.473308 -3.7533488);
;2022-05-06 22:29:02;Rua Tres;;;Pedras;;Queda;;Não informado;;Meio De Quadra;;;0;1;0;1;0;0;0;0;0;0;0;0;0;(-38.5213462 -3.8701044);
;2022-05-06 21:56:49;Rua Geraldo Barbosa - Dionisio Leonel Alencar;;;Ancuri;;Queda;;Não informado;;Meio De Quadra Sem Numero;;;0;1;0;1;0;0;0;0;0;0;0;0;0;(-38.5227566 -3.8681074);
;2022-05-06 21:49:07;Rua Desembargador Otacilio Peixoto;;;Passare;;Colisão;;Não informado;;Meio De Quadra;;;0;1;0;1;1;0;0;0;0;0;0;0;0;(-38.539271 -3.799688);
;2022-05-06 21:40:26;Rua Teodomiro De Castro;;;Alvaro Weyne;;Queda;;Não informado;;Meio De Quadra;;;0;1;0;1;0;0;0;0;0;0;0;0;0;(-38.5709681 -3.7195769);
;2022-05-06 21:18:32;Rua Andre Rebouças;;;Bonsucesso;;Colisão;;Não informado;;Meio De Quadra;;;0;1;0;1;1;0;0;0;0;0;0;0;0;(-38.5911622 -3.7756983);
;2022-05-06 20:59:33;Avenida Senador Carlos Jereissati;;;Serrinha;;Colisão;;Não informado;;Meio De Quadra Sem Numero;;;0;1;0;1;1;0;0;0;0;0;0;0;0;(-38.5416215 -3.7803066);
;2022-05-06 19:59:40;Travessa Soriano Albuquerque;Rua Soriano Albuquerque;;Joaquim Tavora;;Colisão;;Não informado;;Cruzamento;;;0;1;0;1;1;0;0;0;0;0;0;0;0;(-38.5158107 -3.7488865);
;2022-05-06 19:56:26;24 De Maio;A Meton De Alencar;;Centro;;Colisão;;Não informado;;Cruzamento;;;0;1;0;1;1;0;0;0;0;0;0;0;0;(-38.5324379 -3.7331199);
;2022-05-06 18:19:50;Av Bezerra De Menezes;;;Sao Gerardo;;Colisão;;Não informado;;Meio De Quadra;;;0;1;0;0;2;0;0;0;0;0;0;0;0;(-38.5641238 -3.7358102);
;2022-05-06 17:06:38;Rua Hilda Chavante;;;Pici;;Colisão;;Não informado;;Meio De Quadra;;;0;2;0;1;1;0;0;0;0;0;0;0;0;(-38.5750603 -3.7593952);
;2022-05-06 15:53:04;Ministro Albuquerque Lima;;;Conjunto Ceara;;Queda;;Não informado;;Meio De Quadra Sem Numero;;;0;1;0;1;0;0;0;0;0;0;0;0;0;(-38.6072107 -3.7689213);
;2022-05-06 15:37:22;Conego De Castro;;;Canindezinho;;Colisão;;Não informado;;Meio De Quadra;;;0;1;0;1;0;0;1;0;0;0;0;0;0;(-38.5994249 -3.8153119);
;2022-05-06 15:08:42;Emilio De Menezes;;;Bonsucesso;;Colisão;;Não informado;;Meio De Quadra;;;0;1;0;2;0;0;0;0;0;0;0;0;0;(-38.58985300000001 -3.7812726);
;2022-05-06 12:48:24;Beni De Carvalho;Rua Senador Virgio Tavora;;Aldeota;;Colisão;;Não informado;;Cruzamento;;;0;1;0;1;1;0;0;0;0;0;0;0;0;(-38.4959798 -3.7456611);
;2022-05-06 12:47:55;A;;;Granja Lisboa;;Queda;;Não informado;;Meio De Quadra;;;0;1;0;1;0;0;0;0;0;0;0;0;0;(0 0);
;2022-05-06 12:12:30;Senador Fernandes Tavora;;;Autran Nunes;;Queda;;Não informado;;Meio De Quadra;;;0;1;0;1;0;0;0;0;0;0;0;0;0;(-38.5937402 -3.7561086);
;2022-05-06 03:17:41;Av.Lineu Machado;;;Joquei Clube;;Queda;;Não informado;;Meio De Quadra;;;0;1;0;1;0;0;0;0;0;0;0;0;0;(-38.5785127 -3.76868);
;2022-05-06 03:01:54;Humberto Monte;;;Parquelandia;;Queda;;Não informado;;Meio De Quadra;;;0;1;0;1;0;0;0;0;0;0;0;0;0;(-38.5689799 -3.7385857);
;2022-05-06 01:30:33;Godofredo Maciel;;;Maraponga;;Colisão;;Não informado;;Meio De Quadra Sem Numero;;;0;1;0;1;1;0;0;0;0;0;0;0;0;(-38.5700693 -3.7966838);
;2022-05-05 23:01:30;Naiara Batista - Comunidade 7 De Setemebro;;;Siqueira;;Colisão;;Não informado;;Meio De Quadra;;;0;1;0;0;2;0;0;0;0;0;0;0;0;(-38.6301361 -3.8002436);
;2022-05-05 20:36:40;Rua Professor Edgard De Arruda;;;Joquei Clube;;Atropelamento;;Não informado;;Meio De Quadra;;;0;1;0;1;0;0;0;0;0;0;0;0;0;(-38.5932252 -3.7538159);
;2022-05-05 20:30:35;Jornalista Joao Ramos;;;Planalto Ayrton Senna;;Colisão;;Não informado;;Meio De Quadra;;;0;2;0;1;1;0;0;0;0;0;0;0;0;(-38.581815 -3.83975);
;2022-05-05 20:17:09;Jose Bastos;;;Bela Vista;;Colisão;;Não informado;;Meio De Quadra;;;0;1;0;1;1;0;0;0;0;0;0;0;0;(-38.5569573 -3.7562047);
;2022-05-05 19:22:54;Alberto Craveiro - Sentindo Praia;Sertão;;Boa Vista;;Colisão;;Não informado;;Cruzamento;;;0;2;0;2;0;0;0;0;0;0;0;0;0;(-38.5200995 -3.8012212);
;2022-05-05 19:21:49;Rua Maria Julia -;;;Bom Jardim;;Colisão;;Não informado;;Meio De Quadra;;;0;1;0;1;1;0;0;0;0;0;0;0;0;(0 0);
;2022-05-05 16:44:30;Carneiro De Mendonça - Ernesto Pedro Santos;;;Joquei Clube;;Colisão;;Não informado;;Meio De Quadra;;;0;2;0;2;0;0;0;0;0;0;0;0;0;(-38.5749547 -3.7600215);
;2022-05-05 15:58:36;Avenida Doutor Theberge - Sargento Herminio;;;Presidente Kennedy;;Queda;;Não informado;;Meio De Quadra Sem Numero;;;0;1;0;1;0;0;0;0;0;0;0;0;0;(-38.5693215 -3.7278979);
;2022-05-05 15:56:46;Duque De Caxias;Tristao Gonçalves;;Centro;;Colisão;;Não informado;;Cruzamento;;;0;1;0;0;2;0;0;0;0;0;0;0;0;(-38.5342362 -3.7304373);
;2022-05-05 14:39:02;Presidente Castelo Branco;;;Moura Brasil;;Colisão;;Não informado;;Meio De Quadra;;;0;1;0;1;1;0;0;0;0;0;0;0;0;(-38.5225353 -3.7232257);
;2022-05-05 14:35:49;Borges De Melo;;;Fatima;;Colisão;;Não informado;;Meio De Quadra;;;0;1;0;1;1;0;0;0;0;0;0;0;0;(-38.5265275 -3.7607857);
;2022-05-05 14:01:47;Coronel Joao De Oliveira;;;Messejana;;Colisão;;Não informado;;Meio De Quadra;;;0;1;0;0;2;0;0;0;0;0;0;0;0;(-38.4846893 -3.823355899999999);
;2022-05-05 12:45:57;Coronel Matos Dourado Antoni;;;Antonio Bezerra;;Queda;;Não informado;;Meio De Quadra;;;0;1;0;1;0;0;0;0;0;0;0;0;0;(-38.5849011 -3.7445358);
;2022-05-05 12:09:12;Jose Bastos;;;Bela Vista;;Colisão;;Não informado;;Meio De Quadra;;;0;1;0;1;1;0;0;0;0;0;0;0;0;(-38.55743229999999 -3.7566);
;2022-05-05 11:22:28;Luciano Carneiro;;;Parreao;;Colisão;;Não informado;;Meio De Quadra;;;0;1;0;2;0;0;0;0;0;0;0;0;0;(-38.533993 -3.7553561);
;2022-05-05 11:05:32;Padre Antonio Tomaz;;;Coco;;Colisão;;Não informado;;Meio De Quadra Sem Numero;;;0;1;0;0;1;0;0;0;0;1;0;0;0;(-38.4848291 -3.7441855);
;2022-05-05 10:45:38;Godofredo Maciel;;;Maraponga;;Queda;;Não informado;;Meio De Quadra;;;0;1;0;1;0;0;0;0;0;0;0;0;0;(-38.5743582 -3.809849499999999);
;2022-05-05 10:18:42;Conselheiro Lafaiete;;;Jardim Iracema;;Colisão;;Não informado;;Meio De Quadra;;;0;2;0;0;2;0;0;0;0;0;0;0;0;(-38.5783018 -3.7184116);
;2022-05-05 10:15:41;Frei Cirilo;;;Messejana;;Colisão;;Não informado;;Meio De Quadra;;;0;1;0;1;1;0;0;0;0;0;0;0;0;(-38.4968631 -3.8184466);
;2022-05-05 10:08:05;Jose  Torres;;;Granja Portugal;;Atropelamento;;Não informado;;Meio De Quadra;;;0;1;0;1;0;0;0;0;0;0;0;0;0;(-38.6078194 -3.7814265);
;2022-05-05 09:26:02;Duque De Caxias;;;Centro;;Atropelamento;;Não informado;;Meio De Quadra;;;0;1;0;0;1;0;0;0;0;0;0;0;0;(-38.5259591 -3.7333658);
;2022-05-05 00:11:54;Bento Albuquerque;;;Coco;;Colisão;;Não informado;;Meio De Quadra;;;0;1;0;1;1;0;0;0;0;0;0;0;0;(-38.4726303 -3.7474599);
;2022-05-04 22:51:15;Amaro Bandeira;;;Barroso;;Colisão;;Não informado;;Meio De Quadra;;;0;2;0;1;1;0;0;0;0;0;0;0;0;(-38.508513 -3.8217833);
;2022-05-04 22:48:27;Humberto Monte 1001;Rua Goiais;;Bela Vista;;Atropelamento;;Não informado;;Cruzamento;;;0;1;0;1;0;0;0;0;0;0;0;0;0;(-38.5597376 -3.750277);
;2022-05-04 21:33:22;Raimundo Girão;;;Praia De Iracema;;Colisão;;Não informado;;Meio De Quadra;;;0;2;0;0;2;0;0;0;0;0;0;0;0;(-38.5147789 -3.7202841);
;2022-05-04 21:18:43;Duque De Caxias;;;Centro;;Colisão;;Não informado;;Meio De Quadra Sem Numero;;;0;1;0;1;1;0;0;0;0;0;0;0;0;(-38.5332576 -3.7307412);
;2022-05-04 20:59:06;Av Bernardo Manuel;;;Itaperi;;Colisão;;Não informado;;Meio De Quadra;;;0;1;0;2;0;0;0;0;0;0;0;0;0;(-38.5490859 -3.7902979);
;2022-05-04 20:13:47;Avenida I;Avenida S;;Prefeito Jose Walter;;Queda;;Não informado;;Cruzamento;;;0;1;0;1;0;0;0;0;0;0;0;0;0;(-38.5537971 -3.8353486);
;2022-05-04 19:34:14;Avenida Augusto Dos Anjos;;;Bonsucesso;;Colisão;;Não informado;;Meio De Quadra;;;0;1;0;1;1;0;0;0;0;0;0;0;0;(-38.5790587 -3.7798155);
;2022-05-04 18:24:35;Rua Tertuliano Sales;;;Parreao;;Queda;;Não informado;;Meio De Quadra;;;0;1;0;1;0;0;0;0;0;0;0;0;0;(0 0);
;2022-05-04 16:00:43;Francisquinha Portela;;;Quintino Cunha;;Queda;;Não informado;;Meio De Quadra;;;0;1;0;1;0;0;0;0;0;0;0;0;0;(-38.5984039 -3.7254323);
;2022-05-04 12:49:18;Sargento Joao Pinheiro -;;;Granja Lisboa;;Colisão;;Não informado;;Meio De Quadra;;;0;1;0;1;1;0;0;0;0;0;0;0;0;(-38.6226043 -3.7825981);
;2022-05-04 12:26:33;Silas Munguba;;;Parangaba;;Colisão;;Não informado;;Meio De Quadra Sem Numero;;;0;1;0;1;1;0;0;0;0;0;0;0;0;(-38.5568892 -3.7816343);
;2022-05-04 12:21:49;Avenida Julio Abreu;;;Varjota;;Colisão;;Não informado;;Meio De Quadra;;;0;2;0;1;1;0;0;0;0;0;0;0;0;(-38.4873741 -3.735551);
;2022-05-04 12:04:54;Pereira De Miranda;;;Papicu;;ACIDENTE ONIBUS (TRANSPORTE COLETIVO);;Não informado;;Meio De Quadra;;;0;1;0;0;0;0;0;1;0;0;0;0;0;(-38.4850115 -3.7385907);
;2022-05-04 11:07:04;Germano Franck;;;Parangaba;;Colisão;;Não informado;;Meio De Quadra;;;0;1;0;1;1;0;0;0;0;0;0;0;0;(-38.5586119 -3.7742278);
;2022-05-04 11:06:44;Juscelino Kubstchek;;;Passare;;Colisão;;Não informado;;Meio De Quadra;;;0;1;0;1;1;0;0;0;0;0;0;0;0;(-38.5339248 -3.8206121);
;2022-05-04 10:29:50;Mister Hull;;;Antonio Bezerra;;Colisão;;Não informado;;Meio De Quadra;;;0;1;0;0;2;0;0;0;0;0;0;0;0;(-38.591083 -3.7392042);
;2022-05-04 10:21:13;Pompilho Gomes;;;Jangurussu;;Colisão;;Não informado;;Meio De Quadra;;;0;1;0;1;1;0;0;0;0;0;0;0;0;(0 0);
;2022-05-04 09:48:00;Itatitaia;;;Canindezinho;;Colisão;;Não informado;;Meio De Quadra;;;0;1;0;1;1;0;0;0;0;0;0;0;0;(-38.6019368 -3.8081072);
;2022-05-04 09:29:27;Nova Conquista (;R.3 Coraçoes);;Granja Lisboa;;Colisão;;Não informado;;Cruzamento;;;0;1;0;2;0;0;0;0;0;0;0;0;0;(-38.6114193 -3.7918806);
;2022-05-04 03:36:46;Juscelino Kubstchek;;;Passare;;Colisão;;Não informado;;Meio De Quadra;;;0;1;0;1;1;0;0;0;0;0;0;0;0;(-38.5293691 -3.8126024);
;2022-05-04 03:17:21;Osorio De Paiva;;;Siqueira;;Colisão;;Não informado;;Meio De Quadra Sem Numero;;;0;1;0;1;1;0;0;0;0;0;0;0;0;(-38.6103328 -3.8133833);
;2022-05-04 01:52:05;Godofredo Marciel;;;Mondubim;;Queda;;Não informado;;Meio De Quadra;;;0;1;0;1;0;0;0;0;0;0;0;0;0;(-38.573543 -3.808011);
;2022-05-03 23:32:20;Av. Augusto Dos Ajnos;;;Parangaba;;Colisão;;Não informado;;Meio De Quadra;;;0;1;0;2;0;0;0;0;0;0;0;0;0;(-38.5776473 -3.7782866);
;2022-05-03 23:24:22;Rua Do Pocinho;;;Centro;;Atropelamento;;Não informado;;Meio De Quadra;;;0;1;0;0;0;0;0;1;0;0;0;0;0;(0 0);
;2022-05-03 21:15:43;Avenida Paulino Rocha;;;Cajazeiras;;Colisão;;Não informado;;Meio De Quadra Sem Numero;;;0;1;0;1;1;0;0;0;0;0;0;0;0;(-38.5081884 -3.8061682);
;2022-05-03 18:20:07;Avenida Treze De Maio;;;Fatima;;Colisão;;Não informado;;Meio De Quadra Sem Numero;;;0;1;0;1;1;0;0;0;0;0;0;0;0;(-38.5297266 -3.7489328);
;2022-05-03 17:00:31;860;;;Conjunto Ceara;;Colisão;;Não informado;;Meio De Quadra Sem Numero;;;0;1;0;0;2;0;0;0;0;0;0;0;0;(-38.5993337 -3.7689275);
;2022-05-03 16:55:40;BR 116 KM 5;;;Messejana;;Colisão;;Não informado;;Meio De Quadra;;;0;3;0;2;0;0;0;0;0;0;0;0;0;(0 0);
;2022-05-03 16:43:00;Maria Tomasia;Visconde De Maua;;Aldeota;;Colisão;;Não informado;;Cruzamento;;;0;1;0;1;1;0;0;0;0;0;0;0;0;(-38.4990297 -3.7349053);
;2022-05-03 16:18:01;Avenida Frei Cirilo;Sentindo Centro;;Cajazeiras;;Colisão;;Não informado;;Cruzamento;;;0;1;0;0;2;0;0;0;0;0;0;0;0;(-38.5001739 -3.8109351);
;2022-05-03 14:53:32;Val Paraiso;Parque Montenegro 2;;Prefeito Jose Walter;;Colisão;;Não informado;;Cruzamento;;;0;1;0;1;1;0;0;0;0;0;0;0;0;(-38.5189138 -3.8463738);
;2022-05-03 13:50:19;Osorio De Paiva;;;Canindezinho;;Queda;;Não informado;;Meio De Quadra;;;0;1;0;0;0;0;0;0;0;1;0;0;0;(-38.60401720000001 -3.8072112);
;2022-05-03 13:40:16;Maximiniano Da Fonseca;;;Engenheiro Luciano Cavalcante;;Colisão;;Não informado;;Meio De Quadra Sem Numero;;;0;1;0;1;1;0;0;0;0;0;0;0;0;(-38.4869315 -3.7709497);
;2022-05-03 12:46:57;Pinto Bandeira;;;Engenheiro Luciano Cavalcante;;Colisão;;Não informado;;Meio De Quadra;;;0;2;0;1;1;0;0;0;0;0;0;0;0;(-38.4865406 -3.7733812);
;2022-05-03 12:36:53;Tenente Moacir Matos;;;Montese;;Colisão;;Não informado;;Meio De Quadra;;;0;1;0;1;1;0;0;0;0;0;0;0;0;(-38.5544082 -3.7660156);
;2022-05-03 10:18:04;Avenida Tenente Lisboa;;;Jacarecanga;;Atropelamento;;Não informado;;Meio De Quadra;;;0;1;0;0;0;0;0;0;0;0;1;0;0;(0 0);
;2022-05-03 10:08:07;15 De Novembro;;;Montese;;Colisão;;Não informado;;Meio De Quadra;;;0;2;0;2;0;0;0;0;0;0;0;0;0;(-38.5549727 -3.7695296);
;2022-05-03 06:45:40;Av Dom Luis;;;Meireles;;Queda;;Não informado;;Meio De Quadra Sem Numero;;;0;1;0;1;0;0;0;0;0;0;0;0;0;(-38.4954412 -3.7339158);
;2022-05-03 05:12:05;Santos Dumont;Leonardo Mota;;Aldeota;;Queda;;Não informado;;Cruzamento;;;0;1;0;0;0;0;0;0;0;1;0;0;0;(-38.4964204 -3.7368784);
;2022-05-03 04:05:33;Gomes De Matos;;;Montese;;Atropelamento;;Não informado;;Meio De Quadra;;;0;1;0;0;1;0;0;0;0;0;0;0;0;(-38.5473215 -3.763469);
;2022-05-03 01:55:41;Professor Jose Bonifacio Px. Igreja De Cristo;;;Cristo Redentor;;Queda;;Não informado;;Meio De Quadra;;;0;1;0;0;0;0;0;0;0;1;0;0;0;(-38.5618607 -3.7076358);
;2022-05-03 01:51:18;Dom Manuel;;;Centro;;Queda;;Não informado;;Meio De Quadra;;;0;1;0;0;0;0;0;0;0;1;0;0;0;(-38.5206485 -3.7277224);
;2022-05-03 00:27:16;Av . Borges De Melo;;;Fatima;;Colisão;;Não informado;;Meio De Quadra;;;0;1;0;1;1;0;0;0;0;0;0;0;0;(-38.5326371 -3.7580193);
;2022-05-03 00:15:58;Crisanto Moreira Da Rocha;;;Cambeba;;Colisão;;Não informado;;Meio De Quadra;;;0;1;0;1;1;0;0;0;0;0;0;0;0;(-38.4816659 -3.8017156);
;2022-05-03 00:15:45;Coronel Virgilio Nogueira;;;Bom Jardim;;Atropelamento;;Não informado;;Meio De Quadra;;;0;2;0;1;0;0;0;0;0;0;0;0;0;(-38.6087925 -3.7894181);