COD_ACIDENTE;DATA;LOG1;LOG2;NUMERO;BAIRRO;AMC;NATUREZA;ILUMINACAO;TEMPO;SUPERFICIEPISTA;TIPOCRUZAMENTO;CONTROLETRAFEGO;USOSOLO;MORTOS;FERIDOS;ILESOS;MOTOCICLETA;AUTOMOVEL;MICROONIBUS;CAMINHAO;ONIBUS;CICLOMOTOR;BICICLETA;OUTROS;TREM;TRACAOANIMAL;COORDENADAS
;2022-05-02 22:19:40;Upa Bom Jardim;Ijf;;Bom Jardim;;Atropelamento;;Não informado;;Cruzamento;;;0;1;0;0;1;0;0;0;0;0;0;0;0;(-38.6247272 -3.7910194);
;2022-05-02 21:50:57;Lauro Vieira Chaves;;;Vila Uniao;;Atropelamento;;Não informado;;Meio De Quadra;;;0;1;0;1;0;0;0;0;0;0;0;0;0;(-38.5301148 -3.7739431);
;2022-05-02 20:56:41;Washington Spoares;;;Montese;;Colisão;;Não informado;;Meio De Quadra;;;0;1;0;0;2;0;0;0;0;0;0;0;0;(-38.4793307 -3.8051435);
;2022-05-02 20:09:51;Rua Francisca Bezerra Lima;;;Barroso;;Queda;;Não informado;;Meio De Quadra;;;0;1;0;0;0;0;0;0;0;1;0;0;0;(-38.5063714 -3.8183946);
;2022-05-02 20:01:02;Avenida Washington Luis;Antonio Arruda;;Vila Velha;;Colisão;;Não informado;;Cruzamento;;;0;1;0;1;1;0;0;0;0;0;0;0;0;(-38.592957 -3.716564);
;2022-05-02 18:01:37;Rua Sao Paulo;;;Centro;;Colisão;;Não informado;;Meio De Quadra;;;0;1;0;0;2;0;0;0;0;0;0;0;0;(-38.5261686 -3.7264063);
;2022-05-02 17:02:35;Perimetral;;;Mondubim;;Colisão;;Não informado;;Meio De Quadra Sem Numero;;;0;1;0;1;1;0;0;0;0;0;0;0;0;(-38.5327995 -3.8276466);
;2022-05-02 16:29:20;Maestro Lisboa;;;Lagoa Redonda;;Colisão;;Não informado;;Meio De Quadra;;;0;2;0;1;1;0;0;0;0;0;0;0;0;(-38.45034920000001 -3.8054951);
;2022-05-02 15:47:12;Pasteur;;;Carlito Pamplona;;Colisão;;Não informado;;Meio De Quadra;;;0;2;0;1;1;0;0;0;0;0;0;0;0;(-38.56143340000001 -3.7185128);
;2022-05-02 14:09:14;Ministro Jose Americo;;;Cambeba;;Colisão;;Não informado;;Meio De Quadra;;;0;1;0;1;1;0;0;0;0;0;0;0;0;(-38.4955454 -3.8107795);
;2022-05-02 13:19:51;15 Novembro;Zacarias Gondim 570;;Montese;;Colisão;;Não informado;;Cruzamento;;;0;1;0;1;1;0;0;0;0;0;0;0;0;(-38.5553235 -3.7691378);
;2022-05-02 12:37:21;Rua Jockey Clube Esq Av Lineu Machado;;;Joquei Clube;;Queda;;Não informado;;Meio De Quadra Sem Numero;;;0;1;0;1;0;0;0;0;0;0;0;0;0;(-38.5780534 -3.7681973);
;2022-05-02 12:08:13;Bragança;;;Granja Portugal;;Colisão;;Não informado;;Meio De Quadra;;;0;1;0;0;2;0;0;0;0;0;0;0;0;(0 0);
;2022-05-02 11:50:21;Rua Teodoro De Castro;;;Granja Portugal;;Queda;;Não informado;;Meio De Quadra;;;0;1;0;1;0;0;0;0;0;0;0;0;0;(-38.61036259999999 -3.7782396);
;2022-05-02 11:09:31;Jornalista Tomaz Coelho;;;Messejana;;Colisão;;Não informado;;Meio De Quadra Sem Numero;;;0;1;0;1;1;0;0;0;0;0;0;0;0;(-38.5107767 -3.8295793);
;2022-05-02 10:37:50;Felipe Camarao 1400;4 De Janeiro 175;;Cristo Redentor;;Colisão;;Não informado;;Cruzamento;;;0;1;0;1;1;0;0;0;0;0;0;0;0;(-38.5664382 -3.7070109);
;2022-05-02 10:26:49;Rua Conego De Castro;;;Parque Santa Rosa;;Colisão;;Não informado;;Meio De Quadra;;;0;1;0;2;0;0;0;0;0;0;0;0;0;(-38.5965357 -3.81064);
;2022-05-02 10:19:25;Tenente Moacir Matos Esq.;Barao De Caninde;;Montese;;Colisão;;Não informado;;Cruzamento;;;0;1;0;1;1;0;0;0;0;0;0;0;0;(-38.5546822 -3.7649073);
;2022-05-02 10:12:31;Pontes Vieira;;;Dionisio Torres;;Colisão;;Não informado;;Meio De Quadra;;;0;1;0;2;0;0;0;0;0;0;0;0;0;(-38.5036747 -3.7519466);
;2022-05-02 09:57:47;Avenida Vicente De Castro;;;Cais Do Porto;;Colisão;;Não informado;;Meio De Quadra Sem Numero;;;0;1;0;2;0;0;0;0;0;0;0;0;0;(-38.4730252 -3.7132388);
;2022-05-02 08:48:27;Av. Osorio De Paiva;;;Siqueira;;Queda de moto;;Não informado;;Meio De Quadra Sem Numero;;;0;1;0;2;0;0;0;0;0;0;0;0;0;(-38.6103328 -3.8133833);
;2022-05-02 05:52:53;Avenida Cesar Cals;;;Vicente Pinzon;;Colisão;;Não informado;;Meio De Quadra;;;0;2;0;1;1;0;0;0;0;0;0;0;0;(0 0);
;2022-05-02 02:02:52;Av Silas Munguba;;;Serrinha;;Queda;;Não informado;;Meio De Quadra;;;0;1;0;1;0;0;0;0;0;0;0;0;0;(-38.5311977 -3.7988981);
;2022-05-02 00:40:15;Bom Jesus;;;Bom Jardim;;Queda;;Não informado;;Meio De Quadra;;;0;1;0;1;0;0;0;0;0;0;0;0;0;(-38.607977 -3.7920376);
;2022-05-02 00:01:45;Conego De Castro;;;Manuel Satiro;;Atropelamento;;Não informado;;Meio De Quadra;;;0;1;0;0;0;0;0;1;0;0;0;0;0;(-38.5782898 -3.7900394);
;2022-05-01 23:41:22;Porto Velho;;;Parque Genibau;;Queda;;Não informado;;Meio De Quadra;;;0;1;0;1;0;0;0;0;0;0;0;0;0;(-38.5939337 -3.7623483);
;2022-05-01 22:43:25;Estrada  Do Jatoba;Jardim  Jatoba;;Siqueira;;Queda;;Não informado;;Cruzamento;;;0;1;0;1;0;0;0;0;0;0;0;0;0;(-38.6270596 -3.7990329);
;2022-05-01 21:14:32;Almirante Henrique Sapoia;;;Mucuripe;;Colisão;;Não informado;;Meio De Quadra;;;0;1;0;1;0;0;1;0;0;0;0;0;0;(-38.480577 -3.7279082);
;2022-05-01 20:14:02;Avenida Jose Jatahy;João Pessoa;;Benfica;;Queda;;Não informado;;Cruzamento;;;0;1;0;1;0;0;0;0;0;0;0;0;0;(-38.5434501 -3.7456965);
;2022-05-01 20:00:22;Rua Roberto Pedrosa;;;Vicente Pinzon;;Queda;;Não informado;;Meio De Quadra;;;0;1;0;1;0;0;0;0;0;0;0;0;0;(0 0);
;2022-05-01 18:24:33;Rua Flor De Liz;;;Itaoca;;Queda;;Não informado;;Meio De Quadra;;;0;1;0;0;0;0;0;0;0;1;0;0;0;(-38.5552272 -3.7775851);
;2022-05-01 17:39:44;A;Ministro Albuquerque;;Conjunto Ceara;;Colisão;;Não informado;;Cruzamento;;;0;1;0;1;1;0;0;0;0;0;0;0;0;(-38.6072107 -3.7689213);
;2022-05-01 16:00:01;Frei Mansueto;;;Meireles;;Colisão;;Não informado;;Meio De Quadra;;;0;1;0;1;1;0;0;0;0;0;0;0;0;(-38.48949090000001 -3.7255379);
;2022-05-01 14:58:17;Avenida Alberto Craveiro;;;Dias Macedo;;Atropelamento;;Não informado;;Meio De Quadra;;;0;1;0;1;0;0;0;0;0;0;0;0;0;(-38.5177778 -3.7891511);
;2022-05-01 12:57:55;Aboliçao;;;Meireles;;Atropelamento;;Não informado;;Meio De Quadra Sem Numero;;;0;1;0;1;0;0;0;0;0;0;0;0;0;(-38.496152 -3.7270653);
;2022-05-01 12:54:13;Barao De Studart;;;Meireles;;Colisão;;Não informado;;Meio De Quadra;;;0;1;0;1;1;0;0;0;0;0;0;0;0;(-38.5032436 -3.7247179);
;2022-05-01 12:43:30;Avenida Antonio Justa;;;Meireles;;Queda;;Não informado;;Meio De Quadra Sem Numero;;;0;1;0;0;0;0;0;0;0;1;0;0;0;(-38.4916335 -3.7286231);
;2022-05-01 11:59:31;Rua Viriato Ribeiro;Rua Argentina;;Bela Vista;;Colisão;;Não informado;;Cruzamento;;;0;2;0;1;1;0;0;0;0;0;0;0;0;(-38.5642853 -3.7471817);
;2022-05-01 11:20:44;Rua Estudante Juca;Montevidel;;Serrinha;;Colisão;;Não informado;;Cruzamento;;;0;1;0;1;1;0;0;0;0;0;0;0;0;(-38.5433876 -3.7876078);
;2022-05-01 08:24:33;Dioguinho;;;Vicente Pinzon;;Queda;;Não informado;;Meio De Quadra;;;0;2;0;1;0;0;0;0;0;0;0;0;0;(-38.4397208 -3.769043999999999);
;2022-05-01 04:55:10;Avenida Senador Fernandes Tavora;;;Joao Xxiii;;Colisão;;Não informado;;Meio De Quadra;;;0;1;0;1;1;0;0;0;0;0;0;0;0;(-38.5845637 -3.7610805);
;2022-05-01 04:28:17;Independencia;;;Quintino Cunha;;Queda;;Não informado;;Meio De Quadra;;;0;2;0;1;0;0;0;0;0;0;0;0;0;(-38.599027 -3.724771);
;2022-05-01 02:46:11;Rua Equador;;;Montese;;Colisão;;Não informado;;Meio De Quadra;;;0;1;0;1;1;0;0;0;0;0;0;0;0;(-38.5513523 -3.77033);
;2022-05-01 02:05:30;Av. Godofredo Marciel;;;Mondubim;;Colisão;;Não informado;;Meio De Quadra;;;0;1;0;1;1;0;0;0;0;0;0;0;0;(-38.5748521 -3.8112691);
;2022-04-30 23:15:16;Contorno Sul;;;Jangurussu;;Colisão;;Não informado;;Meio De Quadra Sem Numero;;;0;2;0;0;2;0;0;0;0;0;0;0;0;(-38.5199088 -3.8377883);
;2022-04-30 22:58:03;Osorio De Paiva;;;Siqueira;;Colisão;;Não informado;;Meio De Quadra;;;0;1;0;1;1;0;0;0;0;0;0;0;0;(-38.620648 -3.823772999999999);
;2022-04-30 22:58:02;Taquatiara;;;Messejana;;Colisão;;Não informado;;Meio De Quadra;;;0;1;0;1;1;0;0;0;0;0;0;0;0;(-38.502106 -3.830409);
;2022-04-30 22:43:41;Beira Mar;;;Praia De Iracema;;Queda;;Não informado;;Meio De Quadra;;;0;1;0;0;0;0;0;0;0;1;0;0;0;(-38.4995675 -3.7255017);
;2022-04-30 21:54:28;Avenida Sargento Herminio Sampaio;;;Presidente Kennedy;;Atropelamento;;Não informado;;Meio De Quadra;;;0;1;0;1;0;0;0;0;0;0;0;0;0;(-38.5735019 -3.7290892);
;2022-04-30 21:28:10;Beira Mar;;;Não informado;;Queda;;Não informado;;Meio De Quadra Sem Numero;;;0;1;0;0;0;0;0;0;0;1;0;0;0;(-38.5114501 -3.7202576);
;2022-04-30 20:57:21;L;;;Vila Velha;;Colisão;;Não informado;;Meio De Quadra Sem Numero;;;0;1;0;1;1;0;0;0;0;0;0;0;0;(0 0);
;2022-04-30 20:54:19;Av H;;;Prefeito Jose Walter;;Colisão;;Não informado;;Meio De Quadra;;;0;1;0;1;1;0;0;0;0;0;0;0;0;(-38.5574483 -3.8417288);
;2022-04-30 19:59:32;Avenida Monsenhor Tabosa;Barão De Aracati;;Praia De Iracema;;Colisão;;Não informado;;Cruzamento;;;0;1;0;1;1;0;0;0;0;0;0;0;0;(-38.5091718 -3.7242136);
;2022-04-30 18:55:33;Sao Joao;;;Bonsucesso;;Colisão;;Não informado;;Meio De Quadra;;;0;1;0;0;2;0;0;0;0;0;0;0;0;(-38.5948231 -3.7721934);
;2022-04-30 17:58:15;Rua Tabeliao Fabiao;;;Presidente Kennedy;;Colisão;;Não informado;;Meio De Quadra;;;0;1;0;1;1;0;0;0;0;0;0;0;0;(-38.5663144 -3.7337028);
;2022-04-30 17:54:57;Meton De Alencar -;Rua 24 De Maio;;Centro;;Colisão;;Não informado;;Cruzamento;;;0;1;0;1;1;0;0;0;0;0;0;0;0;(-38.5338568 -3.7326284);
;2022-04-30 16:44:13;Nossa Senhora Das Graças;;;Paupina;;Colisão;;Não informado;;Meio De Quadra;;;0;1;0;0;2;0;0;0;0;0;0;0;0;(-38.4813721 -3.8463238);
;2022-04-30 16:42:20;Lara;;;Barra Do Ceara;;Queda;;Não informado;;Meio De Quadra;;;0;1;0;1;0;0;0;0;0;0;0;0;0;(-38.5797512 -3.7142305);
;2022-04-30 16:17:04;Rua Estado Do Rio;Rua  Sergipe;;Democrito Rocha;;Colisão;;Não informado;;Cruzamento;;;0;1;0;1;1;0;0;0;0;0;0;0;0;(-38.5718663 -3.7601061);
;2022-04-30 15:34:59;Osorio De Paiva;;;Parangaba;;Colisão;;Não informado;;Meio De Quadra;;;0;1;0;0;2;0;0;0;0;0;0;0;0;(-38.568235 -3.7765746);
;2022-04-30 14:33:01;Avenida Major Assis;;;Jardim Iracema;;Colisão;;Não informado;;Meio De Quadra;;;0;1;0;1;1;0;0;0;0;0;0;0;0;(-38.5844676 -3.7238287);
;2022-04-30 13:25:59;Avenida Castelo De Castro -;;;Jangurussu;;Colisão;;Não informado;;Meio De Quadra;;;0;1;0;0;1;0;0;0;0;1;0;0;0;(-38.521517 -3.8369329);
;2022-04-30 13:07:29;Avenida Bernardo Manuel;;;Mondubim;;Queda;;Não informado;;Meio De Quadra;;;0;2;0;1;0;0;0;0;0;0;0;0;0;(-38.5567187 -3.816765699999999);
;2022-04-30 12:59:48;Rua Gomes Brasil;;;Parangaba;;Queda;;Não informado;;Meio De Quadra;;;0;1;0;1;0;0;0;0;0;0;0;0;0;(-38.5675858 -3.7743457);
;2022-04-30 11:55:36;Avenida Carneiro De Mendonça - Americo Barreira;;;Democrito Rocha;;Queda;;Não informado;;Meio De Quadra Sem Numero;;;0;1;0;1;0;0;0;0;0;0;0;0;0;(-38.5667168 -3.7641444);
;2022-04-30 11:54:36;N  >   Enfrente A Torre Da Guarda Municipal;;;Prefeito Jose Walter;;Queda;;Não informado;;Meio De Quadra;;;0;1;0;1;0;0;0;0;0;0;0;0;0;(0 0);
;2022-04-30 11:44:39;Jose Bastos;;;Parangaba;;Colisão;;Não informado;;Meio De Quadra;;;0;1;0;1;0;0;0;0;0;0;0;0;0;(-38.5508363 -3.7504645);
;2022-04-30 11:29:49;Anel Viario;;;Pedras;;Colisão;;Não informado;;Meio De Quadra Sem Numero;;;0;1;0;0;2;0;0;0;0;0;0;0;0;(-38.5103697 -3.8680996);
;2022-04-30 10:54:11;Engenheiro Luis Montenegro;;;Siqueira;;Colisão;;Não informado;;Meio De Quadra;;;0;1;0;0;2;0;0;0;0;0;0;0;0;(-38.6163052 -3.8145714);
;2022-04-30 10:40:49;Avenida Raul Cabral  Esq Av Murilo Borges;;;Aerolandia;;Queda;;Não informado;;Meio De Quadra Sem Numero;;;0;1;0;0;0;0;0;0;0;1;0;0;0;(-38.5030506 -3.765086);
;2022-04-30 09:56:35;Italia;;;Maraponga;;Queda;;Não informado;;Meio De Quadra;;;0;1;0;1;0;0;0;0;0;0;0;0;0;(-38.56347239999999 -3.7889412);
;2022-04-30 07:42:49;Dona Lucia Pinheiro;Rua Mangueira;;Quintino Cunha;;Colisão;;Não informado;;Cruzamento;;;0;1;0;0;2;0;0;0;0;0;0;0;0;(-38.6006054 -3.7312393);
;2022-04-30 05:33:45;Herculano Pena;;;Parque Presidente Vargas;;Queda;;Não informado;;Meio De Quadra;;;0;1;0;1;0;0;0;0;0;0;0;0;0;(-38.5973501 -3.8249414);
;2022-04-30 04:46:18;Avenida Conego De Castro;;;Parque Sao Jose;;Queda;;Não informado;;Meio De Quadra;;;0;1;0;1;0;0;0;0;0;0;0;0;0;(-38.5924404 -3.8053543);
;2022-04-30 02:50:50;Rua Do Anjo Branco;;;Cambeba;;Colisão;;Não informado;;Meio De Quadra;;;0;1;0;0;2;0;0;0;0;0;0;0;0;(-38.4815632 -3.8029454);
;2022-04-30 02:43:14;Dois  - Churrascaria Do Rubinho;;;Barroso;;Colisão;;Não informado;;Meio De Quadra;;;0;1;0;1;1;0;0;0;0;0;0;0;0;(-38.5139041 -3.826440299999999);
;2022-04-30 02:32:28;15 De Novembro;;;Montese;;Queda;;Não informado;;Meio De Quadra;;;0;1;0;1;0;0;0;0;0;0;0;0;0;(-38.5514549 -3.7703882);
;2022-04-30 02:08:20;Av. Bezerra De Meneses;Av. Silva Jathay;;Não informado;;Queda;;Não informado;;Cruzamento;;;0;1;0;1;0;0;0;0;0;0;0;0;0;(-38.5548599 -3.7335861);
;2022-04-30 01:34:42;Almirante Maximiniano Da Fonseca;;;Engenheiro Luciano Cavalcante;;Colisão;;Não informado;;Meio De Quadra Sem Numero;;;0;1;0;1;1;0;0;0;0;0;0;0;0;(-38.4869315 -3.7709497);
;2022-04-30 00:43:16;General Onofre;;;Maraponga;;Colisão;;Não informado;;Meio De Quadra;;;0;1;0;2;0;0;0;0;0;0;0;0;0;(-38.56914440000001 -3.8085944);
;2022-04-30 00:11:14;Av. Genibau;;;Parque Genibau;;Colisão;;Não informado;;Meio De Quadra Sem Numero;;;0;1;0;1;1;0;0;0;0;0;0;0;0;(-38.5986164 -3.760999);
;2022-04-29 23:48:37;Roberto Kenedy;;;Barra Do Ceara;;Colisão;;Não informado;;Meio De Quadra;;;0;1;0;1;1;0;0;0;0;0;0;0;0;(-38.579438 -3.7044636);
;2022-04-29 23:39:12;Av. Washington Soares;;;Messejana;;Atropelamento;;Não informado;;Meio De Quadra;;;0;1;0;0;1;0;0;0;0;0;0;0;0;(0 0);
;2022-04-29 23:08:47;Washington Soares;;;Messejana;;Atropelamento;;Não informado;;Meio De Quadra;;;0;1;0;0;1;0;0;0;0;0;0;0;0;(-38.4822569 -3.8275855);
;2022-04-29 22:11:15;Perimetral;;;Messejana;;Colisão;;Não informado;;Meio De Quadra;;;0;1;0;1;1;0;0;0;0;0;0;0;0;(-38.5327995 -3.8276466);
;2022-04-29 21:32:32;Avenida Eduardo Girao;Av. Luciano Carneiro;;Fatima;;Colisão;;Não informado;;Cruzamento;;;0;1;0;1;1;0;0;0;0;0;0;0;0;(-38.5327702 -3.7519598);
;2022-04-29 21:09:41;Avenida Mister Hull;;;Presidente Kennedy;;Colisão;;Não informado;;Meio De Quadra Sem Numero;;;0;1;0;1;1;0;0;0;0;0;0;0;0;(-38.5736743 -3.7369751);
;2022-04-29 20:12:54;Frei Mansueto - Antonio Justa;;;Varjota;;Atropelamento;;Não informado;;Meio De Quadra;;;0;1;0;0;1;0;0;0;0;0;0;0;0;(-38.4890885 -3.729502499999999);
;2022-04-29 18:46:40;Rua Catole;;;Conjunto Palmeiras;;Colisão;;Não informado;;Meio De Quadra Sem Numero;;;0;1;0;1;1;0;0;0;0;0;0;0;0;(-38.5224043 -3.8543962);
;2022-04-29 18:02:12;Rua Gonçalves Ledo;Pereira Filgueiras;;Centro;;Colisão;;Não informado;;Cruzamento;;;0;1;0;1;1;0;0;0;0;0;0;0;0;(-38.5149865 -3.7276677);
;2022-04-29 14:59:49;Domingos Olimpio;;;Jose Bonifacio;;Colisão;;Não informado;;Meio De Quadra;;;0;1;0;1;1;0;0;0;0;0;0;0;0;(-38.526025 -3.7384231);
;2022-04-29 13:21:18;Av Duque De Caxias - Esquina - Barao R Branco;;;Centro;;Atropelamento;;Não informado;;Meio De Quadra;;;0;1;0;0;0;0;0;0;0;0;1;0;0;(0 0);
;2022-04-29 12:56:21;Miguel Gurgel;;;Coacu;;Queda;;Não informado;;Meio De Quadra Sem Numero;;;0;1;0;1;0;0;0;0;0;0;0;0;0;(-38.4824514 -3.8402533);
;2022-04-29 12:45:29;General Tertuliano Potiguar;Av.Almirante Henrique Saboia;;Coco;;Colisão;;Não informado;;Cruzamento;;;0;1;0;1;1;0;0;0;0;0;0;0;0;(-38.4911684 -3.7461589);
;2022-04-29 12:43:57;Av Deputado Paulino Rocha;;;Barroso;;Colisão;;Não informado;;Meio De Quadra;;;0;1;0;1;1;0;0;0;0;0;0;0;0;(-38.5141272 -3.8116018);
;2022-04-29 11:19:03;Azevedo Bolao 350 C;Otavio Justa;;Parque Araxa;;Colisão;;Não informado;;Cruzamento;;;0;2;0;1;1;0;0;0;0;0;0;0;0;(-38.5479402 -3.7345412);
;2022-04-29 11:11:30;Rua Caririaçu;;;Jacarecanga;;Queda;;Não informado;;Meio De Quadra;;;0;1;0;1;0;0;0;0;0;0;0;0;0;(-38.5473817 -3.7217036);
;2022-04-29 10:31:59;Av Contorno Sul;;;Conjunto Esperanca;;Queda;;Não informado;;Meio De Quadra;;;0;1;0;1;0;0;0;0;0;0;0;0;0;(-38.5902835 -3.818071);
;2022-04-29 09:23:21;Nogueira Acioly;R. Rocha Lima;;Centro;;Queda;;Não informado;;Cruzamento;;;0;1;0;1;0;0;0;0;0;0;0;0;0;(-38.5192938 -3.7373611);
;2022-04-29 09:15:01;Doutor Joaquim Bento;Cel. Enertos Matos;;Messejana;;Colisão;;Não informado;;Cruzamento;;;0;1;0;1;1;0;0;0;0;0;0;0;0;(-38.4895388 -3.8289915);
;2022-04-29 00:55:49;Washington Soares;;;Sao Bento;;Colisão;;Não informado;;Meio De Quadra;;;0;2;0;2;0;0;0;0;0;0;0;0;0;(-38.477754 -3.8472887);
;2022-04-28 23:28:28;Heraclito Graça;;;Centro;;Colisão;;Não informado;;Meio De Quadra;;;0;1;0;2;0;0;0;0;0;0;0;0;0;(0 0);
;2022-04-28 21:35:12;Avenida Godofredo Maciel;;;Parangaba;;Queda;;Não informado;;Meio De Quadra;;;0;1;0;1;0;0;0;0;0;0;0;0;0;(-38.5657402 -3.7823479);
;2022-04-28 20:18:27;Osorio Correia;Bairro Aracape;;Aracape;;Colisão;;Não informado;;Cruzamento;;;0;1;0;2;0;0;0;0;0;0;0;0;0;(-38.6005674 -3.8212277);
;2022-04-28 19:08:41;Jose Dantas Pereira;;;Canindezinho;;Atropelamento;;Não informado;;Meio De Quadra Sem Numero;;;0;1;0;1;0;0;0;0;0;0;0;0;0;(-38.607706 -3.8224972);
;2022-04-28 16:30:50;Av Central;& Alanes  Maria;;Conjunto Ceara;;Queda;;Não informado;;Cruzamento;;;0;1;0;0;0;0;0;0;0;1;0;0;0;(-38.6318015 -3.7687997);
;2022-04-28 11:06:14;H;;;Prefeito Jose Walter;;Colisão;;Não informado;;Meio De Quadra;;;0;1;0;1;1;0;0;0;0;0;0;0;0;(0 0);
;2022-04-28 10:45:18;Padre Antonio Tomas;;;Aldeota;;Atropelamento;;Não informado;;Meio De Quadra Sem Numero;;;0;1;0;0;1;0;0;0;0;0;0;0;0;(-38.4947395 -3.7417341);
;2022-04-28 09:41:47;Rua Nogueira Acioly;Rua Joao Brigido;;Joaquim Tavora;;Colisão;;Não informado;;Cruzamento;;;0;1;0;0;1;0;0;0;0;1;0;0;0;(-38.5200393 -3.7392651);
;2022-04-28 00:57:41;Da Aboliçao;;;Meireles;;Colisão;;Não informado;;Meio De Quadra;;;0;1;0;1;1;0;0;0;0;0;0;0;0;(0 0);
;2022-04-27 21:55:04;Tulipa;;;Barra Do Ceara;;Colisão;;Não informado;;Meio De Quadra;;;0;1;0;0;2;0;0;0;0;0;0;0;0;(-38.578464 -3.7113823);
;2022-04-27 17:46:21;Rua Lins Do Rego;;;Vila Peri;;Atropelamento;;Não informado;;Meio De Quadra;;;0;1;0;0;0;0;0;0;0;0;1;0;0;(-38.5790665 -3.781344);
;2022-04-27 17:26:00;Avenida Duque De Caxias;Senador Pompeu;;Centro;;Colisão;;Não informado;;Cruzamento;;;0;1;0;1;1;0;0;0;0;0;0;0;0;(-38.5310009 -3.7314688);
;2022-04-27 14:10:06;BR 116;;;Aerolandia;;Colisão;;Não informado;;Meio De Quadra Sem Numero;;;0;1;0;0;2;0;0;0;0;0;0;0;0;(0 0);
;2022-04-27 10:30:32;Juscelino Kubstchek;;;Passare;;Colisão;;Não informado;;Meio De Quadra Sem Numero;;;0;1;0;0;2;0;0;0;0;0;0;0;0;(-38.5321687 -3.8168436);
;2022-04-27 10:22:08;Rua Lidia Brigido;Avenida Brasil Soares;;Parque Manibura;;Colisão;;Não informado;;Cruzamento;;;0;1;0;1;1;0;0;0;0;0;0;0;0;(-38.4847511 -3.7911258);
;2022-04-27 10:01:30;Edilson Brasil Soares;;;Parque Manibura;;Colisão;;Não informado;;Meio De Quadra;;;0;1;0;1;1;0;0;0;0;0;0;0;0;(-38.4846843 -3.790063);
;2022-04-27 09:32:12;Jose Leon;Manuel Monteiro;;Cidade Dos Funcionarios;;Colisão;;Não informado;;Cruzamento;;;0;1;0;0;1;0;0;0;0;1;0;0;0;(-38.499423 -3.7884259);
;2022-04-27 01:56:07;Osorio De Paiva;;;Parangaba;;Atropelamento;;Não informado;;Meio De Quadra;;;0;1;0;0;0;0;0;0;0;0;1;0;0;(-38.571673 -3.779614);
;2022-04-27 01:14:04;Senador Fernandes Tavora;;;Autran Nunes;;Queda;;Não informado;;Meio De Quadra;;;0;1;0;1;0;0;0;0;0;0;0;0;0;(-38.5937402 -3.7561086);
;2022-04-27 00:36:47;Santa Filomena;;;Henrique Jorge;;Atropelamento;;Não informado;;Meio De Quadra;;;0;1;0;0;1;0;0;0;0;0;0;0;0;(-38.5916672 -3.762620999999999);
;2022-04-26 21:38:53;Juscelino Kubstchesk;;;Passare;;Colisão;;Não informado;;Meio De Quadra;;;0;1;0;0;2;0;0;0;0;0;0;0;0;(-38.5274101 -3.8220122);
;2022-04-26 21:31:32;Porto Alegre;;;Henrique Jorge;;Queda;;Não informado;;Meio De Quadra;;;0;1;0;1;0;0;0;0;0;0;0;0;0;(-38.5955469 -3.7577582);
;2022-04-26 21:14:00;Rua Euclides Onofre De Souza;;;Sapiranga;;Atropelamento;;Não informado;;Meio De Quadra;;;0;1;0;1;0;0;0;0;0;0;0;0;0;(-38.4650004 -3.7968748);
;2022-04-26 20:54:02;Rua Tiburcio Cavalcante;Tenente Benevono;;Meireles;;Colisão;;Não informado;;Cruzamento;;;0;1;0;1;1;0;0;0;0;0;0;0;0;(-38.5009074 -3.730699099999999);
;2022-04-26 20:45:26;Avenida Aguanambi;;;Fatima;;Colisão;;Não informado;;Meio De Quadra Sem Numero;;;0;1;0;0;2;0;0;0;0;0;0;0;0;(-38.5236413 -3.7512287);
;2022-04-26 20:30:00;Doutor Silas Munguba;Justa Araujo;;Serrinha;;Atropelamento;;Não informado;;Cruzamento;;;0;1;0;1;0;0;0;0;0;0;0;0;0;(-38.5534149 -3.7845299);
;2022-04-26 19:48:57;BR 116 KM 5;;;Messejana;;Colisão;;Não informado;;Meio De Quadra Sem Numero;;;0;1;0;1;1;0;0;0;0;0;0;0;0;(0 0);
;2022-04-26 19:27:17;Avenida Domingos Olimpio;;;Farias Brito;;Queda;;Não informado;;Meio De Quadra;;;0;1;0;1;0;0;0;0;0;0;0;0;0;(-38.5392949 -3.7341549);
;2022-04-26 18:58:50;Avenida Deputado Paulino Rocha;;;Cajazeiras;;Queda;;Não informado;;Meio De Quadra Sem Numero;;;0;1;0;1;0;0;0;0;0;0;0;0;0;(-38.5081884 -3.8061682);
;2022-04-26 18:37:38;Ministro Jose Americo;Fausto Aguiar;;Cambeba;;Colisão;;Não informado;;Cruzamento;;;0;1;0;1;1;0;0;0;0;0;0;0;0;(-38.4932509 -3.810066399999999);
;2022-04-26 18:19:34;Joaquim Magalhaes;;;Benfica;;Atropelamento;;Não informado;;Meio De Quadra;;;0;1;0;0;1;0;0;0;0;0;0;0;0;(-38.5333606 -3.7383366);
;2022-04-26 17:53:57;General Osorio De Paiva- Frotinha Parangaba;;;Parangaba;;Queda;;Não informado;;Meio De Quadra;;;0;1;0;1;0;0;0;0;0;0;0;0;0;(-38.571673 -3.779614);
;2022-04-26 17:41:14;Rua Castelo De Castro;Rua Gergilim;;Jangurussu;;Queda;;Não informado;;Cruzamento;;;0;1;0;1;0;0;0;0;0;0;0;0;0;(-38.5217071 -3.8416767);