COD_ACIDENTE;DATA;LOG1;LOG2;NUMERO;BAIRRO;AMC;NATUREZA;ILUMINACAO;TEMPO;SUPERFICIEPISTA;TIPOCRUZAMENTO;CONTROLETRAFEGO;USOSOLO;MORTOS;FERIDOS;ILESOS;MOTOCICLETA;AUTOMOVEL;MICROONIBUS;CAMINHAO;ONIBUS;CICLOMOTOR;BICICLETA;OUTROS;TREM;TRACAOANIMAL;COORDENADAS
;2022-04-26 17:23:08;Castelo De Castro;Conj Sao Crsitovao;;Jangurussu;;Queda;;Não informado;;Cruzamento;;;0;1;0;1;0;0;0;0;0;0;0;0;0;(-38.5216603 -3.8435121);
;2022-04-26 16:58:19;Avenida Dos Expedicionarios -;;;Montese;;Atropelamento;;Não informado;;Meio De Quadra;;;0;1;0;0;1;0;0;0;0;0;0;0;0;(-38.5398747 -3.7597782);
;2022-04-26 15:16:47;Carapinima;;;Benfica;;Queda;;Não informado;;Meio De Quadra;;;0;1;0;1;0;0;0;0;0;0;0;0;0;(-38.5429417 -3.7429801);
;2022-04-26 15:15:53;Jose Bastos;;;Benfica;;Queda;;Não informado;;Meio De Quadra Sem Numero;;;0;1;0;1;0;0;0;0;0;0;0;0;0;(-38.5429655 -3.7418699);
;2022-04-26 11:17:55;Professor Heribaldo Costa;;;Henrique Jorge;;Queda;;Não informado;;Meio De Quadra;;;0;1;0;1;0;0;0;0;0;0;0;0;0;(-38.5821239 -3.756052199999999);
;2022-04-26 10:42:57;Avenida Senador Fernades Tavora;;;Joquei Clube;;Colisão;;Não informado;;Meio De Quadra;;;0;1;0;0;2;0;0;0;0;0;0;0;0;(-38.5736967 -3.7666938);
;2022-04-26 09:52:22;BR 116 KM 11;;;Messejana;;Colisão;;Não informado;;Meio De Quadra Sem Numero;;;0;1;0;1;1;0;0;0;0;0;0;0;0;(0 0);
;2022-04-26 09:13:20;Demetrio De Meneses;;;Antonio Bezerra;;Atropelamento;;Não informado;;Meio De Quadra Sem Numero;;;0;1;0;0;0;0;1;0;0;0;0;0;0;(-38.5837642 -3.7387149);
;2022-04-26 08:56:00;Demetrio Menezes - Viaduto Antonio Bezerra;;;Antonio Bezerra;;Colisão;;Não informado;;Meio De Quadra Sem Numero;;;0;1;0;0;2;0;0;0;0;0;0;0;0;(-38.5855393 -3.7380635);
;2022-04-25 22:23:44;Edilson Brasil Soares Vi;;;Sapiranga;;Colisão;;Não informado;;Meio De Quadra;;;0;1;0;0;2;0;0;0;0;0;0;0;0;(-38.4688108 -3.7884127);
;2022-04-25 22:23:13;Tupi 449 C;Rua Hipolito Brasil Px. Mercadinho Padre Cicero;;Joquei Clube;;Queda;;Não informado;;Cruzamento;;;0;1;0;1;0;0;0;0;0;0;0;0;0;(-38.5784538 -3.7592736);
;2022-04-25 22:09:28;Humberto Monte - Esta Na Faixa Do Ciclista;;;Presidente Kennedy;;Queda;;Não informado;;Meio De Quadra Sem Numero;;;0;1;0;0;0;0;0;0;0;1;0;0;0;(-38.5690174 -3.7373393);
;2022-04-25 21:01:33;Carlos Vasconcelos;Joao Brigido;;Joaquim Tavora;;Colisão;;Não informado;;Cruzamento;;;0;1;0;1;1;0;0;0;0;0;0;0;0;(-38.5135405 -3.7413314);
;2022-04-25 20:39:28;Avenida Bernardo Manuel;;;Parque Dois Irmaos;;Atropelamento;;Não informado;;Meio De Quadra;;;0;1;0;1;0;0;0;0;0;0;0;0;0;(-38.5492498 -3.7926468);
;2022-04-25 20:23:17;Antonio Sales Esq Rua Nunes Valente;;;Aldeota;;Colisão;;Não informado;;Meio De Quadra Sem Numero;;;0;1;0;1;1;0;0;0;0;0;0;0;0;(-38.50217 -3.74551);
;2022-04-25 20:18:30;Rua  Major Pedro Sampaio;Professor Costa Mendes;;Rodolfo Teofilo;;Colisão;;Não informado;;Cruzamento;;;0;3;0;2;0;0;0;0;0;0;0;0;0;(-38.5546674 -3.7476631);
;2022-04-25 18:14:33;Rua Dom Xisto Albano - Raimundo Nery;;;Vila Peri;;Queda;;Não informado;;Meio De Quadra;;;0;1;0;1;0;0;0;0;0;0;0;0;0;(-38.5855965 -3.7962979);
;2022-04-25 16:58:55;Avenida Alanis Maria Laurindo De Oliveira;;;Conjunto Ceara;;Queda;;Não informado;;Meio De Quadra;;;0;1;0;0;0;0;0;0;0;1;0;0;0;(-38.6089935 -3.7706105);
;2022-04-25 16:39:06;Alberto De Oliveira;;;Barra Do Ceara;;Colisão;;Não informado;;Meio De Quadra Sem Numero;;;0;1;0;1;1;0;0;0;0;0;0;0;0;(-38.5762455 -3.7097412);
;2022-04-25 14:39:05;Jose Dantas Pereira;;;Canindezinho;;Colisão;;Não informado;;Meio De Quadra;;;0;1;0;1;1;0;0;0;0;0;0;0;0;(-38.609057 -3.8216888);
;2022-04-25 12:59:12;Visconde Do Rio Branco Esq Avenida Heraclito Graça;;;Centro;;Colisão;;Não informado;;Meio De Quadra Sem Numero;;;0;1;0;1;1;0;0;0;0;0;0;0;0;(-38.5187759 -3.7353108);
;2022-04-25 10:46:48;Rua Suecia   - Equador;;;Itaperi;;Colisão;;Não informado;;Meio De Quadra;;;0;1;0;1;1;0;0;0;0;0;0;0;0;(-38.5578712 -3.7838053);
;2022-04-25 09:42:27;Oswaldo Cruz;Ana Biljhar;;Aldeota;;Colisão;;Não informado;;Cruzamento;;;0;1;0;0;2;0;0;0;0;0;0;0;0;(-38.4981146 -3.7286861);
;2022-04-25 08:49:41;Trajano De Medeiros;;;Vicente Pinzon;;Queda;;Não informado;;Meio De Quadra;;;0;1;0;0;0;0;0;0;0;1;0;0;0;(0 0);
;2022-04-25 08:37:52;Avenida Osorio De Paiva;;;Vila Peri;;Colisão;;Não informado;;Meio De Quadra;;;0;1;0;0;1;0;0;0;0;1;0;0;0;(-38.57915089999999 -3.7831679);
;2022-04-25 08:31:49;Padre Valdevino;;;Joaquim Tavora;;Colisão;;Não informado;;Meio De Quadra;;;0;1;0;1;1;0;0;0;0;0;0;0;0;(-38.5052963 -3.742925);
;2022-04-25 07:52:03;Coronel De Cavlho;;;Olavo Oliveira;;Colisão;;Não informado;;Meio De Quadra;;;0;1;0;1;1;0;0;0;0;0;0;0;0;(-38.5850147 -3.729721799999999);
;2022-04-25 02:50:56;Bernardo Manuel;;;Itaperi;;Colisão;;Não informado;;Meio De Quadra;;;0;2;0;0;2;0;0;0;0;0;0;0;0;(-38.55209079999999 -3.801496);
;2022-04-25 02:18:34;Bernardo Manuel;;;Parque Dois Irmaos;;Colisão;;Não informado;;Meio De Quadra;;;0;2;0;1;1;0;0;0;0;0;0;0;0;(-38.55644940000001 -3.8165269);
;2022-04-25 01:31:56;Teofredo Goiana;;;Cidade Dos Funcionarios;;Queda;;Não informado;;Meio De Quadra;;;0;2;0;1;0;0;0;0;0;0;0;0;0;(-38.5060997 -3.7875892);
;2022-04-25 01:31:55;Sargento Herminio Sampaio;;;Monte Castelo;;Colisão;;Não informado;;Meio De Quadra;;;0;2;0;1;1;0;0;0;0;0;0;0;0;(-38.55702369999999 -3.7261443);
;2022-04-25 00:52:38;Leste Oeste;;;Moura Brasil;;Colisão;;Não informado;;Meio De Quadra Sem Numero;;;0;1;0;1;1;0;0;0;0;0;0;0;0;(-38.5344252 -3.718373);
;2022-04-25 00:40:12;Jose Felix De Lima;;;Sapiranga;;Colisão;;Não informado;;Meio De Quadra;;;0;1;0;1;1;0;0;0;0;0;0;0;0;(-38.4664632 -3.7926712);
;2022-04-25 00:11:46;Washington Soares;;;Messejana;;Atropelamento;;Não informado;;Meio De Quadra;;;0;1;0;0;1;0;0;0;0;0;0;0;0;(-38.4807624 -3.82123);
;2022-04-24 22:59:05;Osorio De Paiva;;;Bonsucesso;;Colisão;;Não informado;;Meio De Quadra Sem Numero;;;0;1;0;2;0;0;0;0;0;0;0;0;0;(-38.584215 -3.7869308);
;2022-04-24 21:39:47;Perimetral E Rua Comendador Garcia;;;Parque Sao Jose;;Colisão;;Não informado;;Meio De Quadra;;;0;1;0;1;1;0;0;0;0;0;0;0;0;(0 0);
;2022-04-24 21:07:55;Julio Azevedo;Professor Heracto;;Papicu;;Colisão;;Não informado;;Cruzamento;;;0;1;0;1;1;0;0;0;0;0;0;0;0;(-38.4756996 -3.7324678);
;2022-04-24 18:35:23;Rua Ana Bilhar;;;Meireles;;Colisão;;Não informado;;Meio De Quadra;;;0;1;0;1;1;0;0;0;0;0;0;0;0;(-38.485136 -3.7315873);
;2022-04-24 17:18:25;Rua Parana;;;Pan Americano;;Queda;;Não informado;;Meio De Quadra;;;0;1;0;1;0;0;0;0;0;0;0;0;0;(-38.5672167 -3.7558934);
;2022-04-24 17:11:32;Presidente Castelo Branco - Jacinto De Matos;;;Moura Brasil;;Queda;;Não informado;;Meio De Quadra Sem Numero;;;0;1;0;1;0;0;0;0;0;0;0;0;0;(-38.5460161 -3.7146456);
;2022-04-24 17:08:36;Avenida Bernardo Manuel;;;Serrinha;;Atropelamento;;Não informado;;Meio De Quadra;;;0;1;0;1;0;0;0;0;0;0;0;0;0;(-38.5465232 -3.7823358);
;2022-04-24 15:33:26;H;87;;Prefeito Jose Walter;;Colisão;;Não informado;;Cruzamento;;;0;1;0;1;1;0;0;0;0;0;0;0;0;(0 0);
;2022-04-24 13:56:44;Joao Cordeiro;;;Praia De Iracema;;Colisão;;Não informado;;Meio De Quadra;;;0;1;0;1;1;0;0;0;0;0;0;0;0;(-38.5142141 -3.7293932);
;2022-04-24 12:09:56;Luciano Carneiro;;;Fatima;;Colisão;;Não informado;;Meio De Quadra;;;0;2;0;2;0;0;0;0;0;0;0;0;0;(-38.531433 -3.748515);
;2022-04-24 10:47:59;Dom Manuel;;;Centro;;Atropelamento;;Não informado;;Meio De Quadra;;;0;1;0;1;0;0;0;0;0;0;0;0;0;(-38.5219824 -3.7303028);
;2022-04-24 10:09:58;Monsenhor Tabosa 1381;Rui Barbosa;;Meireles;;Colisão;;Não informado;;Cruzamento;;;0;1;0;1;1;0;0;0;0;0;0;0;0;(-38.50622 -3.7241995);
;2022-04-24 07:04:38;Avenida Recreio;;;Lagoa Redonda;;Colisão;;Não informado;;Meio De Quadra;;;0;1;0;0;2;0;0;0;0;0;0;0;0;(-38.4507341 -3.8181612);
;2022-04-24 03:41:59;Rua Jose Mendonça;;;Parque Genibau;;Colisão;;Não informado;;Meio De Quadra;;;0;1;0;1;1;0;0;0;0;0;0;0;0;(-38.6025619 -3.7598866);
;2022-04-24 02:31:30;Rua Eusebio De Queiros;;;Itaoca;;Queda;;Não informado;;Meio De Quadra;;;0;1;0;1;0;0;0;0;0;0;0;0;0;(-38.557076 -3.7754389);
;2022-04-24 00:49:12;Vicente Leite;;;Meireles;;Colisão;;Não informado;;Meio De Quadra;;;0;1;0;1;1;0;0;0;0;0;0;0;0;(-38.4978427 -3.7448503);
;2022-04-24 00:19:52;Av. Monsenhor Tabosa;;;Não informado;;Atropelamento;;Não informado;;Meio De Quadra;;;0;1;0;0;1;0;0;0;0;0;0;0;0;(-38.5165337 -3.723897499999999);
;2022-04-23 23:17:56;Bom Jesus;;;Granja Lisboa;;Colisão;;Não informado;;Meio De Quadra;;;0;1;0;2;0;0;0;0;0;0;0;0;0;(-38.60776269999999 -3.7923642);
;2022-04-23 22:07:38;Jonalista Tomas Coelho Px. Frotinha Da Messejana;;;Barroso;;Queda;;Não informado;;Meio De Quadra;;;0;1;0;1;0;0;0;0;0;0;0;0;0;(-38.5091038 -3.8295043);
;2022-04-23 22:02:55;Rua Dom Henrique - Dantas;;;Vila Peri;;Colisão;;Não informado;;Meio De Quadra;;;0;1;0;1;1;0;0;0;0;0;0;0;0;(-38.5809312 -3.7881789);
;2022-04-23 21:56:15;Rua Benu Marcondes;;;Vila Velha;;Atropelamento;;Não informado;;Meio De Quadra;;;0;1;0;1;0;0;0;0;0;0;0;0;0;(-38.5962751 -3.7128254);
;2022-04-23 19:51:30;BR 116 KM 11;;;Messejana;;Queda;;Não informado;;Meio De Quadra Sem Numero;;;0;1;0;0;0;0;0;0;0;1;0;0;0;(0 0);
;2022-04-23 19:32:44;Avenida Presidente Castelo Branco;;;Pirambu;;Queda;;Não informado;;Meio De Quadra;;;0;1;0;1;0;0;0;0;0;0;0;0;0;(-38.55498499999999 -3.7120792);
;2022-04-23 18:42:00;Barbaosa De Freitas;Maria Tomasia;;Aldeota;;Colisão;;Não informado;;Cruzamento;;;0;1;0;1;1;0;0;0;0;0;0;0;0;(-38.4970451 -3.7355665);
;2022-04-23 16:59:37;Marechal Deodoro;Av. Domingos Olimpio;;Benfica;;Colisão;;Não informado;;Cruzamento;;;0;1;0;2;0;0;0;0;0;0;0;0;0;(-38.53338919999999 -3.735892599999999);
;2022-04-23 16:53:29;Rua Rosinha Sampaio;;;Quintino Cunha;;Colisão;;Não informado;;Meio De Quadra;;;0;1;0;1;1;0;0;0;0;0;0;0;0;(-38.59522380000001 -3.7246602);
;2022-04-23 15:38:56;Pontes Vieira Esq Rua Visconde De Maua;;;Dionisio Torres;;Colisão;;Não informado;;Meio De Quadra Sem Numero;;;0;2;0;1;1;0;0;0;0;0;0;0;0;(-38.5001897 -3.7519613);
;2022-04-23 14:50:00;Leste Oeste;;;Pirambu;;Queda;;Não informado;;Meio De Quadra;;;0;1;0;1;0;0;0;0;0;0;0;0;0;(-38.5628727 -3.7102805);
;2022-04-23 12:41:58;Rua Tome De Sousa;;;Messejana;;Queda;;Não informado;;Meio De Quadra;;;0;1;0;1;0;0;0;0;0;0;0;0;0;(-38.4855314 -3.8241216);
;2022-04-23 12:02:02;Rua Professor Alvaro Costa;;;Vicente Pinzon;;Colisão;;Não informado;;Meio De Quadra;;;0;2;0;1;1;0;0;0;0;0;0;0;0;(-38.4655415 -3.7233932);
;2022-04-23 11:00:51;Aguanambi;;;Fatima;;Colisão;;Não informado;;Meio De Quadra Sem Numero;;;0;1;0;0;2;0;0;0;0;0;0;0;0;(-38.5236413 -3.7512287);
;2022-04-23 10:56:58;Avenida Pontes Vieira;;;Dionisio Torres;;Queda;;Não informado;;Meio De Quadra;;;0;1;0;1;0;0;0;0;0;0;0;0;0;(-38.5084957 -3.7520007);
;2022-04-23 03:54:49;Doutor Joao Guilherme;;;Antonio Bezerra;;Queda;;Não informado;;Meio De Quadra;;;0;1;0;1;0;0;0;0;0;0;0;0;0;(-38.5887357 -3.7369876);
;2022-04-23 00:16:02;Pereira De Miranda;;;Papicu;;Atropelamento;;Não informado;;Meio De Quadra;;;0;1;0;1;0;0;0;0;0;0;0;0;0;(-38.4853432 -3.7387373);
;2022-04-22 22:01:35;Santos Dumont;;;Meireles;;Queda;;Não informado;;Meio De Quadra;;;0;1;0;1;0;0;0;0;0;0;0;0;0;(-38.5050751 -3.7342078);
;2022-04-22 21:28:34;Santos Dumont;Silva Paulet;;Aldeota;;Colisão;;Não informado;;Cruzamento;;;0;1;0;1;1;0;0;0;0;0;0;0;0;(-38.5022633 -3.7349664);
;2022-04-22 21:00:37;Rio Grande Do Sul;;;Pan Americano;;Colisão;;Não informado;;Meio De Quadra;;;0;1;0;0;2;0;0;0;0;0;0;0;0;(-38.5637201 -3.7528628);
;2022-04-22 20:35:07;Washington Soares;;;Jose De Alencar;;Colisão;;Não informado;;Meio De Quadra;;;0;1;0;2;0;0;0;0;0;0;0;0;0;(-38.4787089 -3.8063236);
;2022-04-22 20:29:48;Conego De Castro;Perimetral;;Parque Sao Jose;;Colisão;;Não informado;;Cruzamento;;;0;1;0;0;2;0;0;0;0;0;0;0;0;(-38.58503 -3.797556);
;2022-04-22 19:47:27;Rua Taubate;;;Granja Portugal;;Colisão;;Não informado;;Meio De Quadra;;;0;1;0;1;1;0;0;0;0;0;0;0;0;(-38.5990386 -3.7819681);
;2022-04-22 19:01:40;Upa Vila Velha X Hgf;;;Presidente Kennedy;;Queda;;Não informado;;Meio De Quadra Sem Numero;;;0;1;0;0;0;0;0;0;0;1;0;0;0;(-38.6017678 -3.7169314);
;2022-04-22 18:50:27;Rua Emidio Lobo;;;Papicu;;Colisão;;Não informado;;Meio De Quadra;;;0;1;0;1;1;0;0;0;0;0;0;0;0;(-38.4702119 -3.738332);
;2022-04-22 18:10:49;Avenida Deputado Paulino Rocha;;;Passare;;Colisão;;Não informado;;Meio De Quadra;;;0;1;0;1;1;0;0;0;0;0;0;0;0;(-38.5213462 -3.8098793);
;2022-04-22 17:18:56;Leste Oeste;;;Barra Do Ceara;;Colisão;;Não informado;;Meio De Quadra Sem Numero;;;0;1;0;1;1;0;0;0;0;0;0;0;0;(-38.5757674 -3.7057814);
;2022-04-22 17:18:55;Avenida Frei Cirilo;;;Messejana;;Queda;;Não informado;;Meio De Quadra;;;0;1;0;1;0;0;0;0;0;0;0;0;0;(-38.4976468 -3.8170585);
;2022-04-22 17:03:46;Avenida Luciano Carneiro;Rua Armando Nogueira;;Vila Uniao;;Colisão;;Não informado;;Cruzamento;;;0;1;0;1;1;0;0;0;0;0;0;0;0;(-38.5362716 -3.7634831);
;2022-04-22 14:01:55;Monsenhor Tabosa;;;Praia De Iracema;;Atropelamento;;Não informado;;Meio De Quadra;;;0;1;0;0;1;0;0;0;0;0;0;0;0;(-38.513999 -3.7236555);
;2022-04-22 13:36:18;Oto De Alencar;;;Jacarecanga;;Queda;;Não informado;;Meio De Quadra;;;0;1;0;1;0;0;0;0;0;0;0;0;0;(-38.5401003 -3.7241802);
;2022-04-22 13:24:02;Joao Pessoa;;;Damas;;Queda;;Não informado;;Meio De Quadra;;;0;1;0;1;0;0;0;0;0;0;0;0;0;(-38.552019 -3.7550192);
;2022-04-22 12:38:31;Sargento Herminio;;;Monte Castelo;;Colisão;;Não informado;;Meio De Quadra;;;0;1;0;1;1;0;0;0;0;0;0;0;0;(-38.5616077 -3.7264227);
;2022-04-22 12:25:10;Av Benjamim Brasil Esquina;Bernardo Manuel;;Parque Dois Irmaos;;Colisão;;Não informado;;Cruzamento;;;0;1;0;1;1;0;0;0;0;0;0;0;0;(-38.5569787 -3.808876);
;2022-04-22 12:10:10;Osorio De Paiva;;;Canindezinho;;Colisão;;Não informado;;Meio De Quadra;;;0;1;0;1;1;0;0;0;0;0;0;0;0;(-38.6081067 -3.811315);
;2022-04-22 11:06:19;Mister Hull;;;Pici;;Queda;;Não informado;;Meio De Quadra;;;0;2;0;1;0;0;0;0;0;0;0;0;0;(0 0);
;2022-04-22 05:31:07;13 De Maio;;;Benfica;;Queda;;Não informado;;Meio De Quadra;;;0;1;0;1;0;0;0;0;0;0;0;0;0;(-38.5419057 -3.7388694);
;2022-04-22 04:57:14;Avenida Duque De Caxias;;;Centro;;Colisão;;Não informado;;Meio De Quadra Sem Numero;;;0;1;0;0;2;0;0;0;0;0;0;0;0;(-38.5332576 -3.7307412);
;2022-04-22 04:15:06;Betel;;;Itaperi;;Colisão;;Não informado;;Meio De Quadra Sem Numero;;;0;1;0;1;1;0;0;0;0;0;0;0;0;(-38.5526492 -3.7922126);
;2022-04-22 03:22:28;H;L;;Conjunto Ceara;;Queda;;Não informado;;Cruzamento;;;0;1;0;1;0;0;0;0;0;0;0;0;0;(-38.6109924 -3.7758733);
;2022-04-21 23:21:17;Rua Joaquim Dos Anjos;;;Planalto Ayrton Senna;;Queda;;Não informado;;Meio De Quadra;;;0;1;0;0;0;0;0;0;0;1;0;0;0;(-38.567955 -3.8313486);
;2022-04-21 22:54:52;Jose Sombra;;;Parque Araxa;;Colisão;;Não informado;;Meio De Quadra;;;0;1;0;1;1;0;0;0;0;0;0;0;0;(-38.5473562 -3.7334325);
;2022-04-21 22:28:11;Maria Quintela;;;Bonsucesso;;Atropelamento;;Não informado;;Meio De Quadra;;;0;1;0;0;1;0;0;0;0;0;0;0;0;(0 0);
;2022-04-21 22:24:11;Teodoro De Castro;;;Granja Portugal;;Queda;;Não informado;;Meio De Quadra;;;0;1;0;1;0;0;0;0;0;0;0;0;0;(-38.6163589 -3.7766739);
;2022-04-21 20:36:09;Julio Braga;Andre Rebouças;;Bonsucesso;;Queda;;Não informado;;Cruzamento;;;0;2;0;1;0;0;0;0;0;0;0;0;0;(-38.5819128 -3.7752639);
;2022-04-21 19:51:46;Avenida Independencia -;;;Quintino Cunha;;Colisão;;Não informado;;Meio De Quadra;;;0;1;0;1;1;0;0;0;0;0;0;0;0;(-38.604843 -3.7229587);
;2022-04-21 19:00:58;Rua 3;;;Maraponga;;Atropelamento;;Não informado;;Meio De Quadra;;;0;1;0;1;0;0;0;0;0;0;0;0;0;(-38.5647148 -3.8011083);
;2022-04-21 18:22:41;Avenida Doutor Joao Maciel Filho;;;Jardim Das Oliveiras;;Queda;;Não informado;;Meio De Quadra;;;0;1;0;1;0;0;0;0;0;0;0;0;0;(-38.4950873 -3.7835785);
;2022-04-21 16:23:41;Do Passare;;;Parque Dois Irmaos;;Colisão;;Não informado;;Meio De Quadra Sem Numero;;;0;1;0;1;1;0;0;0;0;0;0;0;0;(-38.5427218 -3.819786);
;2022-04-21 14:41:11;Alanis Maria Laurindo De Oliveira -  G;Segunda Etapa;;Conjunto Ceara;;Queda;;Não informado;;Cruzamento;;;0;1;0;1;0;0;0;0;0;0;0;0;0;(-38.6071318 -3.7680946);
;2022-04-21 14:27:14;Juca;;;Dionisio Torres;;Colisão;;Não informado;;Meio De Quadra;;;0;1;0;1;1;0;0;0;0;0;0;0;0;(-38.4957096 -3.7516617);
;2022-04-21 14:26:28;Diamantina;Rio Grande Do Sul;;Democrito Rocha;;Colisão;;Não informado;;Cruzamento;;;0;1;0;1;1;0;0;0;0;0;0;0;0;(-38.5672446 -3.7574598);
;2022-04-21 10:40:36;Tristao Gonçalves - Meton De Alencar;;;Centro;;Queda;;Não informado;;Meio De Quadra;;;0;1;0;1;0;0;0;0;0;0;0;0;0;(0 0);
;2022-04-21 02:42:06;Rosa Cruz;;;Maraponga;;Atropelamento;;Não informado;;Meio De Quadra;;;0;1;0;0;1;0;0;0;0;0;0;0;0;(-38.5651499 -3.7998566);
;2022-04-21 01:58:17;General Osorio De Paiva;;;Canindezinho;;Colisão;;Não informado;;Meio De Quadra;;;0;2;0;0;2;0;0;0;0;0;0;0;0;(-38.6057183 -3.8089789);
;2022-04-21 00:17:27;Radialista Lima Vede;;;Barra Do Ceara;;Colisão;;Não informado;;Meio De Quadra Sem Numero;;;0;1;0;0;2;0;0;0;0;0;0;0;0;(-38.5898182 -3.7023369);
;2022-04-20 23:11:38;Jorge Figueiredo;;;Pedras;;Colisão;;Não informado;;Meio De Quadra;;;0;1;0;1;1;0;0;0;0;0;0;0;0;(-38.5169544 -3.892156);
;2022-04-20 23:10:06;Pompilio Gomes;Av. Pres Costa E Silva.;;Jangurussu;;Queda;;Não informado;;Cruzamento;;;0;1;0;1;0;0;0;0;0;0;0;0;0;(-38.5282735 -3.8293827);
;2022-04-20 23:04:37;Conselheiro Tristao;;;Fatima;;Colisão;;Não informado;;Meio De Quadra;;;0;1;0;1;1;0;0;0;0;0;0;0;0;(-38.5289919 -3.7470471);
;2022-04-20 22:34:55;Rua Tiradentes  - Px Clube Tiradentes;;;Rodolfo Teofilo;;Colisão;;Não informado;;Meio De Quadra;;;0;1;0;1;1;0;0;0;0;0;0;0;0;(-38.5471932 -3.7438278);
;2022-04-20 21:57:24;Rua Daura;;;Barroso;;Colisão;;Não informado;;Meio De Quadra;;;0;1;0;2;0;0;0;0;0;0;0;0;0;(-38.5099044 -3.822654899999999);
;2022-04-20 21:29:28;Conego Lima Supira Esq Rua Governador Joao Carlos;;;Serrinha;;Colisão;;Não informado;;Meio De Quadra Sem Numero;;;0;1;0;1;1;0;0;0;0;0;0;0;0;(-38.5530082 -3.7816049);
;2022-04-20 21:12:24;Itu;Mirtes Cordeiro;;Bom Jardim;;Colisão;;Não informado;;Cruzamento;;;0;2;0;2;0;0;0;0;0;0;0;0;0;(-38.6017608 -3.7881455);
;2022-04-20 21:11:43;Rua Isaias Boris Esq Rua Coronel Alexandrino;;;Montese;;Colisão;;Não informado;;Meio De Quadra Sem Numero;;;0;1;0;1;1;0;0;0;0;0;0;0;0;(-38.5533412 -3.7646725);
;2022-04-20 21:02:39;Rua General Joao Couto Esq Av Independencia;;;Quintino Cunha;;Colisão;;Não informado;;Meio De Quadra Sem Numero;;;0;1;0;1;1;0;0;0;0;0;0;0;0;(-38.588489 -3.7300051);
;2022-04-20 19:37:50;Avenida Juscelino Kubitschek;;;Passare;;Colisão;;Não informado;;Meio De Quadra Sem Numero;;;0;1;0;0;2;0;0;0;0;0;0;0;0;(-38.5321687 -3.8168436);
;2022-04-20 19:10:53;Rua Coronel Alexandrino Esq Rua Queiroz Rireiro;;;Montese;;Colisão;;Não informado;;Meio De Quadra;;;0;1;0;1;1;0;0;0;0;0;0;0;0;(0 0);
;2022-04-20 18:32:35;Avenida Juscelino Kubitschek;;;Passare;;Queda;;Não informado;;Meio De Quadra;;;0;1;0;1;0;0;0;0;0;0;0;0;0;(-38.5355611 -3.822135099999999);
;2022-04-20 18:17:39;Visconde De Maua;Padre Valdivino;;Dionisio Torres;;Colisão;;Não informado;;Cruzamento;;;0;1;0;1;1;0;0;0;0;0;0;0;0;(-38.5019065 -3.7437855);
;2022-04-20 17:58:51;Avenida Engenheiro Santana Junior;;;Papicu;;Colisão;;Não informado;;Meio De Quadra;;;0;1;0;0;2;0;0;0;0;0;0;0;0;(-38.4834729 -3.7381197);
;2022-04-20 17:56:12;Expedicionarios;Eduardo Angelin;;Montese;;Colisão;;Não informado;;Cruzamento;;;0;1;0;1;1;0;0;0;0;0;0;0;0;(-38.5429181 -3.7705576);
;2022-04-20 17:54:49;Rua Sao Domingos;;;Antonio Bezerra;;Atropelamento;;Não informado;;Meio De Quadra;;;0;1;0;0;1;0;0;0;0;0;0;0;0;(-38.5907857 -3.7367068);
;2022-04-20 16:48:34;Presidente Castelo Branco;;;Cristo Redentor;;Atropelamento;;Não informado;;Meio De Quadra Sem Numero;;;0;1;0;0;1;0;0;0;0;0;0;0;0;(-38.5645486 -3.7095397);
;2022-04-20 16:15:41;Cruzeiro Do Sul;Rua Lucas Pinto;;Carlito Pamplona;;Atropelamento;;Não informado;;Cruzamento;;;0;1;0;0;1;0;0;0;0;0;0;0;0;(-38.5585583 -3.7142823);
;2022-04-20 14:11:47;Rua Princesa Isabel;;;Benfica;;Colisão;;Não informado;;Meio De Quadra;;;0;1;0;0;1;0;0;0;0;1;0;0;0;(-38.5388356 -3.7383256);
;2022-04-20 12:43:21;Dom Manuel;Rua Dona Leopoldina;;Centro;;Colisão;;Não informado;;Cruzamento;;;0;1;0;0;1;0;0;0;0;1;0;0;0;(-38.5222833 -3.7329286);
;2022-04-20 12:17:50;Desembargador Leite Albuquerque;;;Meireles;;Colisão;;Não informado;;Meio De Quadra;;;0;1;0;0;1;0;0;0;0;1;0;0;0;(-38.4917203 -3.7394274);
;2022-04-20 11:00:17;Rua Trajano De Morais Esq Rua Professor Jose Silveira;;;Passare;;Colisão;;Não informado;;Meio De Quadra;;;0;1;0;1;1;0;0;0;0;0;0;0;0;(-38.5235522 -3.8100411);
;2022-04-20 10:50:29;Val Paraiso;;;Conjunto Palmeiras;;Colisão;;Não informado;;Meio De Quadra;;;0;1;0;1;1;0;0;0;0;0;0;0;0;(-38.5320675 -3.8388608);
;2022-04-20 10:30:55;Antonio Pompeu;R. Padre Mororo;;Farias Brito;;Colisão;;Não informado;;Cruzamento;;;0;1;0;1;1;0;0;0;0;0;0;0;0;(-38.5394598 -3.7320034);
;2022-04-20 09:34:42;Aguanambi;;;Jose Bonifacio;;Colisão;;Não informado;;Meio De Quadra;;;0;2;0;1;1;0;0;0;0;0;0;0;0;(0 0);