COD_ACIDENTE;DATA;LOG1;LOG2;NUMERO;BAIRRO;AMC;NATUREZA;ILUMINACAO;TEMPO;SUPERFICIEPISTA;TIPOCRUZAMENTO;CONTROLETRAFEGO;USOSOLO;MORTOS;FERIDOS;ILESOS;MOTOCICLETA;AUTOMOVEL;MICROONIBUS;CAMINHAO;ONIBUS;CICLOMOTOR;BICICLETA;OUTROS;TREM;TRACAOANIMAL;COORDENADAS
;2022-04-20 03:35:15;Sargento João Pinheiro;;;Bom Jardim;;Queda;;Não informado;;Meio De Quadra Sem Numero;;;0;1;0;1;0;0;0;0;0;0;0;0;0;(-38.6230856 -3.7838172);
;2022-04-20 03:09:46;Carneiro De Mendonça;Rua Rio Grande Do Sul;;Joquei Clube;;Colisão;;Não informado;;Cruzamento;;;0;1;0;0;1;0;1;0;0;0;0;0;0;(-38.5699794 -3.7623676);
;2022-04-20 02:09:14;Rua Jose Messias Matos;;;Boa Vista;;Colisão;;Não informado;;Meio De Quadra;;;0;1;0;1;1;0;0;0;0;0;0;0;0;(-38.5162361 -3.7961464);
;2022-04-19 23:17:25;Oscar Araripe;;;Bom Jardim;;Colisão;;Não informado;;Meio De Quadra;;;0;2;0;2;0;0;0;0;0;0;0;0;0;(-38.6026029 -3.7899979);
;2022-04-19 22:50:43;Silvinha Teles;;;Conjunto Palmeiras;;Colisão;;Não informado;;Meio De Quadra;;;0;2;0;1;1;0;0;0;0;0;0;0;0;(-38.5282411 -3.84682);
;2022-04-19 22:28:34;Rua Jose Hipolito;;;Messejana;;Colisão;;Não informado;;Meio De Quadra;;;0;1;0;1;1;0;0;0;0;0;0;0;0;(-38.4924496 -3.8331105);
;2022-04-19 20:39:41;Rua Rui Monte;;;Antonio Bezerra;;Atropelamento;;Não informado;;Meio De Quadra;;;0;1;0;0;1;0;0;0;0;0;0;0;0;(-38.5867861 -3.7448626);
;2022-04-19 20:22:57;Avenida Heraclito Graça;Visconde Do Rio Branco;;Centro;;Atropelamento;;Não informado;;Cruzamento;;;0;1;0;1;0;0;0;0;0;0;0;0;0;(-38.5246095 -3.7334701);
;2022-04-19 19:33:15;Rua Demetrio Menezes;;;Antonio Bezerra;;Colisão;;Não informado;;Meio De Quadra;;;0;1;0;0;2;0;0;0;0;0;0;0;0;(-38.5850349 -3.7373066);
;2022-04-19 16:04:12;I;;;Conjunto Ceara;;Colisão;;Não informado;;Meio De Quadra;;;0;1;0;2;0;0;0;0;0;0;0;0;0;(0 0);
;2022-04-19 15:46:50;Jornalista Tomas Coelho;;;Barroso;;Queda;;Não informado;;Meio De Quadra;;;0;1;0;1;0;0;0;0;0;0;0;0;0;(-38.5232692 -3.8288639);
;2022-04-19 14:38:57;Osorio De Paiva;;;Parangaba;;Queda;;Não informado;;Meio De Quadra Sem Numero;;;0;1;0;1;0;0;0;0;0;0;0;0;0;(-38.5711297 -3.7785352);
;2022-04-19 13:54:34;Tulipa;Rua Fenelon Bomilcar;;Jardim Iracema;;Colisão;;Não informado;;Cruzamento;;;0;2;0;2;0;0;0;0;0;0;0;0;0;(-38.58018819999999 -3.71613);
;2022-04-19 12:37:26;Avenida General Murilo Borges;;;Salinas;;Colisão;;Não informado;;Meio De Quadra Sem Numero;;;0;1;0;0;2;0;0;0;0;0;0;0;0;(-38.5030506 -3.765086);
;2022-04-19 12:23:14;Heraclito Graca;;;Aldeota;;Atropelamento;;Não informado;;Meio De Quadra;;;0;1;0;1;0;0;0;0;0;0;0;0;0;(-38.5140196 -3.7365535);
;2022-04-19 09:55:24;116.0;;;Aerolandia;;Colisão;;Não informado;;Meio De Quadra;;;0;1;0;1;1;0;0;0;0;0;0;0;0;(0 0);
;2022-04-19 09:23:41;Padre Antonio Tomas;;;Aldeota;;Colisão;;Não informado;;Meio De Quadra;;;0;1;0;0;2;0;0;0;0;0;0;0;0;(-38.4958533 -3.7411919);
;2022-04-18 21:58:14;Travessa Missionario -;Rua Nunes Feijo;;Jangurussu;;Atropelamento;;Não informado;;Cruzamento;;;0;1;0;0;1;0;0;0;0;0;0;0;0;(-38.506454 -3.8464998);
;2022-04-18 21:21:02;Mister Hull;;;Antonio Bezerra;;Queda;;Não informado;;Meio De Quadra Sem Numero;;;0;1;0;1;0;0;0;0;0;0;0;0;0;(-38.5918137 -3.7395231);
;2022-04-18 21:13:55;Leste Oeste;;;Cristo Redentor;;Atropelamento;;Não informado;;Meio De Quadra;;;0;1;0;1;0;0;0;0;0;0;0;0;0;(-38.5502877 -3.713350299999999);
;2022-04-18 20:49:40;Rua Carlos Juaçaba;;;Maraponga;;Colisão;;Não informado;;Meio De Quadra;;;0;1;0;2;0;0;0;0;0;0;0;0;0;(-38.562992 -3.793385);
;2022-04-18 20:45:46;Emilio De Menezes;;;Granja Portugal;;Queda;;Não informado;;Meio De Quadra;;;0;1;0;0;0;0;0;0;0;1;0;0;0;(-38.6046218 -3.7767444);
;2022-04-18 20:39:31;Antonio Barbosa;;;Planalto Ayrton Senna;;Queda;;Não informado;;Meio De Quadra;;;0;1;0;1;0;0;0;0;0;0;0;0;0;(-38.5639154 -3.829609);
;2022-04-18 19:53:31;Presidente Costa E Silva Esq.;Bernardo Manuel;;Prefeito Jose Walter;;Queda;;Não informado;;Cruzamento;;;0;1;0;0;0;0;0;0;0;1;0;0;0;(-38.5613587 -3.8318327);
;2022-04-18 19:26:27;Inacio Vasconcelos - Araujo Torreão;;;Messejana;;Colisão;;Não informado;;Meio De Quadra;;;0;1;0;1;1;0;0;0;0;0;0;0;0;(0 0);
;2022-04-18 18:22:21;Professor Costa Mendes -;Rua Frei Marcelino;;Rodolfo Teofilo;;Colisão;;Não informado;;Cruzamento;;;0;1;0;1;1;0;0;0;0;0;0;0;0;(-38.5554084 -3.7469976);
;2022-04-18 17:10:20;Jose Augusto;;;Boa Vista;;Atropelamento;;Não informado;;Meio De Quadra;;;0;1;0;1;0;0;0;0;0;0;0;0;0;(-38.5159556 -3.8000637);
;2022-04-18 17:05:30;Avenida Da Universidade;;;Benfica;;Colisão;;Não informado;;Meio De Quadra;;;0;2;0;1;1;0;0;0;0;0;0;0;0;(-38.5422515 -3.7441882);
;2022-04-18 15:37:39;Cidade Ecologica;;;Edson Queiroz;;Colisão;;Não informado;;Meio De Quadra;;;0;1;0;1;1;0;0;0;0;0;0;0;0;(-38.4663708 -3.7737355);
;2022-04-18 15:09:52;Rua Juvencio Vasconcelos;;;Mucuripe;;Atropelamento;;Não informado;;Meio De Quadra;;;0;1;0;0;1;0;0;0;0;0;0;0;0;(-38.481286 -3.7240487);
;2022-04-18 14:29:33;Rua Emilia Gonçalves -;;;Quintino Cunha;;Queda;;Não informado;;Meio De Quadra;;;0;1;0;1;0;0;0;0;0;0;0;0;0;(-38.5955874 -3.7268674);
;2022-04-18 14:28:46;Conego De Castro;;;Parque Sao Jose;;Queda;;Não informado;;Meio De Quadra;;;0;1;0;1;0;0;0;0;0;0;0;0;0;(-38.587622 -3.8001763);
;2022-04-18 11:32:55;Nova Esperanca;;;Dias Macedo;;Atropelamento;;Não informado;;Meio De Quadra;;;0;1;0;0;1;0;0;0;0;0;0;0;0;(-38.5229982 -3.7838355);
;2022-04-18 11:31:06;Barao  De Aracati;;;Joaquim Tavora;;Queda;;Não informado;;Meio De Quadra;;;0;1;0;1;0;0;0;0;0;0;0;0;0;(-38.515441 -3.743501);
;2022-04-18 11:01:23;Leste Oeste;;;Pirambu;;Queda;;Não informado;;Meio De Quadra;;;0;1;0;1;0;0;0;0;0;0;0;0;0;(-38.5533208 -3.7121696);
;2022-04-18 10:34:09;Porto Velho -;Rua Professor Miramar Da Ponte;;Joao Xxiii;;Colisão;;Não informado;;Cruzamento;;;0;1;0;1;1;0;0;0;0;0;0;0;0;(-38.5877332 -3.7655486);
;2022-04-18 09:33:49;Br116;;;Fatima;;Atropelamento;;Não informado;;Meio De Quadra Sem Numero;;;0;1;0;0;1;0;0;0;0;0;0;0;0;(-38.5212359 -3.7571068);
;2022-04-18 09:14:13;Frei Cirilo;;;Messejana;;Atropelamento;;Não informado;;Meio De Quadra;;;0;3;0;1;0;0;0;0;0;0;0;0;0;(-38.4955386 -3.8210832);
;2022-04-18 07:03:27;Godofredo Marciel;;;Maraponga;;Atropelamento;;Não informado;;Meio De Quadra;;;0;1;0;0;1;0;0;0;0;0;0;0;0;(0 0);
;2022-04-18 06:38:12;Rua Paranai;;;Planalto Ayrton Senna;;Atropelamento;;Não informado;;Meio De Quadra;;;0;1;0;0;0;0;0;0;0;0;1;0;0;(-38.5681766 -3.831474);
;2022-04-18 05:11:22;Julio Silva;;;Antonio Diogo;;Queda;;Não informado;;Meio De Quadra;;;0;1;0;0;0;0;0;0;0;1;0;0;0;(-38.4542732 -3.744987999999999);
;2022-04-18 03:05:45;Barra Vermelha;;;Bom Jardim;;Queda;;Não informado;;Meio De Quadra;;;0;1;0;0;0;0;0;0;0;1;0;0;0;(-38.6146646 -3.7872136);
;2022-04-18 02:12:23;Doutor Jose Lourenço;;;Meireles;;Queda;;Não informado;;Meio De Quadra;;;0;1;0;1;0;0;0;0;0;0;0;0;0;(-38.508181 -3.736441);
;2022-04-18 00:56:42;Do Sol Ii (Cidade Nova);;;Planalto Ayrton Senna;;Colisão;;Não informado;;Meio De Quadra;;;0;1;0;1;1;0;0;0;0;0;0;0;0;(-38.5760522 -3.8381934);
;2022-04-18 00:32:23;Presidente Costa E Silva;;;Prefeito Jose Walter;;Queda;;Não informado;;Meio De Quadra Sem Numero;;;0;1;0;1;0;0;0;0;0;0;0;0;0;(-38.5443558 -3.8244455);
;2022-04-17 22:12:00;Edgar De Arruda;;;Dom Lustosa;;Queda;;Não informado;;Meio De Quadra;;;0;1;0;1;0;0;0;0;0;0;0;0;0;(-38.5909702 -3.7550595);
;2022-04-17 20:59:44;Dos Tabajaras;;;Praia De Iracema;;Atropelamento;;Não informado;;Meio De Quadra;;;0;1;0;0;0;0;0;0;0;0;1;0;0;(-38.5172417 -3.7193007);
;2022-04-17 20:49:46;Conego De Castro;;;Parque Santa Rosa;;Colisão;;Não informado;;Meio De Quadra;;;0;1;0;1;1;0;0;0;0;0;0;0;0;(-38.5972327 -3.8112701);
;2022-04-17 20:30:11;Conego De Castro;;;Vila Peri;;Queda;;Não informado;;Meio De Quadra;;;0;1;0;1;0;0;0;0;0;0;0;0;0;(-38.5720563 -3.7833499);
;2022-04-17 19:32:57;Jose Dantas Pereira;;;Canindezinho;;Colisão;;Não informado;;Meio De Quadra;;;0;1;0;0;2;0;0;0;0;0;0;0;0;(-38.609057 -3.8216888);
;2022-04-17 19:27:04;Rua Pereira Coutinho;;;Pedras;;Colisão;;Não informado;;Meio De Quadra;;;0;2;0;1;1;0;0;0;0;0;0;0;0;(0 0);
;2022-04-17 18:06:48;Presidente Costa E Silva;;;Jangurussu;;Atropelamento;;Não informado;;Meio De Quadra;;;0;1;0;1;0;0;0;0;0;0;0;0;0;(-38.5388694 -3.8255487);
;2022-04-17 17:27:03;Rua Gomes Brasil;;;Parangaba;;Colisão;;Não informado;;Meio De Quadra;;;0;1;0;2;0;0;0;0;0;0;0;0;0;(-38.56877530000001 -3.771997899999999);
;2022-04-17 14:40:48;Republica Do Libano;;;Coco;;Queda;;Não informado;;Meio De Quadra;;;0;1;0;0;0;0;0;0;0;1;0;0;0;(-38.4912751 -3.733413);
;2022-04-17 14:28:14;Leste  Oeste;;;Pirambu;;Queda;;Não informado;;Meio De Quadra;;;0;2;0;1;0;0;0;0;0;0;0;0;0;(-38.5831431 -3.7023261);
;2022-04-17 13:53:42;Guarani;;;Henrique Jorge;;Atropelamento;;Não informado;;Meio De Quadra;;;0;1;0;0;1;0;0;0;0;0;0;0;0;(-38.5810261 -3.765924099999999);
;2022-04-17 11:52:18;Avenida Doutor Silas Munguba;;;Passare;;Colisão;;Não informado;;Meio De Quadra;;;0;2;0;2;0;0;0;0;0;0;0;0;0;(-38.5298416 -3.8012306);
;2022-04-17 10:33:55;Rua Coelho Da Fonseca - Cruzeiro Do Sul;;;Alvaro Weyne;;Colisão;;Não informado;;Meio De Quadra;;;0;1;0;0;2;0;0;0;0;0;0;0;0;(0 0);
;2022-04-17 08:51:33;Rua Carmem Miranda;Placido Castelo;;Jardim Das Oliveiras;;Colisão;;Não informado;;Cruzamento;;;0;4;0;0;2;0;0;0;0;0;0;0;0;(-38.5079279 -3.783229);
;2022-04-17 08:04:14;São Sebastião;;;Presidente Kennedy;;Queda;;Não informado;;Meio De Quadra;;;0;1;0;1;0;0;0;0;0;0;0;0;0;(-38.5717589 -3.724471);
;2022-04-17 05:39:14;Bernardo Manuel;;;Serrinha;;Atropelamento;;Não informado;;Meio De Quadra;;;0;1;0;0;1;0;0;0;0;0;0;0;0;(-38.5478959 -3.786238);
;2022-04-17 02:04:32;Miguel Gurgel  -;;;Messejana;;Atropelamento;;Não informado;;Meio De Quadra Sem Numero;;;0;1;0;1;0;0;0;0;0;0;0;0;0;(-38.4817409 -3.830818);
;2022-04-17 01:31:06;BR 116;;;Aerolandia;;Queda;;Não informado;;Meio De Quadra Sem Numero;;;0;1;0;1;0;0;0;0;0;0;0;0;0;(0 0);
;2022-04-17 00:10:29;Veneza;;;Vicente Pinzon;;Queda;;Não informado;;Meio De Quadra;;;0;2;0;0;0;0;0;0;0;1;0;0;0;(-38.472424 -3.7282747);
;2022-04-16 23:52:25;Alberto Magno Esq;Desembargador Praxedes;;Montese;;Colisão;;Não informado;;Cruzamento;;;0;1;0;2;0;0;0;0;0;0;0;0;0;(-38.5474882 -3.760664);
;2022-04-16 23:29:57;Carlos Gurgel Nogueira;Alberto Sá;;Papicu;;Colisão;;Não informado;;Cruzamento;;;0;2;0;1;1;0;0;0;0;0;0;0;0;(-38.4750186 -3.7348096);
;2022-04-16 20:57:00;Governador Leonel Brisola;;;Jangurussu;;Colisão;;Não informado;;Meio De Quadra;;;0;1;0;2;0;0;0;0;0;0;0;0;0;(-38.5227501 -3.8317751);
;2022-04-16 20:24:40;Holanda;;;Maraponga;;Queda;;Não informado;;Meio De Quadra;;;0;1;0;1;0;0;0;0;0;0;0;0;0;(-38.5721791 -3.7974682);
;2022-04-16 20:01:26;Pontes Vieira;;;Sao Joao Do Tauape;;Atropelamento;;Não informado;;Meio De Quadra Sem Numero;;;0;1;0;1;0;0;0;0;0;0;0;0;0;(-38.5088461 -3.7521368);
;2022-04-16 17:03:07;Rua Catole;;;Conjunto Palmeiras;;Colisão;;Não informado;;Meio De Quadra;;;0;1;0;1;1;0;0;0;0;0;0;0;0;(-38.5213478 -3.851322199999999);
;2022-04-16 16:57:45;Avenida Da Aboliçao;;;Meireles;;Atropelamento;;Não informado;;Meio De Quadra;;;0;1;0;1;0;0;0;0;0;0;0;0;0;(0 0);
;2022-04-16 16:47:57;Avenida  "J" Esquina Rua  1117;;;Conjunto Ceara;;Colisão;;Não informado;;Meio De Quadra;;;0;1;0;1;1;0;0;0;0;0;0;0;0;(-38.6162604 -3.7677661);
;2022-04-16 16:45:52;J   - Quarta Etapa;;;Conjunto Ceara;;Colisão;;Não informado;;Meio De Quadra;;;0;1;0;1;1;0;0;0;0;0;0;0;0;(-38.6154119 -3.7672577);
;2022-04-16 16:18:34;Graco Cardoso;;;Autran Nunes;;Queda;;Não informado;;Meio De Quadra;;;0;1;0;1;0;0;0;0;0;0;0;0;0;(-38.5945182 -3.7521485);
;2022-04-16 16:05:54;Rua Confiança;;;Barroso;;Queda;;Não informado;;Meio De Quadra;;;0;1;0;1;0;0;0;0;0;0;0;0;0;(-38.5116285 -3.8217368);
;2022-04-16 14:30:58;Francisco Sá;;;Carlito Pamplona;;Queda;;Não informado;;Meio De Quadra;;;0;1;0;0;0;0;0;0;0;1;0;0;0;(-38.557598 -3.7167925);
;2022-04-16 11:54:11;Aguanambi;;;Fatima;;Colisão;;Não informado;;Meio De Quadra Sem Numero;;;0;1;0;1;1;0;0;0;0;0;0;0;0;(-38.5236413 -3.7512287);
;2022-04-16 10:20:45;Carlos Chagas Esquina;Rua Verbena ( Perimetral );;Bonsucesso;;Colisão;;Não informado;;Cruzamento;;;0;2;0;2;0;0;0;0;0;0;0;0;0;(-38.5886316 -3.7806504);
;2022-04-16 09:28:35;Rua Papi Junior -;;;Rodolfo Teofilo;;Queda;;Não informado;;Meio De Quadra;;;0;1;0;1;0;0;0;0;0;0;0;0;0;(-38.553277 -3.7479068);
;2022-04-16 09:08:05;Barbara De Alencar;;;Centro;;Queda;;Não informado;;Meio De Quadra;;;0;2;0;1;0;0;0;0;0;0;0;0;0;(-38.5173649 -3.7371262);
;2022-04-16 03:32:12;Mister Hurll;;;Pici;;Queda;;Não informado;;Meio De Quadra;;;0;1;0;1;0;0;0;0;0;0;0;0;0;(0 0);
;2022-04-16 01:25:18;Presidente Castelo Branco;;;Cristo Redentor;;Queda;;Não informado;;Meio De Quadra Sem Numero;;;0;1;0;1;0;0;0;0;0;0;0;0;0;(-38.5645486 -3.7095397);
;2022-04-16 01:06:05;Av Oscar Araripe;;;Bom Jardim;;Colisão;;Não informado;;Meio De Quadra;;;0;3;0;2;0;0;0;0;0;0;0;0;0;(-38.6083752 -3.7883873);
;2022-04-15 22:24:12;Rua Paula Barros;;;Meireles;;Queda;;Não informado;;Meio De Quadra;;;0;1;0;1;0;0;0;0;0;0;0;0;0;(-38.492325 -3.7261123);
;2022-04-15 21:12:34;Mister Hull;;;Antonio Bezerra;;Queda;;Não informado;;Meio De Quadra;;;0;2;0;1;0;0;0;0;0;0;0;0;0;(-38.5804221 -3.7383941);
;2022-04-15 20:53:14;Rua Coronel Virgilio Nogueira -  Bom Jesus;;;Bom Jardim;;Colisão;;Não informado;;Meio De Quadra;;;0;1;0;2;0;0;0;0;0;0;0;0;0;(-38.6103012 -3.7937524);
;2022-04-15 20:37:36;General Lima Silva;;;Aerolandia;;Colisão;;Não informado;;Meio De Quadra;;;0;1;0;1;1;0;0;0;0;0;0;0;0;(0 0);
;2022-04-15 19:50:14;Avenida Monte Pascoal;Av. Conego De Castro;;Canindezinho;;Colisão;;Não informado;;Cruzamento;;;0;1;0;1;1;0;0;0;0;0;0;0;0;(-38.5942719 -3.80759);
;2022-04-15 18:54:05;Avenida Domingos Olimpio - Jaime Benevolo;;;Jose Bonifacio;;Colisão;;Não informado;;Meio De Quadra;;;0;1;0;1;1;0;0;0;0;0;0;0;0;(-38.52644730000001 -3.7354894);
;2022-04-15 18:42:35;Rua B;;;Maraponga;;Colisão;;Não informado;;Meio De Quadra;;;0;1;0;1;1;0;0;0;0;0;0;0;0;(-38.56270809999999 -3.7951685);
;2022-04-15 18:01:25;Avenida C;;;Prefeito Jose Walter;;Colisão;;Não informado;;Meio De Quadra;;;0;1;0;1;1;0;0;0;0;0;0;0;0;(-38.5548514 -3.828879799999999);
;2022-04-15 17:21:13;Sargento Herminio;;;Presidente Kennedy;;Colisão;;Não informado;;Meio De Quadra;;;0;2;0;1;1;0;0;0;0;0;0;0;0;(-38.5739548 -3.7295186);
;2022-04-15 17:12:31;Rua Poti;;;Barra Do Ceara;;Queda;;Não informado;;Meio De Quadra;;;0;1;0;1;0;0;0;0;0;0;0;0;0;(-38.5830216 -3.7037412);
;2022-04-15 16:19:36;Demetrio Menezes;;;Antonio Bezerra;;Queda;;Não informado;;Meio De Quadra;;;0;2;0;1;0;0;0;0;0;0;0;0;0;(-38.5844534 -3.7340874);
;2022-04-15 15:33:28;Av Francisco Sá;;;Barra Do Ceara;;Colisão;;Não informado;;Meio De Quadra;;;0;1;0;1;1;0;0;0;0;0;0;0;0;(-38.5803299 -3.7096858);
;2022-04-15 07:49:04;Jose Dantas Pereira;;;Canindezinho;;Queda;;Não informado;;Meio De Quadra;;;0;1;0;1;0;0;0;0;0;0;0;0;0;(-38.609057 -3.8216888);
;2022-04-15 05:50:52;Av. Senador Carlos Jereissati;;;Serrinha;;Queda de moto;;Não informado;;Meio De Quadra;;;0;1;0;2;0;0;0;0;0;0;0;0;0;(-38.5407156 -3.7785789);
;2022-04-15 01:46:57;Av. Osorio De Paiva;;;Siqueira;;Atropelamento;;Não informado;;Meio De Quadra;;;0;1;0;0;1;0;0;0;0;0;0;0;0;(-38.6160653 -3.8193564);
;2022-04-15 01:38:27;Rua Doutor Joaquim Bento;;;Messejana;;Queda;;Não informado;;Meio De Quadra;;;0;1;0;1;0;0;0;0;0;0;0;0;0;(-38.486322 -3.8281918);
;2022-04-15 01:12:40;Abolição;;;Meireles;;Colisão;;Não informado;;Meio De Quadra;;;0;1;0;0;2;0;0;0;0;0;0;0;0;(-38.50102 -3.72568);
;2022-04-15 01:05:54;Avenida Godofredo Maciel;;;Maraponga;;Queda;;Não informado;;Meio De Quadra;;;0;1;0;1;0;0;0;0;0;0;0;0;0;(-38.5716462 -3.8032204);
;2022-04-15 00:24:35;Professor Nogueira;Rua Gustavo Sampaio;;Parquelandia;;Colisão;;Não informado;;Cruzamento;;;0;1;0;2;0;0;0;0;0;0;0;0;0;(-38.5497641 -3.7338671);
;2022-04-15 00:17:17;Demorcino De Carvalho;;;Vila Ellery;;Queda;;Não informado;;Meio De Quadra;;;0;1;0;0;0;0;0;0;0;1;0;0;0;(0 0);
;2022-04-15 00:13:29;Andre Reboucas;;;Bonsucesso;;Queda;;Não informado;;Meio De Quadra;;;0;2;0;1;0;0;0;0;0;0;0;0;0;(-38.5907037 -3.775618);
;2022-04-15 00:12:19;Avenida Doutor Silas Munguba;;;Serrinha;;Atropelamento;;Não informado;;Meio De Quadra;;;0;2;0;1;0;0;0;0;0;0;0;0;0;(-38.54482489999999 -3.7886662);
;2022-04-15 00:06:51;Francisco Sa;Rua Tulipa;;Barra Do Ceara;;Colisão;;Não informado;;Cruzamento;;;0;1;0;0;2;0;0;0;0;0;0;0;0;(-38.5780008 -3.7103363);
;2022-04-14 23:55:17;Cidade Ecologica;;;Edson Queiroz;;Colisão;;Não informado;;Meio De Quadra;;;0;1;0;0;2;0;0;0;0;0;0;0;0;(-38.4663708 -3.7737355);
;2022-04-14 22:24:34;Rua Bill Cartaxo;;;Sapiranga;;Atropelamento;;Não informado;;Meio De Quadra;;;0;2;0;1;0;0;0;0;0;0;0;0;0;(-38.4745402 -3.7907221);
;2022-04-14 22:18:07;Paulino Barroso;Maria Sozefina Barroso;;Maraponga;;Colisão;;Não informado;;Cruzamento;;;0;1;0;1;1;0;0;0;0;0;0;0;0;(-38.5702933 -3.8028921);
;2022-04-14 21:54:40;Avenida Godofredo Maciel -;;;Maraponga;;Atropelamento;;Não informado;;Meio De Quadra;;;0;1;0;1;0;0;0;0;0;0;0;0;0;(-38.5801146 -3.8269994);
;2022-04-14 21:53:53;Rua Cuiabá;;;Henrique Jorge;;Colisão;;Não informado;;Meio De Quadra;;;0;1;0;0;2;0;0;0;0;0;0;0;0;(-38.5866548 -3.7650643);
;2022-04-14 21:16:50;Rua Adalberto Malveira;;;Siqueira;;Queda;;Não informado;;Meio De Quadra;;;0;1;0;1;0;0;0;0;0;0;0;0;0;(-38.6242845 -3.8188239);
;2022-04-14 20:57:25;Rua Carnaubal;;;Jardim Iracema;;Colisão;;Não informado;;Meio De Quadra;;;0;1;0;1;1;0;0;0;0;0;0;0;0;(-38.5836011 -3.7225524);
;2022-04-14 20:14:23;Avenida Humberto Monte - Jose De Pontes;;;Parquelandia;;Colisão;;Não informado;;Meio De Quadra Sem Numero;;;0;1;0;1;1;0;0;0;0;0;0;0;0;(-38.5685522 -3.7393436);
;2022-04-14 19:57:14;Luciano Carneiro;;;Parreao;;Atropelamento;;Não informado;;Meio De Quadra Sem Numero;;;0;1;0;1;0;0;0;0;0;0;0;0;0;(-38.5347335 -3.7586118);
;2022-04-14 18:51:18;Bezerra De Menezes;;;Sao Gerardo;;Colisão;;Não informado;;Meio De Quadra Sem Numero;;;0;1;0;1;1;0;0;0;0;0;0;0;0;(-38.556584 -3.7339243);
;2022-04-14 18:18:15;Ana Lucia Dias;;;Lagoa Redonda;;Colisão;;Não informado;;Meio De Quadra;;;0;2;0;2;0;0;0;0;0;0;0;0;0;(-38.4626076 -3.832310699999999);
;2022-04-14 15:00:12;Avenida Senador Carlos Jereissati -;;;Serrinha;;Colisão;;Não informado;;Meio De Quadra Sem Numero;;;0;1;0;1;1;0;0;0;0;0;0;0;0;(-38.5416215 -3.7803066);
;2022-04-14 14:46:19;Rua Alexandre Barauna;;;Rodolfo Teofilo;;Colisão;;Não informado;;Meio De Quadra;;;0;1;0;1;1;0;0;0;0;0;0;0;0;(-38.5543676 -3.7456562);
;2022-04-14 12:46:21;Sao  Joao;;;Parque Genibau;;Colisão;;Não informado;;Meio De Quadra;;;0;1;0;1;0;0;1;0;0;0;0;0;0;(-38.5970687 -3.7703895);
;2022-04-14 12:38:20;Sargento Herminio;Rua Olavo Bilac;;Presidente Kennedy;;Colisão;;Não informado;;Cruzamento;;;0;1;0;0;2;0;0;0;0;0;0;0;0;(-38.5651274 -3.7271283);
;2022-04-14 10:57:22;Avenida Alberto Craveiro;;;Dias Macedo;;Colisão;;Não informado;;Meio De Quadra Sem Numero;;;0;2;0;2;0;0;0;0;0;0;0;0;0;(-38.5169862 -3.788271);
;2022-04-14 10:56:59;Sargernto Herminio;;;Presidente Kennedy;;Colisão;;Não informado;;Meio De Quadra;;;0;1;0;2;0;0;0;0;0;0;0;0;0;(-38.5663554 -3.7261534);
;2022-04-14 10:45:14;Coronel De Carvalho;;;Jardim Iracema;;Colisão;;Não informado;;Meio De Quadra;;;0;2;0;1;1;0;0;0;0;0;0;0;0;(-38.5886019 -3.7142136);
;2022-04-14 03:06:09;Tres Coraçoes;;;Bom Jardim;;Colisão;;Não informado;;Meio De Quadra;;;0;1;0;0;2;0;0;0;0;0;0;0;0;(-38.6097968 -3.7860485);
;2022-04-14 01:33:02;Avenida Washington Soares;;;Edson Queiroz;;Colisão;;Não informado;;Meio De Quadra Sem Numero;;;0;1;0;1;1;0;0;0;0;0;0;0;0;(-38.481665 -3.7762191);
;2022-04-14 01:13:13;Bernardo Manuel;;;Prefeito Jose Walter;;Colisão;;Não informado;;Meio De Quadra;;;0;1;0;1;1;0;0;0;0;0;0;0;0;(-38.5612078 -3.8306423);
;2022-04-14 00:57:53;A;;;Conjunto Ceara;;Queda;;Não informado;;Meio De Quadra;;;0;1;0;1;0;0;0;0;0;0;0;0;0;(0 0);
;2022-04-13 23:54:28;Silva Jathay;;;Meireles;;Colisão;;Não informado;;Meio De Quadra;;;0;1;0;1;1;0;0;0;0;0;0;0;0;(-38.4935598 -3.7287852);
;2022-04-13 23:03:23;Edgar Falcao ( No Parque Rachel De Queiroz);;;Presidente Kennedy;;Colisão;;Não informado;;Meio De Quadra Sem Numero;;;0;1;0;2;0;0;0;0;0;0;0;0;0;(-38.5694066 -3.7332333);
;2022-04-13 22:54:22;Carlos Jereisate;;;Aeroporto;;Colisão;;Não informado;;Meio De Quadra Sem Numero;;;0;1;0;1;1;0;0;0;0;0;0;0;0;(-38.5357467 -3.7820759);
;2022-04-13 22:40:57;48 Esquina;R. 73;;Prefeito Jose Walter;;Colisão;;Não informado;;Cruzamento;;;0;1;0;1;1;0;0;0;0;0;0;0;0;(-38.5541795 -3.8311251);
;2022-04-13 22:24:41;Mario De Andrade;;;Bela Vista;;Colisão;;Não informado;;Meio De Quadra;;;0;2;0;2;0;0;0;0;0;0;0;0;0;(-38.5610499 -3.7518104);
;2022-04-13 21:36:37;Avenida Passare;;;Passare;;Colisão;;Não informado;;Meio De Quadra;;;0;1;0;1;1;0;0;0;0;0;0;0;0;(-38.5423253 -3.8194486);