COD_ACIDENTE;DATA;LOG1;LOG2;NUMERO;BAIRRO;AMC;NATUREZA;ILUMINACAO;TEMPO;SUPERFICIEPISTA;TIPOCRUZAMENTO;CONTROLETRAFEGO;USOSOLO;MORTOS;FERIDOS;ILESOS;MOTOCICLETA;AUTOMOVEL;MICROONIBUS;CAMINHAO;ONIBUS;CICLOMOTOR;BICICLETA;OUTROS;TREM;TRACAOANIMAL;COORDENADAS
;2022-04-13 21:23:12;Av Jose Americo;Crisanto Moreira Da Rocha;;Cambeba;;Colisão;;Não informado;;Cruzamento;;;0;2;0;1;1;0;0;0;0;0;0;0;0;(-38.4836533 -3.8104543);
;2022-04-13 21:16:25;Avenida Presidente Castelo Branco -;;;Jacarecanga;;Atropelamento;;Não informado;;Meio De Quadra;;;0;1;0;1;0;0;0;0;0;0;0;0;0;(-38.5464239 -3.7142699);
;2022-04-13 21:09:44;General Osorio De Paiva;;;Canindezinho;;Colisão;;Não informado;;Meio De Quadra;;;0;1;0;0;2;0;0;0;0;0;0;0;0;(-38.5987495 -3.8009321);
;2022-04-13 21:04:20;Rua Coronel Fabriciano;Rua Taubate;;Granja Portugal;;Colisão;;Não informado;;Cruzamento;;;0;1;0;2;0;0;0;0;0;0;0;0;0;(-38.5999275 -3.7850009);
;2022-04-13 20:48:50;Val Paraiso  -Com Rua  Verde 18;;;Jangurussu;;Colisão;;Não informado;;Meio De Quadra;;;0;1;0;1;1;0;0;0;0;0;0;0;0;(-38.5094843 -3.8500779);
;2022-04-13 20:34:09;Paulino Rocha;;;Cajazeiras;;Colisão;;Não informado;;Meio De Quadra;;;0;1;0;1;1;0;0;0;0;0;0;0;0;(-38.5076869 -3.803508099999999);
;2022-04-13 19:28:04;Perimetral;Rua Curitiba;;Henrique Jorge;;Colisão;;Não informado;;Cruzamento;;;0;1;0;1;1;0;0;0;0;0;0;0;0;(-38.5896306 -3.7569024);
;2022-04-13 19:00:42;Professor Heribaldo Costa;;;Henrique Jorge;;Colisão;;Não informado;;Meio De Quadra;;;0;1;0;1;1;0;0;0;0;0;0;0;0;(-38.5889883 -3.7696777);
;2022-04-13 17:12:20;Avenida Mister Hull;;;Antonio Bezerra;;Colisão;;Não informado;;Meio De Quadra;;;0;1;0;0;2;0;0;0;0;0;0;0;0;(-38.59214900000001 -3.7401635);
;2022-04-13 16:09:06;BR 116 KM 11;;;Cajazeiras;;Colisão;;Não informado;;Meio De Quadra Sem Numero;;;0;1;0;1;1;0;0;0;0;0;0;0;0;(0 0);
;2022-04-13 15:49:28;H;Rua Sargento Joao Pinheiro;;Granja Lisboa;;Colisão;;Não informado;;Cruzamento;;;0;1;0;2;0;0;0;0;0;0;0;0;0;(-38.6230856 -3.7838172);
;2022-04-13 14:54:47;Sao Lazaro;;;Manuel Satiro;;Queda;;Não informado;;Meio De Quadra;;;0;1;0;1;0;0;0;0;0;0;0;0;0;(-38.576959 -3.8017536);
;2022-04-13 12:37:24;Rua Dom Henrique;;;Vila Peri;;Colisão;;Não informado;;Meio De Quadra;;;0;1;0;1;1;0;0;0;0;0;0;0;0;(-38.5794076 -3.7897815);
;2022-04-13 12:30:04;Rua Braz De Francesco;;;Presidente Kennedy;;Queda;;Não informado;;Meio De Quadra;;;0;1;0;0;0;0;0;0;0;1;0;0;0;(-38.5671893 -3.732497399999999);
;2022-04-13 12:04:54;Bento Albuquerque;;;Coco;;Queda;;Não informado;;Meio De Quadra;;;0;1;0;1;0;0;0;0;0;0;0;0;0;(-38.479366 -3.7448242);
;2022-04-13 11:40:30;Rua Padre Francisco Pinto;;;Benfica;;Colisão;;Não informado;;Meio De Quadra;;;0;1;0;0;2;0;0;0;0;0;0;0;0;(-38.5389011 -3.7446052);
;2022-04-13 11:12:09;Coronel Linhares;;;Meireles;;Colisão;;Não informado;;Meio De Quadra;;;0;1;0;1;1;0;0;0;0;0;0;0;0;(-38.4962845 -3.7427412);
;2022-04-13 11:03:56;Avenida Washington Soares -;;;Cambeba;;Colisão;;Não informado;;Meio De Quadra;;;0;1;0;1;1;0;0;0;0;0;0;0;0;(-38.4785236 -3.8098359);
;2022-04-13 10:28:48;Avenida Da Universidade;;;Benfica;;Colisão;;Não informado;;Meio De Quadra;;;0;1;0;1;1;0;0;0;0;0;0;0;0;(-38.5422222 -3.7431931);
;2022-04-13 09:49:34;Osorio De Paiva;;;Parangaba;;Colisão;;Não informado;;Meio De Quadra;;;0;1;0;1;1;0;0;0;0;0;0;0;0;(-38.5947114 -3.7967475);
;2022-04-13 09:44:12;Avenida Jose Leon;;;Cidade Dos Funcionarios;;Queda;;Não informado;;Meio De Quadra Sem Numero;;;0;1;0;0;0;0;0;0;0;1;0;0;0;(-38.499423 -3.7884259);
;2022-04-13 04:31:24;Antonio Nery;;;Granja Portugal;;Queda;;Não informado;;Meio De Quadra;;;0;1;0;1;0;0;0;0;0;0;0;0;0;(-38.5992908 -3.7745106);
;2022-04-13 01:11:10;Carlos Vasconcelos Esquina;Torres Camara;;Aldeota;;Queda;;Não informado;;Cruzamento;;;0;1;0;1;0;0;0;0;0;0;0;0;0;(-38.505349 -3.7361431);
;2022-04-12 22:26:09;Avenida Juscelino Kubitschek;;;Passare;;Colisão;;Não informado;;Meio De Quadra;;;0;1;0;0;2;0;0;0;0;0;0;0;0;(-38.5304367 -3.814024799999999);
;2022-04-12 22:08:15;Padre Valdevino;;;Aldeota;;Colisão;;Não informado;;Meio De Quadra Sem Numero;;;0;1;0;2;0;0;0;0;0;0;0;0;0;(-38.5088999 -3.74165);
;2022-04-12 21:04:38;Rua Avila Goulart;;;Papicu;;Atropelamento;;Não informado;;Meio De Quadra Sem Numero;;;0;1;0;1;0;0;0;0;0;0;0;0;0;(-38.4791684 -3.7345161);
;2022-04-12 20:32:05;Avenida  Manuel Mavignier;;;Sabiaguaba;;Colisão;;Não informado;;Meio De Quadra;;;0;1;0;0;2;0;0;0;0;0;0;0;0;(-38.4385827 -3.8089799);
;2022-04-12 19:52:37;Leste Oeste;;;Cristo Redentor;;Colisão;;Não informado;;Meio De Quadra;;;0;1;0;1;1;0;0;0;0;0;0;0;0;(0 0);
;2022-04-12 18:54:08;Avenida General Osorio De Paiva;;;Siqueira;;Atropelamento;;Não informado;;Meio De Quadra;;;0;1;0;0;0;0;1;0;0;0;0;0;0;(-38.6155288 -3.8187963);
;2022-04-12 18:47:01;Rua Granja Castelo;;;Messejana;;Atropelamento;;Não informado;;Meio De Quadra;;;0;1;0;0;0;0;0;0;0;0;1;0;0;(-38.5004056 -3.831147);
;2022-04-12 16:57:32;Avenida Joao Pessoa;;;Parangaba;;Atropelamento;;Não informado;;Meio De Quadra;;;0;1;0;0;1;0;0;0;0;0;0;0;0;(-38.5620087 -3.7729095);
;2022-04-12 16:37:40;1074;Av  C;;Conjunto Ceara;;Colisão;;Não informado;;Cruzamento;;;0;1;0;1;1;0;0;0;0;0;0;0;0;(-38.6138677 -3.7690379);
;2022-04-12 15:21:21;Manoel Lourenço;;;Joquei Clube;;Colisão;;Não informado;;Meio De Quadra Sem Numero;;;0;2;0;1;1;0;0;0;0;0;0;0;0;(-38.5731715 -3.7638465);
;2022-04-12 14:50:04;Dos Trevos;Parque Jerusalem;;Canindezinho;;Colisão;;Não informado;;Cruzamento;;;0;1;0;1;1;0;0;0;0;0;0;0;0;(-38.5966533 -3.8061328);
;2022-04-12 13:35:57;Avenida A (Cj Ceara) - Rua 113;;;Conjunto Ceara;;Colisão;;Não informado;;Meio De Quadra;;;0;1;0;1;1;0;0;0;0;0;0;0;0;(-38.6047922 -3.7711497);
;2022-04-12 13:04:39;Oliveira Paiva;;;Parque Manibura;;Colisão;;Não informado;;Meio De Quadra Sem Numero;;;0;1;0;1;1;0;0;0;0;0;0;0;0;(-38.4868072 -3.7962632);
;2022-04-12 11:40:25;Rua Germano Franck;;;Parangaba;;Colisão;;Não informado;;Meio De Quadra;;;0;1;0;1;1;0;0;0;0;0;0;0;0;(-38.5641405 -3.7794154);
;2022-04-12 11:34:48;Rua Silva Paulet - Costa Barros;;;Meireles;;Colisão;;Não informado;;Meio De Quadra;;;0;1;0;1;1;0;0;0;0;0;0;0;0;(0 0);
;2022-04-12 11:24:53;Tres De Maio;;;Bela Vista;;Colisão;;Não informado;;Meio De Quadra;;;0;1;0;0;2;0;0;0;0;0;0;0;0;(-38.56146409999999 -3.7519015);
;2022-04-12 11:19:24;C;Rua João Xxiii;;Granja Lisboa;;Colisão;;Não informado;;Cruzamento;;;0;1;0;2;0;0;0;0;0;0;0;0;0;(-38.6135794 -3.7835126);
;2022-04-12 11:18:37;Rua General Clarindo De Queiroz -;;;Centro;;Colisão;;Não informado;;Meio De Quadra;;;0;1;0;1;1;0;0;0;0;0;0;0;0;(-38.525512 -3.7343721);
;2022-04-12 09:10:42;Conego De Castro;;;Parque Santa Rosa;;Atropelamento;;Não informado;;Meio De Quadra Sem Numero;;;0;1;0;0;0;0;1;0;0;0;0;0;0;(-38.5993419 -3.8154118);
;2022-04-12 02:35:20;Zuleica Pontes;;;Planalto Ayrton Senna;;Atropelamento;;Não informado;;Meio De Quadra;;;0;1;0;0;1;0;0;0;0;0;0;0;0;(-38.5664682 -3.833804);
;2022-04-12 02:23:48;I;;;Prefeito Jose Walter;;Queda;;Não informado;;Meio De Quadra;;;0;1;0;1;0;0;0;0;0;0;0;0;0;(0 0);
;2022-04-12 00:07:30;Comendador Garcia -;;;Parque Sao Jose;;Queda;;Não informado;;Meio De Quadra;;;0;1;0;0;0;0;0;0;0;1;0;0;0;(-38.5896787 -3.8001011);
;2022-04-11 22:35:10;Nereu Ramos;;;Parangaba;;Colisão;;Não informado;;Meio De Quadra Sem Numero;;;0;1;0;0;2;0;0;0;0;0;0;0;0;(-38.5719715 -3.7854379);
;2022-04-11 21:25:48;Idelfonso Albano;;;Aldeota;;Colisão;;Não informado;;Meio De Quadra;;;0;2;0;0;2;0;0;0;0;0;0;0;0;(-38.5164516 -3.7420056);
;2022-04-11 20:48:32;Avenida Bezerra De Menezes;;;Farias Brito;;Colisão;;Não informado;;Meio De Quadra;;;0;1;0;1;1;0;0;0;0;0;0;0;0;(-38.5668476 -3.7364344);
;2022-04-11 18:08:33;Avenida Imperador - Duque De Caxias;;;Centro;;Colisão;;Não informado;;Meio De Quadra;;;0;1;0;1;1;0;0;0;0;0;0;0;0;(0 0);
;2022-04-11 17:33:06;Dioguinho;Praia Do Futuro;;Não informado;;Queda;;Não informado;;Cruzamento;;;0;1;0;1;0;0;0;0;0;0;0;0;0;(-38.4473673 -3.753054);
;2022-04-11 16:02:31;Alanis Maria;;;Conjunto Ceara;;Colisão;;Não informado;;Meio De Quadra;;;0;1;0;1;1;0;0;0;0;0;0;0;0;(-38.6070965 -3.7678828);
;2022-04-11 12:00:34;BR 116 KM 14;;;Messejana;;Colisão;;Não informado;;Meio De Quadra;;;0;2;0;0;2;0;0;0;0;0;0;0;0;(0 0);
;2022-04-11 11:30:51;25 De Março;;;Centro;;Colisão;;Não informado;;Meio De Quadra;;;0;1;0;1;1;0;0;0;0;0;0;0;0;(-38.5227214 -3.7302482);
;2022-04-11 11:16:41;Rua Jaime Benevolo -;;;Jose Bonifacio;;Queda;;Não informado;;Meio De Quadra;;;0;1;0;1;0;0;0;0;0;0;0;0;0;(-38.5274614 -3.7379362);
;2022-04-11 11:14:41;Chico França;Rua Angelica Gurgel;;Messejana;;Colisão;;Não informado;;Cruzamento;;;0;1;0;0;2;0;0;0;0;0;0;0;0;(-38.4990883 -3.8347682);
;2022-04-11 10:21:11;Presidente Costa E Silva;;;Prefeito Jose Walter;;Colisão;;Não informado;;Meio De Quadra;;;0;1;0;1;1;0;0;0;0;0;0;0;0;(-38.5643456 -3.81854);
;2022-04-11 09:46:38;Radialista Joao Ramos;;;Prefeito Jose Walter;;Queda;;Não informado;;Meio De Quadra;;;0;1;0;1;0;0;0;0;0;0;0;0;0;(-38.5812452 -3.8400423);
;2022-04-11 03:57:54;Coronel De Carvalho;;;Jardim America;;Colisão;;Não informado;;Meio De Quadra Sem Numero;;;0;1;0;2;0;0;0;0;0;0;0;0;0;(-38.5867343 -3.7222062);
;2022-04-11 03:54:53;Coronel Carvalho;;;Barra Do Ceara;;Colisão;;Não informado;;Meio De Quadra Sem Numero;;;0;1;0;2;0;0;0;0;0;0;0;0;0;(-38.5899797 -3.7097209);
;2022-04-11 01:17:47;Grabriel Fiusa;;;Vila Peri;;Queda;;Não informado;;Meio De Quadra;;;0;1;0;1;0;0;0;0;0;0;0;0;0;(-38.5805554 -3.7862451);
;2022-04-11 01:17:18;Rui Barbosa;;;Joaquim Tavora;;Atropelamento;;Não informado;;Meio De Quadra;;;0;1;0;0;1;0;0;0;0;0;0;0;0;(-38.51179339999999 -3.7435858);
;2022-04-10 23:21:05;Rua Papi Junior;;;Bela Vista;;Atropelamento;;Não informado;;Meio De Quadra;;;0;2;0;1;0;0;0;0;0;0;0;0;0;(0 0);
;2022-04-10 22:34:42;Presidente Castelo Branco;;;Pirambu;;Atropelamento;;Não informado;;Meio De Quadra Sem Numero;;;0;1;0;0;1;0;0;0;0;0;0;0;0;(-38.5533245 -3.7123711);
;2022-04-10 21:34:03;Avenida Humberto Monte;;;Presidente Kennedy;;Queda;;Não informado;;Meio De Quadra Sem Numero;;;0;1;0;1;0;0;0;0;0;0;0;0;0;(-38.5690174 -3.7373393);
;2022-04-10 21:18:53;Avenida Jose Jatahy;;;Benfica;;Queda;;Não informado;;Meio De Quadra Sem Numero;;;0;1;0;1;0;0;0;0;0;0;0;0;0;(-38.5435876 -3.7388721);
;2022-04-10 20:24:47;Dom Luis;;;Meireles;;Colisão;;Não informado;;Meio De Quadra;;;0;1;0;1;1;0;0;0;0;0;0;0;0;(-38.4909979 -3.7356097);
;2022-04-10 18:09:35;Avenida Frei Cirilo;;;Messejana;;Queda;;Não informado;;Meio De Quadra;;;0;1;0;1;0;0;0;0;0;0;0;0;0;(-38.4965103 -3.819936199999999);
;2022-04-10 18:06:19;Rua Pereira Filgueiras;;;Centro;;Colisão;;Não informado;;Meio De Quadra;;;0;1;0;0;2;0;0;0;0;0;0;0;0;(-38.5023842 -3.7318557);
;2022-04-10 17:45:01;Avenida General Osorio De Paiva;;;Siqueira;;Colisão;;Não informado;;Meio De Quadra;;;0;1;0;0;2;0;0;0;0;0;0;0;0;(-38.6215369 -3.8244074);
;2022-04-10 16:41:37;Avenida Senador Virgilio Tavora;Maria Tomasia;;Meireles;;Atropelamento;;Não informado;;Cruzamento;;;0;1;0;0;0;0;0;0;0;0;1;0;0;(-38.4932152 -3.7367957);
;2022-04-10 16:35:47;A;;;Vila Velha;;Atropelamento;;Não informado;;Meio De Quadra;;;0;1;0;0;1;0;0;0;0;0;0;0;0;(0 0);
;2022-04-10 12:51:11;Avenida Carneiro De Mendonça;;;Democrito Rocha;;Colisão;;Não informado;;Meio De Quadra;;;0;1;0;0;2;0;0;0;0;0;0;0;0;(-38.5698948 -3.762543);
;2022-04-10 09:41:20;Conego De Castro;;;Manuel Satiro;;Colisão;;Não informado;;Meio De Quadra;;;0;2;0;2;0;0;0;0;0;0;0;0;0;(-38.5824013 -3.794642899999999);
;2022-04-10 08:41:11;Fernandes Tavora;;;Henrique Jorge;;Queda;;Não informado;;Meio De Quadra;;;0;1;0;1;0;0;0;0;0;0;0;0;0;(-38.5779207 -3.7642515);
;2022-04-10 08:09:23;Rua Josias Paula De Sousa;;;Vicente Pinzon;;Queda;;Não informado;;Meio De Quadra;;;0;2;0;1;0;0;0;0;0;0;0;0;0;(0 0);
;2022-04-10 04:05:34;Avenida Perimetral;;;Mondubim;;Colisão;;Não informado;;Meio De Quadra Sem Numero;;;0;2;0;0;1;0;0;0;0;1;0;0;0;(-38.5864203 -3.794134);
;2022-04-10 01:51:44;Quarto Anel Viario;Cruzamento Dionisio Leonel Alencar;;Ancuri;;Colisão;;Não informado;;Cruzamento;;;0;4;0;0;2;0;0;0;0;0;0;0;0;(-38.5082531 -3.8687273);
;2022-04-10 01:31:35;Br. 116;;;Aerolandia;;Colisão;;Não informado;;Meio De Quadra;;;0;1;0;1;1;0;0;0;0;0;0;0;0;(-38.5179127 -3.7655681);
;2022-04-10 00:27:52;Cesar Cals;;;Vicente Pinzon;;Atropelamento;;Não informado;;Meio De Quadra;;;0;1;0;1;0;0;0;0;0;0;0;0;0;(-38.4600297 -3.729001299999999);
;2022-04-09 23:42:13;Joaquim Frota;;;Sapiranga;;Atropelamento;;Não informado;;Meio De Quadra;;;0;1;0;1;0;0;0;0;0;0;0;0;0;(-38.4697245 -3.8010658);
;2022-04-09 23:17:09;Camará (Esquina 1° De Janeiro);;;Maraponga;;Queda;;Não informado;;Meio De Quadra Sem Numero;;;0;1;0;1;0;0;0;0;0;0;0;0;0;(0 0);
;2022-04-09 23:15:39;Senador Fernandes Tavora;;;Autran Nunes;;Queda;;Não informado;;Meio De Quadra;;;0;1;0;0;0;0;0;0;0;1;0;0;0;(-38.5937402 -3.7561086);
;2022-04-09 23:06:44;Doutor Theberges;;;Presidente Kennedy;;Atropelamento;;Não informado;;Meio De Quadra Sem Numero;;;0;1;0;0;1;0;0;0;0;0;0;0;0;(-38.5680038 -3.724209);
;2022-04-09 22:45:01;Jovitra Feitosa;;;Rodolfo Teofilo;;Atropelamento;;Não informado;;Meio De Quadra;;;0;1;0;0;1;0;0;0;0;0;0;0;0;(-38.5449829 -3.7376629);
;2022-04-09 21:41:19;Carlos Chagas;;;Bonsucesso;;Atropelamento;;Não informado;;Meio De Quadra;;;0;1;0;1;0;0;0;0;0;0;0;0;0;(-38.5899339 -3.7787121);
;2022-04-09 19:49:21;A;Av Central;;Conjunto Ceara;;Colisão;;Não informado;;Cruzamento;;;0;1;0;0;1;0;0;0;0;1;0;0;0;(-38.6103543 -3.7473764);
;2022-04-09 19:11:31;Araripe Junior;Travessa Paraiso;;Cambeba;;Queda;;Não informado;;Cruzamento;;;0;1;0;1;0;0;0;0;0;0;0;0;0;(-38.4810024 -3.8081808);
;2022-04-09 19:06:49;Rua Pereira Filgueiras -;;;Aldeota;;Atropelamento;;Não informado;;Meio De Quadra;;;0;1;0;0;1;0;0;0;0;0;0;0;0;(-38.5113719 -3.728963);
;2022-04-09 19:05:24;Silas Munguba  -Bairro.Castelao;;;-.Castelao;;Colisão;;Não informado;;Meio De Quadra Sem Numero;;;0;2;0;2;0;0;0;0;0;0;0;0;0;(-38.5292359 -3.802261);
;2022-04-09 18:09:40;Alvaro Chaves;;;Mondubim;;Queda;;Não informado;;Meio De Quadra;;;0;1;0;1;0;0;0;0;0;0;0;0;0;(-38.5799939 -3.8250084);
;2022-04-09 17:57:44;Estrada Barao De Aquiraz;;;Paupina;;Colisão;;Não informado;;Meio De Quadra;;;0;2;0;1;1;0;0;0;0;0;0;0;0;(-38.4859019 -3.840035);
;2022-04-09 16:47:04;Palmeiras Dos Indios;;;Pedras;;Atropelamento;;Não informado;;Meio De Quadra Sem Numero;;;0;2;0;0;1;0;0;0;0;0;0;0;0;(-38.5093811 -3.8751463);
;2022-04-09 15:04:21;Carneiro De Mendonça;;;Joquei Clube;;Colisão;;Não informado;;Meio De Quadra;;;0;1;0;1;1;0;0;0;0;0;0;0;0;(-38.5755322 -3.7596298);
;2022-04-09 14:19:30;Luis Vieira;;;Parque Sao Jose;;Colisão;;Não informado;;Meio De Quadra;;;0;1;0;2;0;0;0;0;0;0;0;0;0;(0 0);
;2022-04-09 13:42:37;Jose Dantas Pereira;;;Canindezinho;;Queda;;Não informado;;Meio De Quadra Sem Numero;;;0;1;0;1;0;0;0;0;0;0;0;0;0;(-38.607706 -3.8224972);
;2022-04-09 12:44:46;Eduardo Perdigao;;;Parangaba;;Atropelamento;;Não informado;;Meio De Quadra Sem Numero;;;0;1;0;0;0;0;0;1;0;0;0;0;0;(-38.5639655 -3.7765172);
;2022-04-09 12:24:01;Nereu Ramos;Av. Godofreod Maciel;;Maraponga;;Colisão;;Não informado;;Cruzamento;;;0;2;0;1;1;0;0;0;0;0;0;0;0;(-38.5669536 -3.7871717);
;2022-04-09 10:57:12;Mister Hull;;;Antonio Bezerra;;Queda;;Não informado;;Meio De Quadra Sem Numero;;;0;1;0;1;0;0;0;0;0;0;0;0;0;(-38.5918137 -3.7395231);
;2022-04-09 10:35:44;Rua Professor Edgar De Arruda;;;Henrique Jorge;;Queda;;Não informado;;Meio De Quadra;;;0;1;0;1;0;0;0;0;0;0;0;0;0;(-38.58919119999999 -3.7558006);
;2022-04-09 10:33:38;Eduardo Porto;;;Messejana;;Atropelamento;;Não informado;;Meio De Quadra;;;0;1;0;0;0;0;1;0;0;0;0;0;0;(-38.49512530000001 -3.8327973);
;2022-04-09 09:21:58;Engenheiro Santana Junior;;;Papicu;;Colisão;;Não informado;;Meio De Quadra;;;0;1;0;0;2;0;0;0;0;0;0;0;0;(-38.4837195 -3.7389242);
;2022-04-09 08:43:41;Capitao Mello;;;Sao Joao Do Tauape;;Atropelamento;;Não informado;;Meio De Quadra;;;0;2;0;1;0;0;0;0;0;0;0;0;0;(-38.5127676 -3.7573959);
;2022-04-09 07:09:54;Central;;;Barroso;;Queda;;Não informado;;Meio De Quadra;;;0;1;0;1;0;0;0;0;0;0;0;0;0;(0 0);
;2022-04-09 03:51:52;Costa Freire;;;Vila Peri;;Queda;;Não informado;;Meio De Quadra;;;0;1;0;1;0;0;0;0;0;0;0;0;0;(-38.5806985 -3.7880318);
;2022-04-09 01:42:17;Delmiro De Farias;;;Damas;;Queda;;Não informado;;Meio De Quadra;;;0;1;0;0;0;0;0;0;0;1;0;0;0;(-38.5435032 -3.7538276);
;2022-04-09 00:42:49;Ministro Jose Americo;;;Cambeba;;Colisão;;Não informado;;Meio De Quadra;;;0;1;0;1;1;0;0;0;0;0;0;0;0;(-38.49381839999999 -3.8101342);
;2022-04-09 00:23:06;Presidente Castelo Branco;;;Praia De Iracema;;Atropelamento;;Não informado;;Meio De Quadra Sem Numero;;;0;1;0;0;1;0;0;0;0;0;0;0;0;(-38.5540459 -3.712094);
;2022-04-08 22:56:26;Rua Caubi;;;Barra Do Ceara;;Atropelamento;;Não informado;;Meio De Quadra;;;0;1;0;0;1;0;0;0;0;0;0;0;0;(-38.5813755 -3.710677699999999);
;2022-04-08 22:46:41;Contorno Sul;;;Jangurussu;;Colisão;;Não informado;;Meio De Quadra Sem Numero;;;0;1;0;2;0;0;0;0;0;0;0;0;0;(-38.5199088 -3.8377883);
;2022-04-08 21:18:41;Maria Julia - Parque Sao Vicente;;;Bom Jardim;;Colisão;;Não informado;;Meio De Quadra;;;0;2;0;2;0;0;0;0;0;0;0;0;0;(-38.6006644 -3.7948342);
;2022-04-08 20:11:00;Deputado Paulino Rocha;;;Cajazeiras;;Queda;;Não informado;;Meio De Quadra;;;0;2;0;1;0;0;0;0;0;0;0;0;0;(-38.5073067 -3.8014157);
;2022-04-08 19:23:45;Rua Professor Teodorico;;;Montese;;Colisão;;Não informado;;Meio De Quadra;;;0;1;0;1;1;0;0;0;0;0;0;0;0;(-38.5518602 -3.7694092);
;2022-04-08 19:04:06;Jacinto Matos;;;Pirambu;;Queda;;Não informado;;Meio De Quadra;;;0;1;0;0;0;0;0;0;0;1;0;0;0;(0 0);
;2022-04-08 18:24:58;Avenida Presidente Castelo Branco -;;;Pirambu;;Queda;;Não informado;;Meio De Quadra;;;0;1;0;0;0;0;0;0;0;1;0;0;0;(-38.5464731 -3.7147774);
;2022-04-08 17:13:02;Coronel Aurelio Camara;;;Vicente Pinzon;;Atropelamento;;Não informado;;Meio De Quadra;;;0;1;0;0;1;0;0;0;0;0;0;0;0;(-38.4672905 -3.7339533);
;2022-04-08 16:07:54;Emilio De Menezes;;;Bonsucesso;;Colisão;;Não informado;;Meio De Quadra;;;0;1;0;0;2;0;0;0;0;0;0;0;0;(-38.5853736 -3.7823974);
;2022-04-08 14:20:16;Avenida Frei Cirilo;;;Messejana;;Atropelamento;;Não informado;;Meio De Quadra;;;0;1;0;1;0;0;0;0;0;0;0;0;0;(-38.4979833 -3.8161503);
;2022-04-08 12:03:06;Avenida Aguanambi;;;Fatima;;Colisão;;Não informado;;Meio De Quadra;;;0;1;0;2;0;0;0;0;0;0;0;0;0;(-38.5232342 -3.7541525);
;2022-04-08 11:56:51;Rua Carlos Walraven;;;Jardim Guanabara;;Colisão;;Não informado;;Meio De Quadra;;;0;1;0;1;1;0;0;0;0;0;0;0;0;(-38.5941681 -3.7189862);
;2022-04-08 11:52:55;Mozart Pinheiro De Lucena;;;Quintino Cunha;;Atropelamento;;Não informado;;Meio De Quadra;;;0;2;0;0;1;0;0;0;0;0;0;0;0;(-38.5994259 -3.7326365);
;2022-04-08 10:50:23;Jovita Feitosa;;;Parquelandia;;Colisão;;Não informado;;Meio De Quadra;;;0;2;0;2;0;0;0;0;0;0;0;0;0;(-38.5487164 -3.7380088);
;2022-04-08 09:55:37;Osorio De Paiva;;;Siqueira;;Colisão;;Não informado;;Meio De Quadra;;;0;4;0;1;1;0;0;0;0;0;0;0;0;(0 0);
;2022-04-08 09:09:17;Estrada Do Jatoba;;;Siqueira;;Colisão;;Não informado;;Meio De Quadra;;;0;1;0;0;2;0;0;0;0;0;0;0;0;(-38.627481 -3.801736);
;2022-04-08 01:41:27;Beijamin Brasil;;;Mondubim;;Colisão;;Não informado;;Meio De Quadra;;;0;1;0;1;1;0;0;0;0;0;0;0;0;(-38.560054 -3.8071493);
;2022-04-08 01:08:41;Alvares Cabral;;;Serrinha;;Colisão;;Não informado;;Meio De Quadra;;;0;1;0;0;2;0;0;0;0;0;0;0;0;(-38.5493893 -3.7767292);
;2022-04-07 22:20:15;Av . Silas Munguba;;;Serrinha;;Atropelamento;;Não informado;;Meio De Quadra;;;0;1;0;0;0;0;0;0;0;0;1;0;0;(-38.54482489999999 -3.7886662);
;2022-04-07 22:07:55;Paulino Rocha;Amanso Pereira;;Passare;;Queda;;Não informado;;Cruzamento;;;0;1;0;1;0;0;0;0;0;0;0;0;0;(-38.5214739 -3.8096779);
;2022-04-07 21:43:27;Edilson Brasil Soares;;;Edson Queiroz;;Colisão;;Não informado;;Meio De Quadra;;;0;1;0;1;1;0;0;0;0;0;0;0;0;(-38.48249029999999 -3.7897579);
;2022-04-07 21:13:27;Jose Torres;;;Granja Portugal;;Atropelamento;;Não informado;;Meio De Quadra;;;0;1;0;1;0;0;0;0;0;0;0;0;0;(-38.6074296 -3.7799924);
;2022-04-07 20:51:05;Rua Torres Camara;;;Aldeota;;Colisão;;Não informado;;Meio De Quadra;;;0;1;0;0;2;0;0;0;0;0;0;0;0;(-38.5104748 -3.7342352);
;2022-04-07 20:41:02;Rua Monsenhor Salazar;Barros Leal;;Sao Joao Do Tauape;;Colisão;;Não informado;;Cruzamento;;;0;2;0;1;1;0;0;0;0;0;0;0;0;(-38.5187622 -3.7565822);
;2022-04-07 20:39:50;Avenida Godofredo Maciel;;;Mondubim;;Queda;;Não informado;;Meio De Quadra;;;0;1;0;0;0;0;0;0;0;1;0;0;0;(-38.5780959 -3.821501399999999);
;2022-04-07 20:26:59;Rua Padre Valdevino;;;Joaquim Tavora;;Colisão;;Não informado;;Meio De Quadra;;;0;1;0;1;1;0;0;0;0;0;0;0;0;(0 0);
;2022-04-07 20:24:56;Washington Soares;;;Cambeba;;Colisão;;Não informado;;Meio De Quadra Sem Numero;;;0;2;0;0;2;0;0;0;0;0;0;0;0;(-38.4790722 -3.8070071);
;2022-04-07 19:59:19;Avenida Doutor Silas Munguba;;;Parangaba;;Colisão;;Não informado;;Meio De Quadra;;;0;1;0;1;1;0;0;0;0;0;0;0;0;(-38.5592508 -3.7804924);