COD_ACIDENTE;DATA;LOG1;LOG2;NUMERO;BAIRRO;AMC;NATUREZA;ILUMINACAO;TEMPO;SUPERFICIEPISTA;TIPOCRUZAMENTO;CONTROLETRAFEGO;USOSOLO;MORTOS;FERIDOS;ILESOS;MOTOCICLETA;AUTOMOVEL;MICROONIBUS;CAMINHAO;ONIBUS;CICLOMOTOR;BICICLETA;OUTROS;TREM;TRACAOANIMAL;COORDENADAS
;2022-04-07 16:36:52;Rua Gomes Brasil;;;Parangaba;;Colisão;;Não informado;;Meio De Quadra;;;0;1;0;0;2;0;0;0;0;0;0;0;0;(-38.5684853 -3.7725007);
;2022-04-07 14:37:11;Alexandre Barauna;;;Rodolfo Teofilo;;Colisão;;Não informado;;Meio De Quadra;;;0;1;0;1;1;0;0;0;0;0;0;0;0;(-38.5491985 -3.7503502);
;2022-04-07 12:57:05;B;Rua 42 - Sitio São João;;Jangurussu;;Colisão;;Não informado;;Cruzamento;;;0;1;0;1;1;0;0;0;0;0;0;0;0;(-38.5146002 -3.8506289);
;2022-04-07 12:10:17;107;Conj Sao Cristovão;;Jangurussu;;Colisão;;Não informado;;Cruzamento;;;0;1;0;2;0;0;0;0;0;0;0;0;0;(-38.5189846 -3.8328895);
;2022-04-07 11:06:05;Pontes Vieira;;;Sao Joao Do Tauape;;Colisão;;Não informado;;Meio De Quadra;;;0;1;0;1;1;0;0;0;0;0;0;0;0;(-38.5051321 -3.7515375);
;2022-04-07 10:03:36;Bill Cartaxo;R.Conselheiro Gomes De Freitas;;Edson Queiroz;;Colisão;;Não informado;;Cruzamento;;;0;1;0;1;1;0;0;0;0;0;0;0;0;(-38.4684291 -3.7947413);
;2022-04-07 10:03:09;Rua Domingos Olimpio;;;Jose Bonifacio;;Atropelamento;;Não informado;;Meio De Quadra;;;0;1;0;0;1;0;0;0;0;0;0;0;0;(-38.525782 -3.7381107);
;2022-04-07 01:16:48;Osorio De Paiva;;;Vila Peri;;Atropelamento;;Não informado;;Meio De Quadra;;;0;1;0;1;0;0;0;0;0;0;0;0;0;(-38.5835591 -3.7860316);
;2022-04-07 00:49:30;Rua Paulo Firmeza;Professor Carvalho;;Sao Joao Do Tauape;;Colisão;;Não informado;;Cruzamento;;;0;1;0;0;1;0;0;0;0;1;0;0;0;(-38.5140698 -3.7572544);
;2022-04-07 00:27:03;Terminal De Parangaba;;;Parangaba;;Atropelamento;;Não informado;;Meio De Quadra Sem Numero;;;0;1;0;1;0;0;0;0;0;0;0;0;0;(-38.5630536 -3.7763133);
;2022-04-06 23:07:02;Pontes Vieira;;;Sao Joao Do Tauape;;Colisão;;Não informado;;Meio De Quadra;;;0;1;0;2;0;0;0;0;0;0;0;0;0;(0 0);
;2022-04-06 22:31:09;Washington Soares;;;Guajiru;;Queda;;Não informado;;Meio De Quadra Sem Numero;;;0;1;0;1;0;0;0;0;0;0;0;0;0;(-38.4824417 -3.8323432);
;2022-04-06 21:55:33;Avenida Visconde Do Rio Branco;;;Sao Joao Do Tauape;;Colisão;;Não informado;;Meio De Quadra;;;0;1;0;2;0;0;0;0;0;0;0;0;0;(-38.51994690000001 -3.7555306);
;2022-04-06 21:50:49;Avenida Imperador;;;Centro;;Atropelamento;;Não informado;;Meio De Quadra;;;0;1;0;0;1;0;0;0;0;0;0;0;0;(-38.53399659999999 -3.7252169);
;2022-04-06 17:07:26;Valdir Diogo;Alfredo Mamede;;Mondubim;;Colisão;;Não informado;;Cruzamento;;;0;1;0;0;2;0;0;0;0;0;0;0;0;(-38.579196 -3.8059958);
;2022-04-06 16:08:42;Perimetral;;;Jangurussu;;Colisão;;Não informado;;Meio De Quadra;;;0;1;0;2;0;0;0;0;0;0;0;0;0;(-38.5090259 -3.8301765);
;2022-04-06 16:02:14;Rua Das Carnaubas;;;Passare;;Colisão;;Não informado;;Meio De Quadra;;;0;1;0;1;1;0;0;0;0;0;0;0;0;(-38.5353405 -3.8078375);
;2022-04-06 15:54:23;Joaquim Magalhaes;Conselheiro Tristao;;Jose Bonifacio;;Colisão;;Não informado;;Cruzamento;;;0;1;0;1;1;0;0;0;0;0;0;0;0;(-38.5271049 -3.740216);
;2022-04-06 15:16:08;Doutor Silas Munguba -;Rua Doutor Justo Araujo;;Serrinha;;Colisão;;Não informado;;Cruzamento;;;0;1;0;1;1;0;0;0;0;0;0;0;0;(-38.5534149 -3.7845299);
;2022-04-06 14:39:19;Coronel Carvalho -;Rua Rosa Leite;;Jardim Guanabara;;Colisão;;Não informado;;Cruzamento;;;0;1;0;0;1;0;0;0;0;1;0;0;0;(-38.5861312 -3.724058);
;2022-04-06 14:26:20;Evaldo Braga;Rua Iracema;;Conjunto Palmeiras;;Colisão;;Não informado;;Cruzamento;;;0;1;0;2;0;0;0;0;0;0;0;0;0;(-38.5282654 -3.8446271);
;2022-04-06 14:21:51;Castelo  De  Castro;;;Jangurussu;;Colisão;;Não informado;;Meio De Quadra;;;0;1;0;2;0;0;0;0;0;0;0;0;0;(-38.5217339 -3.8350861);
;2022-04-06 13:56:31;Osorio  De  Paiva;;;Canindezinho;;Colisão;;Não informado;;Meio De Quadra;;;0;1;0;0;1;0;1;0;0;0;0;0;0;(-38.6099197 -3.8124244);
;2022-04-06 12:24:52;Palcido Castelo - Tancredo Neves;;;Jardim Das Oliveiras;;Colisão;;Não informado;;Meio De Quadra;;;0;1;0;1;0;0;0;0;0;0;0;0;0;(0 0);
;2022-04-06 11:52:03;Dinaja Severo - Siqueira 2;;;Siqueira;;Queda;;Não informado;;Meio De Quadra;;;0;1;0;1;0;0;0;0;0;0;0;0;0;(-38.6276047 -3.807768);
;2022-04-06 11:38:28;Rua M;Conj Loteamento Expedicionario;;Parque Dois Irmaos;;Colisão;;Não informado;;Cruzamento;;;0;1;0;1;1;0;0;0;0;0;0;0;0;(-38.5488548 -3.8048038);
;2022-04-06 11:19:17;Senador Jaguaribe;R.Senador Pompeu;;Centro;;Colisão;;Não informado;;Cruzamento;;;0;2;0;1;1;0;0;0;0;0;0;0;0;(-38.5280354 -3.7216657);
;2022-04-06 09:59:41;Carneiro De Mendonça;;;Parangaba;;Queda;;Não informado;;Meio De Quadra;;;0;1;0;1;0;0;0;0;0;0;0;0;0;(-38.5652487 -3.7647799);
;2022-04-06 09:52:07;Sargento Herminio;;;Monte Castelo;;Colisão;;Não informado;;Meio De Quadra;;;0;1;0;2;0;0;0;0;0;0;0;0;0;(-38.5493876 -3.7247892);
;2022-04-06 05:38:27;Anselmo Nogueira;Emilio De Menezes;;Bonsucesso;;Colisão;;Não informado;;Cruzamento;;;0;1;0;2;0;0;0;0;0;0;0;0;0;(-38.5873836 -3.7818048);
;2022-04-06 01:27:20;Padre Anchieta;;;Monte Castelo;;Atropelamento;;Não informado;;Meio De Quadra;;;0;1;0;1;0;0;0;0;0;0;0;0;0;(-38.5513257 -3.7248597);
;2022-04-05 23:24:06;Porto Velho Esquina;R. Vitória;;Henrique Jorge;;Colisão;;Não informado;;Cruzamento;;;0;1;0;0;2;0;0;0;0;0;0;0;0;(-38.5890434 -3.7661554);
;2022-04-05 23:06:48;J;Rua 1121;;Conjunto Ceara;;Queda;;Não informado;;Cruzamento;;;0;1;0;1;0;0;0;0;0;0;0;0;0;(-38.6136062 -3.7617403);
;2022-04-05 22:43:04;Luis Vieira;;;Siqueira;;Queda;;Não informado;;Meio De Quadra;;;0;1;0;1;0;0;0;0;0;0;0;0;0;(0 0);
;2022-04-05 22:30:20;Gomes Brasil;;;Parangaba;;Atropelamento;;Não informado;;Meio De Quadra Sem Numero;;;0;1;0;0;0;0;0;1;0;0;0;0;0;(-38.568247 -3.7729331);
;2022-04-05 19:18:12;Avenida Jovita Feitosa;;;Quintino Cunha;;Colisão;;Não informado;;Meio De Quadra;;;0;1;0;1;1;0;0;0;0;0;0;0;0;(-38.561071 -3.741038);
;2022-04-05 19:04:53;Avenida H;;;Conjunto Ceara;;Atropelamento;;Não informado;;Meio De Quadra;;;0;1;0;0;0;0;0;0;0;0;1;0;0;(-38.6178672 -3.7765681);
;2022-04-05 18:47:29;Avenida Frei Cirilo;;;Messejana;;Colisão;;Não informado;;Meio De Quadra Sem Numero;;;0;1;0;1;1;0;0;0;0;0;0;0;0;(-38.4979833 -3.8161503);
;2022-04-05 18:41:36;Manoel Arruda;Rua Nova Quietude;;Messejana;;Colisão;;Não informado;;Cruzamento;;;0;1;0;1;1;0;0;0;0;0;0;0;0;(-38.5031431 -3.8291378);
;2022-04-05 18:28:56;Joao Pessoa;;;Damas;;Colisão;;Não informado;;Meio De Quadra;;;0;2;0;0;2;0;0;0;0;0;0;0;0;(-38.5459266 -3.7489098);
;2022-04-05 18:28:18;Avenida H;Rua Ari Maia;;Conjunto Ceara;;Atropelamento;;Não informado;;Cruzamento;;;0;1;0;1;0;0;0;0;0;0;0;0;0;(-38.6195109 -3.7768919);
;2022-04-05 18:08:42;Santos Dumont;R. Jose Lourenço;;Aldeota;;Colisão;;Não informado;;Cruzamento;;;0;1;0;1;1;0;0;0;0;0;0;0;0;(-38.5073708 -3.7333035);
;2022-04-05 17:01:02;Rua Presidente Vargas;Travessa Waldir Diogo;;Mondubim;;Colisão;;Não informado;;Cruzamento;;;0;1;0;1;1;0;0;0;0;0;0;0;0;(-38.5774244 -3.8069658);
;2022-04-05 16:27:42;Silas Munguba;;;Serrinha;;Colisão;;Não informado;;Meio De Quadra;;;0;1;0;0;2;0;0;0;0;0;0;0;0;(-38.5465647 -3.788339499999999);
;2022-04-05 15:05:04;Contorno Sul;;;Jangurussu;;Queda;;Não informado;;Meio De Quadra Sem Numero;;;0;1;0;1;0;0;0;0;0;0;0;0;0;(-38.5199088 -3.8377883);
;2022-04-05 14:43:16;Leste Oeste;;;Moura Brasil;;Atropelamento;;Não informado;;Meio De Quadra;;;0;1;0;0;1;0;0;0;0;0;0;0;0;(0 0);
;2022-04-05 13:49:47;Antonieta Clotilde;;;Jardim Iracema;;Queda;;Não informado;;Meio De Quadra;;;0;1;0;1;0;0;0;0;0;0;0;0;0;(-38.5835486 -3.7172217);
;2022-04-05 12:23:24;Washington Soares;;;Edson Queiroz;;Colisão;;Não informado;;Meio De Quadra;;;0;2;0;1;1;0;0;0;0;0;0;0;0;(-38.480516 -3.7839078);
;2022-04-05 10:58:06;Jose Tavares;;;Parque Santa Rosa;;Colisão;;Não informado;;Meio De Quadra Sem Numero;;;0;1;0;0;2;0;0;0;0;0;0;0;0;(-38.5969538 -3.8133028);
;2022-04-05 10:50:54;Godofredo Maciel;;;Maraponga;;Colisão;;Não informado;;Meio De Quadra;;;0;1;0;1;1;0;0;0;0;0;0;0;0;(-38.5653178 -3.7808175);
;2022-04-05 10:49:32;Joao Cordeiro;Rua Soreano;;Sao Joao Do Tauape;;Colisão;;Não informado;;Cruzamento;;;0;1;0;0;2;0;0;0;0;0;0;0;0;(-38.5161305 -3.7352494);
;2022-04-05 10:40:30;Conego De Castro;Estrada Do Siqueira;;Parque Sao Jose;;Colisão;;Não informado;;Cruzamento;;;0;1;0;0;2;0;0;0;0;0;0;0;0;(-38.5942719 -3.80759);
;2022-04-05 09:18:07;Sargento Herminio;;;Antonio Bezerra;;Colisão;;Não informado;;Meio De Quadra;;;0;3;0;2;0;0;0;0;0;0;0;0;0;(-38.5858348 -3.7342448);
;2022-04-05 05:25:28;Avenida Doutor Silas Munguba;;;Serrinha;;Colisão;;Não informado;;Meio De Quadra Sem Numero;;;0;1;0;1;1;0;0;0;0;0;0;0;0;(-38.542238 -3.7897477);
;2022-04-05 04:40:47;Jose Dantas Pereira;;;Canindezinho;;Queda;;Não informado;;Meio De Quadra Sem Numero;;;0;1;0;1;0;0;0;0;0;0;0;0;0;(-38.607706 -3.8224972);
;2022-04-05 02:19:01;Antonio Sales;;;Coco;;Queda;;Não informado;;Meio De Quadra;;;0;1;0;1;0;0;0;0;0;0;0;0;0;(-38.4904111 -3.7490052);
;2022-04-05 00:38:36;Washington Soares;;;Engenheiro Luciano Cavalcante;;Colisão;;Não informado;;Meio De Quadra;;;0;1;0;1;1;0;0;0;0;0;0;0;0;(-38.4819739 -3.7767278);
;2022-04-04 23:15:55;Republica Do Libano;;;Meireles;;Queda;;Não informado;;Meio De Quadra;;;0;1;0;1;0;0;0;0;0;0;0;0;0;(-38.5004723 -3.7302717);
;2022-04-04 23:07:05;Joao Areas;;;Manuel Satiro;;Queda;;Não informado;;Meio De Quadra;;;0;1;0;1;0;0;0;0;0;0;0;0;0;(-38.5762188 -3.8015021);
;2022-04-04 22:41:38;Avenida Gonçalves Dias;;;Rodolfo Teofilo;;Colisão;;Não informado;;Meio De Quadra;;;0;1;0;2;0;0;0;0;0;0;0;0;0;(-38.5554636 -3.7443908);
;2022-04-04 21:57:46;Sargento Herminio;Conrado Cabral;;Monte Castelo;;Atropelamento;;Não informado;;Cruzamento;;;0;2;0;0;1;0;0;0;0;0;0;0;0;(-38.5489045 -3.7245276);
;2022-04-04 20:56:37;Teodomiro De Castro - Graça Aranha;;;Alvaro Weyne;;Colisão;;Não informado;;Meio De Quadra;;;0;1;0;1;1;0;0;0;0;0;0;0;0;(-38.5763528 -3.7170201);
;2022-04-04 19:49:15;Perimetral;Lineu Machado;;Joao Xxiii;;Colisão;;Não informado;;Cruzamento;;;0;1;0;0;2;0;0;0;0;0;0;0;0;(-38.5801633 -3.7720724);
;2022-04-04 19:31:09;Ceara;;;Democrito Rocha;;Colisão;;Não informado;;Meio De Quadra;;;0;1;0;1;1;0;0;0;0;0;0;0;0;(-38.563474 -3.7606027);
;2022-04-04 19:12:47;Avenida Joao Pessoa;;;Parangaba;;Colisão;;Não informado;;Meio De Quadra Sem Numero;;;0;1;0;0;2;0;0;0;0;0;0;0;0;(-38.5601806 -3.7681754);
;2022-04-04 18:39:23;Avenida I;;;Conjunto Ceara;;Colisão;;Não informado;;Meio De Quadra;;;0;1;0;0;2;0;0;0;0;0;0;0;0;(-38.5990365 -3.7658445);
;2022-04-04 17:48:19;BR 116 - Rua Benedito De Sousafortaleza;;;Paupina;;Colisão;;Não informado;;Meio De Quadra Sem Numero;;;0;1;0;1;1;0;0;0;0;0;0;0;0;(0 0);
;2022-04-04 17:24:49;Bezerra De Menezes;;;Sao Gerardo;;Queda;;Não informado;;Meio De Quadra;;;0;1;0;1;0;0;0;0;0;0;0;0;0;(-38.5674754 -3.7365088);
;2022-04-04 17:20:50;Borges De Melo;;;Aerolandia;;Colisão;;Não informado;;Meio De Quadra;;;0;2;0;1;1;0;0;0;0;0;0;0;0;(-38.518002 -3.7619712);
;2022-04-04 16:16:48;Monsenhor Tabosa;Rua Carlos Vasconcelos;;Meireles;;Queda;;Não informado;;Cruzamento;;;0;1;0;1;0;0;0;0;0;0;0;0;0;(-38.5079822 -3.7243065);
;2022-04-04 14:09:29;Antonio Gadelha;Rua Joao Ivo;;Messejana;;Colisão;;Não informado;;Cruzamento;;;0;1;0;1;1;0;0;0;0;0;0;0;0;(-38.4975013 -3.8326771);
;2022-04-04 11:41:27;Rua Joel Marques;;;Pici;;Colisão;;Não informado;;Meio De Quadra;;;0;1;0;0;2;0;0;0;0;0;0;0;0;(0 0);
;2022-04-04 11:27:06;Rua Eduardo Araujo;;;Parque Santa Rosa;;Colisão;;Não informado;;Meio De Quadra;;;0;1;0;1;1;0;0;0;0;0;0;0;0;(-38.5900683 -3.8231413);
;2022-04-04 11:26:32;Alberto Craveiro;;;Passare;;Queda;;Não informado;;Meio De Quadra Sem Numero;;;0;1;0;1;0;0;0;0;0;0;0;0;0;(-38.5222393 -3.8039402);
;2022-04-04 11:22:33;Conego Lima Sucupira;Avenida Germano Franklin;;Parangaba;;Colisão;;Não informado;;Cruzamento;;;0;1;0;1;1;0;0;0;0;0;0;0;0;(-38.5508491 -3.7781707);
;2022-04-04 11:20:13;Jovita Feitosa Esq General Piragibe;;;Parquelandia;;Queda;;Não informado;;Meio De Quadra Sem Numero;;;0;1;0;1;0;0;0;0;0;0;0;0;0;(-38.557501 -3.7401162);
;2022-04-04 10:55:44;Francisco Sa;;;Jacarecanga;;Colisão;;Não informado;;Meio De Quadra;;;0;1;0;1;1;0;0;0;0;0;0;0;0;(-38.5505729 -3.7194456);
;2022-04-04 10:01:33;Coronel Manuel Jesuino;;;Varjota;;Atropelamento;;Não informado;;Meio De Quadra;;;0;1;0;0;1;0;0;0;0;0;0;0;0;(-38.4849718 -3.7351831);
;2022-04-04 01:40:57;Barão De Aquiraz;;;Coacu;;Colisão;;Não informado;;Meio De Quadra;;;0;1;0;1;1;0;0;0;0;0;0;0;0;(-38.4860838 -3.8399615);
;2022-04-04 01:06:24;Sebastiao De Abreu;;;Coco;;Colisão;;Não informado;;Meio De Quadra Sem Numero;;;0;1;0;1;1;0;0;0;0;0;0;0;0;(-38.48319 -3.7548815);
;2022-04-04 00:57:01;Pompilo Gomes;;;Passare;;Colisão;;Não informado;;Meio De Quadra;;;0;1;0;1;1;0;0;0;0;0;0;0;0;(-38.5204913 -3.812629);
;2022-04-04 00:03:12;Engenheiro Alberto Sá;;;Papicu;;Atropelamento;;Não informado;;Meio De Quadra Sem Numero;;;0;1;0;0;1;0;0;0;0;0;0;0;0;(-38.4769619 -3.7342568);
;2022-04-03 23:34:42;Av Perimentral;;;Joao Xxiii;;Queda;;Não informado;;Meio De Quadra;;;0;2;0;1;0;0;0;0;0;0;0;0;0;(0 0);
;2022-04-03 22:41:28;Val Paraiso;;;Conjunto Palmeiras;;Queda;;Não informado;;Meio De Quadra;;;0;1;0;1;0;0;0;0;0;0;0;0;0;(-38.5268355 -3.8432281);
;2022-04-03 22:19:06;Santos Dumont;;;Praia Filho;;Colisão;;Não informado;;Meio De Quadra Sem Numero;;;0;2;0;2;0;0;0;0;0;0;0;0;0;(-38.4871768 -3.7398314);
;2022-04-03 22:03:34;Presidente Artur Bernardes;;;Sapiranga;;Colisão;;Não informado;;Meio De Quadra;;;0;1;0;1;1;0;0;0;0;0;0;0;0;(-38.4709976 -3.8004876);
;2022-04-03 21:00:36;Perimetral;Osorio De  Paiva;;Siqueira;;Colisão;;Não informado;;Cruzamento;;;0;1;0;0;2;0;0;0;0;0;0;0;0;(-38.589942 -3.78528);
;2022-04-03 18:54:46;Rua Vicente Saboia;Av. Leste Oeste;;Alvaro Weyne;;Colisão;;Não informado;;Cruzamento;;;0;1;0;1;1;0;0;0;0;0;0;0;0;(-38.5600983 -3.7107616);
;2022-04-03 18:47:45;Candido Maia;;;Antonio Bezerra;;Queda;;Não informado;;Meio De Quadra;;;0;1;0;0;0;0;0;0;0;1;0;0;0;(-38.5901092 -3.7371858);
;2022-04-03 18:13:02;Avenida Major Assis -;;;Jardim Guanabara;;Colisão;;Não informado;;Meio De Quadra;;;0;2;0;1;1;0;0;0;0;0;0;0;0;(-38.5921728 -3.7226333);
;2022-04-03 16:27:02;13 De Maio;;;Fatima;;Colisão;;Não informado;;Meio De Quadra;;;0;1;0;0;2;0;0;0;0;0;0;0;0;(-38.537187 -3.7423189);
;2022-04-03 15:44:58;13 De Maio;Rua Valderir Uchoa;;Fatima;;Colisão;;Não informado;;Cruzamento;;;0;1;0;0;2;0;0;0;0;0;0;0;0;(-38.5451834 -3.751048);
;2022-04-03 15:41:27;Monsenhor Salazar;;;Dionisio Torres;;Queda;;Não informado;;Meio De Quadra;;;0;1;0;0;0;0;0;0;0;1;0;0;0;(-38.5051321 -3.755474999999999);
;2022-04-03 15:25:48;Luis Vieira;Eça De Queiroz;;Bonsucesso;;Colisão;;Não informado;;Cruzamento;;;0;1;0;1;1;0;0;0;0;0;0;0;0;(-38.5886105 -3.7910171);
;2022-04-03 13:47:57;Val Paraiso;;;Prefeito Jose Walter;;Queda;;Não informado;;Meio De Quadra;;;0;1;0;1;0;0;0;0;0;0;0;0;0;(0 0);
;2022-04-03 12:17:22;Jose Bastos;;;Rodolfo Teofilo;;Queda;;Não informado;;Meio De Quadra Sem Numero;;;0;1;0;1;0;0;0;0;0;0;0;0;0;(-38.5497635 -3.7493857);
;2022-04-03 12:07:52;Anario Braga;;;Antonio Bezerra;;Colisão;;Não informado;;Meio De Quadra;;;0;1;0;1;1;0;0;0;0;0;0;0;0;(-38.5944932 -3.736549);
;2022-04-03 11:34:16;Carapinima;;;Benfica;;Queda;;Não informado;;Meio De Quadra;;;0;1;0;1;0;0;0;0;0;0;0;0;0;(-38.5380077 -3.737485);
;2022-04-03 11:08:34;Monsenhor Tabosa;Av. Dom Manuel;;Centro;;Queda;;Não informado;;Cruzamento;;;0;1;0;0;0;0;0;0;0;1;0;0;0;(-38.5195518 -3.7235838);
;2022-04-03 10:45:08;Santos Dumont;;;Aldeota;;Colisão;;Não informado;;Meio De Quadra;;;0;1;0;1;1;0;0;0;0;0;0;0;0;(-38.51469 -3.7309869);
;2022-04-03 09:02:05;Perimetral;;;Pici;;Colisão;;Não informado;;Meio De Quadra Sem Numero;;;0;1;0;1;1;0;0;0;0;0;0;0;0;(-38.589942 -3.78528);
;2022-04-03 08:53:59;Rua Reverendo Bolivar Pinto Bandeira;;;Edson Queiroz;;Queda;;Não informado;;Meio De Quadra;;;0;1;0;1;0;0;0;0;0;0;0;0;0;(-38.4925685 -3.7718846);
;2022-04-03 07:40:18;Avenida 13 De Maio;;;Messejana;;Choque c/ Obstáculo Fixo;;Não informado;;Meio De Quadra;;;0;1;0;0;1;0;0;0;0;0;0;0;0;(-38.5292671 -3.749680399999999);
;2022-04-03 07:15:35;BR 116;;;Aerolandia;;Colisão;;Não informado;;Meio De Quadra;;;0;1;0;0;2;0;0;0;0;0;0;0;0;(0 0);
;2022-04-03 04:24:48;Rua Leon Gradvol;;;Maraponga;;Capotamento;;Não informado;;Meio De Quadra;;;0;1;0;0;1;0;0;0;0;0;0;0;0;(-38.5677602 -3.8005586);
;2022-04-03 04:18:44;Raul Barbosa;;;Sao Joao Do Tauape;;Queda;;Não informado;;Meio De Quadra Sem Numero;;;0;2;0;1;0;0;0;0;0;0;0;0;0;(-38.5046054 -3.7583541);
;2022-04-03 00:11:18;Av. Alberto Monte;;;Bela Vista;;Colisão;;Não informado;;Meio De Quadra;;;0;1;0;0;2;0;0;0;0;0;0;0;0;(0 0);
;2022-04-02 23:48:45;Professor Costa Mendes;;;Rodolfo Teofilo;;Queda;;Não informado;;Meio De Quadra Sem Numero;;;0;1;0;0;0;0;0;0;0;1;0;0;0;(-38.551306 -3.7506949);
;2022-04-02 22:09:45;Silas Munguba;;;Passare;;Atropelamento;;Não informado;;Meio De Quadra Sem Numero;;;0;2;0;0;1;0;0;0;0;0;0;0;0;(-38.5297827 -3.8016075);
;2022-04-02 21:32:43;Avenida Major Assis;;;Vila Velha;;Queda;;Não informado;;Meio De Quadra;;;0;1;0;1;0;0;0;0;0;0;0;0;0;(-38.6015222 -3.7203824);
;2022-04-02 20:54:35;Avenida Doutor Conde Sandoval;;;Conjunto Palmeiras;;Colisão;;Não informado;;Meio De Quadra Sem Numero;;;0;2;0;0;2;0;0;0;0;0;0;0;0;(-38.5254805 -3.8413945);
;2022-04-02 19:59:53;Teresa Bernardes - Conj Palmeira Ii;;;Conjunto Palmeiras;;Atropelamento;;Não informado;;Meio De Quadra;;;0;1;0;0;1;0;0;0;0;0;0;0;0;(-38.5284483 -3.8421629);
;2022-04-02 19:42:17;Doutor Conde Sandoval;;;Conjunto Palmeiras;;Colisão;;Não informado;;Meio De Quadra;;;0;1;0;1;0;0;0;0;0;0;0;0;0;(-38.5267864 -3.8404095);
;2022-04-02 18:04:38;Rua Vila Lobos;;;Itaoca;;Queda;;Não informado;;Meio De Quadra;;;0;1;0;1;0;0;0;0;0;0;0;0;0;(-38.5549111 -3.772787);
;2022-04-02 17:16:19;BR 116 KM 6;;;Cidade Dos Funcionarios;;Colisão;;Não informado;;Meio De Quadra;;;0;2;0;1;1;0;0;0;0;0;0;0;0;(0 0);
;2022-04-02 16:30:26;Lest Oest;Alves De Lima;;Pirambu;;Queda;;Não informado;;Cruzamento;;;0;1;0;1;0;0;0;0;0;0;0;0;0;(-38.5686328 -3.708268);
;2022-04-02 15:25:03;Rua Maria Gomes De Sa;Godolfredo Maciel;;Mondubim;;Colisão;;Não informado;;Cruzamento;;;0;1;0;1;1;0;0;0;0;0;0;0;0;(-38.5796823 -3.8270123);
;2022-04-02 14:33:11;Amancio Pereira;;;Passare;;Colisão;;Não informado;;Meio De Quadra;;;0;1;0;1;1;0;0;0;0;0;0;0;0;(-38.5229879 -3.8156743);
;2022-04-02 14:20:39;Capitao Gustavo;;;Sao Joao Do Tauape;;Choque c/ Obstáculo Fixo;;Não informado;;Meio De Quadra;;;0;1;0;0;1;0;0;0;0;0;0;0;0;(-38.5161745 -3.7586157);
;2022-04-02 14:00:21;Avenida Independencia;;;Quintino Cunha;;Queda;;Não informado;;Meio De Quadra;;;0;1;0;1;0;0;0;0;0;0;0;0;0;(-38.592231 -3.7267803);
;2022-04-02 11:39:25;Avenida Maestro Lisboa -;;;Lagoa Redonda;;Queda;;Não informado;;Meio De Quadra;;;0;1;0;1;0;0;0;0;0;0;0;0;0;(-38.4623017 -3.8077228);
;2022-04-02 09:14:45;Presidente Costa E Silva;;;Mondubim;;Colisão;;Não informado;;Meio De Quadra;;;0;1;0;0;2;0;0;0;0;0;0;0;0;(0 0);
;2022-04-02 09:05:15;Rua Deputado Matoso Filho;;;Quintino Cunha;;Colisão;;Não informado;;Meio De Quadra;;;0;1;0;1;1;0;0;0;0;0;0;0;0;(-38.58779270000001 -3.7314087);
;2022-04-02 06:52:45;Edilson Brasil Soares;;;Parque Manibura;;Colisão;;Não informado;;Meio De Quadra;;;0;1;0;0;2;0;0;0;0;0;0;0;0;(-38.4724249 -3.7884324);
;2022-04-02 02:02:14;Via Expressa;;;Papicu;;Queda;;Não informado;;Meio De Quadra Sem Numero;;;0;1;0;1;0;0;0;0;0;0;0;0;0;(-38.49085 -3.7457388);
;2022-04-02 01:15:52;Rua Dulcineia Gondim;;;Damas;;Colisão;;Não informado;;Meio De Quadra Sem Numero;;;0;1;0;1;1;0;0;0;0;0;0;0;0;(-38.5457993 -3.7587178);
;2022-04-02 00:28:01;Silas Munguba;;;Serrinha;;Colisão;;Não informado;;Meio De Quadra Sem Numero;;;0;1;0;0;2;0;0;0;0;0;0;0;0;(-38.542238 -3.7897477);
;2022-04-01 23:18:07;Doutor Theberge;;;Carlito Pamplona;;Atropelamento;;Não informado;;Meio De Quadra;;;0;1;0;0;0;0;1;0;0;0;0;0;0;(-38.5647045 -3.7132957);
;2022-04-01 22:28:06;Carneiro De Mendonça;;;Democrito Rocha;;Colisão;;Não informado;;Meio De Quadra;;;0;1;0;1;1;0;0;0;0;0;0;0;0;(-38.5698072 -3.762593);
;2022-04-01 21:33:53;Avenida Joao Pessoa - Ana Neri;;;Damas;;Colisão;;Não informado;;Meio De Quadra;;;0;1;0;0;2;0;0;0;0;0;0;0;0;(-38.5467905 -3.749472099999999);
;2022-04-01 21:21:14;Avenida Da Aboliçao;;;Meireles;;Atropelamento;;Não informado;;Meio De Quadra;;;0;1;0;0;1;0;0;0;0;0;0;0;0;(-38.4810806 -3.7233133);
;2022-04-01 20:18:12;Julio Cesar;;;Benfica;;Colisão;;Não informado;;Meio De Quadra;;;0;1;0;1;1;0;0;0;0;0;0;0;0;(-38.5398587 -3.7469033);
;2022-04-01 19:50:01;Rua Canuto De Aguiar;Leonardo Mota N° 500;;Meireles;;Colisão;;Não informado;;Cruzamento;;;0;1;0;1;1;0;0;0;0;0;0;0;0;(-38.4945048 -3.7309338);
;2022-04-01 19:37:54;Rua Alan Kardec;;;Montese;;Colisão;;Não informado;;Meio De Quadra;;;0;1;0;1;1;0;0;0;0;0;0;0;0;(0 0);
;2022-04-01 19:09:08;Rua Tipografo Sales -;Nelson Machado;;Parquelandia;;Colisão;;Não informado;;Cruzamento;;;0;1;0;1;1;0;0;0;0;0;0;0;0;(-38.5634009 -3.7442742);