COD_ACIDENTE;DATA;LOG1;LOG2;NUMERO;BAIRRO;AMC;NATUREZA;ILUMINACAO;TEMPO;SUPERFICIEPISTA;TIPOCRUZAMENTO;CONTROLETRAFEGO;USOSOLO;MORTOS;FERIDOS;ILESOS;MOTOCICLETA;AUTOMOVEL;MICROONIBUS;CAMINHAO;ONIBUS;CICLOMOTOR;BICICLETA;OUTROS;TREM;TRACAOANIMAL;COORDENADAS
;2022-04-01 18:55:17;Rua Japi;;;Serrinha;;Colisão;;Não informado;;Meio De Quadra;;;0;1;0;2;0;0;0;0;0;0;0;0;0;(-38.5467974 -3.784243);
;2022-04-01 15:42:40;Teodoro De Castro Esq Antonio Nery;;;Granja Portugal;;Colisão;;Não informado;;Meio De Quadra;;;0;1;0;1;1;0;0;0;0;0;0;0;0;(-38.6010114 -3.7808005);
;2022-04-01 14:32:23;Costa Barros;;;Centro;;Colisão;;Não informado;;Meio De Quadra;;;0;1;0;0;2;0;0;0;0;0;0;0;0;(-38.5171007 -3.728512);
;2022-04-01 14:10:12;Francisco Sa;;;Barra Do Ceara;;Colisão;;Não informado;;Meio De Quadra Sem Numero;;;0;1;0;0;1;0;0;0;0;1;0;0;0;(-38.5804104 -3.7095351);
;2022-04-01 13:59:05;Padre Valdevino -;Rua Visconde De Maua;;Aldeota;;Colisão;;Não informado;;Cruzamento;;;0;1;0;1;1;0;0;0;0;0;0;0;0;(-38.5019065 -3.7437855);
;2022-04-01 11:53:33;Raul Barbosa;;;Aerolandia;;Colisão;;Não informado;;Meio De Quadra;;;0;1;0;1;1;0;0;0;0;0;0;0;0;(0 0);
;2022-04-01 10:03:47;Silas Munguba;;;Dias Macedo;;Queda;;Não informado;;Meio De Quadra;;;0;1;0;0;0;0;0;0;0;1;0;0;0;(-38.5305352 -3.799295099999999);
;2022-04-01 09:01:46;Rua Do Bijupira;;;Vicente Pinzon;;Queda;;Não informado;;Meio De Quadra;;;0;1;0;1;0;0;0;0;0;0;0;0;0;(-38.4729281 -3.729257);
;2022-04-01 08:47:48;Julio Silva;;;Antonio Diogo;;Atropelamento;;Não informado;;Meio De Quadra;;;0;1;0;0;0;0;0;0;0;0;1;0;0;(-38.4542732 -3.744987999999999);
;2022-04-01 04:37:26;Rua Roberto Carvalho;;;Passare;;Colisão;;Não informado;;Meio De Quadra;;;0;1;0;0;2;0;0;0;0;0;0;0;0;(-38.5403055 -3.8172701);
;2022-04-01 00:14:17;Urucutuba;;;Granja Lisboa;;Colisão;;Não informado;;Meio De Quadra;;;0;1;0;1;1;0;0;0;0;0;0;0;0;(-38.6141911 -3.7983109);
;2022-04-01 00:06:20;Carapinima;;;Benfica;;Queda;;Não informado;;Meio De Quadra;;;0;1;0;1;0;0;0;0;0;0;0;0;0;(-38.5382129 -3.7376965);
;2022-04-01 00:03:19;1.0;;;Serrinha;;Queda de moto;;Não informado;;Meio De Quadra;;;0;1;0;2;0;0;0;0;0;0;0;0;0;(0 0);
;2022-03-31 23:20:22;Bezerra De Menezes;;;Sao Gerardo;;Atropelamento;;Não informado;;Meio De Quadra;;;0;1;0;1;0;0;0;0;0;0;0;0;0;(-38.5680175 -3.736870499999999);
;2022-03-31 22:50:16;Lineu Machado;;;Joquei Clube;;Colisão;;Não informado;;Meio De Quadra;;;0;1;0;1;1;0;0;0;0;0;0;0;0;(-38.5734712 -3.7622468);
;2022-03-31 22:16:16;Luiza Miranda Coelho;;;Engenheiro Luciano Cavalcante;;Colisão;;Não informado;;Meio De Quadra;;;0;1;0;2;0;0;0;0;0;0;0;0;0;(-38.4967156 -3.7718905);
;2022-03-31 22:12:59;Pompeu Cavalcante;;;Vila Ellery;;Colisão;;Não informado;;Meio De Quadra;;;0;2;0;2;0;0;0;0;0;0;0;0;0;(-38.56448719999999 -3.7212826);
;2022-03-31 21:01:48;Avenida Dos Expedicionarios;;;Itaperi;;Colisão;;Não informado;;Meio De Quadra;;;0;1;0;1;1;0;0;0;0;0;0;0;0;(-38.55411 -3.8080418);
;2022-03-31 20:46:33;Joao Areas;;;Manuel Satiro;;Queda;;Não informado;;Meio De Quadra;;;0;1;0;1;0;0;0;0;0;0;0;0;0;(-38.5763111 -3.7972174);
;2022-03-31 20:31:22;Avenida Radialista Joao Ramos;;;Planalto Ayrton Senna;;Colisão;;Não informado;;Meio De Quadra;;;0;1;0;1;1;0;0;0;0;0;0;0;0;(-38.5691884 -3.8431115);
;2022-03-31 20:24:11;Sargento Joao Pinheiro;;;Bom Jardim;;Queda;;Não informado;;Meio De Quadra Sem Numero;;;0;1;0;1;0;0;0;0;0;0;0;0;0;(-38.6230856 -3.7838172);
;2022-03-31 20:15:24;Jornalista Joao Ramos-Cidade Nova;;;Planalto Ayrton Senna;;Colisão;;Não informado;;Meio De Quadra;;;0;1;0;1;1;0;0;0;0;0;0;0;0;(-38.581815 -3.83975);
;2022-03-31 19:29:24;Avenida Senador Fernandes Tavora;;;Joquei Clube;;Queda;;Não informado;;Meio De Quadra;;;0;1;0;0;0;0;0;0;0;1;0;0;0;(-38.5774742 -3.7645661);
;2022-03-31 18:34:01;Perimetral;;;Prefeito Jose Walter;;Colisão;;Não informado;;Meio De Quadra;;;0;1;0;2;0;0;0;0;0;0;0;0;0;(-38.5300457 -3.8290547);
;2022-03-31 15:50:54;Ministro Jose Americo;;;Parque Iracema;;Colisão;;Não informado;;Meio De Quadra;;;0;2;0;1;1;0;0;0;0;0;0;0;0;(-38.4936573 -3.8104971);
;2022-03-31 14:38:33;Gustavo Braga Esq.;Rua Papi Junior;;Rodolfo Teofilo;;Colisão;;Não informado;;Cruzamento;;;0;1;0;0;2;0;0;0;0;0;0;0;0;(-38.5506188 -3.7532251);
;2022-03-31 14:33:48;Senador Fernandes Tavora;;;Autran Nunes;;Queda;;Não informado;;Meio De Quadra;;;0;1;0;1;0;0;0;0;0;0;0;0;0;(-38.5937402 -3.7561086);
;2022-03-31 14:22:56;Coletor Antonio Gadelha;;;Messejana;;Colisão;;Não informado;;Meio De Quadra;;;0;1;0;1;1;0;0;0;0;0;0;0;0;(-38.4973702 -3.832738);
;2022-03-31 14:19:46;Travessa Antonio Joaquim;;;Antonio Bezerra;;Queda;;Não informado;;Meio De Quadra;;;0;1;0;1;0;0;0;0;0;0;0;0;0;(-38.59190299999999 -3.7360543);
;2022-03-31 14:09:51;Val Paraiso;Av.B  Cj. Sitio Sao Joao;;Jangurussu;;Colisão;;Não informado;;Cruzamento;;;0;1;0;1;1;0;0;0;0;0;0;0;0;(-38.524005 -3.845681);
;2022-03-31 14:01:45;13 De Maio Esq.;Visconde Do Rio Branco;;Fatima;;Queda;;Não informado;;Cruzamento;;;0;1;0;1;0;0;0;0;0;0;0;0;0;(-38.5297266 -3.7489328);
;2022-03-31 12:27:07;Osorio De Paiva;;;Parangaba;;Queda;;Não informado;;Meio De Quadra;;;0;1;0;1;0;0;0;0;0;0;0;0;0;(-38.57481900000001 -3.7806984);
;2022-03-31 12:20:00;Paulo Setubal;Br 116;;Messejana;;Colisão;;Não informado;;Cruzamento;;;0;1;0;1;0;0;1;0;0;0;0;0;0;(-38.5032369 -3.822472);
;2022-03-31 12:03:29;Pinto Madeira;;;Centro;;Colisão;;Não informado;;Meio De Quadra;;;0;1;0;1;1;0;0;0;0;0;0;0;0;(-38.5182063 -3.7323384);
;2022-03-31 11:58:43;Senador Virgilio  Tavora;Rua Pereira Valente;;Meireles;;Queda;;Não informado;;Cruzamento;;;0;1;0;1;0;0;0;0;0;0;0;0;0;(-38.4921635 -3.7338512);
;2022-03-31 11:40:21;Da Aboliçao;R. Joaquim Nabuco;;Meireles;;Queda;;Não informado;;Cruzamento;;;0;1;0;1;0;0;0;0;0;0;0;0;0;(-38.4984549 -3.7264338);
;2022-03-31 10:55:18;Um;;;Mondubim;;Colisão;;Não informado;;Meio De Quadra;;;0;1;0;1;1;0;0;0;0;0;0;0;0;(0 0);
;2022-03-31 09:51:21;Jose Bastos;;;Rodolfo Teofilo;;Colisão;;Não informado;;Meio De Quadra;;;0;1;0;0;2;0;0;0;0;0;0;0;0;(-38.5474154 -3.746712699999999);
;2022-03-31 09:00:16;13 De Maio;;;Fatima;;Queda;;Não informado;;Meio De Quadra;;;0;2;0;1;0;0;0;0;0;0;0;0;0;(-38.5338017 -3.7451761);
;2022-03-31 07:37:56;Comodorio Estacio Brigido;;;Engenheiro Luciano Cavalcante;;Queda;;Não informado;;Meio De Quadra;;;0;2;0;1;0;0;0;0;0;0;0;0;0;(-38.4833086 -3.7786126);
;2022-03-31 02:35:55;1125);;;Conjunto Ceara;;Queda;;Não informado;;Meio De Quadra;;;0;1;0;0;0;0;0;0;0;1;0;0;0;(-38.6130962 -3.7609538);
;2022-03-31 00:30:52;Jovita Feitosa;;;Parque Araxa;;Colisão;;Não informado;;Meio De Quadra;;;0;1;0;1;1;0;0;0;0;0;0;0;0;(-38.5508858 -3.7385052);
;2022-03-30 23:40:33;Pompilio Gomes;;;Jangurussu;;Colisão;;Não informado;;Meio De Quadra;;;0;1;0;1;1;0;0;0;0;0;0;0;0;(-38.5212092 -3.8199181);
;2022-03-30 23:02:27;Paulino Rocha;;;Cajazeiras;;Queda;;Não informado;;Meio De Quadra Sem Numero;;;0;2;0;1;0;0;0;0;0;0;0;0;0;(-38.5081884 -3.8061682);
;2022-03-30 22:01:40;Senador Fernandes Tavora;;;Parque Genibau;;Atropelamento;;Não informado;;Meio De Quadra;;;0;1;0;0;1;0;0;0;0;0;0;0;0;(-38.596399 -3.7556598);
;2022-03-30 21:36:11;Domingos Olimpio;;;Jose Bonifacio;;Atropelamento;;Não informado;;Meio De Quadra;;;0;1;0;1;0;0;0;0;0;0;0;0;0;(-38.5290134 -3.7371478);
;2022-03-30 21:11:15;Av. Perimetral;;;Jangurussu;;Colisão;;Não informado;;Meio De Quadra;;;0;1;0;0;2;0;0;0;0;0;0;0;0;(-38.5327995 -3.8276466);
;2022-03-30 21:11:06;Avenida Costa E Silva;;;Jangurussu;;Queda;;Não informado;;Meio De Quadra;;;0;1;0;1;0;0;0;0;0;0;0;0;0;(-38.5246501 -3.8285447);
;2022-03-30 19:37:10;Teodomiro De Castro;;;Barra Do Ceara;;Queda;;Não informado;;Meio De Quadra;;;0;1;0;0;0;0;0;0;0;1;0;0;0;(-38.5701037 -3.7197645);
;2022-03-30 19:35:33;Santa Liduina;;;Novo Mondubim;;Colisão;;Não informado;;Meio De Quadra Sem Numero;;;0;1;0;0;2;0;0;0;0;0;0;0;0;(-38.5853291 -3.8022473);
;2022-03-30 18:45:17;Isac Amaral;Av Desembargador Moreira N° 3013;;Sao Joao Do Tauape;;Colisão;;Não informado;;Cruzamento;;;0;1;0;0;2;0;0;0;0;0;0;0;0;(-38.50336679999999 -3.7528358);
;2022-03-30 18:29:05;Rua Joaquim Frota;;;Sapiranga;;Colisão;;Não informado;;Meio De Quadra Sem Numero;;;0;1;0;0;2;0;0;0;0;0;0;0;0;(-38.4718231 -3.801277);
;2022-03-30 16:23:59;Perimetral;;;Jangurussu;;Colisão;;Não informado;;Meio De Quadra;;;0;1;0;1;1;0;0;0;0;0;0;0;0;(-38.5090259 -3.8301765);
;2022-03-30 15:16:26;Morada Nova;;;Jangurussu;;Colisão;;Não informado;;Meio De Quadra;;;0;1;0;1;1;0;0;0;0;0;0;0;0;(-38.5113374 -3.845795599999999);
;2022-03-30 14:59:16;Avenida A;;;Conjunto Ceara;;Colisão;;Não informado;;Meio De Quadra;;;0;1;0;0;2;0;0;0;0;0;0;0;0;(-38.6042584 -3.7688224);
;2022-03-30 14:57:39;A    - Primeira Etapa;;;Conjunto Ceara;;Colisão;;Não informado;;Meio De Quadra;;;0;1;0;0;2;0;0;0;0;0;0;0;0;(0 0);
;2022-03-30 14:16:48;Padre Antonio Nunes Gurgel;;;Bonsucesso;;Colisão;;Não informado;;Meio De Quadra;;;0;1;0;2;0;0;0;0;0;0;0;0;0;(-38.5954596 -3.7707831);
;2022-03-30 10:23:14;Senador Fernandes Tavora;;;Parque Genibau;;Atropelamento;;Não informado;;Meio De Quadra;;;0;1;0;1;0;0;0;0;0;0;0;0;0;(-38.5951828 -3.7558167);
;2022-03-30 10:00:30;Avenida Governador Raul Barbosa;;;Sao Joao Do Tauape;;Colisão;;Não informado;;Meio De Quadra;;;0;1;0;0;2;0;0;0;0;0;0;0;0;(-38.5042289 -3.7585706);
;2022-03-30 02:13:33;860- Upa Conjunto Ceará;;;Conjunto Ceara;;Queda;;Não informado;;Meio De Quadra Sem Numero;;;0;1;0;0;0;0;0;0;0;1;0;0;0;(-38.5998309 -3.7689359);
;2022-03-30 00:09:46;Rua Frei Odilon;Ouro Branco;;Presidente Kennedy;;Queda;;Não informado;;Cruzamento;;;0;1;0;1;0;0;0;0;0;0;0;0;0;(-38.5725012 -3.733593699999999);
;2022-03-30 00:06:48;Coronel De Carvalho;;;Antonio Bezerra;;Colisão;;Não informado;;Meio De Quadra Sem Numero;;;0;1;0;0;2;0;0;0;0;0;0;0;0;(-38.5843725 -3.7363281);
;2022-03-29 23:10:42;Algusto Dos Anjos;;;Bonsucesso;;Colisão;;Não informado;;Meio De Quadra;;;0;1;0;2;0;0;0;0;0;0;0;0;0;(-38.5798993 -3.7807873);
;2022-03-29 23:00:08;Jose Bastos;Av. Humberto Monte;;Bela Vista;;Queda;;Não informado;;Cruzamento;;;0;1;0;0;0;0;0;0;0;1;0;0;0;(-38.5554949 -3.754928099999999);
;2022-03-29 22:05:52;Godofredo Maciel;;;Maraponga;;Atropelamento;;Não informado;;Meio De Quadra;;;0;1;0;1;0;0;0;0;0;0;0;0;0;(-38.5661841 -3.7839021);
;2022-03-29 21:44:20;Rua Adolfo Bezerra De Menezes;General Mario Hermes;;Alvaro Weyne;;Colisão;;Não informado;;Cruzamento;;;0;1;0;0;2;0;0;0;0;0;0;0;0;(-38.57662 -3.7143592);
;2022-03-29 21:43:19;Avenida Imperador;;;Centro;;Atropelamento;;Não informado;;Meio De Quadra;;;0;1;0;0;1;0;0;0;0;0;0;0;0;(-38.5349636 -3.7285335);
;2022-03-29 19:19:52;Manuel Satiro;;;Novo Mondubim;;Queda;;Não informado;;Meio De Quadra Sem Numero;;;0;1;0;1;0;0;0;0;0;0;0;0;0;(-38.5803115 -3.8101215);
;2022-03-29 18:45:05;Rua Maria Perdigao;;;Barroso;;Colisão;;Não informado;;Meio De Quadra;;;0;1;0;0;2;0;0;0;0;0;0;0;0;(0 0);
;2022-03-29 18:20:41;Conego De Castro;Perimetral;;Mondubim;;Colisão;;Não informado;;Cruzamento;;;0;1;0;2;0;0;0;0;0;0;0;0;0;(-38.58503 -3.797556);
;2022-03-29 16:07:13;Avenida Jose Leon;;;Parque Manibura;;Colisão;;Não informado;;Meio De Quadra;;;0;1;0;0;1;0;0;0;0;1;0;0;0;(-38.4884828 -3.7909288);
;2022-03-29 15:56:58;Joao Cordeiro;Barbara De Alencar;;Aldeota;;Colisão;;Não informado;;Cruzamento;;;0;1;0;1;1;0;0;0;0;0;0;0;0;(-38.5160407 -3.7349105);
;2022-03-29 12:35:34;Alvares Cabral;;;Itaoca;;Queda;;Não informado;;Meio De Quadra;;;0;1;0;0;0;0;0;0;0;1;0;0;0;(-38.54858309999999 -3.7774921);
;2022-03-29 12:25:20;Ceara;;;Democrito Rocha;;Atropelamento;;Não informado;;Meio De Quadra;;;0;1;0;0;1;0;0;0;0;0;0;0;0;(-38.5656026 -3.758978899999999);
;2022-03-29 10:25:09;Dolor Barreira;;;Vicente Pinzon;;Colisão;;Não informado;;Meio De Quadra;;;0;2;0;0;2;0;0;0;0;0;0;0;0;(-38.4741483 -3.7256988);
;2022-03-29 10:05:57;A;;;Parque Dois Irmaos;;Colisão;;Não informado;;Meio De Quadra;;;0;1;0;0;2;0;0;0;0;0;0;0;0;(0 0);
;2022-03-29 09:48:25;Padre Cicero;;;Rodolfo Teofilo;;Colisão;;Não informado;;Meio De Quadra;;;0;1;0;1;1;0;0;0;0;0;0;0;0;(-38.5424291 -3.746420099999999);
;2022-03-28 22:31:51;Carneiro De Mendonça;;;Joquei Clube;;Queda;;Não informado;;Meio De Quadra;;;0;1;0;1;0;0;0;0;0;0;0;0;0;(0 0);
;2022-03-28 20:31:48;Joao Cordeiro;Padre Valdivino;;Joaquim Tavora;;Colisão;;Não informado;;Cruzamento;;;0;1;0;1;1;0;0;0;0;0;0;0;0;(-38.5175504 -3.7388907);
;2022-03-28 20:07:33;Rua Jaime Benevolo;;;Jose Bonifacio;;Colisão;;Não informado;;Meio De Quadra;;;0;2;0;1;1;0;0;0;0;0;0;0;0;(-38.52985020000001 -3.7452383);
;2022-03-28 17:57:22;Rua Dinamarca;;;Parangaba;;Queda;;Não informado;;Meio De Quadra;;;0;1;0;1;0;0;0;0;0;0;0;0;0;(-38.5709114 -3.7848919);
;2022-03-28 17:40:03;Clóvis Arrais Maia-  Baiiro : Praia Do Futuro;;;Não informado;;Queda;;Não informado;;Meio De Quadra;;;0;1;0;1;0;0;0;0;0;0;0;0;0;(-38.4553451 -3.7342247);
;2022-03-28 17:36:47;Avenida Doutor Silas Munguba;;;Boa Vista;;Queda de moto;;Não informado;;Meio De Quadra;;;0;1;0;2;0;0;0;0;0;0;0;0;0;(-38.5299989 -3.800821);
;2022-03-28 17:28:33;Avenida Lineu Machado;;;Joao Xxiii;;Colisão;;Não informado;;Meio De Quadra;;;0;2;0;1;1;0;0;0;0;0;0;0;0;(-38.5799193 -3.7712232);
;2022-03-28 17:15:08;Avenida Desembargador Moreira;;;Dionisio Torres;;Colisão;;Não informado;;Meio De Quadra;;;0;1;0;1;1;0;0;0;0;0;0;0;0;(-38.5037984 -3.7528224);
;2022-03-28 17:07:09;Avenida Presidente Castelo Branco;;;Jacarecanga;;Queda;;Não informado;;Meio De Quadra;;;0;1;0;1;0;0;0;0;0;0;0;0;0;(-38.5457882 -3.7150106);
;2022-03-28 15:33:39;Pergentino Maia;;;Messejana;;Colisão;;Não informado;;Meio De Quadra;;;0;1;0;2;0;0;0;0;0;0;0;0;0;(-38.4899816 -3.831417);
;2022-03-28 15:15:18;Tenente Jose Newton;;;Messejana;;Queda;;Não informado;;Meio De Quadra;;;0;1;0;1;0;0;0;0;0;0;0;0;0;(-38.4920245 -3.8264486);
;2022-03-28 14:48:50;Mister Hull;;;Antonio Bezerra;;Colisão;;Não informado;;Meio De Quadra Sem Numero;;;0;1;0;1;1;0;0;0;0;0;0;0;0;(-38.5918137 -3.7395231);
;2022-03-28 14:40:27;Demetrio Menezes;Mister Hull - Sentindo Centro;;Antonio Bezerra;;Colisão;;Não informado;;Cruzamento;;;0;1;0;1;1;0;0;0;0;0;0;0;0;(-38.5834558 -3.7383309);
;2022-03-28 14:17:10;Mendel Steibruch;Bairro Industrial;;Industrial;;Colisão;;Não informado;;Cruzamento;;;0;1;0;1;1;0;0;0;0;0;0;0;0;(-38.5838347 -3.8388731);
;2022-03-28 13:26:09;Avenida Radialista Joao Ramos - Cj Planalto Cidade Nova;;;Planalto Ayrton Senna;;Colisão;;Não informado;;Meio De Quadra;;;0;1;0;1;1;0;0;0;0;0;0;0;0;(-38.5742061 -3.8416339);
;2022-03-28 11:55:51;Barbosa De Freitas N°650;Rua Republica Do Libano;;Aldeota;;Colisão;;Não informado;;Cruzamento;;;0;2;0;1;1;0;0;0;0;0;0;0;0;(-38.4941699 -3.7323587);
;2022-03-28 11:41:24;B116 KM 12 - Sentindo Interior;;;Parque Santa Maria;;Queda;;Não informado;;Meio De Quadra;;;0;1;0;1;0;0;0;0;0;0;0;0;0;(-51.1823469 -29.8650787);
;2022-03-28 10:58:14;Professor Gomes De Matos -;Rua Samuel Uchoa;;Montese;;Colisão;;Não informado;;Cruzamento;;;0;1;0;1;1;0;0;0;0;0;0;0;0;(-38.54221769999999 -3.7571962);
;2022-03-28 10:40:38;Luiz Cidrao Oliveira - Comendador Luiz Ribeiro;;;Carlito Pamplona;;Colisão;;Não informado;;Meio De Quadra Sem Numero;;;0;1;0;1;1;0;0;0;0;0;0;0;0;(-38.5500596 -3.7215069);
;2022-03-28 10:26:37;Rua Padre Valdevino;;;Aldeota;;Queda;;Não informado;;Meio De Quadra;;;0;1;0;1;0;0;0;0;0;0;0;0;0;(-38.5045779 -3.7431369);
;2022-03-28 02:50:50;Carneiro De Mendonça;;;Joquei Clube;;Colisão;;Não informado;;Meio De Quadra;;;0;2;0;0;2;0;0;0;0;0;0;0;0;(-38.5776595 -3.7586922);
;2022-03-28 01:38:26;C;;;Prefeito Jose Walter;;Colisão;;Não informado;;Meio De Quadra;;;0;1;0;1;1;0;0;0;0;0;0;0;0;(-38.5489144 -3.8277701);
;2022-03-28 01:33:52;Erico Mota;Azevedo Bolão;;Parquelandia;;Colisão;;Não informado;;Cruzamento;;;0;1;0;1;1;0;0;0;0;0;0;0;0;(-38.5625234 -3.737647299999999);
;2022-03-28 00:50:36;Presidente Castelo Branco;;;Cristo Redentor;;Colisão;;Não informado;;Meio De Quadra Sem Numero;;;0;1;0;1;1;0;0;0;0;0;0;0;0;(-38.5645486 -3.7095397);
;2022-03-28 00:09:55;Almirante Barroso;Rua Senador Almir;;Praia De Iracema;;Colisão;;Não informado;;Cruzamento;;;0;1;0;1;1;0;0;0;0;0;0;0;0;(-38.5160936 -3.7202853);
;2022-03-27 23:45:15;Pero Vaz;Rua Vasco De Ataide;;Messejana;;Colisão;;Não informado;;Cruzamento;;;0;1;0;1;1;0;0;0;0;0;0;0;0;(-38.4921823 -3.8233672);
;2022-03-27 23:31:40;Leste Oeste;;;Pirambu;;Atropelamento;;Não informado;;Meio De Quadra;;;0;1;0;0;1;0;0;0;0;0;0;0;0;(-38.5486967 -3.7138067);
;2022-03-27 23:26:34;Crisanto Moreira Da Rocha;Av Jose Americo;;Cambeba;;Colisão;;Não informado;;Cruzamento;;;0;1;0;1;1;0;0;0;0;0;0;0;0;(-38.4836533 -3.8104543);
;2022-03-27 23:04:00;Cidade Do Rio Branco;Heribaldo Costa;;Joao Xxiii;;Atropelamento;;Não informado;;Cruzamento;;;0;1;0;1;0;0;0;0;0;0;0;0;0;(-38.5880446 -3.7679739);
;2022-03-27 22:11:32;Coronel De Carvalho;Rio Patajo;;Barra Do Ceara;;Colisão;;Não informado;;Cruzamento;;;0;1;0;1;1;0;0;0;0;0;0;0;0;(-38.5903865 -3.7081498);
;2022-03-27 21:38:11;Perimetral;;;Maraponga;;Colisão;;Não informado;;Meio De Quadra;;;0;1;0;2;0;0;0;0;0;0;0;0;0;(0 0);
;2022-03-27 20:32:08;Carlos Jereissati - Sentindo Parangaba;;;Aeroporto;;Colisão;;Não informado;;Meio De Quadra Sem Numero;;;0;2;0;1;0;0;0;0;0;0;0;0;0;(-38.5357467 -3.7820759);
;2022-03-27 20:14:04;Avenida Osorio De Paiva;;;Canindezinho;;Colisão;;Não informado;;Meio De Quadra;;;0;1;0;0;2;0;0;0;0;0;0;0;0;(-38.6109034 -3.813198);
;2022-03-27 17:39:01;Holanda;;;Itaperi;;Colisão;;Não informado;;Meio De Quadra;;;0;1;0;0;2;0;0;0;0;0;0;0;0;(-38.559425 -3.8038776);
;2022-03-27 16:59:47;Avenida Evilasio Almeida Miranda;;;Sapiranga;;Colisão;;Não informado;;Meio De Quadra;;;0;1;0;1;1;0;0;0;0;0;0;0;0;(-38.4671878 -3.7986761);
;2022-03-27 13:55:21;Emilio De Meneses;;;Bonsucesso;;Colisão;;Não informado;;Meio De Quadra;;;0;1;0;1;1;0;0;0;0;0;0;0;0;(-38.5938557 -3.7797568);
;2022-03-27 12:30:18;Jovita Feitosa;;;Parquelandia;;Colisão;;Não informado;;Meio De Quadra;;;0;1;0;1;1;0;0;0;0;0;0;0;0;(-38.5545829 -3.7392907);
;2022-03-27 10:59:30;Osorio De Paiva;;;Vila Peri;;Colisão;;Não informado;;Meio De Quadra;;;0;1;0;0;2;0;0;0;0;0;0;0;0;(-38.614356 -3.816942);
;2022-03-27 10:48:55;Silas  Munguba;;;Passare;;Queda;;Não informado;;Meio De Quadra;;;0;1;0;1;0;0;0;0;0;0;0;0;0;(0 0);
;2022-03-27 09:27:04;Cacilda Becker;;;Joao Xxiii;;Queda;;Não informado;;Meio De Quadra;;;0;1;0;1;0;0;0;0;0;0;0;0;0;(-38.5890079 -3.771581);
;2022-03-27 08:09:28;Demetrio De Menezes;;;Antonio Bezerra;;Queda;;Não informado;;Meio De Quadra Sem Numero;;;0;2;0;1;0;0;0;0;0;0;0;0;0;(-38.5837642 -3.7387149);
;2022-03-27 08:02:55;Avenida Algusto Dos Anjos;;;Parangaba;;Queda de moto;;Não informado;;Meio De Quadra;;;0;1;0;2;0;0;0;0;0;0;0;0;0;(-38.5793594 -3.7806158);
;2022-03-27 07:39:55;Bento Gonçalves;;;Novo Mondubim;;Atropelamento;;Não informado;;Meio De Quadra;;;0;1;0;1;0;0;0;0;0;0;0;0;0;(-38.5881944 -3.8125972);
;2022-03-27 06:02:32;Julio Braga;;;Joao Xxiii;;Queda;;Não informado;;Meio De Quadra;;;0;2;0;1;0;0;0;0;0;0;0;0;0;(-38.5828107 -3.7743655);
;2022-03-26 22:56:27;Belem;Av. Fernandes Tavora;;Parque Genibau;;Colisão;;Não informado;;Cruzamento;;;0;1;0;2;0;0;0;0;0;0;0;0;0;(-38.5989521 -3.7549981);
;2022-03-26 22:56:03;Rua Araripe Prata;;;Parangaba;;Queda;;Não informado;;Meio De Quadra;;;0;1;0;1;0;0;0;0;0;0;0;0;0;(-38.5699236 -3.774191499999999);
;2022-03-26 20:16:39;Rua Vasco Benicio;;;Floresta;;Queda;;Não informado;;Meio De Quadra;;;0;1;0;1;0;0;0;0;0;0;0;0;0;(-38.5718211 -3.7237228);
;2022-03-26 19:52:12;Antonio Diogo;;;Antonio Diogo;;Colisão;;Não informado;;Meio De Quadra Sem Numero;;;0;1;0;1;1;0;0;0;0;0;0;0;0;(0 0);
;2022-03-26 19:12:32;Avenida Pompilio Gomes;;;Passare;;Colisão;;Não informado;;Meio De Quadra;;;0;2;0;1;1;0;0;0;0;0;0;0;0;(-38.5211234 -3.8185872);
;2022-03-26 18:51:35;Rua Da Placidez - Quadra C - Cj Habitacional Tatumunde;;;Siqueira;;Queda;;Não informado;;Meio De Quadra Sem Numero;;;0;1;0;1;0;0;0;0;0;0;0;0;0;(-38.6153679 -3.802556);
;2022-03-26 17:09:56;Tenente Lisboa;;;Padre Andrade;;Queda;;Não informado;;Meio De Quadra;;;0;2;0;1;0;0;0;0;0;0;0;0;0;(-38.5780977 -3.7285407);
;2022-03-26 15:25:56;Rua Lucas Pinto;Rua Cruzeiro Do Sul;;Cristo Redentor;;Colisão;;Não informado;;Cruzamento;;;0;1;0;1;1;0;0;0;0;0;0;0;0;(-38.5585583 -3.7142823);
;2022-03-26 14:55:15;Cambara -;Rua Julio Alcides;;Maraponga;;Colisão;;Não informado;;Cruzamento;;;0;2;0;1;1;0;0;0;0;0;0;0;0;(-38.5644753 -3.788546);
;2022-03-26 08:31:51;Senador Carlos Jeressati;;;Aeroporto;;Atropelamento;;Não informado;;Meio De Quadra Sem Numero;;;0;1;0;0;1;0;0;0;0;0;0;0;0;(-38.5357467 -3.7820759);
;2022-03-26 05:00:40;Julio Silva;;;Antonio Diogo;;Queda;;Não informado;;Meio De Quadra;;;0;1;0;1;0;0;0;0;0;0;0;0;0;(-38.4542732 -3.744987999999999);
;2022-03-26 04:10:39;Recento Verde;;;Jangurussu;;Colisão;;Não informado;;Meio De Quadra;;;0;1;0;0;2;0;0;0;0;0;0;0;0;(-38.5148651 -3.847127999999999);