COD_ACIDENTE;DATA;LOG1;LOG2;NUMERO;BAIRRO;AMC;NATUREZA;ILUMINACAO;TEMPO;SUPERFICIEPISTA;TIPOCRUZAMENTO;CONTROLETRAFEGO;USOSOLO;MORTOS;FERIDOS;ILESOS;MOTOCICLETA;AUTOMOVEL;MICROONIBUS;CAMINHAO;ONIBUS;CICLOMOTOR;BICICLETA;OUTROS;TREM;TRACAOANIMAL;COORDENADAS
;2022-03-26 02:54:38;Conego Penafort;;;Amadeu Furtado;;Queda;;Não informado;;Meio De Quadra;;;0;1;0;1;0;0;0;0;0;0;0;0;0;(-38.5617513 -3.7462072);
;2022-03-26 02:07:23;Silas Munguba;;;Passare;;Queda;;Não informado;;Meio De Quadra;;;0;1;0;1;0;0;0;0;0;0;0;0;0;(-38.5303493 -3.8008661);
;2022-03-26 01:35:19;Peru;;;Itaoca;;Atropelamento;;Não informado;;Meio De Quadra;;;0;1;0;1;0;0;0;0;0;0;0;0;0;(-38.5515479 -3.774501);
;2022-03-26 01:00:24;Terminal Messejana;;;Messejana;;Queda;;Não informado;;Meio De Quadra Sem Numero;;;0;1;0;1;0;0;0;0;0;0;0;0;0;(-38.5017973 -3.8312878);
;2022-03-26 00:06:48;Presidente Castelo Branco;;;Cristo Redentor;;Atropelamento;;Não informado;;Meio De Quadra Sem Numero;;;0;1;0;0;0;0;0;0;0;1;0;0;0;(-38.5645486 -3.7095397);
;2022-03-25 23:14:51;Campo Maior;Rua Betel;;Itaperi;;Queda;;Não informado;;Cruzamento;;;0;1;0;1;0;0;0;0;0;0;0;0;0;(-38.5540301 -3.7950999);
;2022-03-25 22:56:32;Castelo De Castro;;;Jangurussu;;Atropelamento;;Não informado;;Meio De Quadra Sem Numero;;;0;1;0;1;0;0;0;0;0;0;0;0;0;(-38.5216603 -3.8435121);
;2022-03-25 21:37:51;Rua Francisco Jose Albuquerque Pereira;;;Barroso;;Colisão;;Não informado;;Meio De Quadra;;;0;1;0;1;1;0;0;0;0;0;0;0;0;(-38.5072276 -3.8115925);
;2022-03-25 21:30:21;860;;;Conjunto Ceara;;Colisão;;Não informado;;Meio De Quadra Sem Numero;;;0;1;0;1;1;0;0;0;0;0;0;0;0;(-38.5993337 -3.7689275);
;2022-03-25 21:06:46;Avenida Santos Dumont;;;Antonio Diogo;;Colisão;;Não informado;;Meio De Quadra Sem Numero;;;0;2;0;0;2;0;0;0;0;0;0;0;0;(-38.4575811 -3.7493328);
;2022-03-25 19:08:11;Rua 12 - Parque Santana;;;Mondubim;;Colisão;;Não informado;;Meio De Quadra;;;0;2;0;2;0;0;0;0;0;0;0;0;0;(-38.58071899999999 -3.814025);
;2022-03-25 18:28:09;Rua Tenente Jurandir De Alencar;;;Messejana;;Colisão;;Não informado;;Meio De Quadra;;;0;1;0;1;1;0;0;0;0;0;0;0;0;(-38.4947528 -3.8317654);
;2022-03-25 18:05:01;Rua Tulipa;;;Barra Do Ceara;;Atropelamento;;Não informado;;Meio De Quadra;;;0;1;0;0;1;0;0;0;0;0;0;0;0;(-38.5787815 -3.712217);
;2022-03-25 16:35:12;Oscar Araripe;;;Bom Jardim;;Queda;;Não informado;;Meio De Quadra;;;0;1;0;1;0;0;0;0;0;0;0;0;0;(-38.60208009999999 -3.7904177);
;2022-03-25 16:14:50;Rua Teodorico Cruz;;;Pedras;;Colisão;;Não informado;;Meio De Quadra;;;0;1;0;1;1;0;0;0;0;0;0;0;0;(-38.5064387 -3.8816626);
;2022-03-25 15:30:59;Visconde Do Rio Rio Branco;;;Jose Bonifacio;;Colisão;;Não informado;;Meio De Quadra;;;0;2;0;1;1;0;0;0;0;0;0;0;0;(-38.5325285 -3.7401257);
;2022-03-25 15:09:27;Presidente Castelo Branco;;;Jacarecanga;;Queda;;Não informado;;Meio De Quadra;;;0;2;0;1;0;0;0;0;0;0;0;0;0;(-38.53982269999999 -3.717434);
;2022-03-25 14:32:02;Benjamim Brasil;;;Maraponga;;Queda;;Não informado;;Meio De Quadra;;;0;1;0;1;0;0;0;0;0;0;0;0;0;(-38.5692794 -3.8043029);
;2022-03-25 10:06:12;Wasahington Soares;;;Engenheiro Luciano Cavalcante;;Choque c/ Obstáculo Fixo;;Não informado;;Meio De Quadra;;;0;2;0;0;1;0;0;0;0;0;0;0;0;(-38.4817369 -3.7779698);
;2022-03-25 08:25:03;Avenida Joao Pessoa -;;;Damas;;Queda de moto;;Não informado;;Meio De Quadra;;;0;1;0;2;0;0;0;0;0;0;0;0;0;(-38.5549407 -3.7587058);
;2022-03-25 07:00:09;Rua Tres Marias;;;Montese;;Colisão;;Não informado;;Meio De Quadra;;;0;1;0;1;1;0;0;0;0;0;0;0;0;(-38.5519574 -3.7686872);
;2022-03-25 03:29:21;Dolor Barreira;;;Vicente Pinzon;;Queda;;Não informado;;Meio De Quadra;;;0;1;0;1;0;0;0;0;0;0;0;0;0;(0 0);
;2022-03-25 01:58:16;Betel;;;Itaperi;;Atropelamento;;Não informado;;Meio De Quadra Sem Numero;;;0;1;0;0;1;0;0;0;0;0;0;0;0;(-38.5526492 -3.7922126);
;2022-03-25 01:05:28;Av .Joao De Araujo Lima;;;Prefeito Jose Walter;;Atropelamento;;Não informado;;Meio De Quadra;;;0;1;0;1;0;0;0;0;0;0;0;0;0;(-38.5624588 -3.8405117);
;2022-03-25 00:50:19;Marechal Bittencourt;;;Dias Macedo;;Colisão;;Não informado;;Meio De Quadra;;;0;1;0;2;0;0;0;0;0;0;0;0;0;(-38.5302809 -3.793115);
;2022-03-24 23:26:41;Julio Silva;;;Antonio Diogo;;Colisão;;Não informado;;Meio De Quadra;;;0;1;0;0;2;0;0;0;0;0;0;0;0;(-38.4542732 -3.744987999999999);
;2022-03-24 22:46:09;Dom Pedro Ii;;;Parangaba;;Colisão;;Não informado;;Meio De Quadra Sem Numero;;;0;1;0;0;2;0;0;0;0;0;0;0;0;(-38.5692257 -3.7809169);
;2022-03-24 21:41:53;Avenida Alberto Craveiro;;;Dias Macedo;;Colisão;;Não informado;;Meio De Quadra Sem Numero;;;0;1;0;1;1;0;0;0;0;0;0;0;0;(-38.5169862 -3.788271);
;2022-03-24 20:44:45;Rua Moura Matos;;;Passare;;Colisão;;Não informado;;Meio De Quadra;;;0;1;0;1;1;0;0;0;0;0;0;0;0;(0 0);
;2022-03-24 20:32:37;Doutor Theberge;;;Cristo Redentor;;Colisão;;Não informado;;Meio De Quadra;;;0;1;0;1;1;0;0;0;0;0;0;0;0;(-38.5638534 -3.7106531);
;2022-03-24 20:30:16;Avenida Juscelino Kubitschek - Paulino Rocha;;;Passare;;Colisão;;Não informado;;Meio De Quadra Sem Numero;;;0;1;0;2;0;0;0;0;0;0;0;0;0;(-38.5321687 -3.8168436);
;2022-03-24 20:16:59;Avenida Eduardo Girao;;;Fatima;;Colisão;;Não informado;;Meio De Quadra;;;0;1;0;1;1;0;0;0;0;0;0;0;0;(-38.5292261 -3.7552694);
;2022-03-24 19:11:45;Tomas Acioli;;;Dionisio Torres;;Colisão;;Não informado;;Meio De Quadra;;;0;2;0;1;1;0;0;0;0;0;0;0;0;(-38.5033462 -3.7468199);
;2022-03-24 18:05:11;Rua Oscar Leitao - Rua Copernico;;;Paupina;;Colisão;;Não informado;;Meio De Quadra;;;0;1;0;1;1;0;0;0;0;0;0;0;0;(-38.4914291 -3.8379355);
;2022-03-24 17:30:31;24 De Maio;;;Centro;;Colisão;;Não informado;;Meio De Quadra Sem Numero;;;0;1;0;0;2;0;0;0;0;0;0;0;0;(-38.5327952 -3.7293416);
;2022-03-24 17:29:30;Avenida Mister Hull;;;Antonio Bezerra;;Colisão;;Não informado;;Meio De Quadra;;;0;1;0;1;1;0;0;0;0;0;0;0;0;(-38.5805662 -3.7384073);
;2022-03-24 15:36:28;Avenida Major Assis;Av Mozar Lucena;;Vila Velha;;Colisão;;Não informado;;Cruzamento;;;0;2;0;1;1;0;0;0;0;0;0;0;0;(-38.5966706 -3.7214461);
;2022-03-24 13:34:31;Avenida Tenente Lisboa;;;Jacarecanga;;Colisão;;Não informado;;Meio De Quadra Sem Numero;;;0;1;0;0;2;0;0;0;0;0;0;0;0;(-38.5480996 -3.7180327);
;2022-03-24 12:54:52;Rua Lourdes Leite;Parque Jerusalem;;Canindezinho;;Queda;;Não informado;;Cruzamento;;;0;1;0;0;0;0;0;0;0;1;0;0;0;(-38.5966533 -3.8061328);
;2022-03-24 12:37:22;Osorio De Paiva;;;Siqueira;;Queda;;Não informado;;Meio De Quadra;;;0;1;0;1;0;0;0;0;0;0;0;0;0;(-38.6075177 -3.8100918);
;2022-03-24 11:05:57;Manuel Monteiro;Rua Pedro Firmeza;;Cidade Dos Funcionarios;;Colisão;;Não informado;;Cruzamento;;;0;2;0;1;1;0;0;0;0;0;0;0;0;(-38.4913715 -3.7979022);
;2022-03-24 10:52:55;Dom Luis;Virgilio Tavora;;Aldeota;;Colisão;;Não informado;;Cruzamento;;;0;1;0;1;1;0;0;0;0;0;0;0;0;(-38.4925164 -3.7348276);
;2022-03-24 10:16:16;Julio Carlos Crispino;;;Sao Joao Do Tauape;;Colisão;;Não informado;;Meio De Quadra Sem Numero;;;0;1;0;0;2;0;0;0;0;0;0;0;0;(-38.494327 -3.7517204);
;2022-03-24 09:50:14;Eça De Queiros;;;Vila Peri;;Colisão;;Não informado;;Meio De Quadra;;;0;1;0;2;0;0;0;0;0;0;0;0;0;(-38.582088 -3.7866073);
;2022-03-24 09:47:01;Avenida Deputado Paulino Rocha;;;Cajazeiras;;Colisão;;Não informado;;Meio De Quadra;;;0;1;0;1;1;0;0;0;0;0;0;0;0;(0 0);
;2022-03-24 08:19:42;Perimetral;;;Prefeito Jose Walter;;Queda;;Não informado;;Meio De Quadra Sem Numero;;;0;1;0;1;0;0;0;0;0;0;0;0;0;(-38.5300457 -3.8290547);
;2022-03-24 04:10:33;Mister Hull;;;Antonio Bezerra;;Colisão;;Não informado;;Meio De Quadra Sem Numero;;;0;1;0;0;2;0;0;0;0;0;0;0;0;(-38.5918137 -3.7395231);
;2022-03-24 00:17:56;Fernandes Tavora;;;Autran Nunes;;Atropelamento;;Não informado;;Meio De Quadra;;;0;1;0;0;1;0;0;0;0;0;0;0;0;(-38.5937402 -3.7561086);
;2022-03-23 22:19:45;Bom Jesus;;;Bom Jardim;;Colisão;;Não informado;;Meio De Quadra;;;0;1;0;1;1;0;0;0;0;0;0;0;0;(-38.6043963 -3.7932446);
;2022-03-23 21:51:17;Avenida Washington Soares -;;;Edson Queiroz;;Atropelamento;;Não informado;;Meio De Quadra Sem Numero;;;0;1;0;0;0;0;0;0;0;0;1;0;0;(-38.481665 -3.7762191);
;2022-03-23 21:10:52;Rua Ana Faco;;;Alvaro Weyne;;Queda;;Não informado;;Meio De Quadra;;;0;1;0;1;0;0;0;0;0;0;0;0;0;(-38.5631151 -3.713227);
;2022-03-23 20:59:44;Perimentral;;;Mondubim;;Colisão;;Não informado;;Meio De Quadra Sem Numero;;;0;1;0;0;2;0;0;0;0;0;0;0;0;(-38.5327995 -3.8276466);
;2022-03-23 20:38:17;Avenida Godofredo Maciel;;;Mondubim;;Queda;;Não informado;;Meio De Quadra;;;0;1;0;1;0;0;0;0;0;0;0;0;0;(-38.5759353 -3.817852);
;2022-03-23 20:29:08;Rua Coronel Honorio Vieira;;;Engenheiro Luciano Cavalcante;;Atropelamento;;Não informado;;Meio De Quadra;;;0;1;0;0;1;0;0;0;0;0;0;0;0;(-38.4867741 -3.7893372);
;2022-03-23 20:24:45;Porto Velho;Rua Natal;;Joquei Clube;;Colisão;;Não informado;;Cruzamento;;;0;1;0;1;1;0;0;0;0;0;0;0;0;(-38.5927573 -3.7628526);
;2022-03-23 20:08:32;Coronel Linhares - Maria Tomasia;;;Aldeota;;Colisão;;Não informado;;Meio De Quadra;;;0;1;0;1;1;0;0;0;0;0;0;0;0;(0 0);
;2022-03-23 18:40:54;Rua Dona Leopoldina -;& Barbara De Alencar;;Centro;;Colisão;;Não informado;;Cruzamento;;;0;1;0;1;1;0;0;0;0;0;0;0;0;(-38.5199384 -3.7325214);
;2022-03-23 18:19:10;Avenida General Murilo Borges;;;Engenheiro Luciano Cavalcante;;Colisão;;Não informado;;Meio De Quadra Sem Numero;;;0;1;0;1;1;0;0;0;0;0;0;0;0;(-38.4980672 -3.7672671);
;2022-03-23 17:52:10;Pernambuco;;;Pici;;Colisão;;Não informado;;Meio De Quadra;;;0;1;0;1;1;0;0;0;0;0;0;0;0;(-38.58208219999999 -3.7470785);
;2022-03-23 16:00:52;Avenida Doutor Valmir Ponte;;;Edson Queiroz;;Colisão;;Não informado;;Meio De Quadra Sem Numero;;;0;1;0;1;1;0;0;0;0;0;0;0;0;(-38.4776052 -3.7710502);
;2022-03-23 15:04:17;Piaui;;;Pan Americano;;Queda;;Não informado;;Meio De Quadra;;;0;1;0;0;0;0;0;0;0;1;0;0;0;(-38.5705395 -3.7544015);
;2022-03-23 13:56:12;Heraclito Graça;;;Centro;;Atropelamento;;Não informado;;Meio De Quadra;;;0;1;0;0;1;0;0;0;0;0;0;0;0;(-38.5202791 -3.7350712);
;2022-03-23 11:39:06;BR 116 KM 14;;;Parque Santa Maria;;Colisão;;Não informado;;Meio De Quadra Sem Numero;;;0;1;0;0;2;0;0;0;0;0;0;0;0;(0 0);
;2022-03-23 08:14:03;Rua Siqueira Campos;;;Siqueira;;Colisão;;Não informado;;Meio De Quadra;;;0;1;0;1;1;0;0;0;0;0;0;0;0;(-38.6268374 -3.8146904);
;2022-03-23 00:34:08;Aboliçao;;;Aldeota;;Colisão;;Não informado;;Meio De Quadra;;;0;2;0;1;1;0;0;0;0;0;0;0;0;(-38.4904273 -3.7267095);
;2022-03-23 00:33:11;Washington Soares;; ;Edson Queiroz;;Colisão;;Não informado;;Meio De Quadra;;;0;1;0;0;2;0;0;0;0;0;0;0;0;(-38.4824846 -3.7708945);
;2022-03-22 21:55:19;Presidente Costa E Silva;;;Barroso;;Colisão;;Não informado;;Meio De Quadra;;;0;1;0;1;1;0;0;0;0;0;0;0;0;(0 0);
;2022-03-22 21:38:11;Boleva 3;Sao Cristovao;;Jangurussu;;Colisão;;Não informado;;Cruzamento;;;0;1;0;0;1;0;0;0;0;1;0;0;0;(-38.5272061 -3.8296742);
;2022-03-22 21:22:05;13 De Maio;;;Fatima;;Colisão;;Não informado;;Meio De Quadra;;;0;1;0;1;1;0;0;0;0;0;0;0;0;(-38.5297596 -3.7487343);
;2022-03-22 21:12:40;Dr Silas Munguba;;;Serrinha;;Queda;;Não informado;;Meio De Quadra;;;0;1;0;1;0;0;0;0;0;0;0;0;0;(-38.5347045 -3.793115599999999);
;2022-03-22 20:58:35;Avenida H;;;Conjunto Ceara;;Colisão;;Não informado;;Meio De Quadra;;;0;1;0;1;1;0;0;0;0;0;0;0;0;(-38.6073599 -3.775320199999999);
;2022-03-22 19:26:27;Rua Paurilo Barroso Esquina;Maria Josefina;;Maraponga;;Colisão;;Não informado;;Cruzamento;;;0;1;0;1;1;0;0;0;0;0;0;0;0;(-38.5702933 -3.8028921);
;2022-03-22 19:16:51;Jose Mauricio;;;Canindezinho;;Queda;;Não informado;;Meio De Quadra;;;0;2;0;1;0;0;0;0;0;0;0;0;0;(-38.6106063 -3.8071881);
;2022-03-22 16:50:07;Avenida Carlos Jeresati;;;Serrinha;;Colisão;;Não informado;;Meio De Quadra;;;0;1;0;0;2;0;0;0;0;0;0;0;0;(-38.5407156 -3.7785789);
;2022-03-22 16:14:22;Rua Silva Romero;;;Alvaro Weyne;;Colisão;;Não informado;;Meio De Quadra;;;0;1;0;0;2;0;0;0;0;0;0;0;0;(-38.5712987 -3.720825);
;2022-03-22 15:19:31;Julio Silva;;;Antonio Diogo;;Colisão;;Não informado;;Meio De Quadra;;;0;1;0;0;2;0;0;0;0;0;0;0;0;(-38.4542732 -3.744987999999999);
;2022-03-22 15:14:30;Padre Antonio Tomas;;;Aldeota;;Colisão;;Não informado;;Meio De Quadra;;;0;1;0;1;1;0;0;0;0;0;0;0;0;(-38.4927533 -3.7426066);
;2022-03-22 15:11:06;Barao De Sobral;;;Parangaba;;Atropelamento;;Não informado;;Meio De Quadra;;;0;1;0;1;0;0;0;0;0;0;0;0;0;(-38.5562213 -3.7657769);
;2022-03-22 14:49:26;Assunçao;;;Centro;;Queda;;Não informado;;Meio De Quadra;;;0;1;0;1;0;0;0;0;0;0;0;0;0;(-38.5308471 -3.7403153);
;2022-03-22 13:42:09;Av. 13 De Maio 755;Osvaldo Studart;;Fatima;;Colisão;;Não informado;;Cruzamento;;;0;1;0;1;1;0;0;0;0;0;0;0;0;(-38.5267407 -3.7517921);
;2022-03-22 13:38:32;Conego De Castro;;;Vila Peri;;Queda;;Não informado;;Meio De Quadra;;;0;1;0;1;0;0;0;0;0;0;0;0;0;(-38.6058651 -3.8245342);
;2022-03-22 12:37:37;Raul Barbosa;;;Aerolandia;;Queda;;Não informado;;Meio De Quadra;;;0;1;0;1;0;0;0;0;0;0;0;0;0;(-38.510285 -3.769273);
;2022-03-22 09:00:42;Av. Jornalista João Ramos;;;Planalto Ayrton Senna;;Colisão;;Não informado;;Meio De Quadra;;;0;1;0;0;2;0;0;0;0;0;0;0;0;(-38.581815 -3.83975);
;2022-03-22 00:20:35;Rui Monte;;;Antonio Bezerra;;Colisão;;Não informado;;Meio De Quadra;;;0;1;0;1;1;0;0;0;0;0;0;0;0;(-38.5849475 -3.749026);
;2022-03-21 22:45:48;Avenida Sabino Monte;;;Sao Joao Do Tauape;;Atropelamento;;Não informado;;Meio De Quadra;;;0;1;0;0;1;0;0;0;0;0;0;0;0;(-38.5111564 -3.7612984);
;2022-03-21 21:41:23;Domingos Bonifacio;;;Carlito Pamplona;;Atropelamento;;Não informado;;Meio De Quadra;;;0;1;0;0;0;0;1;0;0;0;0;0;0;(-38.558875 -3.7136528);
;2022-03-21 20:26:35;Bernardo Manuel;Rua Jaci;;Serrinha;;Colisão;;Não informado;;Cruzamento;;;0;1;0;2;0;0;0;0;0;0;0;0;0;(-38.5479782 -3.7875025);
;2022-03-21 20:17:57;Jose Jatahy;Teofilo Gurgel;;Monte Castelo;;Colisão;;Não informado;;Cruzamento;;;0;1;0;0;1;0;0;0;0;1;0;0;0;(-38.5462365 -3.7250794);
;2022-03-21 20:14:53;Rocha Lima;João Cordeiro;;Joaquim Tavora;;Colisão;;Não informado;;Cruzamento;;;0;1;0;1;1;0;0;0;0;0;0;0;0;(-38.51728749999999 -3.7379927);
;2022-03-21 19:29:02;D;;;Prefeito Jose Walter;;Colisão;;Não informado;;Meio De Quadra;;;0;2;0;1;1;0;0;0;0;0;0;0;0;(0 0);
;2022-03-21 19:07:38;Professor Jose Artur De Carvalho;;;Lagoa Redonda;;Colisão;;Não informado;;Meio De Quadra Sem Numero;;;0;1;0;1;1;0;0;0;0;0;0;0;0;(-38.4613241 -3.8250273);
;2022-03-21 18:21:50;Av Washington Soares;;;Edson Queiroz;;Colisão;;Não informado;;Meio De Quadra Sem Numero;;;0;1;0;0;1;0;0;0;0;1;0;0;0;(-38.481665 -3.7762191);
;2022-03-21 16:42:13;Osorio De Paiva;Rua Leblom Maia;;Siqueira;;Colisão;;Não informado;;Cruzamento;;;0;1;0;1;1;0;0;0;0;0;0;0;0;(-38.5804253 -3.7845257);
;2022-03-21 16:20:07;Avenida Francisco Sá;;;Carlito Pamplona;;Colisão;;Não informado;;Meio De Quadra;;;0;1;0;1;1;0;0;0;0;0;0;0;0;(-38.5602765 -3.7165909);
;2022-03-21 16:11:09;Gabriel Fiuza;Rua Costa Freire;;Vila Peri;;Colisão;;Não informado;;Cruzamento;;;0;2;0;1;1;0;0;0;0;0;0;0;0;(-38.579949 -3.7871249);
;2022-03-21 16:03:33;Jose Dantas Pereira;;;Canindezinho;;Queda;;Não informado;;Meio De Quadra;;;0;1;0;1;0;0;0;0;0;0;0;0;0;(-38.609057 -3.8216888);
;2022-03-21 11:53:24;Oscar Araripe;;;Bom Jardim;;Colisão;;Não informado;;Meio De Quadra;;;0;1;0;1;1;0;0;0;0;0;0;0;0;(-38.620318 -3.7845362);
;2022-03-21 11:30:08;BR 116 KM 3;;;Aerolandia;;Colisão;;Não informado;;Meio De Quadra Sem Numero;;;0;1;0;1;1;0;0;0;0;0;0;0;0;(0 0);
;2022-03-21 10:15:58;Mozart Lucena Esq.;Rua Quatro;;Quintino Cunha;;Queda;;Não informado;;Cruzamento;;;0;1;0;0;0;0;0;0;0;1;0;0;0;(-38.5981362 -3.7270316);
;2022-03-21 09:57:57;Equador;;;Itaperi;;Colisão;;Não informado;;Meio De Quadra;;;0;1;0;1;1;0;0;0;0;0;0;0;0;(-38.5569347 -3.7844192);
;2022-03-21 09:42:47;Barbara De Alencar (Cruzamento;Rua Joao Cordeiro);;Aldeota;;Colisão;;Não informado;;Cruzamento;;;0;1;0;1;1;0;0;0;0;0;0;0;0;(-38.5160407 -3.7349105);
;2022-03-20 22:20:51;Jose Bastos;;;Parangaba;;Atropelamento;;Não informado;;Meio De Quadra;;;0;1;0;0;1;0;0;0;0;0;0;0;0;(0 0);
;2022-03-20 22:14:25;Sao Tomaz De Aquino;;;Passare;;Atropelamento;;Não informado;;Meio De Quadra;;;0;1;0;0;0;0;0;0;0;0;1;0;0;(-38.5284495 -3.814666);
;2022-03-20 21:13:20;Rua Senador Alvaro Adolfo;;;Presidente Kennedy;;Colisão;;Não informado;;Meio De Quadra;;;0;1;0;1;1;0;0;0;0;0;0;0;0;(-38.5804631 -3.7330964);
;2022-03-20 19:43:44;Via Expressa;;;Papicu;;Colisão;;Não informado;;Meio De Quadra Sem Numero;;;0;1;0;1;1;0;0;0;0;0;0;0;0;(-38.49085 -3.7457388);
;2022-03-20 18:42:34;Rua Enfermeiro Joaquim Pinto;;;Cajazeiras;;Queda;;Não informado;;Meio De Quadra;;;0;1;0;1;0;0;0;0;0;0;0;0;0;(-38.5047934 -3.802795999999999);
;2022-03-20 18:35:17;Carneiro Da Cunha;;;Jacarecanga;;Colisão;;Não informado;;Meio De Quadra;;;0;1;0;0;2;0;0;0;0;0;0;0;0;(-38.542593 -3.724598599999999);
;2022-03-20 17:28:04;J  -;Rua  66;;Prefeito Jose Walter;;Queda;;Não informado;;Cruzamento;;;0;1;0;1;0;0;0;0;0;0;0;0;0;(-38.558585 -3.8392266);
;2022-03-20 17:01:17;Jose Carlos Gurgel Nogueira;;;Vicente Pinzon;;Colisão;;Não informado;;Meio De Quadra;;;0;2;0;1;1;0;0;0;0;0;0;0;0;(-38.4736263 -3.7319196);
;2022-03-20 15:10:34;Pompilho Gomes;;;Jangurussu;;Colisão;;Não informado;;Meio De Quadra;;;0;1;0;1;1;0;0;0;0;0;0;0;0;(-38.5207519 -3.8187137);
;2022-03-20 14:56:45;Sargento Herminio;;;Presidente Kennedy;;Colisão;;Não informado;;Meio De Quadra Sem Numero;;;0;1;0;1;1;0;0;0;0;0;0;0;0;(-38.5709958 -3.7283072);
;2022-03-20 14:17:46;Lest Oeste;Rua Alvaro De Alencar;;Pirambu;;Atropelamento;;Não informado;;Cruzamento;;;0;1;0;1;0;0;0;0;0;0;0;0;0;(-38.5572408 -3.7115542);
;2022-03-20 13:16:33;Conselheiro Lafaiete;;;Jardim Iracema;;Atropelamento;;Não informado;;Meio De Quadra;;;0;1;0;1;0;0;0;0;0;0;0;0;0;(0 0);
;2022-03-20 12:28:54;Avenida I 620 Esq;Avenida C;;Prefeito Jose Walter;;Colisão;;Não informado;;Cruzamento;;;0;1;0;1;1;0;0;0;0;0;0;0;0;(-38.5522703 -3.8295609);
;2022-03-20 11:54:02;Presidente Costa E Silva;;;Jangurussu;;Queda;;Não informado;;Meio De Quadra;;;0;1;0;1;0;0;0;0;0;0;0;0;0;(-38.5307846 -3.828869399999999);
;2022-03-20 08:43:55;Rua Aquiles Boris;;;Montese;;Colisão;;Não informado;;Meio De Quadra;;;0;1;0;2;0;0;0;0;0;0;0;0;0;(-38.549619 -3.7683332);
;2022-03-20 04:50:07;Avenida Senador Carlos Jereissati;;;Dias Macedo;;Choque c/ Obstáculo Fixo;;Não informado;;Meio De Quadra Sem Numero;;;0;1;0;0;1;0;0;0;0;0;0;0;0;(-38.5242645 -3.7832708);
;2022-03-20 04:48:49;São João;;;Bonsucesso;;Queda;;Não informado;;Meio De Quadra;;;0;1;0;1;0;0;0;0;0;0;0;0;0;(0 0);
;2022-03-20 03:16:44;Recanto Verde;;;Jangurussu;;Colisão;;Não informado;;Meio De Quadra;;;0;1;0;2;0;0;0;0;0;0;0;0;0;(-38.5141829 -3.8450311);
;2022-03-20 03:10:11;Mister Hull;;;Pici;;Queda;;Não informado;;Meio De Quadra Sem Numero;;;0;1;0;1;0;0;0;0;0;0;0;0;0;(-38.5774339 -3.737564);
;2022-03-20 02:12:53;Rua Dos Trevos;;;Canindezinho;;Queda de moto;;Não informado;;Meio De Quadra;;;0;1;0;2;0;0;0;0;0;0;0;0;0;(-38.5988012 -3.8044603);
;2022-03-20 01:13:31;Deputado Paulino Rocha;;;Cajazeiras;;Colisão;;Não informado;;Meio De Quadra;;;0;1;0;0;2;0;0;0;0;0;0;0;0;(-38.5108232 -3.8116474);
;2022-03-19 23:49:33;Rua Cesar Rossas;;;Montese;;Colisão;;Não informado;;Meio De Quadra;;;0;2;0;0;2;0;0;0;0;0;0;0;0;(-38.5526256 -3.7686562);
;2022-03-19 23:49:09;Avenida Jose Bastos;;;Rodolfo Teofilo;;Colisão;;Não informado;;Meio De Quadra;;;0;1;0;1;1;0;0;0;0;0;0;0;0;(-38.5491472 -3.7484409);
;2022-03-19 23:15:23;Avenida Alberto Craveiro;;;Dias Macedo;;Colisão;;Não informado;;Meio De Quadra Sem Numero;;;0;1;0;1;1;0;0;0;0;0;0;0;0;(-38.5169862 -3.788271);
;2022-03-19 22:28:04;Washington Soares;;;Messejana;;Atropelamento;;Não informado;;Meio De Quadra Sem Numero;;;0;1;0;0;1;0;0;0;0;0;0;0;0;(-38.4822017 -3.828229);
;2022-03-19 22:09:44;Sargento Herminio Sampaio;;;Monte Castelo;;Colisão;;Não informado;;Meio De Quadra;;;0;1;0;1;1;0;0;0;0;0;0;0;0;(-38.5556632 -3.7256032);
;2022-03-19 21:46:01;Bom Jesus;;;Bom Jardim;;Colisão;;Não informado;;Meio De Quadra;;;0;1;0;1;1;0;0;0;0;0;0;0;0;(-38.6026439 -3.7938687);
;2022-03-19 20:15:50;Beira Mar;;;Meireles;;Queda;;Não informado;;Meio De Quadra Sem Numero;;;0;1;0;0;0;0;0;0;0;1;0;0;0;(-38.5108322 -3.7203831);
;2022-03-19 19:27:32;Robert Kennedy;;;Barra Do Ceara;;Atropelamento;;Não informado;;Meio De Quadra;;;0;1;0;0;1;0;0;0;0;0;0;0;0;(-38.5797658 -3.7053986);
;2022-03-19 17:35:56;Edilson Brasil Soares;Solon Farias;;Sapiranga;;Colisão;;Não informado;;Cruzamento;;;0;1;0;1;1;0;0;0;0;0;0;0;0;(-38.4771335 -3.789191);
;2022-03-19 17:03:19;Presidente Castelo Branco;;;Cristo Redentor;;Atropelamento;;Não informado;;Meio De Quadra Sem Numero;;;0;1;0;0;0;0;0;0;0;0;1;0;0;(-38.5645486 -3.7095397);
;2022-03-19 14:30:15;Araripe Macedo;;;Joao Xxiii;;Colisão;;Não informado;;Meio De Quadra;;;0;1;0;1;1;0;0;0;0;0;0;0;0;(0 0);
;2022-03-19 14:19:49;Edilson Brasil Soares;Hernesto Monteiro;;Sapiranga;;Colisão;;Não informado;;Cruzamento;;;0;1;0;1;1;0;0;0;0;0;0;0;0;(-38.4711307 -3.7886163);
;2022-03-19 13:20:50;Presidente Costa E Silva;;;Prefeito Jose Walter;;Colisão;;Não informado;;Meio De Quadra Sem Numero;;;0;1;0;1;1;0;0;0;0;0;0;0;0;(-38.5443558 -3.8244455);