COD_ACIDENTE;DATA;LOG1;LOG2;NUMERO;BAIRRO;AMC;NATUREZA;ILUMINACAO;TEMPO;SUPERFICIEPISTA;TIPOCRUZAMENTO;CONTROLETRAFEGO;USOSOLO;MORTOS;FERIDOS;ILESOS;MOTOCICLETA;AUTOMOVEL;MICROONIBUS;CAMINHAO;ONIBUS;CICLOMOTOR;BICICLETA;OUTROS;TREM;TRACAOANIMAL;COORDENADAS
;2022-03-19 11:30:25;Presidente Castelo Branco;;;Cristo Redentor;;Queda;;Não informado;;Meio De Quadra;;;0;1;0;0;0;0;0;0;0;1;0;0;0;(-38.5576801 -3.7112721);
;2022-03-19 11:00:20;Domingos Olimpio;;;Centro;;Queda;;Não informado;;Meio De Quadra;;;0;2;0;1;0;0;0;0;0;0;0;0;0;(-38.5266406 -3.7383278);
;2022-03-19 10:22:18;Av Treze De Maio;;;Benfica;;Queda;;Não informado;;Meio De Quadra;;;0;2;0;1;0;0;0;0;0;0;0;0;0;(-38.5308676 -3.747692899999999);
;2022-03-19 10:09:41;Domingos Lopes;Alves Maciel;;Pici;;Atropelamento;;Não informado;;Cruzamento;;;0;1;0;1;0;0;0;0;0;0;0;0;0;(-38.5715839 -3.7500707);
;2022-03-19 09:54:17;Doutor Joa Moreira;;;Centro;;Atropelamento;;Não informado;;Meio De Quadra Sem Numero;;;0;1;0;1;0;0;0;0;0;0;0;0;0;(-38.5269817 -3.7228048);
;2022-03-19 05:16:24;Valdir Diogo;R João Alfredo;;Mondubim;;Colisão;;Não informado;;Cruzamento;;;0;1;0;1;1;0;0;0;0;0;0;0;0;(-38.5682526 -3.8267133);
;2022-03-19 04:37:18;Castro Monte;;;Varjota;;Queda;;Não informado;;Meio De Quadra;;;0;2;0;1;0;0;0;0;0;0;0;0;0;(-38.4863676 -3.7285541);
;2022-03-19 02:04:55;Eduardo Girão Na Rotatoria;;;Fatima;;Colisão;;Não informado;;Meio De Quadra Sem Numero;;;0;1;0;1;1;0;0;0;0;0;0;0;0;(-38.5311434 -3.7536347);
;2022-03-19 01:45:38;Coronel Virgilio Nogueira;;;Bom Jardim;;Atropelamento;;Não informado;;Meio De Quadra;;;0;1;0;0;1;0;0;0;0;0;0;0;0;(-38.6070319 -3.783554999999999);
;2022-03-19 00:19:46;Olavo Bilac;;;Sao Gerardo;;Queda de moto;;Não informado;;Meio De Quadra;;;0;1;0;2;0;0;0;0;0;0;0;0;0;(-38.56471459999999 -3.7317979);
;2022-03-18 23:25:42;Senador Fernandes Tavora;;;Henrique Jorge;;Colisão;;Não informado;;Meio De Quadra;;;0;1;0;2;0;0;0;0;0;0;0;0;0;(-38.5874098 -3.7596403);
;2022-03-18 23:22:22;Alberto Monte;;;Bela Vista;;Queda;;Não informado;;Meio De Quadra;;;0;1;0;1;0;0;0;0;0;0;0;0;0;(-38.5570853 -3.7534384);
;2022-03-18 23:11:11;Expedicionarios;;;Montese;;Atropelamento;;Não informado;;Meio De Quadra;;;0;1;0;0;1;0;0;0;0;0;0;0;0;(-38.5427263 -3.7692014);
;2022-03-18 22:20:27;Bernardo Manuel;;;Itaperi;;Colisão;;Não informado;;Meio De Quadra;;;0;1;0;2;0;0;0;0;0;0;0;0;0;(-38.5504993 -3.794954);
;2022-03-18 22:07:03;Godofredo Maciel;;;Maraponga;;Atropelamento;;Não informado;;Meio De Quadra Sem Numero;;;0;1;0;1;0;0;0;0;0;0;0;0;0;(-38.5700693 -3.7966838);
;2022-03-18 21:36:55;Professor Heribaldo Costa;;;Henrique Jorge;;Colisão;;Não informado;;Meio De Quadra;;;0;3;0;0;2;0;0;0;0;0;0;0;0;(-38.5826672 -3.758205);
;2022-03-18 20:33:04;BR 116;;;Aeroporto;;Queda;;Não informado;;Meio De Quadra Sem Numero;;;0;1;0;1;0;0;0;0;0;0;0;0;0;(0 0);
;2022-03-18 20:15:47;Senador Fernandes Tavora;;;Autran Nunes;;Atropelamento;;Não informado;;Meio De Quadra;;;0;1;0;0;0;0;0;0;0;0;1;0;0;(-38.5937402 -3.7561086);
;2022-03-18 20:14:54;Radialista Jose Lima Verde;;;Barra Do Ceara;;Colisão;;Não informado;;Meio De Quadra;;;0;1;0;0;1;0;0;0;0;1;0;0;0;(-38.5866645 -3.6975604);
;2022-03-18 19:39:39;Avenida Sargento Herminio Sampaio -;;;Presidente Kennedy;;Colisão;;Não informado;;Meio De Quadra;;;0;1;0;1;1;0;0;0;0;0;0;0;0;(-38.5728606 -3.7291244);
;2022-03-18 19:14:18;Barbara De Alencar;Joao Cordeiro;;Aldeota;;Colisão;;Não informado;;Cruzamento;;;0;1;0;0;2;0;0;0;0;0;0;0;0;(-38.5160407 -3.7349105);
;2022-03-18 17:02:05;Rua Castro Alves - Professor De Carvalho;;;Joaquim Tavora;;Colisão;;Não informado;;Meio De Quadra;;;0;1;0;1;1;0;0;0;0;0;0;0;0;(-38.5154698 -3.7495922);
;2022-03-18 15:59:46;Rua Vitoria;;;Joao Xxiii;;Colisão;;Não informado;;Meio De Quadra;;;0;1;0;1;0;0;1;0;0;0;0;0;0;(-38.58853070000001 -3.765815);
;2022-03-18 15:56:48;Travessa Boa Vista;;;Mondubim;;Colisão;;Não informado;;Meio De Quadra;;;0;1;0;2;0;0;0;0;0;0;0;0;0;(-38.5601926 -3.8060569);
;2022-03-18 14:34:08;Rua Monte Libano;;;Mondubim;;Colisão;;Não informado;;Meio De Quadra;;;0;1;0;1;1;0;0;0;0;0;0;0;0;(-38.5625155 -3.8252827);
;2022-03-18 14:15:50;Doutor Pergentino Maia;Coronel Fco Pereira;;Messejana;;Colisão;;Não informado;;Cruzamento;;;0;1;0;0;2;0;0;0;0;0;0;0;0;(-38.4928363 -3.830874);
;2022-03-18 12:38:50;Avenida Maestro Lisboa -;;;Lagoa Redonda;;Colisão;;Não informado;;Meio De Quadra Sem Numero;;;0;1;0;0;2;0;0;0;0;0;0;0;0;(-38.4644123 -3.8077874);
;2022-03-18 12:22:57;Aguanambi;13 De Maio;;Fatima;;Atropelamento;;Não informado;;Cruzamento;;;0;1;0;0;0;0;0;1;0;0;0;0;0;(-38.5236058 -3.7539587);
;2022-03-18 11:45:18;Rua Engenheiro Luis Montenegro;;;Siqueira;;Colisão;;Não informado;;Meio De Quadra;;;0;1;0;1;1;0;0;0;0;0;0;0;0;(-38.6188491 -3.8137629);
;2022-03-18 11:04:29;Americo Barreira;;;Democrito Rocha;;Queda;;Não informado;;Meio De Quadra;;;0;1;0;1;0;0;0;0;0;0;0;0;0;(-38.5651557 -3.7612766);
;2022-03-18 10:02:44;Avenida Governador Raul Barbosa -;;;Sao Joao Do Tauape;;Colisão;;Não informado;;Meio De Quadra;;;0;1;0;0;2;0;0;0;0;0;0;0;0;(0 0);
;2022-03-18 10:02:42;Domingos De Olimpios;Major Facundo;;Centro;;Colisão;;Não informado;;Cruzamento;;;0;1;0;1;1;0;0;0;0;0;0;0;0;(-38.5289983 -3.7311166);
;2022-03-18 09:28:33;Rua Raimundo Nery;;;Parque Sao Jose;;Queda de moto;;Não informado;;Meio De Quadra;;;0;1;0;2;0;0;0;0;0;0;0;0;0;(-38.586009 -3.7956106);
;2022-03-18 09:17:26;Silas Munguba;;;Serrinha;;Queda;;Não informado;;Meio De Quadra;;;0;1;0;1;0;0;0;0;0;0;0;0;0;(-38.5532292 -3.7838619);
;2022-03-18 08:33:17;Contorno Sul;;;Jangurussu;;Queda;;Não informado;;Meio De Quadra Sem Numero;;;0;1;0;1;0;0;0;0;0;0;0;0;0;(-38.5199088 -3.8377883);
;2022-03-18 07:43:44;Quize De Novemrbo;Antonio Fiusa;;Montese;;Colisão;;Não informado;;Cruzamento;;;0;1;0;0;2;0;0;0;0;0;0;0;0;(-38.5522549 -3.7702479);
;2022-03-18 02:31:14;Amelia Benebien;;;Papicu;;Queda;;Não informado;;Meio De Quadra;;;0;1;0;1;0;0;0;0;0;0;0;0;0;(-38.47900670000001 -3.7379759);
;2022-03-18 02:01:17;Soriano Albuquerque;;;Joaquim Tavora;;Colisão;;Não informado;;Meio De Quadra;;;0;1;0;0;2;0;0;0;0;0;0;0;0;(-38.5198216 -3.7476512);
;2022-03-18 00:23:44;Avenida Washington Soares;;;Edson Queiroz;;Colisão;;Não informado;;Meio De Quadra Sem Numero;;;0;1;0;1;1;0;0;0;0;0;0;0;0;(-38.481665 -3.7762191);
;2022-03-17 23:42:33;Avenida  D;I;;Prefeito Jose Walter;;Colisão;;Não informado;;Cruzamento;;;0;1;0;1;1;0;0;0;0;0;0;0;0;(-38.5615954 -3.8415179);
;2022-03-17 21:15:19;Senador Carlos Jereissate;;;Aeroporto;;Colisão;;Não informado;;Meio De Quadra Sem Numero;;;0;1;0;1;1;0;0;0;0;0;0;0;0;(-38.5357467 -3.7820759);
;2022-03-17 21:02:56;Raul Barbosa;Murilo Borgesinterior;;Aerolandia;;Queda;;Não informado;;Cruzamento;;;0;1;0;1;0;0;0;0;0;0;0;0;0;(-38.512539 -3.7729647);
;2022-03-17 20:09:28;Mister Hull;;;Antonio Bezerra;;Colisão;;Não informado;;Meio De Quadra;;;0;1;0;1;0;0;1;0;0;0;0;0;0;(-38.5844865 -3.7389625);
;2022-03-17 19:56:29;Lineu Machado;Rua Cuiba;;Joquei Clube;;Colisão;;Não informado;;Cruzamento;;;0;2;0;1;1;0;0;0;0;0;0;0;0;(-38.5785727 -3.7692026);
;2022-03-17 19:20:13;Abolicao;;;Meireles;;Colisão;;Não informado;;Meio De Quadra Sem Numero;;;0;1;0;1;1;0;0;0;0;0;0;0;0;(-38.496152 -3.7270653);
;2022-03-17 17:22:50;Presidente Costa E Silva;;;Prefeito Jose Walter;;Atropelamento;;Não informado;;Meio De Quadra Sem Numero;;;0;1;0;0;0;0;0;0;0;0;1;0;0;(-38.5443558 -3.8244455);
;2022-03-17 15:44:29;C Esq. Av Central;;;Conjunto Ceara;;Colisão;;Não informado;;Meio De Quadra Sem Numero;;;0;1;0;0;1;0;0;0;0;1;0;0;0;(-38.6103543 -3.7473764);
;2022-03-17 12:38:25;Da Universidade;;;Benfica;;Atropelamento;;Não informado;;Meio De Quadra;;;0;1;0;0;1;0;0;0;0;0;0;0;0;(0 0);
;2022-03-17 12:32:38;Rua Julio Braga;;;Parangaba;;Queda;;Não informado;;Meio De Quadra;;;0;3;0;1;0;0;0;0;0;0;0;0;0;(-38.5743119 -3.7778027);
;2022-03-17 10:06:15;Rua Juvencio Sales;;;Novo Mondubim;;Queda;;Não informado;;Meio De Quadra;;;0;1;0;1;0;0;0;0;0;0;0;0;0;(-38.5917809 -3.833003699999999);
;2022-03-17 09:52:00;Rua Vilebaldo Aguiar;;;Coco;;Atropelamento;;Não informado;;Meio De Quadra;;;0;1;0;0;1;0;0;0;0;0;0;0;0;(-38.4720337 -3.7457569);
;2022-03-17 02:52:53;Major Assis;;;Vila Velha;;Queda;;Não informado;;Meio De Quadra;;;0;1;0;1;0;0;0;0;0;0;0;0;0;(-38.598695 -3.721328);
;2022-03-17 01:55:12;Val Paraiso;;;Conjunto Palmeiras;;Colisão;;Não informado;;Meio De Quadra;;;0;2;0;1;1;0;0;0;0;0;0;0;0;(-38.527092 -3.8433814);
;2022-03-17 00:52:09;Avenida Presidente Costa E Silva;;;Jangurussu;;Atropelamento;;Não informado;;Meio De Quadra;;;0;1;0;0;1;0;0;0;0;0;0;0;0;(0 0);
;2022-03-16 21:27:41;Rua Gustavo Sampaio;;;Parquelandia;;Colisão;;Não informado;;Meio De Quadra;;;0;1;0;1;1;0;0;0;0;0;0;0;0;(-38.5455163 -3.7331623);
;2022-03-16 21:13:30;Vital Brasil;Anselmo Nogueira;;Bonsucesso;;Atropelamento;;Não informado;;Cruzamento;;;0;1;0;0;1;0;0;0;0;0;0;0;0;(-38.587171 -3.7810961);
;2022-03-16 18:03:21;Rua Sao Felipe;;;Canindezinho;;Queda;;Não informado;;Meio De Quadra;;;0;1;0;0;0;0;0;0;0;1;0;0;0;(-38.6009632 -3.8059277);
;2022-03-16 17:19:29;Rua Rodrigues Junior;Pinto Madeira;;Centro;;Colisão;;Não informado;;Cruzamento;;;0;1;0;1;1;0;0;0;0;0;0;0;0;(-38.5208326 -3.731318799999999);
;2022-03-16 11:35:45;Rua Engenheiro Samir Hiluy;A Esquina Vereador Paulo Mamede;;Coco;;Colisão;;Não informado;;Cruzamento;;;0;1;0;1;1;0;0;0;0;0;0;0;0;(-38.4826692 -3.747591);
;2022-03-16 09:45:03;Sargento Herminio;;;Monte Castelo;;Colisão;;Não informado;;Meio De Quadra;;;0;1;0;1;1;0;0;0;0;0;0;0;0;(-38.5544661 -3.7254177);
;2022-03-16 09:11:30;Demetrio De Menezes;;;Antonio Bezerra;;Queda;;Não informado;;Meio De Quadra Sem Numero;;;0;1;0;1;0;0;0;0;0;0;0;0;0;(-38.5837642 -3.7387149);
;2022-03-16 08:39:15;Godofredo Maciel;;;Parque Dois Irmaos;;Atropelamento;;Não informado;;Meio De Quadra;;;0;1;0;0;1;0;0;0;0;0;0;0;0;(0 0);
;2022-03-16 05:34:36;Duarte Pimentel -;;;Itaperi;;Colisão;;Não informado;;Meio De Quadra;;;0;1;0;1;1;0;0;0;0;0;0;0;0;(-38.5426469 -3.7882448);
;2022-03-16 02:48:36;Professor Eribaldo Costa;Rua Goiania;;Henrique Jorge;;Colisão;;Não informado;;Cruzamento;;;0;1;0;0;2;0;0;0;0;0;0;0;0;(-38.5858934 -3.7639822);
;2022-03-16 01:23:52;Rua Santa Terezinha Do Menino Jesus E Da Sagrada Face;;;Sao Joao Do Tauape;;Colisão;;Não informado;;Meio De Quadra Sem Numero;;;0;1;0;1;1;0;0;0;0;0;0;0;0;(-38.4950866 -3.7533451);
;2022-03-16 00:36:39;Pedro Sampaio;;;Vila Velha;;Colisão;;Não informado;;Meio De Quadra;;;0;1;0;1;1;0;0;0;0;0;0;0;0;(-38.5997118 -3.7228742);
;2022-03-16 00:28:58;Jose Bastos;;;Couto Fernandes;;Colisão;;Não informado;;Meio De Quadra;;;0;1;0;0;2;0;0;0;0;0;0;0;0;(0 0);
;2022-03-16 00:23:29;Bernardo Manuel;;;Parque Dois Irmaos;;Colisão;;Não informado;;Meio De Quadra;;;0;1;0;0;2;0;0;0;0;0;0;0;0;(-38.5488446 -3.7896782);
;2022-03-15 23:39:15;C - Esquina;Rua 1153 - Iv Etapa;;Conjunto Ceara;;Colisão;;Não informado;;Cruzamento;;;0;1;0;1;1;0;0;0;0;0;0;0;0;(-38.6108198 -3.7613073);
;2022-03-15 23:16:59;Rua Heribaldo Costa;Hipolito Brasil;;Henrique Jorge;;Colisão;;Não informado;;Cruzamento;;;0;1;0;1;1;0;0;0;0;0;0;0;0;(-38.582293 -3.7570633);
;2022-03-15 22:43:12;Radialista Joao Ramos;;;Planalto Ayrton Senna;;Colisão;;Não informado;;Meio De Quadra;;;0;2;0;2;0;0;0;0;0;0;0;0;0;(-38.5667285 -3.8437933);
;2022-03-15 22:12:40;Rua Coronel Virgilio Nogueira -;;;Bom Jardim;;Colisão;;Não informado;;Meio De Quadra;;;0;1;0;0;2;0;0;0;0;0;0;0;0;(-38.6085825 -3.7885445);
;2022-03-15 21:59:10;Monsenhor Salazar;;;Sao Joao Do Tauape;;Colisão;;Não informado;;Meio De Quadra;;;0;1;0;0;2;0;0;0;0;0;0;0;0;(-38.5109048 -3.7558969);
;2022-03-15 21:41:40;Florencio De Alencar;;;Barra Do Ceara;;Queda;;Não informado;;Meio De Quadra Sem Numero;;;0;1;0;1;0;0;0;0;0;0;0;0;0;(-38.5871552 -3.7105489);
;2022-03-15 21:37:41;Rua Costa Barros;;;Centro;;Queda;;Não informado;;Meio De Quadra;;;0;1;0;1;0;0;0;0;0;0;0;0;0;(-38.5195046 -3.7278628);
;2022-03-15 21:20:03;Placido De Castro;Monsenhor Augustinho;;Vila Peri;;Queda;;Não informado;;Cruzamento;;;0;1;0;1;0;0;0;0;0;0;0;0;0;(-38.5857626 -3.7904243);
;2022-03-15 21:19:57;Avenida Doutor Silas Munguba;;;Serrinha;;Atropelamento;;Não informado;;Meio De Quadra;;;0;2;0;1;0;0;0;0;0;0;0;0;0;(-38.53570879999999 -3.7927936);
;2022-03-15 21:18:09;Jose Jatahy;Av Jose Basto;;Benfica;;Queda;;Não informado;;Cruzamento;;;0;1;0;1;0;0;0;0;0;0;0;0;0;(-38.5435876 -3.7388721);
;2022-03-15 21:13:16;Godofredo Maciel;Germano Franklin;;Parangaba;;Queda;;Não informado;;Cruzamento;;;0;1;0;0;0;0;0;0;0;1;0;0;0;(-38.5645972 -3.7795053);
;2022-03-15 18:43:58;Avenida Jose Leon -;;;Jardim Das Oliveiras;;Colisão;;Não informado;;Meio De Quadra;;;0;1;0;0;2;0;0;0;0;0;0;0;0;(-38.5089602 -3.7869069);
;2022-03-15 18:39:48;Borges De Melo;;;Alto Da Balanca;;Colisão;;Não informado;;Meio De Quadra Sem Numero;;;0;1;0;0;2;0;0;0;0;0;0;0;0;(-38.5181573 -3.761477);
;2022-03-15 18:11:48;Rua Monsenhor Dantas -;;;Jacarecanga;;Colisão;;Não informado;;Meio De Quadra;;;0;1;0;1;1;0;0;0;0;0;0;0;0;(-38.5452008 -3.7203034);
;2022-03-15 17:19:54;Rua Capitao Olavo;Rua Capitao Uruguai;;Aerolandia;;Queda;;Não informado;;Cruzamento;;;0;1;0;1;0;0;0;0;0;0;0;0;0;(-38.5156623 -3.7670654);
;2022-03-15 16:52:23;Rua Barao Do Rio Branco;;;Centro;;Queda;;Não informado;;Meio De Quadra;;;0;1;0;0;0;0;0;0;0;1;0;0;0;(-38.5296086 -3.7305028);
;2022-03-15 15:01:46;Betel;;;Itaperi;;Queda;;Não informado;;Meio De Quadra Sem Numero;;;0;1;0;0;0;0;0;0;0;1;0;0;0;(-38.5526492 -3.7922126);
;2022-03-15 15:00:26;Curitiba;;;Henrique Jorge;;Colisão;;Não informado;;Meio De Quadra;;;0;1;0;1;1;0;0;0;0;0;0;0;0;(-38.5851969 -3.7591038);
;2022-03-15 14:51:05;Senador Fernandes Tavora;;;Henrique Jorge;;Colisão;;Não informado;;Meio De Quadra;;;0;1;0;1;1;0;0;0;0;0;0;0;0;(0 0);
;2022-03-15 14:01:26;Afonso Lopes;;;Parque Dois Irmaos;;Queda;;Não informado;;Meio De Quadra;;;0;1;0;0;0;0;0;0;0;1;0;0;0;(-38.5497831 -3.7989091);
;2022-03-15 12:39:50;Albuquerque Lima;;;Conjunto Ceara;;Queda;;Não informado;;Meio De Quadra;;;0;1;0;1;0;0;0;0;0;0;0;0;0;(-38.6073169 -3.7691864);
;2022-03-15 12:27:17;Washington Soares Praia;;;Edson Queiroz;;Queda de moto;;Não informado;;Meio De Quadra;;;0;2;0;2;0;0;0;0;0;0;0;0;0;(-38.481665 -3.7762191);
;2022-03-15 11:16:18;Luciano Carneiro;;;Fatima;;Queda;;Não informado;;Meio De Quadra Sem Numero;;;0;1;0;1;0;0;0;0;0;0;0;0;0;(-38.5334899 -3.7542494);
;2022-03-15 11:10:56;Leitao Cerqueira;R.19 De Março -Iietapa;;Prefeito Jose Walter;;Colisão;;Não informado;;Cruzamento;;;0;1;0;1;1;0;0;0;0;0;0;0;0;(-38.5632195 -3.8295996);
;2022-03-15 10:26:48;Professor Paulo Lopes;Rua Manaus;;Dom Lustosa;;Queda de moto;;Não informado;;Cruzamento;;;0;3;0;2;0;0;0;0;0;0;0;0;0;(-38.5911688 -3.7535892);
;2022-03-15 10:26:07;Manaus;R.Professor Paulo Lopes;;Dom Lustosa;;Colisão;;Não informado;;Cruzamento;;;0;1;0;2;0;0;0;0;0;0;0;0;0;(-38.5885651 -3.7549255);
;2022-03-15 09:44:44;Gustavo Sampaio;;;Parque Araxa;;Queda;;Não informado;;Meio De Quadra;;;0;1;0;1;0;0;0;0;0;0;0;0;0;(-38.5632092 -3.7365249);
;2022-03-15 08:20:02;Leblon Maia;;;Vila Peri;;Queda;;Não informado;;Meio De Quadra;;;0;2;0;1;0;0;0;0;0;0;0;0;0;(-38.581027 -3.7835852);
;2022-03-15 08:19:37;Augusto Dos Anjos;;;Parangaba;;Queda;;Não informado;;Meio De Quadra Sem Numero;;;0;1;0;1;0;0;0;0;0;0;0;0;0;(-38.5751616 -3.7756368);
;2022-03-14 22:43:07;Mister Hull -;;;Antonio Bezerra;;Atropelamento;;Não informado;;Meio De Quadra Sem Numero;;;0;2;0;0;1;0;0;0;0;0;0;0;0;(-38.5918137 -3.7395231);
;2022-03-14 22:15:43;Castelo De Castro;;;São Cristovão;;Queda de moto;;Não informado;;Meio De Quadra;;;0;1;0;2;0;0;0;0;0;0;0;0;0;(-38.5245016 -3.838473699999999);
;2022-03-14 22:04:51;Br;;;Pedras;;Atropelamento;;Não informado;;Meio De Quadra;;;0;1;0;1;0;0;0;0;0;0;0;0;0;(-38.5010583 -3.8815143);
;2022-03-14 21:55:08;A;F;;Conjunto Ceara;;Colisão;;Não informado;;Cruzamento;;;0;1;0;1;1;0;0;0;0;0;0;0;0;(0 0);
;2022-03-14 21:54:44;Aguanambi;;;Centro;;Atropelamento;;Não informado;;Meio De Quadra;;;0;1;0;1;0;0;0;0;0;0;0;0;0;(-38.5248114 -3.738762999999999);
;2022-03-14 21:41:51;Humberto Monte;Rua Chile;;Bela Vista;;Colisão;;Não informado;;Cruzamento;;;0;1;0;0;2;0;0;0;0;0;0;0;0;(-38.5640051 -3.7449864);
;2022-03-14 21:02:43;Avenida Demetro De Menzes;;;Antonio Bezerra;;Queda;;Não informado;;Meio De Quadra;;;0;1;0;0;0;0;0;0;0;1;0;0;0;(-38.5855683 -3.7371599);
;2022-03-14 20:32:53;Eribaldo Costa;Travessa Rio De Janeiro;;Joao Xxiii;;Colisão;;Não informado;;Cruzamento;;;0;1;0;1;1;0;0;0;0;0;0;0;0;(-38.5888885 -3.769590999999999);
;2022-03-14 19:37:33;Avenida Conego De Castro;;;Parque Sao Jose;;Atropelamento;;Não informado;;Meio De Quadra;;;0;1;0;0;0;0;0;0;0;0;1;0;0;(-38.5866958 -3.7994407);
;2022-03-14 19:16:33;Osvaldo Cruz;;;Dionisio Torres;;Queda;;Não informado;;Meio De Quadra;;;0;1;0;0;0;0;0;0;0;1;0;0;0;(-38.5029206 -3.7440734);
;2022-03-14 19:10:22;Radialista Jose Lima Verde;;;Barra Do Ceara;;Colisão;;Não informado;;Meio De Quadra;;;0;1;0;0;2;0;0;0;0;0;0;0;0;(-38.5866645 -3.6975604);
;2022-03-14 18:57:40;Rua Montevideu;;;Serrinha;;Queda;;Não informado;;Meio De Quadra;;;0;1;0;0;0;0;0;0;0;1;0;0;0;(-38.5429725 -3.7878941);
;2022-03-14 16:46:51;Sete De Setembro;;;Parangaba;;Queda;;Não informado;;Meio De Quadra;;;0;1;0;1;0;0;0;0;0;0;0;0;0;(-38.5638534 -3.7742237);
;2022-03-14 16:04:53;Santos Dumont;Visconde Maua;;Aldeota;;Colisão;;Não informado;;Cruzamento;;;0;1;0;1;1;0;0;0;0;0;0;0;0;(-38.4993854 -3.7358857);
;2022-03-14 14:28:10;Contorno Sul;;;Jangurussu;;Colisão;;Não informado;;Meio De Quadra Sem Numero;;;0;1;0;0;2;0;0;0;0;0;0;0;0;(-38.5199088 -3.8377883);
;2022-03-14 13:25:25;Avenida Independencia;;;Quintino Cunha;;Queda;;Não informado;;Meio De Quadra;;;0;1;0;1;0;0;0;0;0;0;0;0;0;(-38.5938607 -3.7258322);
;2022-03-14 12:06:42;Dr. Perilo Teixeira;Rua Nossa Senhora Aparecida;;Parque Genibau;;Colisão;;Não informado;;Cruzamento;;;0;1;0;1;1;0;0;0;0;0;0;0;0;(-38.6016258 -3.7580421);
;2022-03-14 11:36:28;Presidente Castelo Branco;;;Cristo Redentor;;Queda;;Não informado;;Meio De Quadra Sem Numero;;;0;1;0;1;0;0;0;0;0;0;0;0;0;(-38.5645486 -3.7095397);
;2022-03-14 09:53:42;Tomas Coleho;;;Messejana;;Colisão;;Não informado;;Meio De Quadra Sem Numero;;;0;1;0;2;0;0;0;0;0;0;0;0;0;(-38.5107767 -3.8295793);
;2022-03-14 09:23:04;Coronel João Correia;;;Granja Lisboa;;Queda;;Não informado;;Meio De Quadra;;;0;2;0;1;0;0;0;0;0;0;0;0;0;(0 0);
;2022-03-14 06:12:31;Oscar Araripe;;;Bom Jardim;;Queda;;Não informado;;Meio De Quadra;;;0;1;0;1;0;0;0;0;0;0;0;0;0;(-38.59823550000001 -3.7914571);
;2022-03-14 04:11:18;Almirante Barroso;;;Praia De Iracema;;Colisão;;Não informado;;Meio De Quadra Sem Numero;;;0;2;0;0;2;0;0;0;0;0;0;0;0;(-38.5160936 -3.7202853);
;2022-03-14 02:55:09;Clovis Arraia Maia;;;Vicente Pinzon;;Queda;;Não informado;;Meio De Quadra;;;0;1;0;1;0;0;0;0;0;0;0;0;0;(-38.45962919999999 -3.727982);
;2022-03-14 01:47:07;Rua Padre Maximo Feitosa;;;Presidente Kennedy;;Colisão;;Não informado;;Meio De Quadra;;;0;1;0;2;0;0;0;0;0;0;0;0;0;(-38.5751833 -3.734614699999999);
;2022-03-13 23:31:59;Rua Joaquim Albano -;;;Padre Andrade;;Colisão;;Não informado;;Meio De Quadra;;;0;1;0;1;1;0;0;0;0;0;0;0;0;(-38.5775106 -3.7347081);
;2022-03-13 22:50:38;Beira Mar;;;Meireles;;Colisão;;Não informado;;Meio De Quadra;;;0;1;0;1;1;0;0;0;0;0;0;0;0;(0 0);
;2022-03-13 22:12:38;Av, Dionisio Leoneo Alencar;; Dionisio Leoneo Alencar ;Jangurussu;;Queda;;Não informado;;Meio De Quadra;;;0;1;0;1;0;0;0;0;0;0;0;0;0;(-38.501858 -3.8452101);
;2022-03-13 22:07:54;Ministro Jose Americo;;;Cambeba;;Colisão;;Não informado;;Meio De Quadra Sem Numero;;;0;1;0;1;1;0;0;0;0;0;0;0;0;(-38.4863826 -3.8091057);
;2022-03-13 22:05:02;Av. Leste Oeste &;;;Jacarecanga;;Queda;;Não informado;;Meio De Quadra Sem Numero;;;0;1;0;1;0;0;0;0;0;0;0;0;0;(-38.5540459 -3.712094);
;2022-03-13 21:54:19;Penetração Norte Sul;;;Conjunto Esperanca;;Atropelamento;;Não informado;;Meio De Quadra;;;0;1;0;0;1;0;0;0;0;0;0;0;0;(-38.5923836 -3.8138838);
;2022-03-13 20:34:10;Avenida Godofredo Maciel;Rua America;;Parangaba;;Choque c/ Obstáculo Fixo;;Não informado;;Cruzamento;;;0;1;0;0;1;0;0;0;0;0;0;0;0;(-38.5662379 -3.7843739);
;2022-03-13 19:16:59;Avenida Bezerra De Menezes;;;Sao Gerardo;;Colisão;;Não informado;;Meio De Quadra;;;0;1;0;0;2;0;0;0;0;0;0;0;0;(-38.5587063 -3.7346674);
;2022-03-13 18:23:03;Rua Coronel Juca;Rua Eduardo Garcia;;Meireles;;Queda;;Não informado;;Cruzamento;;;0;1;0;1;0;0;0;0;0;0;0;0;0;(-38.4921885 -3.740406399999999);
;2022-03-13 16:58:40;General Osorio De Paiva;;;Siqueira;;Colisão;;Não informado;;Meio De Quadra Sem Numero;;;0;1;0;1;1;0;0;0;0;0;0;0;0;(-38.6103328 -3.8133833);
;2022-03-13 16:29:43;Augusto Dos Anjos;;;Parangaba;;Colisão;;Não informado;;Meio De Quadra Sem Numero;;;0;1;0;2;0;0;0;0;0;0;0;0;0;(-38.5751616 -3.7756368);