COD_ACIDENTE;DATA;LOG1;LOG2;NUMERO;BAIRRO;AMC;NATUREZA;ILUMINACAO;TEMPO;SUPERFICIEPISTA;TIPOCRUZAMENTO;CONTROLETRAFEGO;USOSOLO;MORTOS;FERIDOS;ILESOS;MOTOCICLETA;AUTOMOVEL;MICROONIBUS;CAMINHAO;ONIBUS;CICLOMOTOR;BICICLETA;OUTROS;TREM;TRACAOANIMAL;COORDENADAS
;2022-03-13 15:03:17;Frei Galvao;;;Guajiru;;Queda;;Não informado;;Meio De Quadra;;;0;1;0;1;0;0;0;0;0;0;0;0;0;(-38.4779765 -3.8370759);
;2022-03-13 13:38:49;Vila Do Mar;;;Barra Do Ceara;;Queda;;Não informado;;Meio De Quadra Sem Numero;;;0;1;0;1;0;0;0;0;0;0;0;0;0;(-38.5754318 -3.6986199);
;2022-03-13 07:51:13;Rua Alcindo Guanabara;;;Parque Presidente Vargas;;Colisão;;Não informado;;Meio De Quadra;;;0;1;0;2;0;0;0;0;0;0;0;0;0;(0 0);
;2022-03-13 07:48:39;Presidente Costa E Silva;;;Mondubim;;Queda;;Não informado;;Meio De Quadra;;;0;1;0;1;0;0;0;0;0;0;0;0;0;(-38.5608694 -3.820067);
;2022-03-13 05:35:12;Treze De Maio;;;Fatima;;Atropelamento;;Não informado;;Meio De Quadra;;;0;1;0;0;0;0;0;0;0;0;1;0;0;(-38.5214961 -3.7533587);
;2022-03-13 02:01:29;Alberto Craveiro;;;Boa Vista;;Colisão;;Não informado;;Meio De Quadra;;;0;1;0;1;1;0;0;0;0;0;0;0;0;(-38.5177778 -3.7891511);
;2022-03-13 01:23:10;Jose Arao;;;Canindezinho;;Queda;;Não informado;;Meio De Quadra;;;0;1;0;1;0;0;0;0;0;0;0;0;0;(0 0);
;2022-03-13 01:20:30;Mozart Firmeza;;;Joquei Clube;;Atropelamento;;Não informado;;Meio De Quadra Sem Numero;;;0;1;0;0;1;0;0;0;0;0;0;0;0;(-38.5757517 -3.7676848);
;2022-03-13 00:24:34;Jose Vilar;João Carvalho;;Aldeota;;Colisão;;Não informado;;Cruzamento;;;0;3;0;2;0;0;0;0;0;0;0;0;0;(-38.5054836 -3.7382973);
;2022-03-13 00:03:13;Leste Oeste;;;Pirambu;;Atropelamento;;Não informado;;Meio De Quadra;;;0;1;0;0;0;0;0;1;0;0;0;0;0;(-38.5538368 -3.7120299);
;2022-03-12 23:41:22;Americo Barreira;Carneiro De Mendonça;;Parangaba;;Colisão;;Não informado;;Cruzamento;;;0;1;0;1;1;0;0;0;0;0;0;0;0;(-38.5667168 -3.7641444);
;2022-03-12 23:34:49;Expedicionarios;Santa Quiteria;;Montese;;Colisão;;Não informado;;Cruzamento;;;0;1;0;0;2;0;0;0;0;0;0;0;0;(-38.5394995 -3.7592647);
;2022-03-12 23:14:29;Joaquim Leitao;;;Antonio Bezerra;;Atropelamento;;Não informado;;Meio De Quadra;;;0;1;0;1;0;0;0;0;0;0;0;0;0;(-38.5918729 -3.7462045);
;2022-03-12 22:43:39;Capitão Aragão;Tenente Barbosa;;Aerolandia;;Colisão;;Não informado;;Cruzamento;;;0;1;0;0;2;0;0;0;0;0;0;0;0;(-38.5120504 -3.7647664);
;2022-03-12 22:34:36;Placido Castelo;;;Jardim Das Oliveiras;;Queda;;Não informado;;Meio De Quadra;;;0;1;0;1;0;0;0;0;0;0;0;0;0;(-38.5106741 -3.7846641);
;2022-03-12 21:37:05;Jose Mendonça;;;Parque Genibau;;Queda;;Não informado;;Meio De Quadra;;;0;1;0;1;0;0;0;0;0;0;0;0;0;(-38.6022444 -3.7578402);
;2022-03-12 21:30:55;Joao Pessoa;;;Damas;;Colisão;;Não informado;;Meio De Quadra;;;0;1;0;1;1;0;0;0;0;0;0;0;0;(-38.5582646 -3.7638263);
;2022-03-12 21:19:06;Avenida Presidente Costa E Silva;;;Jangurussu;;Colisão;;Não informado;;Meio De Quadra Sem Numero;;;0;2;0;0;2;0;0;0;0;0;0;0;0;(-38.5282735 -3.8293827);
;2022-03-12 20:57:34;Rua Alberto Mantessuma;;;Vila Uniao;;Colisão;;Não informado;;Meio De Quadra;;;0;1;0;0;2;0;0;0;0;0;0;0;0;(-38.5334118 -3.7660681);
;2022-03-12 20:34:36;Sargento Herminio Sampaio;;;Presidente Kennedy;;Atropelamento;;Não informado;;Meio De Quadra;;;0;1;0;0;1;0;0;0;0;0;0;0;0;(-38.57387749999999 -3.729290999999999);
;2022-03-12 20:03:09;Juscelino Kubitschek -;;;Passare;;Colisão;;Não informado;;Meio De Quadra Sem Numero;;;0;1;0;2;0;0;0;0;0;0;0;0;0;(-38.5321687 -3.8168436);
;2022-03-12 19:16:33;Osorio De Paiva;;;Canindezinho;;Colisão;;Não informado;;Meio De Quadra;;;0;1;0;0;2;0;0;0;0;0;0;0;0;(-38.6104107 -3.8136447);
;2022-03-12 17:05:48;Gomes De Matos;;;Montese;;Colisão;;Não informado;;Meio De Quadra;;;0;1;0;1;1;0;0;0;0;0;0;0;0;(-38.5445316 -3.7602497);
;2022-03-12 16:31:16;Rua Ismael Pordeus;;;Vicente Pinzon;;Colisão;;Não informado;;Meio De Quadra;;;0;1;0;1;1;0;0;0;0;0;0;0;0;(-38.4690876 -3.7230104);
;2022-03-12 16:13:53;CE 040 - Sentindo Interior;;;Coacu;;Colisão;;Não informado;;Meio De Quadra;;;0;1;0;1;1;0;0;0;0;0;0;0;0;(0 0);
;2022-03-12 16:07:04;Mister Hull;;;Antonio Bezerra;;Colisão;;Não informado;;Meio De Quadra;;;0;2;0;2;0;0;0;0;0;0;0;0;0;(-38.5751405 -3.7370006);
;2022-03-12 15:09:03;Antonio Pereira;;;Planalto Ayrton Senna;;Colisão;;Não informado;;Meio De Quadra;;;0;1;0;2;0;0;0;0;0;0;0;0;0;(-38.5633797 -3.8337246);
;2022-03-12 14:47:51;13 De Maio;;;Fatima;;Colisão;;Não informado;;Meio De Quadra Sem Numero;;;0;1;0;0;2;0;0;0;0;0;0;0;0;(-38.5297266 -3.7489328);
;2022-03-12 14:12:37;13 De Maio;R.Paula Rodrigues;;Fatima;;Colisão;;Não informado;;Cruzamento;;;0;1;0;0;2;0;0;0;0;0;0;0;0;(-38.52586400000001 -3.752315599999999);
;2022-03-12 14:00:09;Presidente Costa E Silva;;;Prefeito Jose Walter;;Queda;;Não informado;;Meio De Quadra Sem Numero;;;0;1;0;1;0;0;0;0;0;0;0;0;0;(-38.5443558 -3.8244455);
;2022-03-12 13:52:48;Professor Dias Da Rocha;Beni Carvalho;;Dionisio Torres;;Colisão;;Não informado;;Cruzamento;;;0;1;0;1;1;0;0;0;0;0;0;0;0;(-38.4950371 -3.745997599999999);
;2022-03-12 13:51:43;Jose Dantas Pereira - Upa Canindezinho;;;Canindezinho;;Queda;;Não informado;;Meio De Quadra Sem Numero;;;0;1;0;1;0;0;0;0;0;0;0;0;0;(-38.6088561 -3.8217799);
;2022-03-12 12:56:58;Para;R.Estado Do Rio;;Pan Americano;;Colisão;;Não informado;;Cruzamento;;;0;1;0;1;1;0;0;0;0;0;0;0;0;(-38.568854 -3.7553549);
;2022-03-12 11:33:03;Silva Maria Peroba Pessoa;;;Passare;;Atropelamento;;Não informado;;Meio De Quadra;;;0;1;0;1;0;0;0;0;0;0;0;0;0;(-38.52434 -3.82138);
;2022-03-12 10:17:22;Alfredo Mamede;;;Novo Mondubim;;Queda;;Não informado;;Meio De Quadra;;;0;1;0;1;0;0;0;0;0;0;0;0;0;(-38.5841302 -3.8114245);
;2022-03-12 08:57:37;Almirante Rubin;;;Parangaba;;Queda;;Não informado;;Meio De Quadra;;;0;2;0;1;0;0;0;0;0;0;0;0;0;(-38.5572376 -3.7723603);
;2022-03-12 06:55:41;Washington Soares;;;Cambeba;;Atropelamento;;Não informado;;Meio De Quadra;;;0;1;0;0;1;0;0;0;0;0;0;0;0;(-38.4831324 -3.816787);
;2022-03-12 06:53:00;Avenida Oliveira Paiva;;;Cidade Dos Funcionarios;;Queda;;Não informado;;Meio De Quadra;;;0;1;0;1;0;0;0;0;0;0;0;0;0;(-38.5014583 -3.7980078);
;2022-03-12 02:37:32;Oscar Araripe;;;Bom Jardim;;Queda de moto;;Não informado;;Meio De Quadra;;;0;1;0;2;0;0;0;0;0;0;0;0;0;(-38.6202635 -3.7847757);
;2022-03-12 01:30:03;Bernardo Manuel;;;Serrinha;;Colisão;;Não informado;;Meio De Quadra;;;0;2;0;0;2;0;0;0;0;0;0;0;0;(-38.5532563 -3.8041896);
;2022-03-12 01:16:07;860;;;Conjunto Ceara;;Queda;;Não informado;;Meio De Quadra Sem Numero;;;0;1;0;1;0;0;0;0;0;0;0;0;0;(-38.5993337 -3.7689275);
;2022-03-12 01:11:34;Avenida Doutor Silas Munguba;;;Parangaba;;Colisão;;Não informado;;Meio De Quadra;;;0;1;0;0;2;0;0;0;0;0;0;0;0;(0 0);
;2022-03-12 01:07:24;Silas Mungumba;;;Itaperi;;Atropelamento;;Não informado;;Meio De Quadra;;;0;1;0;1;0;0;0;0;0;0;0;0;0;(-38.5498857 -3.7870705);
;2022-03-11 22:02:16;Virgilio Tavora;Vicente Linhares;;Varjota;;Colisão;;Não informado;;Cruzamento;;;0;1;0;0;2;0;0;0;0;0;0;0;0;(-38.4938598 -3.738809);
;2022-03-11 21:56:36;Avenida Antonio Justa -;;;Varjota;;Colisão;;Não informado;;Meio De Quadra;;;0;1;0;1;1;0;0;0;0;0;0;0;0;(-38.4914108 -3.7287445);
;2022-03-11 20:36:04;Rua Medelin;;;Granja Lisboa;;Queda;;Não informado;;Meio De Quadra;;;0;1;0;1;0;0;0;0;0;0;0;0;0;(-38.6233317 -3.7919925);
;2022-03-11 18:20:22;Manuel Castelo Branco;& Rua F Conjunto Bandeirantes;;Messejana;;Colisão;;Não informado;;Cruzamento;;;0;1;0;1;1;0;0;0;0;0;0;0;0;(-38.4876776 -3.8331571);
;2022-03-11 16:44:54;BR 116 KM 3;;;Aerolandia;;Atropelamento;;Não informado;;Meio De Quadra;;;0;1;0;0;0;0;0;0;0;0;1;0;0;(0 0);
;2022-03-11 14:40:56;Avenida A;;;Conjunto Ceara;;Colisão;;Não informado;;Meio De Quadra;;;0;1;0;2;0;0;0;0;0;0;0;0;0;(-38.6059028 -3.7742259);
;2022-03-11 14:28:59;Avenida Major Assis;;;Vila Velha;;Colisão;;Não informado;;Meio De Quadra;;;0;1;0;1;1;0;0;0;0;0;0;0;0;(-38.6025372 -3.7201149);
;2022-03-11 13:09:50;Humberto  Monte;;;Bela Vista;;Queda;;Não informado;;Meio De Quadra;;;0;1;0;1;0;0;0;0;0;0;0;0;0;(-38.5604489 -3.749455599999999);
;2022-03-11 09:29:01;Abolisçao;;;Meireles;;Colisão;;Não informado;;Meio De Quadra;;;0;1;0;1;1;0;0;0;0;0;0;0;0;(-38.4924757 -3.7270048);
;2022-03-11 02:18:00;1 De Maio;;;Bonsucesso;;Colisão;;Não informado;;Meio De Quadra;;;0;1;0;1;1;0;0;0;0;0;0;0;0;(0 0);
;2022-03-11 02:08:40;Governador Parsifal Barroso;;;Presidente Kennedy;;Colisão;;Não informado;;Meio De Quadra Sem Numero;;;0;1;0;0;2;0;0;0;0;0;0;0;0;(-38.5691076 -3.7320742);
;2022-03-11 00:23:12;Nereu Ramos;;;Vila Peri;;Colisão;;Não informado;;Meio De Quadra;;;0;1;0;1;1;0;0;0;0;0;0;0;0;(-38.5738198 -3.784654299999999);
;2022-03-10 23:55:16;Desembargador Faustino De Albuquerque;;;Jardim Das Oliveiras;;Atropelamento;;Não informado;;Meio De Quadra;;;0;1;0;0;1;0;0;0;0;0;0;0;0;(-38.4980295 -3.7818309);
;2022-03-10 22:11:36;I;;;Conjunto Ceara;;Queda;;Não informado;;Meio De Quadra;;;0;1;0;1;0;0;0;0;0;0;0;0;0;(-38.6194157 -3.7767884);
;2022-03-10 21:52:22;Rua Sabino Batista;;;Monte Castelo;;Queda;;Não informado;;Meio De Quadra;;;0;2;0;0;0;0;0;0;0;1;0;0;0;(-38.5553359 -3.722751);
;2022-03-10 21:16:33;Holanda;;;Jardim Cearense;;Colisão;;Não informado;;Meio De Quadra;;;0;1;0;1;1;0;0;0;0;0;0;0;0;(-38.55720830000001 -3.807350399999999);
;2022-03-10 20:13:16;Leste Oeste;;;Pirambu;;Colisão;;Não informado;;Meio De Quadra Sem Numero;;;0;1;0;1;1;0;0;0;0;0;0;0;0;(-38.5533245 -3.7123711);
;2022-03-10 18:16:06;Crisanto Moreira Da Rocha;;;Cambeba;;Colisão;;Não informado;;Meio De Quadra;;;0;1;0;1;1;0;0;0;0;0;0;0;0;(-38.484134 -3.808568);
;2022-03-10 17:05:34;Washington Soares;;;Edson Queiroz;;Colisão;;Não informado;;Meio De Quadra;;;0;1;0;1;1;0;0;0;0;0;0;0;0;(-38.4861832 -3.7580641);
;2022-03-10 15:06:24;C, Nº 236;; Nº 236 ;Conjunto Ceara;;Queda;;Não informado;;Meio De Quadra Sem Numero;;;0;1;0;1;0;0;0;0;0;0;0;0;0;(-38.605775 -3.7691113);
;2022-03-10 13:10:44;Av Vital Brasil;;;Granja Portugal;;Colisão;;Não informado;;Meio De Quadra;;;0;1;0;2;0;0;0;0;0;0;0;0;0;(-38.6059693 -3.7760578);
;2022-03-10 12:16:16;Rua Estevao De Campos;;;Barra Do Ceara;;Atropelamento;;Não informado;;Meio De Quadra;;;0;1;0;0;1;0;0;0;0;0;0;0;0;(0 0);
;2022-03-10 11:58:56;Conselheiro Tristao;R.Joaquim Magalhaes;;Jose Bonifacio;;Colisão;;Não informado;;Cruzamento;;;0;1;0;1;1;0;0;0;0;0;0;0;0;(-38.5271049 -3.740216);
;2022-03-10 11:12:28;Capitao Melo;Avenida Pontes Vieira;;Sao Joao Do Tauape;;Colisão;;Não informado;;Cruzamento;;;0;1;0;2;0;0;0;0;0;0;0;0;0;(-38.5138093 -3.7527264);
;2022-03-10 10:58:04;Osvaldo Cruz;;;Sao Joao Do Tauape;;Queda;;Não informado;;Meio De Quadra;;;0;1;0;1;0;0;0;0;0;0;0;0;0;(-38.5061416 -3.7538311);
;2022-03-10 10:52:01;Eduardo Bezerra;;;Dionisio Torres;;Colisão;;Não informado;;Meio De Quadra;;;0;1;0;1;1;0;0;0;0;0;0;0;0;(-38.510521 -3.753781);
;2022-03-10 10:30:52;Avenida Francisco Sa -;;;Carlito Pamplona;;Queda;;Não informado;;Meio De Quadra;;;0;1;0;1;0;0;0;0;0;0;0;0;0;(-38.562787 -3.7153678);
;2022-03-10 10:01:53;Joao Pessoa;;;Damas;;Colisão;;Não informado;;Meio De Quadra;;;0;1;0;1;1;0;0;0;0;0;0;0;0;(-38.5523472 -3.7562715);
;2022-03-10 09:21:40;Rua Urucutuba;;;Bom Jardim;;Queda;;Não informado;;Meio De Quadra;;;0;1;0;1;0;0;0;0;0;0;0;0;0;(-38.6062466 -3.7975905);
;2022-03-10 04:47:02;Avenida Antonio Justa;;;Meireles;;Colisão;;Não informado;;Meio De Quadra;;;0;3;0;2;0;0;0;0;0;0;0;0;0;(-38.4912648 -3.7288189);
;2022-03-10 03:47:54;Alberto Magno;Rua Barão De Sobral;;Montese;;Colisão;;Não informado;;Cruzamento;;;0;1;0;0;2;0;0;0;0;0;0;0;0;(-38.5524475 -3.767993199999999);
;2022-03-10 02:14:12;Washington Soares;Rua Isabel De Alencar;;Jose De Alencar;;Queda;;Não informado;;Cruzamento;;;0;1;0;1;0;0;0;0;0;0;0;0;0;(-38.4788176 -3.8109469);
;2022-03-09 21:07:10;Avenida N;;;Prefeito Jose Walter;;Colisão;;Não informado;;Meio De Quadra;;;0;1;0;1;1;0;0;0;0;0;0;0;0;(0 0);
;2022-03-09 21:01:15;Rua Monsenhor Salazar -;;;Sao Joao Do Tauape;;Colisão;;Não informado;;Meio De Quadra;;;0;1;0;1;1;0;0;0;0;0;0;0;0;(-38.5110846 -3.7557052);
;2022-03-09 20:59:57;Jose Jatahy;Azevedo Bolão;;Rodolfo Teofilo;;Atropelamento;;Não informado;;Cruzamento;;;0;1;0;0;1;0;0;0;0;0;0;0;0;(-38.5432012 -3.7412907);
;2022-03-09 20:32:07;Rua Junior Rocha;;;Parque Manibura;;Colisão;;Não informado;;Meio De Quadra;;;0;1;0;0;2;0;0;0;0;0;0;0;0;(-38.48747669999999 -3.786865);
;2022-03-09 20:17:17;Luciano Carneiro;Raul Cabral;;Vila Uniao;;Colisão;;Não informado;;Cruzamento;;;0;1;0;1;1;0;0;0;0;0;0;0;0;(-38.5385522 -3.7708184);
;2022-03-09 19:59:35;Rua Almirante Rufino;;;Montese;;Queda;;Não informado;;Meio De Quadra;;;0;1;0;1;0;0;0;0;0;0;0;0;0;(-38.5439572 -3.764597);
;2022-03-09 18:45:36;Rua Soriano Albuquerque;Rua Carlos Vasconcelos;;Joaquim Tavora;;Colisão;;Não informado;;Cruzamento;;;0;1;0;0;2;0;0;0;0;0;0;0;0;(-38.515942 -3.7487456);
;2022-03-09 16:58:09;Antonia Arruda;;;Jardim Guanabara;;Colisão;;Não informado;;Meio De Quadra;;;0;3;0;2;0;0;0;0;0;0;0;0;0;(-38.5941829 -3.7204594);
;2022-03-09 16:28:15;Costa E Silva;;;Jangurussu;;Colisão;;Não informado;;Meio De Quadra Sem Numero;;;0;1;0;0;2;0;0;0;0;0;0;0;0;(-38.5282735 -3.8293827);
;2022-03-09 16:13:46;Avenida  Washington Soares - Px Iguatemi;;;Edson Queiroz;;Queda;;Não informado;;Meio De Quadra Sem Numero;;;0;1;0;1;0;0;0;0;0;0;0;0;0;(-38.4893449 -3.7560474);
;2022-03-09 15:39:45;Osvaldo Cruz;Rua Torres Camara;;Meireles;;Colisão;;Não informado;;Cruzamento;;;0;1;0;1;1;0;0;0;0;0;0;0;0;(-38.5009561 -3.7375731);
;2022-03-09 15:20:42;Rua Parsival Barroso;;;Presidente Kennedy;;Colisão;;Não informado;;Meio De Quadra Sem Numero;;;0;1;0;0;2;0;0;0;0;0;0;0;0;(-38.5691076 -3.7320742);
;2022-03-09 14:53:44;Rua Candido Maia;;;Antonio Bezerra;;Queda;;Não informado;;Meio De Quadra;;;0;1;0;0;0;0;0;0;0;1;0;0;0;(-38.5901092 -3.7371858);
;2022-03-09 13:45:45;Eretides De Alencar;;;Jardim Iracema;;Queda;;Não informado;;Meio De Quadra;;;0;1;0;0;0;0;0;0;0;1;0;0;0;(-38.5823904 -3.7228832);
;2022-03-09 12:49:26;Capitao Olavo;;;Aerolandia;;Colisão;;Não informado;;Meio De Quadra;;;0;2;0;1;1;0;0;0;0;0;0;0;0;(-38.5155818 -3.7678747);
;2022-03-09 12:40:35;Jovita Feitosa;Rua Madeu Furtado;;Parquelandia;;Colisão;;Não informado;;Cruzamento;;;0;1;0;1;1;0;0;0;0;0;0;0;0;(-38.5629171 -3.7412043);
;2022-03-09 11:43:38;Treze De Maio;;;Fatima;;Queda;;Não informado;;Meio De Quadra;;;0;2;0;1;0;0;0;0;0;0;0;0;0;(-38.5254812 -3.752742);
;2022-03-09 10:38:58;Humberto Monte;;;Pici;;Atropelamento;;Não informado;;Meio De Quadra Sem Numero;;;0;1;0;1;0;0;0;0;0;0;0;0;0;(-38.5674402 -3.7409193);
;2022-03-09 10:34:28;Juscelino Kubschek;;;Barroso;;Colisão;;Não informado;;Meio De Quadra;;;0;1;0;1;1;0;0;0;0;0;0;0;0;(-38.5349118 -3.8211055);
;2022-03-09 10:26:33;Tarcisio Peixoto;;;Dom Lustosa;;Colisão;;Não informado;;Meio De Quadra;;;0;1;0;0;2;0;0;0;0;0;0;0;0;(-38.5869683 -3.751249);
;2022-03-09 09:17:25;BR 116 KM 8;;;Messejana;;Colisão;;Não informado;;Meio De Quadra Sem Numero;;;0;1;0;1;1;0;0;0;0;0;0;0;0;(0 0);
;2022-03-08 23:54:52;Br. 116;;;Aerolandia;;Colisão;;Não informado;;Meio De Quadra;;;0;2;0;2;0;0;0;0;0;0;0;0;0;(-38.5161335 -3.7749424);
;2022-03-08 21:42:57;Rua Azevedo Bolao;;;Parque Araxa;;Colisão;;Não informado;;Meio De Quadra Sem Numero;;;0;1;0;1;1;0;0;0;0;0;0;0;0;(-38.5484369 -3.7347394);
;2022-03-08 21:21:22;Avenida Almirante Henrique Saboia;;;Coco;;Queda;;Não informado;;Meio De Quadra Sem Numero;;;0;1;0;1;0;0;0;0;0;0;0;0;0;(-38.4904375 -3.745166);
;2022-03-08 21:10:42;Governador Raul Barbosa;;;Sao Joao Do Tauape;;Colisão;;Não informado;;Meio De Quadra Sem Numero;;;0;1;0;1;1;0;0;0;0;0;0;0;0;(-38.5046054 -3.7583541);
;2022-03-08 20:51:43;Olavo Bilac;;;Presidente Kennedy;;Queda;;Não informado;;Meio De Quadra;;;0;1;0;1;0;0;0;0;0;0;0;0;0;(0 0);
;2022-03-08 20:51:30;Rua Doutor Joao Amora;;;Manuel Satiro;;Atropelamento;;Não informado;;Meio De Quadra;;;0;1;0;0;1;0;0;0;0;0;0;0;0;(-38.580211 -3.7997977);
;2022-03-08 19:12:07;Rui Monte;;;Antonio Bezerra;;Colisão;;Não informado;;Meio De Quadra;;;0;1;0;1;1;0;0;0;0;0;0;0;0;(-38.5871264 -3.7421527);
;2022-03-08 17:07:30;Rua Martins Neto;;;Antonio Bezerra;;Colisão;;Não informado;;Meio De Quadra;;;0;1;0;1;1;0;0;0;0;0;0;0;0;(-38.5844135 -3.7398078);
;2022-03-08 15:41:51;Junior Rocha;;;Cidade Dos Funcionarios;;Colisão;;Não informado;;Meio De Quadra;;;0;1;0;1;1;0;0;0;0;0;0;0;0;(-38.4880106 -3.79577);
;2022-03-08 13:12:50;Aguanambi;;;Sao Joao Do Tauape;;Colisão;;Não informado;;Meio De Quadra Sem Numero;;;0;1;0;0;2;0;0;0;0;0;0;0;0;(-38.523825 -3.7489718);
;2022-03-08 13:05:34;Carlos Vasconcelos;;;Aldeota;;Colisão;;Não informado;;Meio De Quadra;;;0;1;0;0;2;0;0;0;0;0;0;0;0;(-38.5112898 -3.7351555);
;2022-03-08 12:44:33;Avenida Ministro Jose Americo;Rua Nenem Gonçalves;;Cambeba;;Colisão;;Não informado;;Cruzamento;;;0;2;0;2;0;0;0;0;0;0;0;0;0;(-38.4863826 -3.8091057);
;2022-03-08 12:31:50;Coronel Dionisio Alencar;;;Jangurussu;;Queda;;Não informado;;Meio De Quadra;;;0;1;0;1;0;0;0;0;0;0;0;0;0;(-38.5047215 -3.8504922);
;2022-03-08 12:25:10;Osorio De Paiva;;;Parangaba;;Queda;;Não informado;;Meio De Quadra;;;0;1;0;1;0;0;0;0;0;0;0;0;0;(-38.571673 -3.779614);
;2022-03-08 10:52:11;Mendel Stembruch;;;Planalto Ayrton Senna;;Colisão;;Não informado;;Meio De Quadra;;;0;1;0;1;1;0;0;0;0;0;0;0;0;(-38.5825339 -3.836946499999999);
;2022-03-08 10:51:01;Engenheiro Santana Junior;;;Coco;;Colisão;;Não informado;;Meio De Quadra Sem Numero;;;0;2;0;1;1;0;0;0;0;0;0;0;0;(-38.4880925 -3.7441454);
;2022-03-08 10:42:56;Presidente Costa E Silva;;;Prefeito Jose Walter;;Colisão;;Não informado;;Meio De Quadra Sem Numero;;;0;1;0;1;0;0;1;0;0;0;0;0;0;(-38.5443558 -3.8244455);
;2022-03-08 10:23:47;Domingo Olimpio;;;Centro;;Queda;;Não informado;;Meio De Quadra;;;0;1;0;1;0;0;0;0;0;0;0;0;0;(0 0);
;2022-03-08 10:22:58;Teodomiro De Castro;Silvio Romero;;Alvaro Weyne;;Colisão;;Não informado;;Cruzamento;;;0;1;0;0;2;0;0;0;0;0;0;0;0;(-38.571958 -3.7189095);
;2022-03-08 10:21:17;Rua Jose Façanha;;;Rodolfo Teofilo;;Queda;;Não informado;;Meio De Quadra;;;0;1;0;1;0;0;0;0;0;0;0;0;0;(-38.55678 -3.752524);
;2022-03-08 10:02:42;Dom Luis 120;Frei Mansueto;;Meireles;;Colisão;;Não informado;;Cruzamento;;;0;1;0;1;1;0;0;0;0;0;0;0;0;(-38.5005092 -3.7324138);
;2022-03-08 01:52:05;Rua Catole;;;Conjunto Palmeiras;;Queda;;Não informado;;Meio De Quadra;;;0;1;0;1;0;0;0;0;0;0;0;0;0;(-38.5223825 -3.854896399999999);
;2022-03-08 01:30:33;Anselmo Nogueira;;;Bonsucesso;;Queda;;Não informado;;Meio De Quadra;;;0;1;0;1;0;0;0;0;0;0;0;0;0;(-38.5885717 -3.7852681);
;2022-03-08 00:42:53;General Osorio De Paiva -;;;Canindezinho;;Colisão;;Não informado;;Meio De Quadra Sem Numero;;;0;3;0;2;0;0;0;0;0;0;0;0;0;(-38.6047281 -3.8076064);
;2022-03-08 00:38:24;Bernardo Manuel;;;Serrinha;;Colisão;;Não informado;;Meio De Quadra;;;0;1;0;2;0;0;0;0;0;0;0;0;0;(-38.54698310000001 -3.7837053);
;2022-03-08 00:37:25;Hipolito Brasil;R. Maceio;;Dom Lustosa;;Colisão;;Não informado;;Cruzamento;;;0;2;0;1;1;0;0;0;0;0;0;0;0;(-38.5860135 -3.7550757);
;2022-03-07 23:35:51;Esmael Silva;;;Conjunto Palmeiras;;Queda;;Não informado;;Meio De Quadra;;;0;3;0;1;0;0;0;0;0;0;0;0;0;(0 0);
;2022-03-07 21:35:12;Osorio De Paiva;;;Siqueira;;Colisão;;Não informado;;Meio De Quadra;;;0;1;0;0;2;0;0;0;0;0;0;0;0;(-38.5870273 -3.788959);
;2022-03-07 21:22:35;Rua Jose Messias Matos;;;Boa Vista;;Queda;;Não informado;;Meio De Quadra;;;0;1;0;1;0;0;0;0;0;0;0;0;0;(-38.5157834 -3.7933061);
;2022-03-07 20:31:06;Avenida Presidente Costa E Silva;;;Mondubim;;Atropelamento;;Não informado;;Meio De Quadra;;;0;1;0;1;0;0;0;0;0;0;0;0;0;(-38.5710471 -3.8128272);
;2022-03-07 20:07:06;Borges De Melo;;;Aerolandia;;Colisão;;Não informado;;Meio De Quadra Sem Numero;;;0;1;0;1;1;0;0;0;0;0;0;0;0;(-38.5283938 -3.7602384);
;2022-03-07 19:49:47;Godofredo Maciel;;;Mondubim;;Atropelamento;;Não informado;;Meio De Quadra;;;0;2;0;0;1;0;0;0;0;0;0;0;0;(-38.574614 -3.81629);
;2022-03-07 19:18:24;Jose Dantas Pereira - Upa Canindezinho;;;Canindezinho;;Queda;;Não informado;;Meio De Quadra Sem Numero;;;0;1;0;1;0;0;0;0;0;0;0;0;0;(-38.6088561 -3.8217799);
;2022-03-07 17:29:22;Avenida Duque De Caxias;;;Jacarecanga;;Colisão;;Não informado;;Meio De Quadra;;;0;1;0;2;0;0;0;0;0;0;0;0;0;(0 0);
;2022-03-07 17:23:51;Avenida Odilon Guimaraes;;;Lagoa Redonda;;Atropelamento;;Não informado;;Meio De Quadra;;;0;1;0;1;0;0;0;0;0;0;0;0;0;(-38.4777506 -3.8229623);
;2022-03-07 16:33:00;Rua Andre Rebouço;Diogo Correia;;Bonsucesso;;Colisão;;Não informado;;Cruzamento;;;0;1;0;0;2;0;0;0;0;0;0;0;0;(-38.5885778 -3.7740608);
;2022-03-07 15:57:19;Alameda Juscelino Kubstchek;;;Passare;;Colisão;;Não informado;;Meio De Quadra Sem Numero;;;0;1;0;1;1;0;0;0;0;0;0;0;0;(-38.5321687 -3.8168436);
;2022-03-07 15:29:16;Braganca;;;Granja Portugal;;Queda;;Não informado;;Meio De Quadra;;;0;1;0;0;0;0;0;0;0;1;0;0;0;(-38.5961518 -3.779476);
;2022-03-07 14:17:49;Comendador Garcia;;;Vila Peri;;Colisão;;Não informado;;Meio De Quadra;;;0;1;0;1;1;0;0;0;0;0;0;0;0;(-38.5817695 -3.791471999999999);