COD_ACIDENTE;DATA;LOG1;LOG2;NUMERO;BAIRRO;AMC;NATUREZA;ILUMINACAO;TEMPO;SUPERFICIEPISTA;TIPOCRUZAMENTO;CONTROLETRAFEGO;USOSOLO;MORTOS;FERIDOS;ILESOS;MOTOCICLETA;AUTOMOVEL;MICROONIBUS;CAMINHAO;ONIBUS;CICLOMOTOR;BICICLETA;OUTROS;TREM;TRACAOANIMAL;COORDENADAS
;2022-03-07 13:48:20;Av Anselmo Nogueira;;;Siqueira;;Queda;;Não informado;;Meio De Quadra;;;0;1;0;1;0;0;0;0;0;0;0;0;0;(-38.5883667 -3.7859138);
;2022-03-07 11:22:52;Rua Gonçalo Bezerra;Olimpio Dos Santos;;Olavo Oliveira;;Colisão;;Não informado;;Cruzamento;;;0;2;0;1;1;0;0;0;0;0;0;0;0;(-38.5852617 -3.7300731);
;2022-03-07 11:20:11;Alberto Craveiro;;;Não informado;;Colisão;;Não informado;;Meio De Quadra Sem Numero;;;0;1;0;1;1;0;0;0;0;0;0;0;0;(-38.5172568 -3.7900893);
;2022-03-07 11:19:44;Alberto Craveiro;;;Aerolandia;;Colisão;;Não informado;;Meio De Quadra Sem Numero;;;0;1;0;1;1;0;0;0;0;0;0;0;0;(-38.5132459 -3.7763989);
;2022-03-07 09:52:52;Rua Pereira Filgueiras;;;Meireles;;Queda;;Não informado;;Meio De Quadra;;;0;1;0;1;0;0;0;0;0;0;0;0;0;(-38.5135783 -3.7283176);
;2022-03-07 09:12:34;Avenida Domingos Olimpio;;;Jose Bonifacio;;Queda;;Não informado;;Meio De Quadra;;;0;2;0;1;0;0;0;0;0;0;0;0;0;(-38.526025 -3.7384231);
;2022-03-07 08:18:11;Gastão Justa;;;Mondubim;;Colisão;;Não informado;;Meio De Quadra;;;0;1;0;1;1;0;0;0;0;0;0;0;0;(-38.5699236 -3.8063293);
;2022-03-07 07:46:31;Alberto Craveiro;;;Dias Macedo;;Colisão;;Não informado;;Meio De Quadra;;;0;1;0;1;1;0;0;0;0;0;0;0;0;(0 0);
;2022-03-07 02:54:23;Lineu Machado;;;Joquei Clube;;Colisão;;Não informado;;Meio De Quadra;;;0;1;0;1;1;0;0;0;0;0;0;0;0;(-38.5744554 -3.7647341);
;2022-03-07 00:16:33;Doutor Quixada Felicio (Conj. Nova Assunção);;;Vila Velha;;Queda;;Não informado;;Meio De Quadra;;;0;1;0;0;0;0;0;0;0;1;0;0;0;(-38.5994 -3.711898);
;2022-03-06 23:10:33;Raul Cabral;;;Vila Uniao;;Colisão;;Não informado;;Meio De Quadra;;;0;1;0;1;1;0;0;0;0;0;0;0;0;(-38.5404338 -3.7701684);
;2022-03-06 22:24:18;Av.Perimentral;;;Mondubim;;Queda;;Não informado;;Meio De Quadra Sem Numero;;;0;1;0;1;0;0;0;0;0;0;0;0;0;(-38.5864203 -3.794134);
;2022-03-06 21:52:06;Av Washington Soares  -;;;Cambeba;;Atropelamento;;Não informado;;Meio De Quadra;;;0;1;0;0;0;0;0;0;0;0;1;0;0;(-38.4798957 -3.7991856);
;2022-03-06 21:14:13;Estrada Do Jatoba -;Rua Naiara Batista;;Siqueira;;Queda;;Não informado;;Cruzamento;;;0;1;0;1;0;0;0;0;0;0;0;0;0;(-38.6273569 -3.801090099999999);
;2022-03-06 19:56:09;Lineu Juca;;;Vila Uniao;;Atropelamento;;Não informado;;Meio De Quadra;;;0;1;0;0;0;0;0;0;0;0;1;0;0;(-38.5324578 -3.7694601);
;2022-03-06 19:30:10;Duas Naçoes;Rua Coronel Fabriciano;;Granja Portugal;;Queda;;Não informado;;Cruzamento;;;0;1;0;1;0;0;0;0;0;0;0;0;0;(-38.603944 -3.783849699999999);
;2022-03-06 16:59:44;Gotardo De Morais;Paula Mendes;;Antonio Diogo;;Queda;;Não informado;;Cruzamento;;;0;1;0;1;0;0;0;0;0;0;0;0;0;(-38.4588284 -3.7449354);
;2022-03-06 16:48:54;Jose Dantas Pereira - Upa Canindezinho;;;Canindezinho;;Queda;;Não informado;;Meio De Quadra Sem Numero;;;0;1;0;1;0;0;0;0;0;0;0;0;0;(-38.6088561 -3.8217799);
;2022-03-06 16:17:29;Av Mister Huul;;;Benfica;;Colisão;;Não informado;;Meio De Quadra;;;0;1;0;2;0;0;0;0;0;0;0;0;0;(0 0);
;2022-03-06 15:49:55;Sargento Joao Pinheiro;;;Bom Jardim;;Colisão;;Não informado;;Meio De Quadra Sem Numero;;;0;1;0;0;2;0;0;0;0;0;0;0;0;(-38.6230856 -3.7838172);
;2022-03-06 14:56:26;Sargento Herminio Sampaio - Ellery;;;Monte Castelo;;Colisão;;Não informado;;Meio De Quadra;;;0;2;0;1;1;0;0;0;0;0;0;0;0;(-38.5536455 -3.7251204);
;2022-03-06 14:31:04;Rio Paraguai;;;Jardim Iracema;;Queda;;Não informado;;Meio De Quadra;;;0;1;0;0;0;0;0;0;0;1;0;0;0;(-38.5839384 -3.7201644);
;2022-03-06 13:38:38;Padre Anchieta;;;Monte Castelo;;Colisão;;Não informado;;Meio De Quadra;;;0;1;0;1;1;0;0;0;0;0;0;0;0;(-38.5515062 -3.726128199999999);
;2022-03-06 13:02:21;Av. Contorno Norte;;;Conjunto Esperanca;;Colisão;;Não informado;;Meio De Quadra;;;0;1;0;0;2;0;0;0;0;0;0;0;0;(-38.5896271 -3.811758799999999);
;2022-03-06 10:17:23;Julio Alcides;;;Maraponga;;Colisão;;Não informado;;Meio De Quadra;;;0;2;0;1;1;0;0;0;0;0;0;0;0;(-38.5634034 -3.7889416);
;2022-03-06 09:11:54;F;;;Prefeito Jose Walter;;Queda;;Não informado;;Meio De Quadra;;;0;1;0;1;0;0;0;0;0;0;0;0;0;(-38.5548291 -3.8367523);
;2022-03-06 08:29:47;Silas Munguba;;;Não informado;;Queda;;Não informado;;Meio De Quadra Sem Numero;;;0;1;0;1;0;0;0;0;0;0;0;0;0;(-38.5429223 -3.7895058);
;2022-03-06 05:48:29;CE 401 KM 3;;;Aeroporto;;Capotamento;;Não informado;;Meio De Quadra Sem Numero;;;0;1;0;0;1;0;0;0;0;0;0;0;0;(0 0);
;2022-03-06 04:39:16;Avenida 13 De Maio;;;Benfica;;Queda;;Não informado;;Meio De Quadra;;;0;1;0;1;0;0;0;0;0;0;0;0;0;(-38.535691 -3.7437326);
;2022-03-06 02:21:36;Av D;;;Prefeito Jose Walter;;Atropelamento;;Não informado;;Meio De Quadra;;;0;2;0;0;1;0;0;0;0;0;0;0;0;(-38.55902810000001 -3.8305134);
;2022-03-05 23:34:21;Oliveira Filho;;;Não informado;;Queda;;Não informado;;Meio De Quadra Sem Numero;;;0;1;0;1;0;0;0;0;0;0;0;0;0;(-38.4632983 -3.7282912);
;2022-03-05 23:10:54;Barao De Lucena;;;Guajiru;;Colisão;;Não informado;;Meio De Quadra;;;0;1;0;0;2;0;0;0;0;0;0;0;0;(0 0);
;2022-03-05 22:43:15;Mario De Andrade;;;Bela Vista;;Colisão;;Não informado;;Meio De Quadra;;;0;1;0;2;0;0;0;0;0;0;0;0;0;(-38.5646834 -3.7477338);
;2022-03-05 21:50:28;Belem;;;Dom Lustosa;;Queda;;Não informado;;Meio De Quadra;;;0;1;0;1;0;0;0;0;0;0;0;0;0;(-38.5912162 -3.7556018);
;2022-03-05 21:43:34;Godofredo Maciel;;;Maraponga;;Colisão;;Não informado;;Meio De Quadra Sem Numero;;;0;1;0;1;1;0;0;0;0;0;0;0;0;(-38.5700693 -3.7966838);
;2022-03-05 20:51:39;Godofredo Maciel;;;Maraponga;;Colisão;;Não informado;;Meio De Quadra;;;0;1;0;1;1;0;0;0;0;0;0;0;0;(-38.572938 -3.8054871);
;2022-03-05 20:40:54;Moacir;;;Barra Do Ceara;;Atropelamento;;Não informado;;Meio De Quadra;;;0;1;0;0;1;0;0;0;0;0;0;0;0;(-38.5791206 -3.702221499999999);
;2022-03-05 20:20:05;Antonio Gadelha;;;Messejana;;Queda;;Não informado;;Meio De Quadra;;;0;1;0;1;0;0;0;0;0;0;0;0;0;(-38.4978243 -3.8327288);
;2022-03-05 19:33:53;Leste Oeste;;;Barra Do Ceara;;Colisão;;Não informado;;Meio De Quadra;;;0;1;0;1;1;0;0;0;0;0;0;0;0;(-38.5817871 -3.7026223);
;2022-03-05 19:00:46;Rua Senador Robert Kennedy;;;Barra Do Ceara;;Atropelamento;;Não informado;;Meio De Quadra;;;0;1;0;0;0;0;0;0;0;0;1;0;0;(-38.5792432 -3.7051786);
;2022-03-05 18:53:20;Candido Maia;;;Antonio Bezerra;;Queda;;Não informado;;Meio De Quadra;;;0;1;0;1;0;0;0;0;0;0;0;0;0;(-38.5901092 -3.7371858);
;2022-03-05 18:02:01;Almirante Henrique Saboia;;;Sao Joao Do Tauape;;Colisão;;Não informado;;Meio De Quadra Sem Numero;;;0;1;0;0;2;0;0;0;0;0;0;0;0;(-38.499572 -3.7520858);
;2022-03-05 17:32:41;Avenida Almirante Henrique Saboia -;;;Dionisio Torres;;Choque c/ Obstáculo Fixo;;Não informado;;Meio De Quadra Sem Numero;;;0;1;0;0;1;0;0;0;0;0;0;0;0;(-38.4971129 -3.7515043);
;2022-03-05 16:39:19;Borges De Melo;;;Montese;;Atropelamento;;Não informado;;Meio De Quadra Sem Numero;;;0;1;0;1;0;0;0;0;0;0;0;0;0;(-38.5283938 -3.7602384);
;2022-03-05 16:12:24;Washington Soares;;;Edson Queiroz;;Colisão;;Não informado;;Meio De Quadra;;;0;2;0;1;1;0;0;0;0;0;0;0;0;(-38.482404 -3.7621224);
;2022-03-05 15:52:29;Pontes  Vieira;;;Dionisio Torres;;Colisão;;Não informado;;Meio De Quadra;;;0;1;0;1;1;0;0;0;0;0;0;0;0;(-38.49800889999999 -3.7507166);
;2022-03-05 14:42:31;Dioguinho - Bairro -  Praia Do Futuro;;;Praia Do Futuro;;Colisão;;Não informado;;Meio De Quadra;;;0;1;0;1;1;0;0;0;0;0;0;0;0;(-38.455863 -3.73722);
;2022-03-05 13:31:14;Barao De Studart;;;Aldeota;;Colisão;;Não informado;;Meio De Quadra;;;0;2;0;0;2;0;0;0;0;0;0;0;0;(-38.5068768 -3.7365423);
;2022-03-05 13:28:15;Erico Mota Px. Colegio Santo Afjonso;;;Parquelandia;;Atropelamento;;Não informado;;Meio De Quadra;;;0;1;0;0;1;0;0;0;0;0;0;0;0;(-38.5608299 -3.746217499999999);
;2022-03-05 11:31:26;Jaime  Andrade;;;Aerolandia;;Colisão;;Não informado;;Meio De Quadra;;;0;1;0;1;1;0;0;0;0;0;0;0;0;(-38.5147731 -3.771328);
;2022-03-05 10:18:19;Gustavo Sampaio;;;Parque Araxa;;Colisão;;Não informado;;Meio De Quadra;;;0;1;0;1;1;0;0;0;0;0;0;0;0;(0 0);
;2022-03-05 05:53:14;Bezerra De Menezes;;;Sao Gerardo;;Choque c/ Obstáculo Fixo;;Não informado;;Meio De Quadra;;;0;1;0;0;1;0;0;0;0;0;0;0;0;(-38.5466208 -3.7317014);
;2022-03-05 04:37:28;Godofredo Maciel;;;Mondubim;;Colisão;;Não informado;;Meio De Quadra;;;0;1;0;1;1;0;0;0;0;0;0;0;0;(-38.5780959 -3.821501399999999);
;2022-03-05 02:13:17;Uirapuru;;;Manuel Satiro;;Queda;;Não informado;;Meio De Quadra;;;0;1;0;0;0;0;0;0;0;1;0;0;0;(-38.5798788 -3.7953938);
;2022-03-04 22:40:12;Rua Professora Emilia Pereira;;;Cidade Dos Funcionarios;;Colisão;;Não informado;;Meio De Quadra;;;0;1;0;1;1;0;0;0;0;0;0;0;0;(-38.51002750000001 -3.7855957);
;2022-03-04 22:03:57;Historiador Raimundo Girao;;;Praia De Iracema;;Colisão;;Não informado;;Meio De Quadra;;;0;2;0;0;2;0;0;0;0;0;0;0;0;(-38.5088884 -3.7223802);
;2022-03-04 21:15:13;Benjamim Brasil;;;Maraponga;;Queda;;Não informado;;Meio De Quadra;;;0;1;0;0;0;0;0;0;0;1;0;0;0;(0 0);
;2022-03-04 21:10:54;Rogaciano Leite;;;Engenheiro Luciano Cavalcante;;Colisão;;Não informado;;Meio De Quadra;;;0;2;0;1;1;0;0;0;0;0;0;0;0;(-38.5000564 -3.7750124);
;2022-03-04 17:37:01;Rua Almirante Jaceguai;;;Centro;;Queda;;Não informado;;Meio De Quadra;;;0;1;0;1;0;0;0;0;0;0;0;0;0;(-38.5190888 -3.7214895);
;2022-03-04 15:24:53;Osorio De Paiva;;;Siqueira;;ACIDENTE ONIBUS (TRANSPORTE COLETIVO);;Não informado;;Meio De Quadra Sem Numero;;;0;1;0;0;0;0;0;1;0;0;0;0;0;(-38.6103328 -3.8133833);
;2022-03-04 13:49:29;Osorio De Paiva;;;Siqueira;;Colisão;;Não informado;;Meio De Quadra;;;0;1;0;1;1;0;0;0;0;0;0;0;0;(-38.61723569999999 -3.8198651);
;2022-03-04 13:33:58;Alberto Magno - Alan Kardec;;;Montese;;Colisão;;Não informado;;Meio De Quadra Sem Numero;;;0;1;0;1;1;0;0;0;0;0;0;0;0;(-38.5499151 -3.7647852);
;2022-03-04 11:57:42;Monsenhor Dantas;;;Jacarecanga;;Colisão;;Não informado;;Meio De Quadra;;;0;1;0;1;1;0;0;0;0;0;0;0;0;(-38.5454529 -3.7198851);
;2022-03-04 10:22:27;Benjamim Brasil;;;Maraponga;;Colisão;;Não informado;;Meio De Quadra;;;0;1;0;1;1;0;0;0;0;0;0;0;0;(-38.5652686 -3.8055698);
;2022-03-04 10:16:41;Jose Bastos;;;Democrito Rocha;;Colisão;;Não informado;;Meio De Quadra;;;0;1;0;1;1;0;0;0;0;0;0;0;0;(0 0);
;2022-03-04 10:01:27;Benjamin Brasil;;;Mondubim;;Colisão;;Não informado;;Meio De Quadra;;;0;1;0;1;1;0;0;0;0;0;0;0;0;(-38.5579057 -3.8081715);
;2022-03-04 09:23:59;Radialista Joao Ramos;;;Planalto Ayrton Senna;;Queda;;Não informado;;Meio De Quadra;;;0;1;0;1;0;0;0;0;0;0;0;0;0;(-38.564556 -3.843366499999999);
;2022-03-04 09:14:55;Avenida Porto Velho;;;Parque Genibau;;Colisão;;Não informado;;Meio De Quadra;;;0;1;0;1;1;0;0;0;0;0;0;0;0;(-38.5943629 -3.7618377);
;2022-03-04 02:56:38;Osvaldo Cruz;;;Aldeota;;Colisão;;Não informado;;Meio De Quadra;;;0;1;0;1;1;0;0;0;0;0;0;0;0;(0 0);
;2022-03-04 02:56:27;Fernandes Tavora;;;Henrique Jorge;;Colisão;;Não informado;;Meio De Quadra;;;0;1;0;2;0;0;0;0;0;0;0;0;0;(-38.5846969 -3.7610497);
;2022-03-04 02:09:38;Antonio Divino;;;Mondubim;;Queda;;Não informado;;Meio De Quadra;;;0;1;0;1;0;0;0;0;0;0;0;0;0;(-38.5610232 -3.8044483);
;2022-03-04 01:45:58;Washington Soares;;;Edson Queiroz;;Colisão;;Não informado;;Meio De Quadra Sem Numero;;;0;2;0;2;0;0;0;0;0;0;0;0;0;(-38.481665 -3.7762191);
;2022-03-03 22:44:26;1159;;;Conjunto Ceara;;Colisão;;Não informado;;Meio De Quadra;;;0;1;0;0;2;0;0;0;0;0;0;0;0;(-38.6100939 -3.7630376);
;2022-03-03 21:27:00;Maestro Lisboa Esquina;Engenheiro Leal Lima Verde;;Jose De Alencar;;Colisão;;Não informado;;Cruzamento;;;0;1;0;0;1;0;0;0;0;1;0;0;0;(-38.4729068 -3.8057534);
;2022-03-03 20:07:49;Idelfonso Albano;Tomas Acioly;;Joaquim Tavora;;Colisão;;Não informado;;Cruzamento;;;0;1;0;1;1;0;0;0;0;0;0;0;0;(-38.5164104 -3.7426822);
;2022-03-03 19:44:53;Projetada Canal;;;Sao Gerardo;;Colisão;;Não informado;;Meio De Quadra;;;0;1;0;1;1;0;0;0;0;0;0;0;0;(-38.5586041 -3.7304615);
;2022-03-03 19:34:13;Avenida H (Cj Ceara);;;Conjunto Ceara;;Colisão;;Não informado;;Meio De Quadra;;;0;1;0;0;1;0;0;0;0;1;0;0;0;(0 0);
;2022-03-03 19:21:29;Avenida Frei Cirilo;;;Messejana;;Atropelamento;;Não informado;;Meio De Quadra;;;0;1;0;0;1;0;0;0;0;0;0;0;0;(-38.4935031 -3.8277155);
;2022-03-03 18:17:12;Desembargador Moreira;Rua Silva Jathay;;Meireles;;Colisão;;Não informado;;Cruzamento;;;0;1;0;0;2;0;0;0;0;0;0;0;0;(-38.4958336 -3.72836);
;2022-03-03 18:08:36;Leste Oeste;;;Pirambu;;Colisão;;Não informado;;Meio De Quadra;;;0;1;0;0;2;0;0;0;0;0;0;0;0;(-38.5557268 -3.7117096);
;2022-03-03 18:04:07;Washington Soares;Av Chanceler Edson Queiro;;Edson Queiroz;;Colisão;;Não informado;;Cruzamento;;;0;1;0;1;1;0;0;0;0;0;0;0;0;(-38.4825834 -3.7666671);
;2022-03-03 17:27:59;Avenida Presidente Costa E Silva;;;Prefeito Jose Walter;;Atropelamento;;Não informado;;Meio De Quadra Sem Numero;;;0;1;0;0;0;0;0;0;0;0;1;0;0;(-38.5443558 -3.8244455);
;2022-03-03 16:53:20;Professor Carvalho;Monsenhor Salazar;;Joaquim Tavora;;Colisão;;Não informado;;Cruzamento;;;0;1;0;1;1;0;0;0;0;0;0;0;0;(-38.5143065 -3.756146);
;2022-03-03 14:13:32;G, Nº 151;; Nº 151 ;Conjunto Ceara;;Colisão;;Não informado;;Meio De Quadra Sem Numero;;;0;1;0;1;1;0;0;0;0;0;0;0;0;(-38.6072806 -3.7693678);
;2022-03-03 10:51:22;Raul Barbosa;Via Expressa;;Sao Joao Do Tauape;;Colisão;;Não informado;;Cruzamento;;;0;1;0;1;1;0;0;0;0;0;0;0;0;(-38.5046054 -3.7583541);
;2022-03-03 09:54:51;Sao Paulo;Agapito Dos Santos;;Centro;;Colisão;;Não informado;;Cruzamento;;;0;2;0;1;1;0;0;0;0;0;0;0;0;(-38.537825 -3.7226644);
;2022-03-03 07:51:33;BR 116;;;Messejana;;Queda;;Não informado;;Meio De Quadra Sem Numero;;;0;1;0;1;0;0;0;0;0;0;0;0;0;(0 0);
;2022-03-03 04:21:21;Conego De Castro;;;Manuel Satiro;;Queda;;Não informado;;Meio De Quadra;;;0;1;0;1;0;0;0;0;0;0;0;0;0;(-38.5772347 -3.7892194);
;2022-03-03 00:18:32;Alberto Sa - Dentro Do Tunel;;;Papicu;;Colisão;;Não informado;;Meio De Quadra Sem Numero;;;0;1;0;2;0;0;0;0;0;0;0;0;0;(-38.4769619 -3.7342568);
;2022-03-02 22:35:01;Porto Velho;;;Henrique Jorge;;Colisão;;Não informado;;Meio De Quadra;;;0;1;0;2;0;0;0;0;0;0;0;0;0;(-38.585539 -3.7669001);
;2022-03-02 20:23:25;Jose Mendonça;;;Parque Genibau;;Colisão;;Não informado;;Meio De Quadra;;;0;1;0;0;2;0;0;0;0;0;0;0;0;(0 0);
;2022-03-02 17:37:45;Bernardo Manoel;;;Parque Dois Irmaos;;Colisão;;Não informado;;Meio De Quadra;;;0;2;0;0;2;0;0;0;0;0;0;0;0;(-38.5521626 -3.8002769);
;2022-03-02 16:11:33;Avenida Carlos Amora;;;Parangaba;;Atropelamento;;Não informado;;Meio De Quadra Sem Numero;;;0;1;0;1;0;0;0;0;0;0;0;0;0;(-38.5635371 -3.7753417);
;2022-03-02 15:05:43;Monse Nhor  Leopoldo  Feitosa;;;Parangaba;;Colisão;;Não informado;;Meio De Quadra;;;0;1;0;1;1;0;0;0;0;0;0;0;0;(-38.5619325 -3.771813);
;2022-03-02 13:40:27;Das Pedrinhas;;;Parque Genibau;;Colisão;;Não informado;;Meio De Quadra;;;0;2;0;2;0;0;0;0;0;0;0;0;0;(-38.60092789999999 -3.7537726);
;2022-03-02 11:48:11;Estrada Barao De Aquiraz;;;Messejana;;Colisão;;Não informado;;Meio De Quadra;;;0;2;0;1;1;0;0;0;0;0;0;0;0;(-38.4894755 -3.8344519);
;2022-03-02 11:29:05;Av Almirante Henrique Saboia;;;Papicu;;Colisão;;Não informado;;Meio De Quadra Sem Numero;;;0;1;0;0;1;0;0;0;0;1;0;0;0;(-38.4848306 -3.7362911);
;2022-03-02 11:20:33;L   -Vila Velha Iv;;;Vila Velha;;Queda;;Não informado;;Meio De Quadra;;;0;1;0;1;0;0;0;0;0;0;0;0;0;(-38.5154475 -3.7396043);
;2022-03-02 10:17:45;Historiador Raimundo Girao -;Rua Joao Cordeiro;;Praia De Iracema;;Colisão;;Não informado;;Cruzamento;;;0;1;0;1;1;0;0;0;0;0;0;0;0;(-38.5116209 -3.7208456);
;2022-03-02 09:26:35;Francisco Sa;;;Barra Do Ceara;;Colisão;;Não informado;;Meio De Quadra;;;0;2;0;0;2;0;0;0;0;0;0;0;0;(0 0);
;2022-03-02 08:35:28;Antonio Botelho;;;Serrinha;;Queda;;Não informado;;Meio De Quadra;;;0;1;0;0;0;0;0;0;0;1;0;0;0;(-38.5485523 -3.7805185);
;2022-03-02 03:25:44;Godofredo Maciel;;;Maraponga;;Queda;;Não informado;;Meio De Quadra;;;0;1;0;0;0;0;0;0;0;1;0;0;0;(-38.5710165 -3.7989177);
;2022-03-02 01:02:07;Rua Alcindo Guanabara;;;Parque Santa Rosa;;Queda;;Não informado;;Meio De Quadra;;;0;1;0;1;0;0;0;0;0;0;0;0;0;(0 0);
;2022-03-02 00:56:32;Joao Pessoa;;;Damas;;Colisão;;Não informado;;Meio De Quadra;;;0;1;0;1;1;0;0;0;0;0;0;0;0;(-38.5483452 -3.751346);
;2022-03-02 00:38:05;Rua Ana Bilhar -;;;Varjota;;Colisão;;Não informado;;Meio De Quadra;;;0;1;0;2;0;0;0;0;0;0;0;0;0;(-38.4901869 -3.731136);
;2022-03-02 00:15:42;Timbauba;;;Pici;;Atropelamento;;Não informado;;Meio De Quadra;;;0;1;0;1;0;0;0;0;0;0;0;0;0;(-38.5708878 -3.7547949);
;2022-03-01 22:13:40;Av . Costa Silva;;;Jangurussu;;Colisão;;Não informado;;Meio De Quadra;;;0;1;0;2;0;0;0;0;0;0;0;0;0;(-38.562548 -3.8189014);
;2022-03-01 21:21:42;Barao De Aquiaz;;;Coacu;;Colisão;;Não informado;;Meio De Quadra;;;0;1;0;1;1;0;0;0;0;0;0;0;0;(-38.4768607 -3.847376);
;2022-03-01 18:41:43;Americo Barreira;;;Democrito Rocha;;Colisão;;Não informado;;Meio De Quadra;;;0;1;0;1;1;0;0;0;0;0;0;0;0;(-38.5598439 -3.757570799999999);
;2022-03-01 18:30:58;Dom Henrique;;;Vila Peri;;Atropelamento;;Não informado;;Meio De Quadra;;;0;2;0;1;0;0;0;0;0;0;0;0;0;(0 0);
;2022-03-01 18:08:20;Dos Expedicionarios;;;Montese;;Colisão;;Não informado;;Meio De Quadra;;;0;2;0;1;1;0;0;0;0;0;0;0;0;(-38.5386642 -3.7572858);
;2022-03-01 16:26:36;Osorio De Paiva;;;Siqueira;;Colisão;;Não informado;;Meio De Quadra;;;0;1;0;2;0;0;0;0;0;0;0;0;0;(-38.6183832 -3.8218687);
;2022-03-01 11:00:16;Avenida Leste Oeste;;;Moura Brasil;;Colisão;;Não informado;;Meio De Quadra;;;0;1;0;1;1;0;0;0;0;0;0;0;0;(0 0);
;2022-03-01 10:25:31;Emilia Gonçalves;Deputado Matoso Filho;;Quintino Cunha;;Colisão;;Não informado;;Cruzamento;;;0;1;0;1;1;0;0;0;0;0;0;0;0;(-38.592504 -3.733358199999999);
;2022-03-01 09:31:45;Rua Anselmo Nogueira;;;Bonsucesso;;Colisão;;Não informado;;Meio De Quadra;;;0;1;0;1;1;0;0;0;0;0;0;0;0;(-38.5872405 -3.7809169);
;2022-03-01 06:16:54;25 De Março ( Beco);;;Parque Dois Irmaos;;Colisão;;Não informado;;Meio De Quadra;;;0;1;0;1;1;0;0;0;0;0;0;0;0;(-38.5512183 -3.8014048);
;2022-03-01 05:21:19;Evandro Ayres;Rua Juventude;;Planalto Ayrton Senna;;Colisão;;Não informado;;Cruzamento;;;0;1;0;1;1;0;0;0;0;0;0;0;0;(-38.5711996 -3.829094);
;2022-02-28 22:28:04;Carlos Jereissati;;;Itaoca;;Colisão;;Não informado;;Meio De Quadra Sem Numero;;;0;2;0;1;1;0;0;0;0;0;0;0;0;(-38.5353259 -3.7822053);
;2022-02-28 22:01:20;Avenida Radialista Jose Lima Verde;;;Barra Do Ceara;;Queda;;Não informado;;Meio De Quadra;;;0;1;0;0;0;0;0;0;0;1;0;0;0;(-38.5863737 -3.6947845);
;2022-02-28 21:58:16;Brisco Bezerra;;;Papicu;;Atropelamento;;Não informado;;Meio De Quadra;;;0;1;0;0;1;0;0;0;0;0;0;0;0;(-38.47049440000001 -3.7375983);
;2022-02-28 21:25:02;Avenida Heraclito Graça;Rui Barbosa;;Aldeota;;Atropelamento;;Não informado;;Cruzamento;;;0;1;0;1;0;0;0;0;0;0;0;0;0;(-38.5101893 -3.7383261);
;2022-02-28 21:04:37;Manuel Queiroz;;;Papicu;;Colisão;;Não informado;;Meio De Quadra;;;0;1;0;1;1;0;0;0;0;0;0;0;0;(-38.4672103 -3.7475109);
;2022-02-28 16:34:35;Professor Silas Ribeiro;;;Papicu;;Colisão;;Não informado;;Meio De Quadra Sem Numero;;;0;1;0;1;1;0;0;0;0;0;0;0;0;(-38.4826755 -3.7371438);
;2022-02-28 16:34:12;Avenida Dioguinho Esq Rua Raimundo Esteves;;;Praia Do Futuro;;Colisão;;Não informado;;Meio De Quadra Sem Numero;;;0;1;0;1;1;0;0;0;0;0;0;0;0;(0 0);
;2022-02-28 16:05:59;Barauna;;;Jardim Das Oliveiras;;Queda;;Não informado;;Meio De Quadra;;;0;1;0;1;0;0;0;0;0;0;0;0;0;(-38.5073681 -3.7811991);
;2022-02-28 15:42:10;448  D;;;Conjunto Ceara;;Atropelamento;;Não informado;;Meio De Quadra;;;0;1;0;0;1;0;0;0;0;0;0;0;0;(-38.60703 -3.7614294);
;2022-02-28 15:32:30;Das Criança;Felipe Camarão;;Cristo Redentor;;Colisão;;Não informado;;Cruzamento;;;0;1;0;2;0;0;0;0;0;0;0;0;0;(-38.5630258 -3.7078266);
;2022-02-28 15:21:20;Independencia;;;Quintino Cunha;;Colisão;;Não informado;;Meio De Quadra;;;0;1;0;1;1;0;0;0;0;0;0;0;0;(-38.590158 -3.727116);
;2022-02-28 14:55:10;Washington Soares;;;Edson Queiroz;;Queda;;Não informado;;Meio De Quadra Sem Numero;;;0;1;0;1;0;0;0;0;0;0;0;0;0;(-38.481665 -3.7762191);
;2022-02-28 14:42:49;Pasteur;Frei Teobaldo;;Carlito Pamplona;;Queda;;Não informado;;Cruzamento;;;0;1;0;0;0;0;0;0;0;1;0;0;0;(-38.5600838 -3.7148975);
;2022-02-28 11:47:22;Rua Pereira Valente;;;Aldeota;;Queda;;Não informado;;Meio De Quadra;;;0;1;0;1;0;0;0;0;0;0;0;0;0;(-38.5001644 -3.7311286);
;2022-02-28 09:50:21;Rua Pinto Madeira;;;Centro;;Colisão;;Não informado;;Meio De Quadra;;;0;1;0;1;1;0;0;0;0;0;0;0;0;(0 0);
;2022-02-28 08:01:09;Presidente Costa E Silva;;;Parque Sao Jose;;Colisão;;Não informado;;Meio De Quadra Sem Numero;;;0;2;0;1;1;0;0;0;0;0;0;0;0;(-38.5503326 -3.8234508);
;2022-02-28 05:00:53;Rua Raimundo Bizarria;;;Floresta;;Queda;;Não informado;;Meio De Quadra;;;0;1;0;1;0;0;0;0;0;0;0;0;0;(-38.5793517 -3.726252999999999);
;2022-02-28 02:42:01;Abel Ribeiro;;;Parangaba;;Atropelamento;;Não informado;;Meio De Quadra;;;0;1;0;0;1;0;0;0;0;0;0;0;0;(-38.5770747 -3.7811677);