COD_ACIDENTE;DATA;LOG1;LOG2;NUMERO;BAIRRO;AMC;NATUREZA;ILUMINACAO;TEMPO;SUPERFICIEPISTA;TIPOCRUZAMENTO;CONTROLETRAFEGO;USOSOLO;MORTOS;FERIDOS;ILESOS;MOTOCICLETA;AUTOMOVEL;MICROONIBUS;CAMINHAO;ONIBUS;CICLOMOTOR;BICICLETA;OUTROS;TREM;TRACAOANIMAL;COORDENADAS
;2022-02-28 02:37:31;Av Vital Brasil;;;Bonsucesso;;Colisão;;Não informado;;Meio De Quadra;;;0;2;0;1;1;0;0;0;0;0;0;0;0;(0 0);
;2022-02-28 02:15:00;Conego De Castro;;;Vila Peri;;Queda de moto;;Não informado;;Meio De Quadra;;;0;1;0;2;0;0;0;0;0;0;0;0;0;(-38.580772 -3.793307999999999);
;2022-02-27 23:42:47;Julio Braga;Augusto Dos Anjos;;Bonsucesso;;Colisão;;Não informado;;Cruzamento;;;0;1;0;1;1;0;0;0;0;0;0;0;0;(-38.5819128 -3.7752639);
;2022-02-27 23:38:34;Doutor Silas Munguba;;;Serrinha;;Queda de moto;;Não informado;;Meio De Quadra;;;0;1;0;2;0;0;0;0;0;0;0;0;0;(-38.5333503 -3.7954052);
;2022-02-27 22:11:25;Avenida Joao Pessoa;;;Parangaba;;Queda;;Não informado;;Meio De Quadra;;;0;1;0;1;0;0;0;0;0;0;0;0;0;(-38.5601806 -3.7681754);
;2022-02-27 22:07:11;Avenida Frei Cirilo;;;Messejana;;Colisão;;Não informado;;Meio De Quadra;;;0;1;0;1;1;0;0;0;0;0;0;0;0;(-38.4964372 -3.8189842);
;2022-02-27 21:23:12;Bezerra De  Meneses;;;Sao Gerardo;;Queda;;Não informado;;Meio De Quadra Sem Numero;;;0;1;0;1;0;0;0;0;0;0;0;0;0;(-38.556584 -3.7339243);
;2022-02-27 17:12:05;Osorio De Paiva;Rua Urucutuba;;Parangaba;;Queda;;Não informado;;Cruzamento;;;0;1;0;0;0;0;0;0;0;1;0;0;0;(-38.59620109999999 -3.798572199999999);
;2022-02-27 17:10:01;Avenida Washington Soares;;;Messejana;;Colisão;;Não informado;;Meio De Quadra;;;0;1;0;1;1;0;0;0;0;0;0;0;0;(-38.4827794 -3.8336705);
;2022-02-27 16:22:58;Nossa Senhora Das Graças;;;Cristo Redentor;;Colisão;;Não informado;;Meio De Quadra;;;0;2;0;0;2;0;0;0;0;0;0;0;0;(0 0);
;2022-02-27 09:28:48;Jovita Feitosa;;;Parquelandia;;Queda;;Não informado;;Meio De Quadra;;;0;1;0;1;0;0;0;0;0;0;0;0;0;(-38.5497421 -3.738621799999999);
;2022-02-27 08:56:28;Rua Isaias Boris;;;Montese;;Queda;;Não informado;;Meio De Quadra;;;0;1;0;1;0;0;0;0;0;0;0;0;0;(-38.54800669999999 -3.7667442);
;2022-02-27 05:49:40;Osorio De Paiva;;;Vila Peri;;Queda;;Não informado;;Meio De Quadra;;;0;1;0;1;0;0;0;0;0;0;0;0;0;(-38.5840101 -3.7864207);
;2022-02-27 02:06:43;Antonio Correia Lima;;;Montese;;Queda;;Não informado;;Meio De Quadra;;;0;1;0;0;0;0;0;0;0;1;0;0;0;(-38.543779 -3.768775);
;2022-02-26 23:35:45;Rua Nereu Ramos -;;;Vila Peri;;Queda;;Não informado;;Meio De Quadra;;;0;1;0;1;0;0;0;0;0;0;0;0;0;(0 0);
;2022-02-26 22:04:35;Lineu Machado;;;Joao Xxiii;;Colisão;;Não informado;;Meio De Quadra;;;0;1;0;1;1;0;0;0;0;0;0;0;0;(-38.581067 -3.7743336);
;2022-02-26 19:07:56;Rua Esperanto;Rua Andre Chaves;;Vila Uniao;;Colisão;;Não informado;;Cruzamento;;;0;1;0;0;2;0;0;0;0;0;0;0;0;(-38.5375019 -3.757738999999999);
;2022-02-26 19:02:03;107   Conj. Sao Cristovao;;;Jangurussu;;Colisão;;Não informado;;Meio De Quadra;;;0;1;0;1;1;0;0;0;0;0;0;0;0;(-38.5268599 -3.8305366);
;2022-02-26 18:51:12;Jose Dantas Pereira - Upa Canindezinho;;;Canindezinho;;Atropelamento;;Não informado;;Meio De Quadra Sem Numero;;;0;1;0;1;0;0;0;0;0;0;0;0;0;(-38.6088561 -3.8217799);
;2022-02-26 17:42:30;Avenida Marcos Dourado;;;Antonio Bezerra;;Colisão;;Não informado;;Meio De Quadra;;;0;1;0;2;0;0;0;0;0;0;0;0;0;(-38.5853142 -3.742339599999999);
;2022-02-26 16:19:04;BR 116 KM 7;;;Messejana;;Queda;;Não informado;;Meio De Quadra Sem Numero;;;0;2;0;1;0;0;0;0;0;0;0;0;0;(0 0);
;2022-02-26 16:08:21;Barao Studart;Joao Carvalho;;Aldeota;;Colisão;;Não informado;;Cruzamento;;;0;1;0;0;2;0;0;0;0;0;0;0;0;(-38.5075382 -3.737644899999999);
;2022-02-26 15:43:20;Rogaciano Leite;;;Engenheiro Luciano Cavalcante;;Colisão;;Não informado;;Meio De Quadra;;;0;1;0;1;1;0;0;0;0;0;0;0;0;(-38.4966335 -3.7663034);
;2022-02-26 15:17:51;Av Murilo Broges;;;Coco;;Colisão;;Não informado;;Meio De Quadra Sem Numero;;;0;2;0;1;1;0;0;0;0;0;0;0;0;(-38.5030506 -3.765086);
;2022-02-26 14:34:02;Avenida Augusto Dos Anjos;;;Parangaba;;Queda;;Não informado;;Meio De Quadra;;;0;1;0;1;0;0;0;0;0;0;0;0;0;(-38.573856 -3.7743031);
;2022-02-26 14:28:01;Major Facundo;R.Saldanha Marinho;;Farias Brito;;Colisão;;Não informado;;Cruzamento;;;0;1;0;1;1;0;0;0;0;0;0;0;0;(-38.5324689 -3.7419152);
;2022-02-26 13:56:21;Conego De Castro;;;Vila Peri;;Queda;;Não informado;;Meio De Quadra;;;0;1;0;0;0;0;0;0;0;1;0;0;0;(-38.5816271 -3.79373);
;2022-02-26 13:43:51;Rua Vicente Celestino;;;Parque Santa Rosa;;Colisão;;Não informado;;Meio De Quadra;;;0;2;0;2;0;0;0;0;0;0;0;0;0;(-38.5941489 -3.8195225);
;2022-02-26 13:25:48;Monsenhor Tabosa;R. Carlos Vasconcelos;;Meireles;;Colisão;;Não informado;;Cruzamento;;;0;1;0;1;1;0;0;0;0;0;0;0;0;(-38.5079822 -3.7243065);
;2022-02-26 13:05:02;Avenida Engenheiro Santana Junior;;;Coco;;Colisão;;Não informado;;Meio De Quadra;;;0;1;0;1;1;0;0;0;0;0;0;0;0;(-38.4894525 -3.7484963);
;2022-02-26 12:22:27;Doutor Temberge;Rua Manaca;;Carlito Pamplona;;Colisão;;Não informado;;Cruzamento;;;0;1;0;0;2;0;0;0;0;0;0;0;0;(-38.5637496 -3.7110864);
;2022-02-26 11:44:56;Av Alberto Magno;;;Montese;;Colisão;;Não informado;;Meio De Quadra;;;0;1;0;1;1;0;0;0;0;0;0;0;0;(-38.5438136 -3.7575413);
;2022-02-26 10:11:35;Rua Evando Luz;;;Padre Andrade;;Queda;;Não informado;;Meio De Quadra;;;0;2;0;1;0;0;0;0;0;0;0;0;0;(-38.5774594 -3.7323088);
;2022-02-26 10:07:31;Isabel Ferreira;;;Curio;;Colisão;;Não informado;;Meio De Quadra;;;0;1;0;1;1;0;0;0;0;0;0;0;0;(-38.4667976 -3.8294151);
;2022-02-26 09:59:22;Rua Oscar Leitao;;;Paupina;;Colisão;;Não informado;;Meio De Quadra;;;0;1;0;1;1;0;0;0;0;0;0;0;0;(0 0);
;2022-02-26 07:22:53;Costa E Silva;;;Prefeito Jose Walter;;Queda;;Não informado;;Meio De Quadra Sem Numero;;;0;1;0;1;0;0;0;0;0;0;0;0;0;(-38.5443558 -3.8244455);
;2022-02-26 06:25:16;Cinco;;;Barroso;;Queda;;Não informado;;Meio De Quadra;;;0;1;0;1;0;0;0;0;0;0;0;0;0;(-38.5123571 -3.8240915);
;2022-02-26 05:49:33;Virgilio Tavora;;;Aldeota;;Colisão;;Não informado;;Meio De Quadra Sem Numero;;;0;1;0;1;1;0;0;0;0;0;0;0;0;(-38.4933967 -3.7375997);
;2022-02-26 03:43:26;Para;;;Pan Americano;;Colisão;;Não informado;;Meio De Quadra;;;0;1;0;1;1;0;0;0;0;0;0;0;0;(0 0);
;2022-02-26 00:00:29;Manuel Moura;;;Jardim Iracema;;Colisão;;Não informado;;Meio De Quadra;;;0;1;0;2;0;0;0;0;0;0;0;0;0;(-38.5820806 -3.7150491);
;2022-02-25 23:51:28;Av Lineu Machado;;;Joao Xxiii;;Colisão;;Não informado;;Meio De Quadra;;;0;1;0;0;2;0;0;0;0;0;0;0;0;(-38.5825544 -3.7763865);
;2022-02-25 22:34:50;Av 13 De Maio;;;Fatima;;Atropelamento;;Não informado;;Meio De Quadra;;;0;1;0;0;1;0;0;0;0;0;0;0;0;(-38.5283232 -3.7504595);
;2022-02-25 22:09:23;Major Assis;;;Vila Velha;;Colisão;;Não informado;;Meio De Quadra;;;0;1;0;0;2;0;0;0;0;0;0;0;0;(-38.6034803 -3.7198205);
;2022-02-25 22:08:44;Duque De Caxias;;;Jacarecanga;;Colisão;;Não informado;;Meio De Quadra;;;0;1;0;1;1;0;0;0;0;0;0;0;0;(-38.543204 -3.727231);
;2022-02-25 21:51:41;Rua Gilberto Sturdat;;;Coco;;Atropelamento;;Não informado;;Meio De Quadra;;;0;1;0;1;0;0;0;0;0;0;0;0;0;(-38.4767212 -3.744878);
;2022-02-25 21:36:33;Presidente Costa E Silva;;;Mondubim;;Colisão;;Não informado;;Meio De Quadra;;;0;1;0;1;1;0;0;0;0;0;0;0;0;(-38.5716366 -3.8126085);
;2022-02-25 21:27:11;Luciano Carneiro;Almirante Rufino;;Vila Uniao;;Colisão;;Não informado;;Cruzamento;;;0;1;0;1;1;0;0;0;0;0;0;0;0;(-38.5371693 -3.7665808);
;2022-02-25 21:20:11;Avenida Pinto Bandeira;;;Engenheiro Luciano Cavalcante;;Queda;;Não informado;;Meio De Quadra;;;0;1;0;1;0;0;0;0;0;0;0;0;0;(0 0);
;2022-02-25 21:12:11;Avenida Godofredo Maciel;;;Maraponga;;Colisão;;Não informado;;Meio De Quadra;;;0;1;0;1;1;0;0;0;0;0;0;0;0;(-38.57336859999999 -3.8057979);
;2022-02-25 20:57:55;Vital Brasil;;;Bonsucesso;;Colisão;;Não informado;;Meio De Quadra;;;0;1;0;1;1;0;0;0;0;0;0;0;0;(-38.5924872 -3.7793647);
;2022-02-25 20:34:31;Avenida Beijamim Brasil;Rua Gastao Justa;;Maraponga;;Queda;;Não informado;;Cruzamento;;;0;1;0;1;0;0;0;0;0;0;0;0;0;(-38.5691631 -3.804198399999999);
;2022-02-25 20:25:53;Avenida Francisco Sa - Francisco Salgado;;;Alvaro Weyne;;Colisão;;Não informado;;Meio De Quadra;;;0;1;0;1;1;0;0;0;0;0;0;0;0;(-38.5655136 -3.7146176);
;2022-02-25 20:19:31;Avenida Silas Munguba;;;Serrinha;;Colisão;;Não informado;;Meio De Quadra;;;0;1;0;0;2;0;0;0;0;0;0;0;0;(-38.5501011 -3.7866066);
;2022-02-25 20:16:17;Rua Sandra Gentil;;;Sapiranga;;Atropelamento;;Não informado;;Meio De Quadra;;;0;1;0;0;1;0;0;0;0;0;0;0;0;(-38.4692005 -3.793355);
;2022-02-25 20:14:53;Avenida;Rua 307;;Conjunto Ceara;;Atropelamento;;Não informado;;Cruzamento;;;0;1;0;0;1;0;0;0;0;0;0;0;0;(-38.6156044 -3.7754644);
;2022-02-25 19:58:39;Rua Vital Brasil;;;Granja Portugal;;Colisão;;Não informado;;Meio De Quadra;;;0;1;0;1;1;0;0;0;0;0;0;0;0;(-38.5901863 -3.7803137);
;2022-02-25 19:06:53;Piaui;;;Pan Americano;;Queda;;Não informado;;Meio De Quadra;;;0;1;0;1;0;0;0;0;0;0;0;0;0;(-38.5705395 -3.7544015);
;2022-02-25 17:52:12;Sargento Herminio;;;Sao Gerardo;;Colisão;;Não informado;;Meio De Quadra;;;0;1;0;1;1;0;0;0;0;0;0;0;0;(-38.55668989999999 -3.7258478);
;2022-02-25 17:38:38;Avenida Joao Pessoa;João Sorongo;;Damas;;Colisão;;Não informado;;Cruzamento;;;0;1;0;1;1;0;0;0;0;0;0;0;0;(-38.5460674 -3.7486497);
;2022-02-25 17:19:24;Jose Jatahay;;;Centro;;Colisão;;Não informado;;Meio De Quadra Sem Numero;;;0;1;0;1;1;0;0;0;0;0;0;0;0;(-38.5447551 -3.731955);
;2022-02-25 15:51:32;Coronel Carvalho;;;Antonio Bezerra;;Colisão;;Não informado;;Meio De Quadra;;;0;1;0;0;2;0;0;0;0;0;0;0;0;(-38.5846287 -3.7299318);
;2022-02-25 15:16:04;Rua Padre Severiano;;;Messejana;;Colisão;;Não informado;;Meio De Quadra;;;0;1;0;1;1;0;0;0;0;0;0;0;0;(0 0);
;2022-02-25 14:46:48;Julio Silva   Upa Praia Do Futuro;;;Antonio Diogo;;Atropelamento;;Não informado;;Meio De Quadra;;;0;1;0;0;1;0;0;0;0;0;0;0;0;(-38.454374 -3.7448061);
;2022-02-25 14:19:19;Satiro Dias Esq Avenida Alberto Magno;;;Montese;;Colisão;;Não informado;;Meio De Quadra Sem Numero;;;0;1;0;1;1;0;0;0;0;0;0;0;0;(-38.5484941 -3.7632253);
;2022-02-25 12:57:38;Benardo Manoel;;;Parque Dois Irmaos;;Colisão;;Não informado;;Meio De Quadra;;;0;1;0;1;1;0;0;0;0;0;0;0;0;(-38.5521295 -3.8003981);
;2022-02-25 12:39:27;Sargento Herminio Sampaio;;;Monte Castelo;;Colisão;;Não informado;;Meio De Quadra;;;0;1;0;1;1;0;0;0;0;0;0;0;0;(-38.54947540000001 -3.7248219);
;2022-02-25 12:05:40;Padre Valdevino Esq Rua Oswaldo Cruz;;;Aldeota;;Queda;;Não informado;;Meio De Quadra Sem Numero;;;0;1;0;1;0;0;0;0;0;0;0;0;0;(-38.5009561 -3.7375731);
;2022-02-25 12:04:56;Costa Rica;;;Antonio Bezerra;;Queda;;Não informado;;Meio De Quadra;;;0;1;0;0;0;0;0;0;0;1;0;0;0;(-38.5797378 -3.7390269);
;2022-02-25 10:58:07;Rua Conego Lima Sucupira;;;Serrinha;;Colisão;;Não informado;;Meio De Quadra;;;0;2;0;1;1;0;0;0;0;0;0;0;0;(-38.5504805 -3.778130999999999);
;2022-02-25 09:51:05;Monsenhor Mhipolito Brasil;;;Henrique Jorge;;Colisão;;Não informado;;Meio De Quadra;;;0;2;0;0;2;0;0;0;0;0;0;0;0;(-38.5798891 -3.7581517);
;2022-02-25 05:12:03;Rua Francisca Clotilde;;;Rodolfo Teofilo;;Queda;;Não informado;;Meio De Quadra;;;0;1;0;1;0;0;0;0;0;0;0;0;0;(-38.5568001 -3.7468113);
;2022-02-25 03:14:37;Fernandes Tavora;Aracaju;;Henrique Jorge;;Colisão;;Não informado;;Cruzamento;;;0;2;0;1;1;0;0;0;0;0;0;0;0;(-38.5874287 -3.7594793);
;2022-02-25 00:24:02;Equador;;;Parangaba;;Colisão;;Não informado;;Meio De Quadra;;;0;2;0;1;1;0;0;0;0;0;0;0;0;(0 0);
;2022-02-24 21:37:23;Emilio De Meneses;;;Granja Portugal;;Queda;;Não informado;;Meio De Quadra;;;0;1;0;1;0;0;0;0;0;0;0;0;0;(-38.5947739 -3.7798045);
;2022-02-24 21:11:42;Firmino Rocha Aguiar;;;Guararapes;;Colisão;;Não informado;;Meio De Quadra;;;0;1;0;1;1;0;0;0;0;0;0;0;0;(-38.4856699 -3.763062399999999);
;2022-02-24 20:49:59;Carneiro De Mendonça;Rua Ribeiro Leitão;;Joquei Clube;;Colisão;;Não informado;;Cruzamento;;;0;1;0;1;1;0;0;0;0;0;0;0;0;(-38.5757564 -3.7595966);
;2022-02-24 20:29:48;Joaquim Nabuco  N° 3250;Eduardo Bezerra;;Joaquim Tavora;;Colisão;;Não informado;;Cruzamento;;;0;1;0;1;1;0;0;0;0;0;0;0;0;(-38.5071678 -3.7536939);
;2022-02-24 20:13:54;Rua Caramuru;;;Serrinha;;Colisão;;Não informado;;Meio De Quadra;;;0;1;0;1;1;0;0;0;0;0;0;0;0;(-38.5425212 -3.7929054);
;2022-02-24 19:33:57;Costa E Silva;;;Prefeito Jose Walter;;Queda;;Não informado;;Meio De Quadra Sem Numero;;;0;1;0;1;0;0;0;0;0;0;0;0;0;(-38.5443558 -3.8244455);
;2022-02-24 19:10:51;Avenida Doutor Silas Munguba;;;Serrinha;;Colisão;;Não informado;;Meio De Quadra;;;0;1;0;1;1;0;0;0;0;0;0;0;0;(-38.5471164 -3.7881847);
;2022-02-24 18:31:39;Avenida Ministro Jose Americo;;;Cambeba;;Colisão;;Não informado;;Meio De Quadra Sem Numero;;;0;1;0;1;1;0;0;0;0;0;0;0;0;(-38.4863826 -3.8091057);
;2022-02-24 17:28:45;Carlos Vasconcelos Esq Marcondes Pereira;;;Joaquim Tavora;;Colisão;;Não informado;;Meio De Quadra Sem Numero;;;0;1;0;1;1;0;0;0;0;0;0;0;0;(-38.5119829 -3.7478061);
;2022-02-24 16:03:31;Marechal Lott;;;Cambeba;;Colisão;;Não informado;;Meio De Quadra;;;0;1;0;1;1;0;0;0;0;0;0;0;0;(0 0);
;2022-02-24 15:01:20;Professor Heribaldo Costa;;;Henrique Jorge;;Queda;;Não informado;;Meio De Quadra;;;0;1;0;1;0;0;0;0;0;0;0;0;0;(-38.5842356 -3.7602727);
;2022-02-24 13:10:12;Dom Luis;Rua Dias Da Rocha;;Meireles;;Colisão;;Não informado;;Cruzamento;;;0;1;0;0;1;0;0;0;0;1;0;0;0;(-38.4915892 -3.7351382);
;2022-02-24 12:25:25;Domingos Olimpio;;;Jose Bonifacio;;Atropelamento;;Não informado;;Meio De Quadra;;;0;1;0;1;0;0;0;0;0;0;0;0;0;(-38.5275845 -3.7379298);
;2022-02-24 10:45:54;Presidente Castelo Branco;;;Jacarecanga;;Colisão;;Não informado;;Meio De Quadra Sem Numero;;;0;1;0;1;1;0;0;0;0;0;0;0;0;(-38.5454338 -3.7149803);
;2022-02-24 10:33:20;Rua Doutor Pergentino Maia;;;Messejana;;Queda;;Não informado;;Meio De Quadra;;;0;1;0;1;0;0;0;0;0;0;0;0;0;(-38.4921784 -3.8313165);
;2022-02-24 10:04:10;Rua Romeu Martins;;;Montese;;Colisão;;Não informado;;Meio De Quadra;;;0;1;0;1;1;0;0;0;0;0;0;0;0;(-38.5541768 -3.7654851);
;2022-02-24 10:01:27;Godofredo Maciel;;;Maraponga;;Colisão;;Não informado;;Meio De Quadra;;;0;2;0;1;1;0;0;0;0;0;0;0;0;(0 0);
;2022-02-24 09:53:08;Sao Francisco;;;Bom Jardim;;Colisão;;Não informado;;Meio De Quadra;;;0;1;0;1;1;0;0;0;0;0;0;0;0;(-38.6036439 -3.7977704);
;2022-02-24 09:51:26;Avenida Alanis Maria Laurindo De Oliveira;;;Conjunto Ceara;;Colisão;;Não informado;;Meio De Quadra;;;0;1;0;0;2;0;0;0;0;0;0;0;0;(-38.6064619 -3.7669322);
;2022-02-24 04:39:59;Osorio De Paiva;;;Siqueira;;Queda;;Não informado;;Meio De Quadra Sem Numero;;;0;1;0;1;0;0;0;0;0;0;0;0;0;(-38.6103328 -3.8133833);
;2022-02-24 00:15:05;Santa Filomena;;;Henrique Jorge;;Colisão;;Não informado;;Meio De Quadra;;;0;1;0;2;0;0;0;0;0;0;0;0;0;(-38.592436 -3.7639371);
;2022-02-23 23:29:08;Washigton Soares;;;Coacu;;Queda;;Não informado;;Meio De Quadra Sem Numero;;;0;2;0;0;0;0;0;0;0;1;0;0;0;(-38.4797152 -3.845296);
;2022-02-23 22:58:41;Presidente Castelo Branco -;;;Moura Brasil;;Atropelamento;;Não informado;;Meio De Quadra Sem Numero;;;0;1;0;0;1;0;0;0;0;0;0;0;0;(-38.5344252 -3.718373);
;2022-02-23 21:07:47;Jaime Benevolo;;;Fatima;;Colisão;;Não informado;;Meio De Quadra;;;0;1;0;1;1;0;0;0;0;0;0;0;0;(-38.5284668 -3.7420889);
;2022-02-23 20:51:55;Rua Osorio De Paiva;;;Parque Sao Jose;;Atropelamento;;Não informado;;Meio De Quadra Sem Numero;;;0;1;0;0;0;0;0;0;0;1;0;0;0;(-38.5900439 -3.7924662);
;2022-02-23 17:59:42;Betel;;;Itaperi;;Queda;;Não informado;;Meio De Quadra Sem Numero;;;0;1;0;0;0;0;0;0;0;1;0;0;0;(-38.5526492 -3.7922126);
;2022-02-23 16:04:00;Francisco Pinto;;;Benfica;;Colisão;;Não informado;;Meio De Quadra;;;0;1;0;1;1;0;0;0;0;0;0;0;0;(-38.5386129 -3.7446804);
;2022-02-23 14:26:15;Perimetral;;;Messejana;;Queda;;Não informado;;Meio De Quadra Sem Numero;;;0;1;0;1;0;0;0;0;0;0;0;0;0;(-38.5327995 -3.8276466);
;2022-02-23 13:20:43;Avenida Genibau, Esq Rua Perilo Teixeira;; Esq Rua Perilo Teixeira ;Parque Genibau;;Colisão;;Não informado;;Meio De Quadra Sem Numero;;;0;1;0;1;1;0;0;0;0;0;0;0;0;(-38.5986164 -3.760999);
;2022-02-23 12:13:56;Padre Pedro De Alencar;;;Messejana;;Queda;;Não informado;;Meio De Quadra Sem Numero;;;0;1;0;1;0;0;0;0;0;0;0;0;0;(-38.494095 -3.8355645);
;2022-02-23 12:10:59;Domingos Olimpio;;;Jose Bonifacio;;Atropelamento;;Não informado;;Meio De Quadra;;;0;1;0;1;0;0;0;0;0;0;0;0;0;(-38.5266406 -3.7377566);
;2022-02-23 11:42:49;Barao Do Rio Branco;Senador Alencar;;Centro;;Colisão;;Não informado;;Cruzamento;;;0;1;0;1;1;0;0;0;0;0;0;0;0;(-38.5277824 -3.7248792);
;2022-02-23 11:38:19;C;Rua 1139 A;;Conjunto Ceara;;Colisão;;Não informado;;Cruzamento;;;0;1;0;0;2;0;0;0;0;0;0;0;0;(-38.6091878 -3.7588245);
;2022-02-23 11:22:20;Capitao Vasconcelos;Rua Capitao Aragao;;Aerolandia;;Queda;;Não informado;;Cruzamento;;;0;1;0;1;0;0;0;0;0;0;0;0;0;(-38.5170321 -3.7655714);
;2022-02-23 11:01:23;Aeroporto;;;Dias Macedo;;Colisão;;Não informado;;Meio De Quadra Sem Numero;;;0;1;0;1;1;0;0;0;0;0;0;0;0;(0 0);
;2022-02-23 10:24:34;Professor Heribaldo Costa;;;Joao Xxiii;;Colisão;;Não informado;;Meio De Quadra;;;0;1;0;1;1;0;0;0;0;0;0;0;0;(-38.5877926 -3.766974);
;2022-02-23 10:24:03;Paracuru;;;Centro;;Atropelamento;;Não informado;;Meio De Quadra;;;0;1;0;0;0;0;0;1;0;0;0;0;0;(-38.5243049 -3.7310781);
;2022-02-23 10:12:28;Jose Artur De Carvalho;;;Curio;;Colisão;;Não informado;;Meio De Quadra;;;0;1;0;1;1;0;0;0;0;0;0;0;0;(-38.4632331 -3.8257559);
;2022-02-23 09:44:55;Conego De Castro Esq;Jose Tavares;;Parque Santa Rosa;;Colisão;;Não informado;;Cruzamento;;;0;1;0;1;1;0;0;0;0;0;0;0;0;(-38.5993419 -3.8154118);
;2022-02-23 04:24:37;Tenente Lisboa;;;Padre Andrade;;Queda;;Não informado;;Meio De Quadra;;;0;1;0;1;0;0;0;0;0;0;0;0;0;(-38.5779411 -3.7284221);
;2022-02-23 02:16:29;Quinze De Novembro;;;Itaoca;;Colisão;;Não informado;;Meio De Quadra;;;0;1;0;0;2;0;0;0;0;0;0;0;0;(-38.5549727 -3.7695296);
;2022-02-22 23:53:35;Theberg;Leste Oeste;;Cristo Redentor;;Colisão;;Não informado;;Cruzamento;;;0;2;0;1;1;0;0;0;0;0;0;0;0;(-38.5633965 -3.710084999999999);
;2022-02-22 22:31:36;Av. 13 De Maio;;;Fatima;;Atropelamento;;Não informado;;Meio De Quadra;;;0;1;0;0;1;0;0;0;0;0;0;0;0;(-38.5371488 -3.7424127);
;2022-02-22 20:02:26;Rua Da Paz;;;Mucuripe;;Atropelamento;;Não informado;;Meio De Quadra;;;0;1;0;0;1;0;0;0;0;0;0;0;0;(-38.4888493 -3.7247474);
;2022-02-22 19:08:04;Erico Mota;Padre Guerra;;Parquelandia;;Colisão;;Não informado;;Cruzamento;;;0;1;0;1;1;0;0;0;0;0;0;0;0;(-38.5620749 -3.7398328);
;2022-02-22 19:01:47;Rua Dona Libania Ribeiro De Melo Nunes;;;Mondubim;;Colisão;;Não informado;;Meio De Quadra;;;0;1;0;1;1;0;0;0;0;0;0;0;0;(0 0);
;2022-02-22 17:04:38;Avenida Antonio Justa;Av Virgilio Tavora;;Meireles;;Colisão;;Não informado;;Cruzamento;;;0;1;0;1;1;0;0;0;0;0;0;0;0;(-38.4906845 -3.7288179);
;2022-02-22 15:21:19;Padre Guerra;General Piragibe;;Parquelandia;;Colisão;;Não informado;;Cruzamento;;;0;2;0;1;1;0;0;0;0;0;0;0;0;(-38.5577482 -3.7389177);
;2022-02-22 15:08:22;Fernandes Tavora;;;Henrique Jorge;;Colisão;;Não informado;;Meio De Quadra;;;0;1;0;0;2;0;0;0;0;0;0;0;0;(-38.591719 -3.7572255);
;2022-02-22 13:59:25;Perimentral;;;Messejana;;Colisão;;Não informado;;Meio De Quadra;;;0;1;0;2;0;0;0;0;0;0;0;0;0;(-38.5327995 -3.8276466);
;2022-02-22 10:41:09;13 De Maio;Av. Dos Expedicionarios;;Benfica;;Colisão;;Não informado;;Cruzamento;;;0;1;0;1;1;0;0;0;0;0;0;0;0;(-38.534947 -3.7444587);
;2022-02-22 10:29:09;860 - Upa Conjunto Ceará;;;Conjunto Ceara;;Atropelamento;;Não informado;;Meio De Quadra Sem Numero;;;0;1;0;0;0;0;0;0;0;0;1;0;0;(-38.5998309 -3.7689359);
;2022-02-22 10:28:56;Presidente Costa E Silva;;;Prefeito Jose Walter;;Colisão;;Não informado;;Meio De Quadra Sem Numero;;;0;1;0;0;2;0;0;0;0;0;0;0;0;(-38.5443558 -3.8244455);
;2022-02-22 10:19:27;Contorno Norte Esq. Rua 212;;;Jangurussu;;Colisão;;Não informado;;Meio De Quadra;;;0;1;0;1;1;0;0;0;0;0;0;0;0;(-38.5236105 -3.8336052);
;2022-02-22 10:11:24;Avenida Oliveira Paiva;;;Cidade Dos Funcionarios;;Colisão;;Não informado;;Meio De Quadra;;;0;2;0;0;2;0;0;0;0;0;0;0;0;(-38.4870045 -3.7960931);
;2022-02-22 10:08:10;Cosmo Jeronimo;;;Mondubim;;Colisão;;Não informado;;Meio De Quadra;;;0;2;0;2;0;0;0;0;0;0;0;0;0;(-38.5878716 -3.8239482);
;2022-02-22 10:03:06;Via Expressa;;;Sao Joao Do Tauape;;Colisão;;Não informado;;Meio De Quadra Sem Numero;;;0;1;0;1;1;0;0;0;0;0;0;0;0;(-38.49085 -3.7457388);
;2022-02-22 09:51:05;Avenida Aguanambi -;;;Jose Bonifacio;;Colisão;;Não informado;;Meio De Quadra;;;0;1;0;1;1;0;0;0;0;0;0;0;0;(0 0);
;2022-02-22 09:04:17;Rua Conego Mourao;;;Parangaba;;Queda;;Não informado;;Meio De Quadra;;;0;1;0;1;0;0;0;0;0;0;0;0;0;(-38.565976 -3.7808194);
;2022-02-22 00:26:50;I;;;Prefeito Jose Walter;;Colisão;;Não informado;;Meio De Quadra;;;0;1;0;0;2;0;0;0;0;0;0;0;0;(0 0);
;2022-02-21 23:43:46;Beira Mar;;;Mucuripe;;Queda;;Não informado;;Meio De Quadra;;;0;1;0;0;0;0;0;0;0;1;0;0;0;(-38.5029575 -3.724237);
;2022-02-21 23:11:59;Viconde De Ico;;;Vila Ellery;;Atropelamento;;Não informado;;Meio De Quadra;;;0;1;0;1;0;0;0;0;0;0;0;0;0;(-38.5652172 -3.721702);