COD_ACIDENTE;DATA;LOG1;LOG2;NUMERO;BAIRRO;AMC;NATUREZA;ILUMINACAO;TEMPO;SUPERFICIEPISTA;TIPOCRUZAMENTO;CONTROLETRAFEGO;USOSOLO;MORTOS;FERIDOS;ILESOS;MOTOCICLETA;AUTOMOVEL;MICROONIBUS;CAMINHAO;ONIBUS;CICLOMOTOR;BICICLETA;OUTROS;TREM;TRACAOANIMAL;COORDENADAS
;2022-02-21 21:54:06;Visconde Do Rio Branco -;;;Sao Joao Do Tauape;;Colisão;;Não informado;;Meio De Quadra;;;0;1;0;1;1;0;0;0;0;0;0;0;0;(-38.5193501 -3.7579818);
;2022-02-21 21:42:35;Maranhao;;;Pan Americano;;Atropelamento;;Não informado;;Meio De Quadra;;;0;1;0;0;0;0;0;0;0;1;0;0;0;(-38.5651249 -3.755812);
;2022-02-21 21:38:39;Coronel Joao Correia;;;Bom Jardim;;Queda;;Não informado;;Meio De Quadra;;;0;1;0;0;0;0;0;0;0;1;0;0;0;(-38.5984669 -3.7938901);
;2022-02-21 21:28:29;Dom Manuel;Rua Costa Barros;;Centro;;Colisão;;Não informado;;Cruzamento;;;0;1;0;2;0;0;0;0;0;0;0;0;0;(-38.5208267 -3.7273725);
;2022-02-21 21:18:19;Francisco Holanda;Joaquim Nabuco;;Dionisio Torres;;Colisão;;Não informado;;Cruzamento;;;0;1;0;0;1;0;0;0;0;1;0;0;0;(-38.505509 -3.748394);
;2022-02-21 21:08:20;Genibau;;;Parque Genibau;;Colisão;;Não informado;;Meio De Quadra;;;0;1;0;0;2;0;0;0;0;0;0;0;0;(-38.5973544 -3.761188899999999);
;2022-02-21 19:55:18;Rua Professor Jose Henrique;;;Messejana;;Queda;;Não informado;;Meio De Quadra;;;0;1;0;0;0;0;0;0;0;1;0;0;0;(-38.4858406 -3.8297166);
;2022-02-21 19:21:40;Osorio De Paiva;;;Vila Peri;;Colisão;;Não informado;;Meio De Quadra;;;0;1;0;1;1;0;0;0;0;0;0;0;0;(-38.5778797 -3.7831076);
;2022-02-21 17:45:08;A - Loteamento Expedicionarios I;;;Parque Dois Irmaos;;Queda;;Não informado;;Meio De Quadra;;;0;1;0;1;0;0;0;0;0;0;0;0;0;(0 0);
;2022-02-21 14:10:05;Avenida Bernardo Manuel -;;;Serrinha;;Queda;;Não informado;;Meio De Quadra Sem Numero;;;0;2;0;1;0;0;0;0;0;0;0;0;0;(-38.5479782 -3.7875025);
;2022-02-21 12:36:54;Presidente Costa E Silva;;;Prefeito Jose Walter;;Colisão;;Não informado;;Meio De Quadra;;;0;1;0;1;1;0;0;0;0;0;0;0;0;(-38.5443649 -3.824495899999999);
;2022-02-21 12:19:31;Washington Soraes;;;Edson Queiroz;;Colisão;;Não informado;;Meio De Quadra;;;0;1;0;2;0;0;0;0;0;0;0;0;0;(-38.4790101 -3.8051389);
;2022-02-21 11:42:11;Vinte Tres De Janeiro;;;Pirambu;;Colisão;;Não informado;;Meio De Quadra;;;0;1;0;1;1;0;0;0;0;0;0;0;0;(0 0);
;2022-02-21 11:33:38;Bernardo Manuel;;;Parque Dois Irmaos;;Atropelamento;;Não informado;;Meio De Quadra;;;0;2;0;1;0;0;0;0;0;0;0;0;0;(-38.5512039 -3.7983582);
;2022-02-21 10:46:01;Avenida Deputado Paulino Rocha -;;;Cajazeiras;;Colisão;;Não informado;;Meio De Quadra;;;0;1;0;1;1;0;0;0;0;0;0;0;0;(-38.50749380000001 -3.8021988);
;2022-02-21 10:32:21;Alberto Craveiro;Bairro Castelao;;Castelao;;Colisão;;Não informado;;Cruzamento;;;0;1;0;1;1;0;0;0;0;0;0;0;0;(-38.5187133 -3.7973303);
;2022-02-21 09:10:46;Frei Cirilo;Ministro Jose Americo;;Messejana;;Colisão;;Não informado;;Cruzamento;;;0;1;0;1;1;0;0;0;0;0;0;0;0;(-38.4993577 -3.8127972);
;2022-02-21 05:17:41;Osorio De Paiva;;;Canindezinho;;Queda;;Não informado;;Meio De Quadra;;;0;1;0;1;0;0;0;0;0;0;0;0;0;(-38.6122647 -3.8154587);
;2022-02-21 04:04:18;BR 116 KM 10;;;Messejana;;Queda;;Não informado;;Meio De Quadra Sem Numero;;;0;1;0;1;0;0;0;0;0;0;0;0;0;(0 0);
;2022-02-21 03:28:22;Amazonas;Minas Gerais;;Bela Vista;;Colisão;;Não informado;;Cruzamento;;;0;1;0;1;1;0;0;0;0;0;0;0;0;(-38.5635644 -3.7536772);
;2022-02-21 02:08:06;Silas Munguba;;;Parangaba;;Colisão;;Não informado;;Meio De Quadra;;;0;1;0;1;1;0;0;0;0;0;0;0;0;(-38.55798770000001 -3.7812623);
;2022-02-21 01:19:02;Maciel Bezerra;;;Siqueira;;Colisão;;Não informado;;Meio De Quadra;;;0;1;0;2;0;0;0;0;0;0;0;0;0;(-38.629992 -3.807568);
;2022-02-21 01:09:08;Radialista Joao Ramos;;;Planalto Ayrton Senna;;Atropelamento;;Não informado;;Meio De Quadra;;;0;1;0;0;1;0;0;0;0;0;0;0;0;(-38.5792518 -3.8401107);
;2022-02-21 00:46:08;Mister Hull;;;Antonio Bezerra;;Colisão;;Não informado;;Meio De Quadra Sem Numero;;;0;1;0;0;2;0;0;0;0;0;0;0;0;(-38.5918137 -3.7395231);
;2022-02-21 00:45:14;Bezerra De Meneses;;;Sao Gerardo;;Atropelamento;;Não informado;;Meio De Quadra;;;0;1;0;0;1;0;0;0;0;0;0;0;0;(-38.557422 -3.7339424);
;2022-02-21 00:22:15;Presidente Castelo Branco;;;Cristo Redentor;;Atropelamento;;Não informado;;Meio De Quadra;;;0;1;0;1;0;0;0;0;0;0;0;0;0;(-38.5713538 -3.7070918);
;2022-02-21 00:19:05;Antonio Sales;;;Dionisio Torres;;Colisão;;Não informado;;Meio De Quadra;;;0;1;0;0;2;0;0;0;0;0;0;0;0;(-38.5024279 -3.7454466);
;2022-02-20 23:53:59;Carlos Jereissate;;;Dias Macedo;;Atropelamento;;Não informado;;Meio De Quadra;;;0;1;0;1;0;0;0;0;0;0;0;0;0;(-38.5183089 -3.7845499);
;2022-02-20 23:26:46;Upa Bom Jardim;;;Bom Jardim;;Atropelamento;;Não informado;;Meio De Quadra Sem Numero;;;0;1;0;0;0;0;0;0;0;0;1;0;0;(-38.6247272 -3.7910194);
;2022-02-20 23:09:41;Val Paraiso;;;Conjunto Palmeiras;;Queda;;Não informado;;Meio De Quadra;;;0;1;0;1;0;0;0;0;0;0;0;0;0;(-38.5280631 -3.8422107);
;2022-02-20 18:27:49;Nereu Ramos;;;Vila Peri;;Queda;;Não informado;;Meio De Quadra;;;0;1;0;1;0;0;0;0;0;0;0;0;0;(-38.5741735 -3.7838221);
;2022-02-20 13:54:00;Humberto Monte 1147;Rio Grande Do Sul;;Bela Vista;;Queda;;Não informado;;Cruzamento;;;0;2;0;1;0;0;0;0;0;0;0;0;0;(0 0);
;2022-02-20 12:12:02;20 De Janeiro;;;Barra Do Ceara;;Colisão;;Não informado;;Meio De Quadra;;;0;1;0;1;1;0;0;0;0;0;0;0;0;(-38.5825237 -3.7049623);
;2022-02-20 09:27:13;Beiramar;;;Mucuripe;;Queda;;Não informado;;Meio De Quadra Sem Numero;;;0;1;0;0;0;0;0;0;0;1;0;0;0;(-38.4848603 -3.7232731);
;2022-02-20 08:55:33;Perimentral;;;Prefeito Jose Walter;;Choque c/ Obstáculo Fixo;;Não informado;;Meio De Quadra Sem Numero;;;0;1;0;0;1;0;0;0;0;0;0;0;0;(-38.5300457 -3.8290547);
;2022-02-20 08:35:25;Rua Waldir Diogo;;;Novo Mondubim;;Colisão;;Não informado;;Meio De Quadra;;;0;2;0;1;1;0;0;0;0;0;0;0;0;(-38.5871971 -3.8029387);
;2022-02-20 07:20:50;Avenida Presidente Costa E Silva;;;Passare;;Colisão;;Não informado;;Meio De Quadra;;;0;2;0;0;2;0;0;0;0;0;0;0;0;(-38.5340069 -3.827158);
;2022-02-20 06:48:56;Barao De Sobral;;;Montese;;Colisão;;Não informado;;Meio De Quadra;;;0;1;0;0;2;0;0;0;0;0;0;0;0;(-38.5555213 -3.7661478);
;2022-02-20 05:11:10;Borges De Melo;;;Parreao;;Queda;;Não informado;;Meio De Quadra;;;0;1;0;1;0;0;0;0;0;0;0;0;0;(-38.53537130000001 -3.7557352);
;2022-02-20 04:33:12;Bernardo Manuel;;;Serrinha;;Colisão;;Não informado;;Meio De Quadra;;;0;1;0;0;2;0;0;0;0;0;0;0;0;(-38.54730900000001 -3.785343);
;2022-02-20 04:00:12;Br. 116;;;Aerolandia;;Queda;;Não informado;;Meio De Quadra Sem Numero;;;0;1;0;1;0;0;0;0;0;0;0;0;0;(-38.5152306 -3.7760061);
;2022-02-20 02:37:17;Tulipa;R. Manoel Moura;;Jardim Iracema;;Colisão;;Não informado;;Cruzamento;;;0;1;0;0;2;0;0;0;0;0;0;0;0;(-38.5800112 -3.7156504);
;2022-02-20 02:14:58;Teodomiro De Castro;;;Alvaro Weyne;;Colisão;;Não informado;;Meio De Quadra;;;0;4;0;0;2;0;0;0;0;0;0;0;0;(-38.5748801 -3.7174459);
;2022-02-20 01:52:04;Sao Joao Del Rei;;;Sapiranga;;Queda;;Não informado;;Meio De Quadra;;;0;1;0;1;0;0;0;0;0;0;0;0;0;(-38.4701042 -3.7895874);
;2022-02-20 01:21:51;Trav Laios Clube;;;Jangurussu;;Colisão;;Não informado;;Meio De Quadra;;;0;1;0;2;0;0;0;0;0;0;0;0;0;(-38.5139477 -3.8382505);
;2022-02-20 01:13:05;Santa Lucia;;;Parque Genibau;;Colisão;;Não informado;;Meio De Quadra;;;0;1;0;1;1;0;0;0;0;0;0;0;0;(0 0);
;2022-02-20 00:55:59;Jose Torres -;;;Granja Portugal;;Queda;;Não informado;;Meio De Quadra;;;0;1;0;1;0;0;0;0;0;0;0;0;0;(-38.6068664 -3.778109);
;2022-02-20 00:22:22;Capitao Porfirio;;;Parque Santa Maria;;Atropelamento;;Não informado;;Meio De Quadra;;;0;1;0;1;0;0;0;0;0;0;0;0;0;(-38.5002465 -3.8531181);
;2022-02-19 22:56:11;Valdir Diogo;;;Novo Mondubim;;Atropelamento;;Não informado;;Meio De Quadra;;;0;2;0;1;0;0;0;0;0;0;0;0;0;(-38.5871971 -3.8029387);
;2022-02-19 21:07:05;Avenida Duque De Caxias;;;Centro;;Atropelamento;;Não informado;;Meio De Quadra;;;0;1;0;0;0;0;0;0;0;1;0;0;0;(-38.5273584 -3.7328266);
;2022-02-19 19:48:23;Sena Madureira;;;Centro;;Queda de moto;;Não informado;;Meio De Quadra;;;0;1;0;2;0;0;0;0;0;0;0;0;0;(-38.5259224 -3.7287032);
;2022-02-19 19:35:27;Rogaciano Leite;Rua Pindorama;;Engenheiro Luciano Cavalcante;;Colisão;;Não informado;;Cruzamento;;;0;1;0;1;1;0;0;0;0;0;0;0;0;(-38.498958 -3.7733299);
;2022-02-19 18:46:22;CE 010 KM 6;;;Sabiaguaba;;Colisão;;Não informado;;Meio De Quadra Sem Numero;;;0;1;0;1;1;0;0;0;0;0;0;0;0;(0 0);
;2022-02-19 18:08:13;Edite Braga;;;Montese;;Colisão;;Não informado;;Meio De Quadra;;;0;1;0;1;1;0;0;0;0;0;0;0;0;(-38.5529246 -3.7671692);
;2022-02-19 17:03:41;Barra Vermelha;;;Granja Portugal;;Colisão;;Não informado;;Meio De Quadra;;;0;1;0;2;0;0;0;0;0;0;0;0;0;(-38.6127313 -3.780735999999999);
;2022-02-19 15:09:03;Dionisio Leonel Alencar -Pq .Santa Maria;;;Messejana;;Colisão;;Não informado;;Meio De Quadra;;;0;2;0;2;0;0;0;0;0;0;0;0;0;(-38.5041878 -3.849120199999999);
;2022-02-19 12:53:58;Francisco Glicerio N;Av. Godofredo Maciel;;Maraponga;;Atropelamento;;Não informado;;Cruzamento;;;0;1;0;0;1;0;0;0;0;0;0;0;0;(-38.5700693 -3.7966838);
;2022-02-19 12:53:40;Avenia Gomes De Matos;;;Montese;;Colisão;;Não informado;;Meio De Quadra;;;0;1;0;1;1;0;0;0;0;0;0;0;0;(-38.5474036 -3.7628298);
;2022-02-19 12:46:35;Dom Manoel;;;Não informado;;Colisão;;Não informado;;Meio De Quadra;;;0;1;0;0;2;0;0;0;0;0;0;0;0;(-38.5214572 -3.728765);
;2022-02-19 12:25:47;Jovita Feitosa;Rua General Piragibe;;Parquelandia;;Queda;;Não informado;;Cruzamento;;;0;2;0;1;0;0;0;0;0;0;0;0;0;(-38.55750099999999 -3.7401162);
;2022-02-19 12:07:17;Avenida Carneiro De Mendonça -;;;Joquei Clube;;Queda;;Não informado;;Meio De Quadra;;;0;1;0;1;0;0;0;0;0;0;0;0;0;(-38.5786034 -3.758285);
;2022-02-19 12:00:44;Pinto Bandeira;;;Engenheiro Luciano Cavalcante;;Colisão;;Não informado;;Meio De Quadra;;;0;1;0;1;1;0;0;0;0;0;0;0;0;(-38.4875502 -3.7750729);
;2022-02-19 11:53:24;Avenida Professor Gomes De Matos;;;Montese;;Colisão;;Não informado;;Meio De Quadra;;;0;1;0;0;1;0;0;0;0;1;0;0;0;(-38.5431059 -3.7580464);
;2022-02-19 11:10:39;Presidente Costa E Silva;;;Prefeito Jose Walter;;Choque c/ Obstáculo Fixo;;Não informado;;Meio De Quadra Sem Numero;;;0;1;0;0;1;0;0;0;0;0;0;0;0;(-38.5443558 -3.8244455);
;2022-02-19 10:44:33;Dioguinho -Praia Do Futuro;;;Não informado;;Colisão;;Não informado;;Meio De Quadra;;;0;1;0;1;1;0;0;0;0;0;0;0;0;(0 0);
;2022-02-19 10:42:50;Jornalista Joao Ramos;;;Prefeito Jose Walter;;Colisão;;Não informado;;Meio De Quadra;;;0;1;0;1;1;0;0;0;0;0;0;0;0;(-38.581815 -3.83975);
;2022-02-19 10:18:27;Pedro Sampaio;;;Jardim Guanabara;;Colisão;;Não informado;;Meio De Quadra;;;0;1;0;2;0;0;0;0;0;0;0;0;0;(-38.59691249999999 -3.7236765);
;2022-02-19 10:01:11;Coronel Alexandrino;;;Montese;;Colisão;;Não informado;;Meio De Quadra;;;0;1;0;0;2;0;0;0;0;0;0;0;0;(-38.549706 -3.767487);
;2022-02-19 07:35:42;Desembargador Moreira;;;Aldeota;;Colisão;;Não informado;;Meio De Quadra;;;0;2;0;0;2;0;0;0;0;0;0;0;0;(-38.5035689 -3.7529318);
;2022-02-19 06:18:08;Vitoria;;;Henrique Jorge;;Colisão;;Não informado;;Meio De Quadra;;;0;1;0;1;1;0;0;0;0;0;0;0;0;(-38.5870331 -3.7622082);
;2022-02-19 03:43:10;Br;;;Não informado;;Atropelamento;;Não informado;;Meio De Quadra;;;0;1;0;0;1;0;0;0;0;0;0;0;0;(-38.5326537 -5.8091828);
;2022-02-19 02:44:48;Coronel Fabriciano;;;Granja Portugal;;Colisão;;Não informado;;Meio De Quadra;;;0;1;0;0;2;0;0;0;0;0;0;0;0;(-38.6077986 -3.7826387);
;2022-02-19 00:37:48;Rua General Cordeiro Neto;;;Mondubim;;Colisão;;Não informado;;Meio De Quadra;;;0;3;0;2;0;0;0;0;0;0;0;0;0;(0 0);
;2022-02-19 00:10:42;Elcias Lopes;;;Itaoca;;Colisão;;Não informado;;Meio De Quadra;;;0;1;0;1;1;0;0;0;0;0;0;0;0;(-38.551782 -3.7724275);
;2022-02-18 23:46:00;Washington Soares;;;Cambeba;;Colisão;;Não informado;;Meio De Quadra;;;0;1;0;1;1;0;0;0;0;0;0;0;0;(-38.4799821 -3.7988468);
;2022-02-18 22:03:29;Mister Hull (Em Frente A Ufc);;;Pici;;Capotamento;;Não informado;;Meio De Quadra Sem Numero;;;0;1;0;0;1;0;0;0;0;0;0;0;0;(-38.5737448 -3.7466621);
;2022-02-18 20:54:16;Governador Raul Barbosa;;;Aerolandia;;Queda;;Não informado;;Meio De Quadra;;;0;1;0;1;0;0;0;0;0;0;0;0;0;(-38.51355780000001 -3.7769752);
;2022-02-18 19:38:46;Alameda Verde 04 (Cj Sitio Do Corrego);;;Mondubim;;Atropelamento;;Não informado;;Meio De Quadra;;;0;1;0;1;0;0;0;0;0;0;0;0;0;(-38.5743707 -3.8167997);
;2022-02-18 18:17:04;Borges De Melo;;;Benfica;;Atropelamento;;Não informado;;Meio De Quadra;;;0;1;0;0;1;0;0;0;0;0;0;0;0;(-38.5283938 -3.7602384);
;2022-02-18 17:41:42;Rua Teresina - Porto Velho;;;Henrique Jorge;;Queda;;Não informado;;Meio De Quadra;;;0;1;0;1;0;0;0;0;0;0;0;0;0;(0 0);
;2022-02-18 13:55:43;Conego De Castro;;;Canindezinho;;Colisão;;Não informado;;Meio De Quadra;;;0;1;0;2;0;0;0;0;0;0;0;0;0;(-38.6007977 -3.8171598);
;2022-02-18 13:47:19;Padre Ibiapina;;;Jacarecanga;;Atropelamento;;Não informado;;Meio De Quadra;;;0;1;0;0;1;0;0;0;0;0;0;0;0;(-38.5405927 -3.724916);
;2022-02-18 12:09:38;Monsenhor Tabosa;R. Carlos Vasconcelos;;Meireles;;Colisão;;Não informado;;Cruzamento;;;0;1;0;1;1;0;0;0;0;0;0;0;0;(-38.5079822 -3.7243065);
;2022-02-18 11:31:02;Raul Barbosa;;;Aerolandia;;Colisão;;Não informado;;Meio De Quadra;;;0;1;0;1;1;0;0;0;0;0;0;0;0;(-38.51254 -3.774042);
;2022-02-18 11:26:00;BR 116 - Tancredo Neves;;;Passare;;Colisão;;Não informado;;Meio De Quadra Sem Numero;;;0;1;0;0;2;0;0;0;0;0;0;0;0;(0 0);
;2022-02-18 11:17:55;Humberto Monte;Mister Hull;;Sao Gerardo;;Colisão;;Não informado;;Cruzamento;;;0;1;0;1;1;0;0;0;0;0;0;0;0;(-38.5627561 -3.7463144);
;2022-02-18 11:01:23;Jornalista Tomaz Coelho;;;Messejana;;Queda;;Não informado;;Meio De Quadra Sem Numero;;;0;1;0;1;0;0;0;0;0;0;0;0;0;(-38.5107767 -3.8295793);
;2022-02-18 10:40:11;Rua Tulipa;;;Barra Do Ceara;;Colisão;;Não informado;;Meio De Quadra;;;0;1;0;1;1;0;0;0;0;0;0;0;0;(-38.578464 -3.7113823);
;2022-02-18 10:33:23;Leste Oeste Esq Avenida Doutor Themberg;;;Pirambu;;Colisão;;Não informado;;Meio De Quadra Sem Numero;;;0;1;0;2;0;0;0;0;0;0;0;0;0;(-38.5656721 -3.7167503);
;2022-02-18 09:48:31;Holanda;;;Itaperi;;Colisão;;Não informado;;Meio De Quadra Sem Numero;;;0;1;0;1;1;0;0;0;0;0;0;0;0;(-38.5568858 -3.806787);
;2022-02-18 09:37:05;Presidente Castelo Branco;;;Cristo Redentor;;Colisão;;Não informado;;Meio De Quadra;;;0;1;0;1;1;0;0;0;0;0;0;0;0;(-38.564499 -3.709829);
;2022-02-18 07:41:14;Carapinima;;;Benfica;;Queda;;Não informado;;Meio De Quadra;;;0;1;0;1;0;0;0;0;0;0;0;0;0;(-38.5412697 -3.7414248);
;2022-02-18 04:02:10;Padre Cicero;;;Benfica;;Queda;;Não informado;;Meio De Quadra;;;0;1;0;1;0;0;0;0;0;0;0;0;0;(-38.5417856 -3.746907799999999);
;2022-02-18 00:10:38;Dioginho - Praia Do Futuro;;;Não informado;;Colisão;;Não informado;;Meio De Quadra Sem Numero;;;0;1;0;0;2;0;0;0;0;0;0;0;0;(0 0);
;2022-02-17 22:54:44;Av Aguanabi Na Rotatoria;;;Fatima;;Colisão;;Não informado;;Meio De Quadra Sem Numero;;;0;1;0;1;1;0;0;0;0;0;0;0;0;(-38.5236413 -3.7512287);
;2022-02-17 22:48:43;Nossa Senhora Das Graças;;;Cristo Redentor;;Atropelamento;;Não informado;;Meio De Quadra;;;0;1;0;1;0;0;0;0;0;0;0;0;0;(-38.5595978 -3.7085028);
;2022-02-17 21:57:24;Nossa Senhora Das Graças;;;Pirambu;;Colisão;;Não informado;;Meio De Quadra;;;0;1;0;0;2;0;0;0;0;0;0;0;0;(-38.55742370000001 -3.7091694);
;2022-02-17 21:34:18;Rua Catole;;;Conjunto Palmeiras;;Colisão;;Não informado;;Meio De Quadra;;;0;1;0;0;2;0;0;0;0;0;0;0;0;(-38.521063 -3.8499555);
;2022-02-17 21:33:07;Dom Manuel;Rua Barbara De Alencar;;Centro;;Atropelamento;;Não informado;;Cruzamento;;;0;1;0;0;1;0;0;0;0;0;0;0;0;(-38.5231888 -3.734991099999999);
;2022-02-17 21:14:17;Rua Das Cerejeiras - Osorio Correia;;;Parque Presidente Vargas;;Colisão;;Não informado;;Meio De Quadra;;;0;2;0;2;0;0;0;0;0;0;0;0;0;(-38.5936796 -3.8259393);
;2022-02-17 21:09:51;Avenida Mister Hull;;;Presidente Kennedy;;Colisão;;Não informado;;Meio De Quadra;;;0;2;0;0;2;0;0;0;0;0;0;0;0;(-38.5903746 -3.7392332);
;2022-02-17 19:38:29;Avenida Jose Leon;;;Cidade Dos Funcionarios;;Colisão;;Não informado;;Meio De Quadra;;;0;1;0;0;1;0;0;0;0;1;0;0;0;(-38.5061995 -3.7867736);
;2022-02-17 19:27:59;Rua Desembargador Otacilio Peixoto;;;Passare;;Colisão;;Não informado;;Meio De Quadra;;;0;1;0;0;2;0;0;0;0;0;0;0;0;(-38.5353 -3.8002336);
;2022-02-17 18:52:39;Avenida Duque De Caxias;Visconde Do Rio Branco;;Centro;;Colisão;;Não informado;;Cruzamento;;;0;1;0;1;1;0;0;0;0;0;0;0;0;(-38.5246095 -3.7334701);
;2022-02-17 18:24:13;Rua Jose Hipolito;;;Messejana;;Colisão;;Não informado;;Meio De Quadra;;;0;1;0;0;2;0;0;0;0;0;0;0;0;(-38.4864235 -3.8354167);
;2022-02-17 17:45:55;Rua Marcos Macedo;Av Coronel Juca;;Aldeota;;Colisão;;Não informado;;Cruzamento;;;0;1;0;1;1;0;0;0;0;0;0;0;0;(-38.4947796 -3.7352129);
;2022-02-17 17:28:31;Francisco Calaça -;Coelho Neto;;Alvaro Weyne;;Colisão;;Não informado;;Cruzamento;;;0;1;0;1;1;0;0;0;0;0;0;0;0;(-38.5739986 -3.7167606);
;2022-02-17 17:04:13;Rua Monsenhor Bruno;;;Meireles;;Queda;;Não informado;;Meio De Quadra;;;0;1;0;0;0;0;0;0;0;1;0;0;0;(0 0);
;2022-02-17 16:59:42;Amancio Valente;;;Cambeba;;Colisão;;Não informado;;Meio De Quadra;;;0;2;0;1;1;0;0;0;0;0;0;0;0;(-38.4839189 -3.8071692);
;2022-02-17 16:16:26;Rua Doutor Joaquim Bento;;;Messejana;;Atropelamento;;Não informado;;Meio De Quadra;;;0;1;0;1;0;0;0;0;0;0;0;0;0;(-38.48632690000001 -3.8286514);
;2022-02-17 16:07:26;Avenida Aldir Mentor - Nila Gomes;;;Manoel Dias Branco;;Queda;;Não informado;;Meio De Quadra;;;0;1;0;0;0;0;0;0;0;1;0;0;0;(-38.4680915 -3.752507699999999);
;2022-02-17 15:36:25;Caroa;;;Jangurussu;;Colisão;;Não informado;;Meio De Quadra;;;0;1;0;1;1;0;0;0;0;0;0;0;0;(-38.5167069 -3.8396235);
;2022-02-17 15:12:56;Pereira Filgueiras;Jose Vilar;;Aldeota;;Colisão;;Não informado;;Cruzamento;;;0;1;0;1;1;0;0;0;0;0;0;0;0;(-38.503277 -3.7314851);
;2022-02-17 14:36:08;Independencia;;;Quintino Cunha;;Colisão;;Não informado;;Meio De Quadra;;;0;2;0;1;1;0;0;0;0;0;0;0;0;(-38.5978476 -3.7246513);
;2022-02-17 11:08:00;Vicente Leite;;;Aldeota;;Colisão;;Não informado;;Meio De Quadra;;;0;1;0;0;1;0;0;0;0;1;0;0;0;(-38.4977524 -3.7438084);
;2022-02-17 10:18:18;Avenida Conego De Castro;;;Parque Sao Jose;;Colisão;;Não informado;;Meio De Quadra;;;0;1;0;0;2;0;0;0;0;0;0;0;0;(-38.5872186 -3.799691);
;2022-02-17 10:12:16;BR 116;;;Aerolandia;;Colisão;;Não informado;;Meio De Quadra Sem Numero;;;0;1;0;1;1;0;0;0;0;0;0;0;0;(0 0);
;2022-02-16 23:59:49;Santos Dumont;Rodrigues Junior;;Centro;;Colisão;;Não informado;;Cruzamento;;;0;1;0;0;2;0;0;0;0;0;0;0;0;(-38.5176604 -3.7300494);
;2022-02-16 21:21:51;Av. Perimetral;;;Prefeito Jose Walter;;Colisão;;Não informado;;Meio De Quadra Sem Numero;;;0;1;0;1;1;0;0;0;0;0;0;0;0;(-38.5327995 -3.8276466);
;2022-02-16 21:13:25;Avenida Mister Hull;;;Pici;;Queda;;Não informado;;Meio De Quadra Sem Numero;;;0;1;0;1;0;0;0;0;0;0;0;0;0;(-38.5774339 -3.737564);
;2022-02-16 21:08:19;Xavier De Oliveira;;;Rodolfo Teofilo;;Colisão;;Não informado;;Meio De Quadra;;;0;1;0;2;0;0;0;0;0;0;0;0;0;(-38.5579159 -3.7469142);
;2022-02-16 20:48:24;Major Assis;;;Vila Velha;;Colisão;;Não informado;;Meio De Quadra;;;0;1;0;0;2;0;0;0;0;0;0;0;0;(-38.5985062 -3.7212431);
;2022-02-16 18:52:43;Rodrigue Junior Esquina;Pinto Madeira;;Centro;;Colisão;;Não informado;;Cruzamento;;;0;1;0;2;0;0;0;0;0;0;0;0;0;(-38.5192694 -3.731774);
;2022-02-16 18:44:35;Duque De Caxias;Rua  24 De Maio;;Centro;;Colisão;;Não informado;;Cruzamento;;;0;1;0;1;1;0;0;0;0;0;0;0;0;(-38.5332388 -3.730681);
;2022-02-16 18:36:06;Sargento Serpa;Avenida Br 116;;Cajazeiras;;Queda;;Não informado;;Cruzamento;;;0;1;0;1;0;0;0;0;0;0;0;0;0;(-38.5054894 -3.7996206);
;2022-02-16 18:29:11;Ac Duque De Caxias  - Avenida Duque De Caxias;; ;Centro;;Colisão;;Não informado;;Meio De Quadra;;;0;1;0;1;1;0;0;0;0;0;0;0;0;(0 0);
;2022-02-16 18:28:24;Barbara De Alencar;;;Centro;;Queda;;Não informado;;Meio De Quadra;;;0;1;0;1;0;0;0;0;0;0;0;0;0;(-38.5205664 -3.7360719);
;2022-02-16 18:23:56;Beni Carvalho;;;Dionisio Torres;;Colisão;;Não informado;;Meio De Quadra;;;0;2;0;1;1;0;0;0;0;0;0;0;0;(-38.4971247 -3.7452689);
;2022-02-16 16:14:33;Rua Coronel Joao De Oliveira;;;Messejana;;Colisão;;Não informado;;Meio De Quadra;;;0;2;0;1;1;0;0;0;0;0;0;0;0;(-38.4908897 -3.8225434);
;2022-02-16 15:08:57;Cinco, Loteamento Terra Nova;; Loteamento Terra Nova ;Barroso;;Colisão;;Não informado;;Meio De Quadra;;;0;1;0;2;0;0;0;0;0;0;0;0;0;(-38.5327167 -3.7940071);
;2022-02-16 14:42:16;Engenheiro Leal Lima Verde;;;Edson Queiroz;;Colisão;;Não informado;;Meio De Quadra;;;0;1;0;1;1;0;0;0;0;0;0;0;0;(-38.4747455 -3.803622);
;2022-02-16 11:39:41;Silas Munguba;;;Passare;;Colisão;;Não informado;;Meio De Quadra;;;0;1;0;1;1;0;0;0;0;0;0;0;0;(-38.5264845 -3.8056469);
;2022-02-16 11:34:16;Aguanambi;;;Fatima;;Queda;;Não informado;;Meio De Quadra Sem Numero;;;0;2;0;1;0;0;0;0;0;0;0;0;0;(-38.5236413 -3.7512287);
;2022-02-16 10:25:30;Engenheiro Leal Lima Verde;;;Sapiranga;;Colisão;;Não informado;;Meio De Quadra;;;0;1;0;2;0;0;0;0;0;0;0;0;0;(-38.4756761 -3.7972627);