COD_ACIDENTE;DATA;LOG1;LOG2;NUMERO;BAIRRO;AMC;NATUREZA;ILUMINACAO;TEMPO;SUPERFICIEPISTA;TIPOCRUZAMENTO;CONTROLETRAFEGO;USOSOLO;MORTOS;FERIDOS;ILESOS;MOTOCICLETA;AUTOMOVEL;MICROONIBUS;CAMINHAO;ONIBUS;CICLOMOTOR;BICICLETA;OUTROS;TREM;TRACAOANIMAL;COORDENADAS
;2022-02-16 10:15:00;Raimundo Nery;;;Parque Sao Jose;;Colisão;;Não informado;;Meio De Quadra;;;0;1;0;0;2;0;0;0;0;0;0;0;0;(-38.5868291 -3.7928525);
;2022-02-16 10:12:54;Rua Argentina Esq Rua 21 De Abril, Nr 329;; Nr 329 ;Pan Americano;;Colisão;;Não informado;;Meio De Quadra Sem Numero;;;0;1;0;1;1;0;0;0;0;0;0;0;0;(-38.5647736 -3.7457113);
;2022-02-16 10:11:00;Major Assis;Rio Araguaia;;Jardim Iracema;;Colisão;;Não informado;;Cruzamento;;;0;1;0;0;1;0;0;0;0;1;0;0;0;(-38.582001 -3.7241623);
;2022-02-16 10:09:03;Almirante Rufino;;;Montese;;Colisão;;Não informado;;Meio De Quadra;;;0;1;0;0;1;0;0;0;0;1;0;0;0;(-38.5429417 -3.7648643);
;2022-02-16 10:00:37;Luciano Carneiro;;;Vila Uniao;;Queda;;Não informado;;Meio De Quadra;;;0;1;0;1;0;0;0;0;0;0;0;0;0;(-38.5368177 -3.7648108);
;2022-02-16 09:55:59;Professor Heribaldo Costa;;;Henrique Jorge;;Colisão;;Não informado;;Meio De Quadra;;;0;1;0;1;1;0;0;0;0;0;0;0;0;(-38.5838153 -3.7595094);
;2022-02-16 04:43:51;Vital Brasil;;;Bonsucesso;;Colisão;;Não informado;;Meio De Quadra;;;0;2;0;1;1;0;0;0;0;0;0;0;0;(-38.5888833 -3.7806785);
;2022-02-16 01:31:28;Rua Ricardo Ponte;;;Parque Genibau;;Queda;;Não informado;;Meio De Quadra;;;0;1;0;1;0;0;0;0;0;0;0;0;0;(-38.5989128 -3.759032);
;2022-02-16 00:39:41;448-E  Esquina;Rua 448;;Conjunto Ceara;;Colisão;;Não informado;;Cruzamento;;;0;1;0;2;0;0;0;0;0;0;0;0;0;(-38.6065245 -3.762307);
;2022-02-15 22:53:04;Sargento Hermino;;;Vila Ellery;;Colisão;;Não informado;;Meio De Quadra;;;0;1;0;1;1;0;0;0;0;0;0;0;0;(-38.564684 -3.7270405);
;2022-02-15 22:48:41;Julio Ventura;Barao De Studart;;Joaquim Tavora;;Colisão;;Não informado;;Cruzamento;;;0;1;0;1;1;0;0;0;0;0;0;0;0;(-38.5071603 -3.7395797);
;2022-02-15 22:41:19;Av Senador Fernandes Tavora;;;Autran Nunes;;Queda;;Não informado;;Meio De Quadra;;;0;1;0;1;0;0;0;0;0;0;0;0;0;(-38.5956201 -3.7557689);
;2022-02-15 20:44:59;Avenida Senador Fernandes Tavora;;;Joquei Clube;;Colisão;;Não informado;;Meio De Quadra Sem Numero;;;0;1;0;0;2;0;0;0;0;0;0;0;0;(-38.5761715 -3.765385);
;2022-02-15 20:08:02;Genibau;;;Parque Genibau;;Colisão;;Não informado;;Meio De Quadra;;;0;1;0;0;2;0;0;0;0;0;0;0;0;(0 0);
;2022-02-15 19:39:35;Vasco Da Gama Esq.;Rua Jose Do Patrocinio;;Montese;;Queda;;Não informado;;Cruzamento;;;0;1;0;0;0;0;0;0;0;1;0;0;0;(-38.5456486 -3.7647347);
;2022-02-15 18:14:11;Joaquim Frota;;;Edson Queiroz;;Colisão;;Não informado;;Meio De Quadra;;;0;1;0;1;1;0;0;0;0;0;0;0;0;(-38.474992 -3.801828);
;2022-02-15 17:48:21;Avenida Engenheiro Leal Lima Verde -;;;Edson Queiroz;;Colisão;;Não informado;;Meio De Quadra;;;0;1;0;1;1;0;0;0;0;0;0;0;0;(-38.4761831 -3.792511799999999);
;2022-02-15 16:46:48;Rua Vilebaldo Aguiar;Rua Otavio Lobo;;Coco;;Queda;;Não informado;;Cruzamento;;;0;1;0;0;0;0;0;0;0;1;0;0;0;(-38.4783118 -3.7436219);
;2022-02-15 14:23:06;Senador Pompeu -Px. Ijf;;;Centro;;Queda de moto;;Não informado;;Meio De Quadra;;;0;1;0;2;0;0;0;0;0;0;0;0;0;(-38.5314298 -3.7342386);
;2022-02-15 11:21:02;Holanda;;;Maraponga;;Colisão;;Não informado;;Meio De Quadra Sem Numero;;;0;1;0;1;1;0;0;0;0;0;0;0;0;(-38.5717589 -3.7961553);
;2022-02-15 10:20:15;BR 116 KM 7;;;Messejana;;Colisão;;Não informado;;Meio De Quadra Sem Numero;;;0;1;0;0;1;0;0;0;0;1;0;0;0;(0 0);
;2022-02-15 10:11:21;Jose Bastos;;;Rodolfo Teofilo;;Colisão;;Não informado;;Meio De Quadra;;;0;1;0;1;1;0;0;0;0;0;0;0;0;(-38.5538683 -3.7531076);
;2022-02-15 09:47:12;Rua Almirante Rubim;;;Montese;;Queda;;Não informado;;Meio De Quadra;;;0;1;0;1;0;0;0;0;0;0;0;0;0;(-38.5571058 -3.7716403);
;2022-02-15 09:32:11;Almirante Rubim;Levino De Carvalho;;Montese;;Colisão;;Não informado;;Cruzamento;;;0;1;0;1;1;0;0;0;0;0;0;0;0;(-38.5533412 -3.7646725);
;2022-02-15 00:55:40;Alberto Craveiro;;;Dias Macedo;;Colisão;;Não informado;;Meio De Quadra;;;0;1;0;2;0;0;0;0;0;0;0;0;0;(-38.5173209 -3.7861972);
;2022-02-14 23:40:26;General Rabelo;& Rua Icapuy;;Canindezinho;;Queda;;Não informado;;Cruzamento;;;0;1;0;1;0;0;0;0;0;0;0;0;0;(-43.2271812 -22.9764281);
;2022-02-14 22:07:48;Radialista Joao Ramos;;;Prefeito Jose Walter;;Colisão;;Não informado;;Meio De Quadra;;;0;1;0;1;1;0;0;0;0;0;0;0;0;(0 0);
;2022-02-14 20:20:36;Silas Munguba;;;Itaperi;;Colisão;;Não informado;;Meio De Quadra Sem Numero;;;0;1;0;1;1;0;0;0;0;0;0;0;0;(-38.5459691 -3.788464);
;2022-02-14 20:15:04;Senador Carlos Jereissati;;;Dias Macedo;;Colisão;;Não informado;;Meio De Quadra Sem Numero;;;0;1;0;1;1;0;0;0;0;0;0;0;0;(-38.5242645 -3.7832708);
;2022-02-14 20:08:42;Avenida I Segunda Etapa Condominio Ametista;;;Prefeito Jose Walter;;Colisão;;Não informado;;Meio De Quadra;;;0;1;0;1;1;0;0;0;0;0;0;0;0;(-38.5524697 -3.8324779);
;2022-02-14 17:58:11;Rio Grande Do Norte;;;Democrito Rocha;;Colisão;;Não informado;;Meio De Quadra;;;0;1;0;1;1;0;0;0;0;0;0;0;0;(-38.5654223 -3.7598981);
;2022-02-14 17:15:12;Professor Heribaldo Costa;;;Henrique Jorge;;Colisão;;Não informado;;Meio De Quadra;;;0;1;0;1;1;0;0;0;0;0;0;0;0;(-38.5820572 -3.7540003);
;2022-02-14 15:37:24;Washington Soares;;;Messejana;;Colisão;;Não informado;;Meio De Quadra;;;0;2;0;2;0;0;0;0;0;0;0;0;0;(-38.4796459 -3.8401004);
;2022-02-14 14:53:04;Avenida Doutor Theberge;;;Presidente Kennedy;;Colisão;;Não informado;;Meio De Quadra;;;0;1;0;2;0;0;0;0;0;0;0;0;0;(-38.5680983 -3.72343);
;2022-02-14 14:44:40;Avenida H (Cj Prefeito Jose Walter) - Rua 85;;;Prefeito Jose Walter;;Colisão;;Não informado;;Meio De Quadra;;;0;1;0;0;1;0;0;0;0;1;0;0;0;(-38.5603259 -3.8369049);
;2022-02-14 13:55:09;D;;;Prefeito Jose Walter;;Atropelamento;;Não informado;;Meio De Quadra;;;0;1;0;0;1;0;0;0;0;0;0;0;0;(0 0);
;2022-02-14 13:50:52;Avenida Placido Castelo;;;Jardim Das Oliveiras;;Colisão;;Não informado;;Meio De Quadra;;;0;1;0;0;1;0;0;0;0;1;0;0;0;(-38.5111417 -3.785003499999999);
;2022-02-14 12:54:34;Avenida Sargento Herminio Sampaio -;;;Vila Ellery;;Colisão;;Não informado;;Meio De Quadra;;;0;1;0;1;1;0;0;0;0;0;0;0;0;(-38.5628501 -3.7270194);
;2022-02-14 10:18:59;Washington Soares;;;Cambeba;;Colisão;;Não informado;;Meio De Quadra Sem Numero;;;0;1;0;1;1;0;0;0;0;0;0;0;0;(-38.4790722 -3.8070071);
;2022-02-14 09:24:34;Antonio Sales;;;Dionisio Torres;;Colisão;;Não informado;;Meio De Quadra;;;0;1;0;0;2;0;0;0;0;0;0;0;0;(-38.5057434 -3.7442848);
;2022-02-14 03:17:23;Bartolomeu De Gusmao;;;Fatima;;Queda;;Não informado;;Meio De Quadra;;;0;1;0;1;0;0;0;0;0;0;0;0;0;(-38.5218196 -3.7586299);
;2022-02-14 02:30:36;Desembargador Gonzaga;;;Cidade Dos Funcionarios;;Queda;;Não informado;;Meio De Quadra;;;0;1;0;1;0;0;0;0;0;0;0;0;0;(-38.5022939 -3.792587799999999);
;2022-02-14 01:49:31;Presidente Costa E Silva - Upa José Walter;;;Prefeito Jose Walter;;Colisão;;Não informado;;Meio De Quadra Sem Numero;;;0;1;0;1;1;0;0;0;0;0;0;0;0;(-38.5413443 -3.8257709);
;2022-02-14 01:16:22;Pedro Dantas;;;Dias Macedo;;Colisão;;Não informado;;Meio De Quadra;;;0;1;0;1;1;0;0;0;0;0;0;0;0;(-38.52101080000001 -3.786144);
;2022-02-14 01:03:07;Avenida José  Jathai;;;Jacarecanga;;Colisão;;Não informado;;Meio De Quadra;;;0;1;0;2;0;0;0;0;0;0;0;0;0;(0 0);
;2022-02-14 00:38:16;Senador Fernandes Tavora;;;Autran Nunes;;Queda;;Não informado;;Meio De Quadra;;;0;2;0;0;0;0;0;0;0;1;0;0;0;(-38.5937402 -3.7561086);
;2022-02-13 23:55:36;Alanes Maria;;;Conjunto Ceara;;Colisão;;Não informado;;Meio De Quadra;;;0;1;0;0;2;0;0;0;0;0;0;0;0;(-38.6086696 -3.7704798);
;2022-02-13 23:39:21;Nova Conquista;;;Bom Jardim;;Colisão;;Não informado;;Meio De Quadra;;;0;1;0;0;2;0;0;0;0;0;0;0;0;(-38.5975523 -3.7967268);
;2022-02-13 22:53:23;Br. 116 KM 13;;;Messejana;;Atropelamento;;Não informado;;Meio De Quadra Sem Numero;;;0;1;0;0;1;0;0;0;0;0;0;0;0;(-38.4958524 -3.849357);
;2022-02-13 21:47:55;Tomas Cavalcante;;;Autran Nunes;;Queda;;Não informado;;Meio De Quadra;;;0;1;0;1;0;0;0;0;0;0;0;0;0;(-38.595581 -3.7529879);
;2022-02-13 21:21:41;Mozart Pinheiro De Lucena;;;Quintino Cunha;;Colisão;;Não informado;;Meio De Quadra;;;0;1;0;0;2;0;0;0;0;0;0;0;0;(-38.5998995 -3.7329662);
;2022-02-13 21:06:41;Maria Julia;;;Bom Jardim;;Queda;;Não informado;;Meio De Quadra;;;0;1;0;1;0;0;0;0;0;0;0;0;0;(-38.6000921 -3.7924555);
;2022-02-13 21:01:26;Bernardo Manoel;;;Planalto Ayrton Senna;;Colisão;;Não informado;;Meio De Quadra;;;0;1;0;0;2;0;0;0;0;0;0;0;0;(-38.5645313 -3.8415493);
;2022-02-13 17:36:43;Bernardo Manuel;Rua B;;Parque Dois Irmaos;;Colisão;;Não informado;;Cruzamento;;;0;1;0;1;1;0;0;0;0;0;0;0;0;(-38.5532469 -3.8044252);
;2022-02-13 17:01:04;Avenida Coronel Carvalho;;;Barra Do Ceara;;Colisão;;Não informado;;Meio De Quadra;;;0;1;0;1;1;0;0;0;0;0;0;0;0;(0 0);
;2022-02-13 14:29:23;Monsenhor Salasar;Capitão Melo 3760;;Sao Joao Do Tauape;;Colisão;;Não informado;;Cruzamento;;;0;1;0;1;1;0;0;0;0;0;0;0;0;(-38.5133833 -3.7558079);
;2022-02-13 14:07:47;Santos Dumont;;;Papicu;;Colisão;;Não informado;;Meio De Quadra;;;0;1;0;1;1;0;0;0;0;0;0;0;0;(-38.4658939 -3.7469831);
;2022-02-13 12:46:36;Coronel Carvalho;;;Antonio Bezerra;;Queda;;Não informado;;Meio De Quadra Sem Numero;;;0;1;0;1;0;0;0;0;0;0;0;0;0;(-38.5843725 -3.7363281);
;2022-02-13 11:41:07;Rua Julio Braga;;;Joao Xxiii;;Queda;;Não informado;;Meio De Quadra;;;0;1;0;0;0;0;0;0;0;1;0;0;0;(-38.5866601 -3.7737766);
;2022-02-13 05:10:04;Engenheiro Santana Júnior;;;Papicu;;Colisão;;Não informado;;Meio De Quadra Sem Numero;;;0;1;0;0;2;0;0;0;0;0;0;0;0;(-38.4838087 -3.7383164);
;2022-02-13 04:54:28;Avenida Jose Bastos;;;Rodolfo Teofilo;;Queda;;Não informado;;Meio De Quadra Sem Numero;;;0;1;0;1;0;0;0;0;0;0;0;0;0;(-38.5497635 -3.7493857);
;2022-02-13 03:45:37;Frei Odilon;;;Alvaro Weyne;;Queda;;Não informado;;Meio De Quadra;;;0;1;0;1;0;0;0;0;0;0;0;0;0;(-38.5700927 -3.7207341);
;2022-02-13 03:16:07;Joao De Araujo Lima;;;Prefeito Jose Walter;;Queda;;Não informado;;Meio De Quadra Sem Numero;;;0;1;0;1;0;0;0;0;0;0;0;0;0;(-38.5606148 -3.8324239);
;2022-02-13 02:50:13;Historiador Raimundo Girao;;;Praia De Iracema;;Colisão;;Não informado;;Meio De Quadra;;;0;1;0;1;1;0;0;0;0;0;0;0;0;(0 0);
;2022-02-13 02:39:59;Dom Quintino;;;Pirambu;;Queda;;Não informado;;Meio De Quadra;;;0;1;0;0;0;0;0;0;0;1;0;0;0;(-38.5545986 -3.710957199999999);
;2022-02-12 23:09:45;Coronel Virgilio Nogueira;;;Bom Jardim;;Colisão;;Não informado;;Meio De Quadra;;;0;1;0;2;0;0;0;0;0;0;0;0;0;(-38.609959 -3.792163);
;2022-02-12 22:00:37;Julio Braga;;;Joao Xxiii;;Colisão;;Não informado;;Meio De Quadra;;;0;3;0;1;1;0;0;0;0;0;0;0;0;(-38.5831216 -3.7744288);
;2022-02-12 21:47:17;Rua Pedro Dantas;;;Dias Macedo;;Atropelamento;;Não informado;;Meio De Quadra;;;0;1;0;1;0;0;0;0;0;0;0;0;0;(-38.5230392 -3.7856443);
;2022-02-12 20:06:30;Vilebaldo Aguiar;;;Coco;;Colisão;;Não informado;;Meio De Quadra;;;0;1;0;0;2;0;0;0;0;0;0;0;0;(-38.4791401 -3.743517999999999);
;2022-02-12 19:56:38;Rua Beija-Flor;;;Jardim Das Oliveiras;;Queda;;Não informado;;Meio De Quadra;;;0;2;0;1;0;0;0;0;0;0;0;0;0;(0 0);
;2022-02-12 19:15:00;Rua Oscar Franca;;;Bom Jardim;;Colisão;;Não informado;;Meio De Quadra;;;0;1;0;0;1;0;0;0;0;1;0;0;0;(-38.5969867 -3.792579399999999);
;2022-02-12 18:57:43;Rua Eriveu Ramos;;;Siqueira;;Queda;;Não informado;;Meio De Quadra;;;0;1;0;1;0;0;0;0;0;0;0;0;0;(-38.62769490000001 -3.8047309);
;2022-02-12 18:08:46;Coronel Fabriciano;;;Granja Portugal;;Queda;;Não informado;;Meio De Quadra;;;0;1;0;0;0;0;0;0;0;1;0;0;0;(-38.59765549999999 -3.7855464);
;2022-02-12 14:06:42;Coronel Ernesto Matos;;;Messejana;;Atropelamento;;Não informado;;Meio De Quadra;;;0;1;0;0;0;0;0;0;0;1;0;0;0;(-38.4897042 -3.8308113);
;2022-02-12 13:38:54;Francisco Sa;;;Barra Do Ceara;;Colisão;;Não informado;;Meio De Quadra;;;0;1;0;1;1;0;0;0;0;0;0;0;0;(-38.5816618 -3.708922);
;2022-02-12 13:20:21;Dioguinho;Rua Francisco Teixeira De Alcantara;;De Lourdes;;Colisão;;Não informado;;Cruzamento;;;0;1;0;1;1;0;0;0;0;0;0;0;0;(-38.4473673 -3.753054);
;2022-02-12 13:12:37;Godofredo Maciel;;;Maraponga;;Colisão;;Não informado;;Meio De Quadra;;;0;1;0;1;1;0;0;0;0;0;0;0;0;(-38.572938 -3.8054871);
;2022-02-12 12:02:38;Osorio De Paiva;;;Siqueira;;Colisão;;Não informado;;Meio De Quadra;;;0;1;0;1;1;0;0;0;0;0;0;0;0;(-38.590468 -3.7925101);
;2022-02-12 11:30:48;Rodrigues;;;Barra Do Ceara;;Atropelamento;;Não informado;;Meio De Quadra;;;0;1;0;0;0;0;0;0;0;0;1;0;0;(0 0);
;2022-02-12 10:20:52;Andre Rebouças;;;Bonsucesso;;Colisão;;Não informado;;Meio De Quadra;;;0;1;0;0;2;0;0;0;0;0;0;0;0;(-38.5908677 -3.7754983);
;2022-02-12 08:11:36;Leonardo Mota;;;Meireles;;Atropelamento;;Não informado;;Meio De Quadra;;;0;1;0;0;1;0;0;0;0;0;0;0;0;(-38.4944676 -3.7305421);
;2022-02-12 01:36:27;Osorio De Paiva;;;Vila Peri;;Colisão;;Não informado;;Meio De Quadra;;;0;1;0;1;1;0;0;0;0;0;0;0;0;(-38.5803504 -3.7840335);
;2022-02-12 00:33:16;Eduardo Perdigão;;;Parangaba;;Colisão;;Não informado;;Meio De Quadra;;;0;1;0;2;0;0;0;0;0;0;0;0;0;(-38.56474610000001 -3.775737599999999);
;2022-02-12 00:26:50;Viena Weyne;;;Cidade Dos Funcionarios;;Colisão;;Não informado;;Meio De Quadra;;;0;1;0;1;1;0;0;0;0;0;0;0;0;(-38.4872714 -3.8011187);
;2022-02-11 23:25:45;Maria Julia;;;Granja Portugal;;Colisão;;Não informado;;Meio De Quadra;;;0;2;0;0;2;0;0;0;0;0;0;0;0;(-38.5989745 -3.7892086);
;2022-02-11 23:17:32;Avenida Aldizio Pinheiro;;;Dom Lustosa;;Atropelamento;;Não informado;;Meio De Quadra;;;0;1;0;0;1;0;0;0;0;0;0;0;0;(-38.5870813 -3.7553983);
;2022-02-11 21:55:15;Beira Mar;;;Meireles;;Colisão;;Não informado;;Meio De Quadra;;;0;1;0;0;2;0;0;0;0;0;0;0;0;(0 0);
;2022-02-11 21:46:09;Avenida Presidente Castelo Branco;;;Carlito Pamplona;;Atropelamento;;Não informado;;Meio De Quadra;;;0;1;0;1;0;0;0;0;0;0;0;0;0;(-38.5549829 -3.7118152);
;2022-02-11 21:39:00;Avenida Humberto Monte - Padre Guerra;;;Bela Vista;;Colisão;;Não informado;;Meio De Quadra;;;0;1;0;1;1;0;0;0;0;0;0;0;0;(-38.567573 -3.740934499999999);
;2022-02-11 21:19:39;Genibau;;;Parque Genibau;;Queda;;Não informado;;Meio De Quadra;;;0;1;0;1;0;0;0;0;0;0;0;0;0;(-38.5960677 -3.7616766);
;2022-02-11 21:13:42;Joaquim Albano;;;Presidente Kennedy;;Colisão;;Não informado;;Meio De Quadra;;;0;1;0;1;1;0;0;0;0;0;0;0;0;(-38.5832823 -3.7356534);
;2022-02-11 21:13:02;Avenida  Silas Munguba;;;Serrinha;;Atropelamento;;Não informado;;Meio De Quadra;;;0;1;0;1;0;0;0;0;0;0;0;0;0;(-38.5501011 -3.7866066);
;2022-02-11 21:01:50;Abolição;;;Meireles;;Colisão;;Não informado;;Meio De Quadra;;;0;1;0;1;1;0;0;0;0;0;0;0;0;(-38.4908029 -3.7269145);
;2022-02-11 20:37:18;Av. 13 De Maio;;;Fatima;;Colisão;;Não informado;;Meio De Quadra;;;0;1;0;2;0;0;0;0;0;0;0;0;0;(-38.5259019 -3.7525852);
;2022-02-11 20:16:34;Avenida A;Avenida L;;Prefeito Jose Walter;;Colisão;;Não informado;;Cruzamento;;;0;3;0;1;1;0;0;0;0;0;0;0;0;(-38.558201 -3.83315);
;2022-02-11 20:11:05;Rua General Rabelo;;;Siqueira;;Atropelamento;;Não informado;;Meio De Quadra;;;0;1;0;1;0;0;0;0;0;0;0;0;0;(-38.6050215 -3.8047923);
;2022-02-11 18:59:27;Avenida Doutor Silas Munguba;;;Itaperi;;Colisão;;Não informado;;Meio De Quadra;;;0;1;0;1;1;0;0;0;0;0;0;0;0;(-38.5388154 -3.7912474);
;2022-02-11 18:38:59;23  Esquina;A Rua 8;;Prefeito Jose Walter;;Colisão;;Não informado;;Cruzamento;;;0;1;0;1;1;0;0;0;0;0;0;0;0;(-38.5524814 -3.8241749);
;2022-02-11 18:18:09;Rua Gomes Brasil;;;Parangaba;;Queda;;Não informado;;Meio De Quadra;;;0;1;0;1;0;0;0;0;0;0;0;0;0;(-38.5724769 -3.7686278);
;2022-02-11 18:14:26;Avenida Osorio De Paiva;;;Parangaba;;Queda;;Não informado;;Meio De Quadra;;;0;1;0;1;0;0;0;0;0;0;0;0;0;(-38.57336859999999 -3.779566399999999);
;2022-02-11 16:03:46;Avenida Doutor Silas Munguba;;;Passare;;Colisão;;Não informado;;Meio De Quadra;;;0;2;0;2;0;0;0;0;0;0;0;0;0;(-38.530486 -3.8005187);
;2022-02-11 14:37:49;Catole;;;Conjunto Palmeiras;;Atropelamento;;Não informado;;Meio De Quadra;;;0;1;0;0;1;0;0;0;0;0;0;0;0;(-38.522627 -3.8544858);
;2022-02-11 13:06:25;Canuto De Aguiar - Tiburcio Cavalcante;;;Meireles;;Atropelamento;;Não informado;;Meio De Quadra Sem Numero;;;0;2;0;0;1;0;0;0;0;0;0;0;0;(-38.500366 -3.729017499999999);
;2022-02-11 13:01:13;Audir Mentor  - Cidade Fortal;;;Cidade 2000;;Queda;;Não informado;;Meio De Quadra Sem Numero;;;0;1;0;1;0;0;0;0;0;0;0;0;0;(0 0);
;2022-02-11 10:46:45;Jose Hipolito;Av Washington Soares;;Messejana;;Colisão;;Não informado;;Cruzamento;;;0;1;0;1;1;0;0;0;0;0;0;0;0;(-38.4925457 -3.8288163);
;2022-02-11 10:33:46;Rua Cruz Abreu;;;Sao Joao Do Tauape;;Colisão;;Não informado;;Meio De Quadra;;;0;2;0;1;1;0;0;0;0;0;0;0;0;(-38.5071862 -3.7575429);
;2022-02-11 09:20:28;Mario Mamede;Jaime Benevolo;;Fatima;;Queda;;Não informado;;Cruzamento;;;0;1;0;1;0;0;0;0;0;0;0;0;0;(-38.5315915 -3.7491586);
;2022-02-11 00:01:30;Dalva De Oliveira;;;Conjunto Palmeiras;;Atropelamento;;Não informado;;Meio De Quadra;;;0;1;0;0;1;0;0;0;0;0;0;0;0;(-38.5307547 -3.8429558);
;2022-02-10 22:52:21;Teodoro De Castro;Antonio Neri;;Granja Portugal;;Colisão;;Não informado;;Cruzamento;;;0;1;0;1;1;0;0;0;0;0;0;0;0;(-38.60100389999999 -3.7808823);
;2022-02-10 21:16:38;Avenida Sebastiao De Abreu;;;Edson Queiroz;;Colisão;;Não informado;;Meio De Quadra;;;0;1;0;1;1;0;0;0;0;0;0;0;0;(-38.4830006 -3.7577055);
;2022-02-10 20:59:56;Rua Tereza Cristina;;;Centro;;Colisão;;Não informado;;Meio De Quadra;;;0;1;0;1;1;0;0;0;0;0;0;0;0;(-38.5355354 -3.7223938);
;2022-02-10 20:56:29;Antonio Sales;Rua Visconde De Maua;;Dionisio Torres;;Colisão;;Não informado;;Cruzamento;;;0;1;0;0;2;0;0;0;0;0;0;0;0;(-38.5024279 -3.7454466);
;2022-02-10 20:26:51;BR 116 KM 6;;;Aerolandia;;Atropelamento;;Não informado;;Meio De Quadra Sem Numero;;;0;1;0;0;1;0;0;0;0;0;0;0;0;(0 0);
;2022-02-10 18:53:08;Brigadeiro Torres Esq Rua Edgar De Arruda;;;Joquei Clube;;Colisão;;Não informado;;Meio De Quadra;;;0;1;0;1;1;0;0;0;0;0;0;0;0;(-38.57832860000001 -3.7616151);
;2022-02-10 15:03:35;Rua Rio Grande Do Sul;;;Bela Vista;;Colisão;;Não informado;;Meio De Quadra;;;0;1;0;1;1;0;0;0;0;0;0;0;0;(-38.5636893 -3.7528089);
;2022-02-10 14:51:52;Juscelino Kubstchek;;;Passare;;Queda;;Não informado;;Meio De Quadra;;;0;1;0;1;0;0;0;0;0;0;0;0;0;(-38.5373709 -3.8236572);
;2022-02-10 14:05:09;Ufir Esq Rua Cloves Fontenele;;;Parque Dois Irmaos;;Atropelamento;;Não informado;;Meio De Quadra;;;0;1;0;1;0;0;0;0;0;0;0;0;0;(0 0);
;2022-02-10 13:15:02;Vinte De Janeiro;Rua Alberto De Oliveira;;Barra Do Ceara;;Colisão;;Não informado;;Cruzamento;;;0;1;0;1;1;0;0;0;0;0;0;0;0;(-38.5756564 -3.708224);
;2022-02-10 11:27:00;Avenida  Washington Soares;;;Edson Queiroz;;Colisão;;Não informado;;Meio De Quadra;;;0;1;0;1;1;0;0;0;0;0;0;0;0;(-38.48080909999999 -3.7790845);
;2022-02-10 10:50:27;Desembarcador Gonzaga;Rua Jose Alves Cavalcante;;Cidade Dos Funcionarios;;Colisão;;Não informado;;Cruzamento;;;0;1;0;1;1;0;0;0;0;0;0;0;0;(-38.5022747 -3.7922022);
;2022-02-10 10:26:02;Coronel Joao De Oliveira;;;Messejana;;Colisão;;Não informado;;Meio De Quadra;;;0;1;0;1;1;0;0;0;0;0;0;0;0;(-38.4871996 -3.8225679);
;2022-02-10 09:08:29;Avenida Senador Carlos Jereissati;;;Serrinha;;Colisão;;Não informado;;Meio De Quadra;;;0;1;0;1;1;0;0;0;0;0;0;0;0;(-38.5407156 -3.7785789);
;2022-02-10 08:14:09;Lineu Machado;;;Joquei Clube;;Colisão;;Não informado;;Meio De Quadra Sem Numero;;;0;1;0;0;2;0;0;0;0;0;0;0;0;(-38.5780534 -3.7681973);
;2022-02-10 02:04:10;Br;;;Aerolandia;;Colisão;;Não informado;;Meio De Quadra;;;0;1;0;1;1;0;0;0;0;0;0;0;0;(-38.5152306 -3.7760061);
;2022-02-10 00:25:59;Avenida Eduardo Girao;;;Benfica;;Queda;;Não informado;;Meio De Quadra;;;0;1;0;1;0;0;0;0;0;0;0;0;0;(-38.5419467 -3.7468317);
;2022-02-09 22:12:14;Barbosa De Freitas 1070-;Rua Mari Tomasia;;Não informado;;Colisão;;Não informado;;Cruzamento;;;0;1;0;2;0;0;0;0;0;0;0;0;0;(-38.4972699 -3.735833);
;2022-02-09 20:50:38;Avenida Herois Do Acre;;;Passare;;Colisão;;Não informado;;Meio De Quadra;;;0;1;0;1;1;0;0;0;0;0;0;0;0;(-38.5304307 -3.8028785);
;2022-02-09 20:48:26;Castro E Silva;;;Centro;;Queda;;Não informado;;Meio De Quadra;;;0;1;0;0;0;0;0;0;0;1;0;0;0;(-38.5300126 -3.7231744);
;2022-02-09 20:33:57;Rua Coletor Antonio Gadelha;;;Messejana;;Queda;;Não informado;;Meio De Quadra;;;0;1;0;1;0;0;0;0;0;0;0;0;0;(-38.5019401 -3.8324931);
;2022-02-09 20:13:53;Avenida Beira Mar;;;Meireles;;Atropelamento;;Não informado;;Meio De Quadra;;;0;1;0;0;0;0;0;0;0;1;0;0;0;(-38.5028847 -3.724233299999999);
;2022-02-09 19:57:45;Ana Gonçalves -;Rua Herminio Barroso;;Sao Joao Do Tauape;;Colisão;;Não informado;;Cruzamento;;;0;2;0;0;2;0;0;0;0;0;0;0;0;(-38.5107204 -3.7593771);
;2022-02-09 19:32:19;Nunes Vales;Av. Antonio Sales;;Aldeota;;Colisão;;Não informado;;Cruzamento;;;0;1;0;1;1;0;0;0;0;0;0;0;0;(-38.50435 -3.7448427);
;2022-02-09 18:14:54;Jose Leon -Tancredo Neves;;;Não informado;;Colisão;;Não informado;;Meio De Quadra;;;0;1;0;1;1;0;0;0;0;0;0;0;0;(0 0);