COD_ACIDENTE;DATA;LOG1;LOG2;NUMERO;BAIRRO;AMC;NATUREZA;ILUMINACAO;TEMPO;SUPERFICIEPISTA;TIPOCRUZAMENTO;CONTROLETRAFEGO;USOSOLO;MORTOS;FERIDOS;ILESOS;MOTOCICLETA;AUTOMOVEL;MICROONIBUS;CAMINHAO;ONIBUS;CICLOMOTOR;BICICLETA;OUTROS;TREM;TRACAOANIMAL;COORDENADAS
;2022-02-09 16:51:29;Rua Major Weyne;Rua Quitino Cunha;;Jardim America;;Atropelamento;;Não informado;;Cruzamento;;;0;1;0;1;0;0;0;0;0;0;0;0;0;(-38.5432878 -3.749696799999999);
;2022-02-09 16:18:48;Presidente Costa E Silva;;;Mondubim;;Colisão;;Não informado;;Meio De Quadra;;;0;1;0;1;1;0;0;0;0;0;0;0;0;(-38.5656739 -3.8177371);
;2022-02-09 15:22:19;Jose Bastos Esq Minervino De Castro;;;Benfica;;ACIDENTE ONIBUS (TRANSPORTE COLETIVO);;Não informado;;Meio De Quadra Sem Numero;;;0;1;0;0;0;0;0;1;0;0;0;0;0;(-38.5464878 -3.7410395);
;2022-02-09 15:18:42;Avenida Engenheiro Alberto Sa;;;Papicu;;Colisão;;Não informado;;Meio De Quadra;;;0;1;0;1;1;0;0;0;0;0;0;0;0;(-38.4793866 -3.733281);
;2022-02-09 14:44:47;Pereira Valente;;;Aldeota;;Colisão;;Não informado;;Meio De Quadra;;;0;1;0;1;1;0;0;0;0;0;0;0;0;(-38.4942959 -3.7330793);
;2022-02-09 14:02:18;Avenida Almirante Maximiniano Da Fonseca;;;Engenheiro Luciano Cavalcante;;Colisão;;Não informado;;Meio De Quadra Sem Numero;;;0;1;0;1;1;0;0;0;0;0;0;0;0;(-38.4869315 -3.7709497);
;2022-02-09 10:39:51;Mister Hull;;;Antonio Bezerra;;Queda;;Não informado;;Meio De Quadra Sem Numero;;;0;2;0;1;0;0;0;0;0;0;0;0;0;(-38.5918137 -3.7395231);
;2022-02-09 10:27:50;Alberto Craveiro;;;Boa Vista;;Colisão;;Não informado;;Meio De Quadra;;;0;1;0;2;0;0;0;0;0;0;0;0;0;(-38.5185552 -3.7982651);
;2022-02-09 06:04:38;Rua Professor Almino;;;Cidade Dos Funcionarios;;Queda;;Não informado;;Meio De Quadra;;;0;1;0;0;0;0;0;0;0;1;0;0;0;(0 0);
;2022-02-09 00:21:45;Osorio De Paiva;;;Siqueira;;Colisão;;Não informado;;Meio De Quadra;;;0;2;0;1;1;0;0;0;0;0;0;0;0;(-38.6049949 -3.807488);
;2022-02-09 00:17:28;Rua Amaro Jose Sousa;;;Mondubim;;Colisão;;Não informado;;Meio De Quadra;;;0;1;0;1;1;0;0;0;0;0;0;0;0;(-38.5661229 -3.8264497);
;2022-02-08 22:11:46;Eduardo Garçia;;;Aldeota;;Colisão;;Não informado;;Meio De Quadra;;;0;1;0;0;2;0;0;0;0;0;0;0;0;(0 0);
;2022-02-08 21:15:19;Castelo De Castro;;;Jangurussu;;Queda;;Não informado;;Meio De Quadra Sem Numero;;;0;1;0;0;0;0;0;0;0;1;0;0;0;(-38.5216603 -3.8435121);
;2022-02-08 21:08:13;Washington Soares;;;Messejana;;Queda;;Não informado;;Meio De Quadra;;;0;2;0;1;0;0;0;0;0;0;0;0;0;(-38.4812757 -3.8431777);
;2022-02-08 20:42:11;Expedicionario;Eduardo Girão;;Benfica;;Colisão;;Não informado;;Cruzamento;;;0;1;0;0;1;0;0;0;0;1;0;0;0;(-38.535991 -3.7477005);
;2022-02-08 20:27:50;Dom Manoel;;;Centro;;Colisão;;Não informado;;Meio De Quadra;;;0;1;0;0;2;0;0;0;0;0;0;0;0;(-38.5233593 -3.735773599999999);
;2022-02-08 19:42:17;Presidente Castelo Branco;;;Pirambu;;Colisão;;Não informado;;Meio De Quadra Sem Numero;;;0;1;0;0;1;0;0;0;0;1;0;0;0;(-38.5533245 -3.7123711);
;2022-02-08 18:48:09;Quarto Anel Viario (4° Anel Viario);;;Paupina;;Colisão;;Não informado;;Meio De Quadra;;;0;1;0;0;2;0;0;0;0;0;0;0;0;(-38.4944164 -3.8727338);
;2022-02-08 17:22:56;Sao Francisco;Rua Tamiarana;;Bonsucesso;;Colisão;;Não informado;;Cruzamento;;;0;1;0;2;0;0;0;0;0;0;0;0;0;(-38.59107789999999 -3.777702);
;2022-02-08 17:12:38;Avenida Sargento Herminio Sampaio -;;;Monte Castelo;;Colisão;;Não informado;;Meio De Quadra;;;0;1;0;0;1;0;0;0;0;1;0;0;0;(-38.5465728 -3.7248846);
;2022-02-08 16:23:30;Washington Soares;;;Coacu;;Colisão;;Não informado;;Meio De Quadra;;;0;1;0;1;1;0;0;0;0;0;0;0;0;(-38.4748893 -3.8529575);
;2022-02-08 16:05:37;Jose Bastos;;;Parangaba;;Queda;;Não informado;;Meio De Quadra;;;0;1;0;1;0;0;0;0;0;0;0;0;0;(0 0);
;2022-02-08 15:48:45;Rua Emilio De Menezes;;;Bom Jardim;;Colisão;;Não informado;;Meio De Quadra;;;0;2;0;2;0;0;0;0;0;0;0;0;0;(-38.5960848 -3.7794218);
;2022-02-08 15:47:37;Guanabara;;;Pan Americano;;Colisão;;Não informado;;Meio De Quadra;;;0;1;0;1;1;0;0;0;0;0;0;0;0;(-38.5692675 -3.7576151);
;2022-02-08 15:34:01;Desembargador Lauro Nogueira;;;Papicu;;Atropelamento;;Não informado;;Meio De Quadra Sem Numero;;;0;1;0;1;0;0;0;0;0;0;0;0;0;(-38.4765008 -3.7406845);
;2022-02-08 14:12:09;Avenida Mister Hull -;;;Antonio Bezerra;;Colisão;;Não informado;;Meio De Quadra;;;0;1;0;2;0;0;0;0;0;0;0;0;0;(-38.5881719 -3.7395139);
;2022-02-08 12:20:28;Padre Valdevino;Rua Osvaldo Cruz;;Joaquim Tavora;;Queda;;Não informado;;Cruzamento;;;0;1;0;1;0;0;0;0;0;0;0;0;0;(-38.5028994 -3.7435265);
;2022-02-08 11:49:06;Presidente Costa E Silva;;;Parque Dois Irmaos;;Colisão;;Não informado;;Meio De Quadra;;;0;1;0;1;1;0;0;0;0;0;0;0;0;(-38.5572278 -3.8209908);
;2022-02-07 23:19:32;Julio Ventura;Jose Vilar;;Aldeota;;Colisão;;Não informado;;Cruzamento;;;0;1;0;0;2;0;0;0;0;0;0;0;0;(-38.5060395 -3.7400388);
;2022-02-07 23:01:46;BR 020 KM 426;;;Ancuri;;Colisão;;Não informado;;Meio De Quadra Sem Numero;;;0;2;0;2;0;0;0;0;0;0;0;0;0;(0 0);
;2022-02-07 23:00:39;Einstein;;;Vila Peri;;Colisão;;Não informado;;Meio De Quadra;;;0;1;0;1;1;0;0;0;0;0;0;0;0;(-38.579173 -3.787629);
;2022-02-07 22:10:26;São Francisco;;;Bonsucesso;;Queda;;Não informado;;Meio De Quadra;;;0;1;0;1;0;0;0;0;0;0;0;0;0;(-38.5906436 -3.783866);
;2022-02-07 21:04:38;Rua Monsenhor Dantas -;;;Jacarecanga;;Colisão;;Não informado;;Meio De Quadra;;;0;1;0;1;1;0;0;0;0;0;0;0;0;(-38.5452008 -3.7203034);
;2022-02-07 20:46:16;Washington Soares;;;Edson Queiroz;;Colisão;;Não informado;;Meio De Quadra;;;0;1;0;1;1;0;0;0;0;0;0;0;0;(-38.4809615 -3.7802684);
;2022-02-07 20:45:40;Rua Belos Portos;;;Passare;;Queda;;Não informado;;Meio De Quadra;;;0;1;0;1;0;0;0;0;0;0;0;0;0;(-38.5264354 -3.8161916);
;2022-02-07 20:40:14;Pedro Pereira;;;Centro;;Atropelamento;;Não informado;;Meio De Quadra;;;0;1;0;0;0;0;0;0;0;1;0;0;0;(-38.5269689 -3.7300927);
;2022-02-07 20:36:16;Fernandes Tavora;Rua Tupi;;Joquei Clube;;Colisão;;Não informado;;Cruzamento;;;0;1;0;0;2;0;0;0;0;0;0;0;0;(-38.58040700000001 -3.7630855);
;2022-02-07 20:15:53;Avenida Washington Soares;;;Cambeba;;Colisão;;Não informado;;Meio De Quadra Sem Numero;;;0;1;0;0;2;0;0;0;0;0;0;0;0;(-38.4790722 -3.8070071);
;2022-02-07 20:06:18;Pasteur;Av.Leste Oeste;;Cristo Redentor;;Colisão;;Não informado;;Cruzamento;;;0;1;0;1;1;0;0;0;0;0;0;0;0;(-38.5588214 -3.7111352);
;2022-02-07 19:28:10;Alberto Craveiro;;;Dias Macedo;;Colisão;;Não informado;;Meio De Quadra Sem Numero;;;0;1;0;1;1;0;0;0;0;0;0;0;0;(-38.5169862 -3.788271);
;2022-02-07 18:58:05;Castelo De Castro;;;Jangurussu;;Colisão;;Não informado;;Meio De Quadra Sem Numero;;;0;1;0;1;1;0;0;0;0;0;0;0;0;(-38.5216603 -3.8435121);
;2022-02-07 17:30:15;Avenida Da Universidade;;;Benfica;;Colisão;;Não informado;;Meio De Quadra;;;0;1;0;1;1;0;0;0;0;0;0;0;0;(-38.5352685 -3.7368629);
;2022-02-07 17:10:08;Leonardo Mota;Eduardo Garcia;;Aldeota;;Colisão;;Não informado;;Cruzamento;;;0;1;0;1;1;0;0;0;0;0;0;0;0;(-38.4970346 -3.738852);
;2022-02-07 16:18:23;Carneiro De Mendonça;Rio Grande Do Sul;;Joquei Clube;;Colisão;;Não informado;;Cruzamento;;;0;2;0;0;1;0;0;0;0;1;0;0;0;(-38.5699794 -3.7623676);
;2022-02-07 15:24:59;Contorno Norte;;;Conjunto Esperanca;;Colisão;;Não informado;;Meio De Quadra;;;0;1;0;1;1;0;0;0;0;0;0;0;0;(-38.5895967 -3.811857);
;2022-02-07 14:19:17;Santa Julia;;;Parangaba;;Atropelamento;;Não informado;;Meio De Quadra;;;0;1;0;0;1;0;0;0;0;0;0;0;0;(-38.5681741 -3.7744003);
;2022-02-07 13:47:57;Padre Miguelino;Rua Floriano Peixoto;;Fatima;;Colisão;;Não informado;;Cruzamento;;;0;1;0;1;1;0;0;0;0;0;0;0;0;(-38.5323571 -3.7430946);
;2022-02-07 12:02:12;Senador Virgilio Tavora;;;Meireles;;Colisão;;Não informado;;Meio De Quadra;;;0;1;0;0;1;0;0;0;0;1;0;0;0;(-38.4915314 -3.7312908);
;2022-02-07 11:18:00;Jose Dantas Pereira  --Upa Canindezinho;;;Canindezinho;;Atropelamento;;Não informado;;Meio De Quadra Sem Numero;;;0;1;0;1;0;0;0;0;0;0;0;0;0;(-38.6088561 -3.8217799);
;2022-02-07 10:54:04;Genibau;Rua Belem;;Parque Genibau;;Choque c/ Obstáculo Fixo;;Não informado;;Cruzamento;;;0;1;0;0;1;0;0;0;0;0;0;0;0;(-38.5947035 -3.7619389);
;2022-02-07 10:44:54;Zeze Diogo;;;Cais Do Porto;;Atropelamento;;Não informado;;Meio De Quadra;;;0;1;0;0;1;0;0;0;0;0;0;0;0;(-38.46551280000001 -3.7150968);
;2022-02-07 05:29:02;Rua Rio Araguaia;;;Jardim Iracema;;Queda;;Não informado;;Meio De Quadra;;;0;1;0;1;0;0;0;0;0;0;0;0;0;(-38.5815378 -3.718229999999999);
;2022-02-07 04:22:46;Ildefonso Albano;;;Meireles;;Atropelamento;;Não informado;;Meio De Quadra;;;0;1;0;0;1;0;0;0;0;0;0;0;0;(-38.5095775 -3.7213616);
;2022-02-07 04:20:37;Avenida General Osorio De Paiva;;;Siqueira;;Colisão;;Não informado;;Meio De Quadra Sem Numero;;;0;1;0;0;2;0;0;0;0;0;0;0;0;(-38.6103328 -3.8133833);
;2022-02-07 03:26:35;Genibau;;;Parque Genibau;;Colisão;;Não informado;;Meio De Quadra;;;0;1;0;2;0;0;0;0;0;0;0;0;0;(-38.5984113 -3.7611741);
;2022-02-06 23:39:20;Abordagem Usb 01;;;Mondubim;;Colisão;;Não informado;;Meio De Quadra Sem Numero;;;0;1;0;0;2;0;0;0;0;0;0;0;0;(-38.5982954 -3.7994026);
;2022-02-06 23:28:28;Tres De Maio;;;Bela Vista;;Queda;;Não informado;;Meio De Quadra;;;0;1;0;0;0;0;0;0;0;1;0;0;0;(0 0);
;2022-02-06 23:16:04;Imperador;;;Centro;;Colisão;;Não informado;;Meio De Quadra;;;0;2;0;0;2;0;0;0;0;0;0;0;0;(-38.533063 -3.7233857);
;2022-02-06 22:23:40;Jorge Dumar -;;;Jardim America;;Colisão;;Não informado;;Meio De Quadra;;;0;1;0;2;0;0;0;0;0;0;0;0;0;(-38.5393442 -3.752484);
;2022-02-06 21:54:42;Abolição;;;Meireles;;Atropelamento;;Não informado;;Meio De Quadra;;;0;2;0;0;0;0;0;1;0;0;0;0;0;(-38.5038966 -3.7248635);
;2022-02-06 21:19:52;Historiador Raimundo Girao - Rui Barbosa;;;Praia De Iracema;;Colisão;;Não informado;;Meio De Quadra Sem Numero;;;0;1;0;0;1;0;0;0;0;1;0;0;0;(-38.5133008 -3.7204941);
;2022-02-06 20:13:29;Rua Alagoas  - Carlos Jereissati;;;Pici;;Colisão;;Não informado;;Meio De Quadra;;;0;2;0;1;1;0;0;0;0;0;0;0;0;(-38.5772963 -3.752986699999999);
;2022-02-06 20:01:23;Castelo De Castro;;;Jangurussu;;Colisão;;Não informado;;Meio De Quadra Sem Numero;;;0;2;0;2;0;0;0;0;0;0;0;0;0;(-38.5216603 -3.8435121);
;2022-02-06 17:39:01;Rua Coronel Joao De Oliveira;;;Messejana;;Colisão;;Não informado;;Meio De Quadra;;;0;1;0;1;1;0;0;0;0;0;0;0;0;(-38.4871996 -3.8225679);
;2022-02-06 17:19:34;Senador Carlos Jereissati;;;Não informado;;Colisão;;Não informado;;Meio De Quadra;;;0;1;0;1;1;0;0;0;0;0;0;0;0;(0 0);
;2022-02-06 16:45:36;Rua Luminosa;;;Granja Portugal;;Colisão;;Não informado;;Meio De Quadra;;;0;1;0;2;0;0;0;0;0;0;0;0;0;(-38.6053969 -3.7847274);
;2022-02-06 16:24:25;Tenente Lisboa;;;Jacarecanga;;Queda;;Não informado;;Meio De Quadra;;;0;1;0;1;0;0;0;0;0;0;0;0;0;(-38.54579320000001 -3.7183603);
;2022-02-06 16:15:19;Major Pedro Sampaio;;;Parque Araxa;;Colisão;;Não informado;;Meio De Quadra;;;0;1;0;1;1;0;0;0;0;0;0;0;0;(-38.5464758 -3.7386686);
;2022-02-06 15:17:55;Sargrnto Joao Pinheiro;;;Bom Jardim;;Atropelamento;;Não informado;;Meio De Quadra Sem Numero;;;0;1;0;0;1;0;0;0;0;0;0;0;0;(-38.6230856 -3.7838172);
;2022-02-06 15:00:15;Rua Doutor Joaquim Bento;;;Messejana;;Queda;;Não informado;;Meio De Quadra;;;0;1;0;1;0;0;0;0;0;0;0;0;0;(-38.48565960000001 -3.8284243);
;2022-02-06 14:53:16;Rua Coronel Ernesto Matos;;;Messejana;;Queda;;Não informado;;Meio De Quadra;;;0;1;0;0;0;0;0;0;0;1;0;0;0;(-38.4897352 -3.8295209);
;2022-02-06 14:49:28;Bom Jesus;;;Bom Jardim;;Atropelamento;;Não informado;;Meio De Quadra;;;0;1;0;0;1;0;0;0;0;0;0;0;0;(-38.6156681 -3.7895876);
;2022-02-06 14:31:50;Engenheiro Alberto Sa;;;Varjota;;Queda;;Não informado;;Meio De Quadra;;;0;1;0;1;0;0;0;0;0;0;0;0;0;(-38.4808342 -3.733044);
;2022-02-06 13:49:05;Afonso Lopes;;;Parque Dois Irmaos;;Colisão;;Não informado;;Meio De Quadra;;;0;1;0;1;1;0;0;0;0;0;0;0;0;(-38.5485438 -3.7945969);
;2022-02-06 08:14:53;Borges De Melo;;;Vila Uniao;;Queda;;Não informado;;Meio De Quadra;;;0;1;0;1;0;0;0;0;0;0;0;0;0;(0 0);
;2022-02-06 08:02:39;Silas Munugaba;;;Passare;;Queda;;Não informado;;Meio De Quadra Sem Numero;;;0;1;0;1;0;0;0;0;0;0;0;0;0;(-38.5297827 -3.8016075);
;2022-02-06 07:46:15;Padre Perdigão Sampaio;;;Antonio Bezerra;;Atropelamento;;Não informado;;Meio De Quadra;;;0;1;0;1;0;0;0;0;0;0;0;0;0;(-38.594887 -3.737246);
;2022-02-06 07:11:18;Rua Doutor Joaquim Bento;;;Messejana;;Colisão;;Não informado;;Meio De Quadra;;;0;1;0;1;1;0;0;0;0;0;0;0;0;(-38.4875486 -3.8282606);
;2022-02-06 06:37:02;Senador Alencar;;;Centro;;Queda;;Não informado;;Meio De Quadra;;;0;1;0;1;0;0;0;0;0;0;0;0;0;(-38.5367125 -3.722024);
;2022-02-06 05:28:15;Coronel Joao Oliveira;;;Messejana;;Queda;;Não informado;;Meio De Quadra;;;0;1;0;1;0;0;0;0;0;0;0;0;0;(-38.4851226 -3.8230106);
;2022-02-06 05:21:47;Avenida Almirante Barroso;;;Praia De Iracema;;Atropelamento;;Não informado;;Meio De Quadra;;;0;1;0;0;1;0;0;0;0;0;0;0;0;(-38.5166671 -3.720599199999999);
;2022-02-06 04:18:50;Presidente Castelo Branco;;;Pirambu;;Queda de moto;;Não informado;;Meio De Quadra Sem Numero;;;0;1;0;2;0;0;0;0;0;0;0;0;0;(-38.5533245 -3.7123711);
;2022-02-06 04:16:33;Bernardo Manuel;;;Parque Dois Irmaos;;Colisão;;Não informado;;Meio De Quadra Sem Numero;;;0;1;0;0;2;0;0;0;0;0;0;0;0;(-38.5540171 -3.8074526);
;2022-02-06 03:13:01;Silas Munguba;;;Serrinha;;Queda;;Não informado;;Meio De Quadra;;;0;1;0;1;0;0;0;0;0;0;0;0;0;(-38.53138089999999 -3.7970784);
;2022-02-06 01:52:48;Presidente Costa E Silva;;;Prefeito Jose Walter;;Queda;;Não informado;;Meio De Quadra Sem Numero;;;0;1;0;0;0;0;0;0;0;1;0;0;0;(-38.5443558 -3.8244455);
;2022-02-06 01:16:34;Presidente Castelo Branco;;;Cristo Redentor;;Queda;;Não informado;;Meio De Quadra Sem Numero;;;0;1;0;1;0;0;0;0;0;0;0;0;0;(-38.5645486 -3.7095397);
;2022-02-05 23:22:38;Sargento Joao Pinheiro;;;Bom Jardim;;Queda;;Não informado;;Meio De Quadra Sem Numero;;;0;1;0;1;0;0;0;0;0;0;0;0;0;(-38.6230856 -3.7838172);
;2022-02-05 21:34:59;Avenida Dioguinho -  Praia  Do Futuro Ii;;;Antonio Diogo;;Queda;;Não informado;;Meio De Quadra;;;0;1;0;1;0;0;0;0;0;0;0;0;0;(0 0);
;2022-02-05 19:03:43;Sargento Herminio;;;Presidente Kennedy;;Colisão;;Não informado;;Meio De Quadra Sem Numero;;;0;1;0;0;2;0;0;0;0;0;0;0;0;(-38.5709958 -3.7283072);
;2022-02-05 18:56:30;Creuza Roque;;;Manuel Satiro;;Colisão;;Não informado;;Meio De Quadra;;;0;1;0;0;1;0;0;0;0;1;0;0;0;(-38.5826303 -3.8008275);
;2022-02-05 18:23:14;Maria Gomes De Sa;;;Mondubim;;Colisão;;Não informado;;Meio De Quadra;;;0;1;0;1;1;0;0;0;0;0;0;0;0;(-38.5852271 -3.8212158);
;2022-02-05 18:08:35;Travessa Pedro Valente;Virgilio Tavora;;Aldeota;;Colisão;;Não informado;;Cruzamento;;;0;1;0;1;1;0;0;0;0;0;0;0;0;(-38.4921635 -3.7338512);
;2022-02-05 17:04:05;Nunes Valente;Rua Torres Camara;;Aldeota;;Colisão;;Não informado;;Cruzamento;;;0;1;0;0;2;0;0;0;0;0;0;0;0;(-38.5038575 -3.7366541);
;2022-02-05 15:26:29;BR 116 Km;;;Dias Macedo;;Colisão;;Não informado;;Meio De Quadra;;;0;1;0;1;1;0;0;0;0;0;0;0;0;(0 0);
;2022-02-05 15:20:48;Imperador;Duque De Caxias;;Centro;;Queda;;Não informado;;Cruzamento;;;0;1;0;1;0;0;0;0;0;0;0;0;0;(-38.5353476 -3.7300665);
;2022-02-05 13:46:12;Padre Mororo;;;Centro;;Colisão;;Não informado;;Meio De Quadra;;;0;1;0;1;1;0;0;0;0;0;0;0;0;(-38.5395991 -3.732004299999999);
;2022-02-05 13:24:01;Avenida Contorno Sul;;;Conjunto Esperanca;;Colisão;;Não informado;;Meio De Quadra;;;0;1;0;1;1;0;0;0;0;0;0;0;0;(-38.589443 -3.8185127);
;2022-02-05 13:14:12;Pedro Rodolfo;;;Mondubim;;Colisão;;Não informado;;Meio De Quadra;;;0;1;0;1;1;0;0;0;0;0;0;0;0;(-38.5831388 -3.8065603);
;2022-02-05 13:10:42;Godofredo Maciel;;;Maraponga;;Colisão;;Não informado;;Meio De Quadra;;;0;1;0;1;1;0;0;0;0;0;0;0;0;(-38.5725902 -3.8056246);
;2022-02-05 13:00:25;Izabel Maia E Silva De Alencar;;;Jose De Alencar;;Colisão;;Não informado;;Meio De Quadra;;;0;1;0;1;1;0;0;0;0;0;0;0;0;(-38.475567 -3.8164935);
;2022-02-05 10:22:13;Avenida Joao Pessoa;;;Parangaba;;Colisão;;Não informado;;Meio De Quadra;;;0;1;0;0;2;0;0;0;0;0;0;0;0;(-38.5609812 -3.7704559);
;2022-02-05 04:38:20;Mister Hull;;;Antonio Bezerra;;Colisão;;Não informado;;Meio De Quadra;;;0;1;0;1;1;0;0;0;0;0;0;0;0;(-38.5874684 -3.7389623);
;2022-02-05 04:05:59;Padre Pedro De Alencar;;;Messejana;;Queda de moto;;Não informado;;Meio De Quadra;;;0;1;0;2;0;0;0;0;0;0;0;0;0;(-38.4944163 -3.8401557);
;2022-02-05 00:31:14;Av .Bezerra De Meneses;;;Não informado;;Queda;;Não informado;;Meio De Quadra Sem Numero;;;0;1;0;0;0;0;0;0;0;1;0;0;0;(-38.5548599 -3.7335861);
;2022-02-05 00:26:18;Padre Mororo;Av Domingos Olimpio;;Centro;;Queda;;Não informado;;Cruzamento;;;0;1;0;1;0;0;0;0;0;0;0;0;0;(-38.5399131 -3.7336107);
;2022-02-04 23:58:28;Vital Brasil;;;Bonsucesso;;Colisão;;Não informado;;Meio De Quadra;;;0;2;0;1;1;0;0;0;0;0;0;0;0;(-38.5827595 -3.7821529);
;2022-02-04 23:55:20;Bezerra De Menezes;;;Farias Brito;;Queda;;Não informado;;Meio De Quadra;;;0;1;0;0;0;0;0;0;0;1;0;0;0;(-38.5627459 -3.7356955);
;2022-02-04 23:27:01;José Bastos;;;Rodolfo Teofilo;;Queda de moto;;Não informado;;Meio De Quadra;;;0;1;0;2;0;0;0;0;0;0;0;0;0;(-38.5523572 -3.7516692);
;2022-02-04 22:58:08;Avenida Desembargador Gonzaga;;;Cidade Dos Funcionarios;;Queda;;Não informado;;Meio De Quadra;;;0;1;0;0;0;0;0;0;0;1;0;0;0;(-38.498214 -3.8001885);
;2022-02-04 22:27:23;Abordagem Usb 01;;;Siqueira;;Colisão;;Não informado;;Meio De Quadra Sem Numero;;;0;1;0;0;2;0;0;0;0;0;0;0;0;(0 0);
;2022-02-04 22:22:48;Avenida General Osorio De Paiva;;;Parangaba;;Colisão;;Não informado;;Meio De Quadra;;;0;2;0;0;2;0;0;0;0;0;0;0;0;(-38.56253710000001 -3.7722269);
;2022-02-04 22:09:41;Av .Washington Soares;;;Jose De Alencar;;Colisão;;Não informado;;Meio De Quadra;;;0;1;0;0;2;0;0;0;0;0;0;0;0;(-38.478749 -3.807714);
;2022-02-04 21:49:02;Placido De Castro - Monsenhor Augustinho;;;Vila Peri;;Colisão;;Não informado;;Meio De Quadra;;;0;1;0;0;2;0;0;0;0;0;0;0;0;(-38.58574249999999 -3.7901474);
;2022-02-04 21:34:29;Avenida E;;;Conjunto Ceara;;Colisão;;Não informado;;Meio De Quadra;;;0;1;0;0;2;0;0;0;0;0;0;0;0;(-38.6047448 -3.759606);
;2022-02-04 21:29:27;Rua Dionisio Alencar Filho;;;Messejana;;Colisão;;Não informado;;Meio De Quadra;;;0;1;0;1;1;0;0;0;0;0;0;0;0;(-38.48512729999999 -3.830131199999999);
;2022-02-04 21:13:04;Dom Manuel De Medeiros - Professor Nogueira;;;Parquelandia;;Colisão;;Não informado;;Meio De Quadra;;;0;1;0;1;1;0;0;0;0;0;0;0;0;(-38.5494029 -3.735905);
;2022-02-04 20:40:15;Avenida Doutor Silas Munguba;;;Serrinha;;Colisão;;Não informado;;Meio De Quadra;;;0;1;0;1;1;0;0;0;0;0;0;0;0;(-38.5446454 -3.7885837);
;2022-02-04 19:38:40;Joao Alves Albuquerque;;;Parque Manibura;;Queda;;Não informado;;Meio De Quadra;;;0;1;0;1;0;0;0;0;0;0;0;0;0;(-38.4815267 -3.7943685);
;2022-02-04 19:25:01;Travessa Mexico - Corta;Rua Tenente Marques;;Presidente Kennedy;;Colisão;;Não informado;;Cruzamento;;;0;1;0;1;1;0;0;0;0;0;0;0;0;(-38.5733468 -3.7342721);
;2022-02-04 18:58:54;Avenida Leste Oeste;;;Pirambu;;Colisão;;Não informado;;Meio De Quadra Sem Numero;;;0;1;0;1;1;0;0;0;0;0;0;0;0;(-38.5533245 -3.7123711);
;2022-02-04 18:07:03;Monsenhor Tabosa;;;Praia De Iracema;;Colisão;;Não informado;;Meio De Quadra;;;0;2;0;2;0;0;0;0;0;0;0;0;0;(-38.5144813 -3.724130299999999);
;2022-02-04 16:42:52;Avenida  Washington Soares;;;Cambeba;;Colisão;;Não informado;;Meio De Quadra;;;0;1;0;1;1;0;0;0;0;0;0;0;0;(-38.4791196 -3.7992419);
;2022-02-04 15:10:18;Tertuliano Potiguara;Professor Dias Da Rocha;;Aldeota;;Queda;;Não informado;;Cruzamento;;;0;1;0;1;0;0;0;0;0;0;0;0;0;(-38.4946989 -3.7450405);
;2022-02-04 12:20:09;Duque De Caxias;;;Centro;;Colisão;;Não informado;;Meio De Quadra;;;0;1;0;1;1;0;0;0;0;0;0;0;0;(-38.524819 -3.7333063);
;2022-02-04 10:53:16;Avenida Juscelino Kubitschek;;;Passare;;Colisão;;Não informado;;Meio De Quadra;;;0;1;0;1;1;0;0;0;0;0;0;0;0;(-38.5294714 -3.8136467);
;2022-02-04 10:47:16;Conego De Castro;;;Manuel Satiro;;Colisão;;Não informado;;Meio De Quadra;;;0;1;0;1;1;0;0;0;0;0;0;0;0;(0 0);
;2022-02-04 09:20:46;Mario Mamede;;;Fatima;;Colisão;;Não informado;;Meio De Quadra;;;0;1;0;1;1;0;0;0;0;0;0;0;0;(-38.52732049999999 -3.7529158);
;2022-02-04 09:10:59;Avenida Quarto Anel Viario KM 42 (Bairro Santa Clara);;;(Santa Clara);;Atropelamento;;Não informado;;Meio De Quadra;;;0;1;0;0;1;0;0;0;0;0;0;0;0;(-38.5779401 -3.8450854);
;2022-02-04 08:17:57;Avenida Jose Americo;;;Cambeba;;Colisão;;Não informado;;Meio De Quadra;;;0;1;0;1;1;0;0;0;0;0;0;0;0;(-38.4983801 -3.8127347);
;2022-02-04 07:44:52;Jeronimo De Albuquerque;;;Barra Do Ceara;;Queda;;Não informado;;Meio De Quadra;;;0;1;0;1;0;0;0;0;0;0;0;0;0;(-38.5776336 -3.708200499999999);
;2022-02-04 05:05:23;Andrade Furtado;;;Cidade 2000;;Colisão;;Não informado;;Meio De Quadra;;;0;1;0;0;2;0;0;0;0;0;0;0;0;(-38.4670197 -3.749758999999999);
;2022-02-04 02:23:48;Joao Brigido C;Av. Antonio Sales;;Joaquim Tavora;;Queda;;Não informado;;Cruzamento;;;0;1;0;1;0;0;0;0;0;0;0;0;0;(-38.5159703 -3.741261);
;2022-02-03 23:58:51;Elcias Lopes;;;Itaoca;;Queda;;Não informado;;Meio De Quadra;;;0;1;0;0;0;0;0;0;0;1;0;0;0;(-38.552542 -3.7720775);
;2022-02-03 23:40:39;Verde Cinco;;;Jangurussu;;Queda;;Não informado;;Meio De Quadra;;;0;1;0;1;0;0;0;0;0;0;0;0;0;(0 0);