COD_ACIDENTE;DATA;LOG1;LOG2;NUMERO;BAIRRO;AMC;NATUREZA;ILUMINACAO;TEMPO;SUPERFICIEPISTA;TIPOCRUZAMENTO;CONTROLETRAFEGO;USOSOLO;MORTOS;FERIDOS;ILESOS;MOTOCICLETA;AUTOMOVEL;MICROONIBUS;CAMINHAO;ONIBUS;CICLOMOTOR;BICICLETA;OUTROS;TREM;TRACAOANIMAL;COORDENADAS
;2022-02-03 23:14:00;Joquei Clube;R. Ernesto Pedro Dos Santos;;Joquei Clube;;Colisão;;Não informado;;Cruzamento;;;0;1;0;1;1;0;0;0;0;0;0;0;0;(-38.5763771 -3.7627765);
;2022-02-03 21:51:38;Avenida Dioguinho;;;Vicente Pinzon;;Colisão;;Não informado;;Meio De Quadra;;;0;1;0;0;1;0;0;0;0;1;0;0;0;(-38.458027 -3.732669);
;2022-02-03 20:47:17;Avenida Julio Ventura;Tiburcio Cavalcante;;Aldeota;;Colisão;;Não informado;;Cruzamento;;;0;1;0;1;1;0;0;0;0;0;0;0;0;(-38.504072 -3.740644499999999);
;2022-02-03 20:22:24;Godofredo Maciel;;;Maraponga;;Colisão;;Não informado;;Meio De Quadra;;;0;1;0;0;2;0;0;0;0;0;0;0;0;(-38.5759353 -3.817852);
;2022-02-03 14:52:03;Valdir Diogo [A Mesma Av.Perimetral ];;;Mondubim;;Colisão;;Não informado;;Meio De Quadra;;;0;1;0;1;1;0;0;0;0;0;0;0;0;(-38.5871161 -3.7928692);
;2022-02-03 14:32:29;Duque De Caxias;;;Centro;;Queda;;Não informado;;Meio De Quadra;;;0;1;0;1;0;0;0;0;0;0;0;0;0;(-38.5253608 -3.7331346);
;2022-02-03 13:45:29;Avenida Dos Expedicionarios;;;Benfica;;Colisão;;Não informado;;Meio De Quadra;;;0;1;0;1;1;0;0;0;0;0;0;0;0;(-38.5362433 -3.7493179);
;2022-02-03 13:43:33;Francisco Sa;;;Cristo Redentor;;Queda;;Não informado;;Meio De Quadra;;;0;1;0;1;0;0;0;0;0;0;0;0;0;(-38.5708669 -3.7126057);
;2022-02-03 13:21:23;Roberto Sales -Vila Do Mar;;;Pirambu;;Colisão;;Não informado;;Meio De Quadra;;;0;2;0;2;0;0;0;0;0;0;0;0;0;(-38.5754318 -3.6986199);
;2022-02-03 13:00:22;Belo Horizonte;;;Joquei Clube;;Colisão;;Não informado;;Meio De Quadra;;;0;1;0;2;0;0;0;0;0;0;0;0;0;(-38.568742 -3.7659608);
;2022-02-03 12:50:05;Dom Xisto Albano;;;Parque Santa Rosa;;Atropelamento;;Não informado;;Meio De Quadra;;;0;1;0;0;1;0;0;0;0;0;0;0;0;(-38.5973762 -3.8097856);
;2022-02-03 11:52:49;Tres Coracoes;;;Granja Lisboa;;Colisão;;Não informado;;Meio De Quadra;;;0;1;0;1;1;0;0;0;0;0;0;0;0;(-38.6097658 -3.7869983);
;2022-02-03 11:28:25;Avenida Jovita Feitosa;;;Rodolfo Teofilo;;Queda;;Não informado;;Meio De Quadra;;;0;1;0;1;0;0;0;0;0;0;0;0;0;(-38.5539434 -3.7395863);
;2022-02-03 10:28:26;Humberto Monte;;;Amadeu Furtado;;Queda;;Não informado;;Meio De Quadra;;;0;1;0;1;0;0;0;0;0;0;0;0;0;(-38.556511 -3.7541981);
;2022-02-03 09:39:26;Rua Dom Expedito Lopes;;;Dionisio Torres;;Colisão;;Não informado;;Meio De Quadra;;;0;1;0;0;1;0;0;0;0;1;0;0;0;(0 0);
;2022-02-03 09:26:18;Br116;;;Barroso;;Colisão;;Não informado;;Meio De Quadra Sem Numero;;;0;1;0;2;0;0;0;0;0;0;0;0;0;(-38.5034701 -3.82242);
;2022-02-03 08:27:49;Francisco Sa;;;Carlito Pamplona;;Queda;;Não informado;;Meio De Quadra Sem Numero;;;0;1;0;1;0;0;0;0;0;0;0;0;0;(-38.5564955 -3.7175988);
;2022-02-03 00:59:05;Azevedo Bolao N;;;Parque Araxa;;Colisão;;Não informado;;Meio De Quadra;;;0;1;0;1;1;0;0;0;0;0;0;0;0;(-38.5466548 -3.7340312);
;2022-02-03 00:35:45;Betel;;;Itaperi;;Atropelamento;;Não informado;;Meio De Quadra;;;0;1;0;1;0;0;0;0;0;0;0;0;0;(-38.5533625 -3.7938997);
;2022-02-02 22:49:24;Aboliçao;;;Meireles;;Queda;;Não informado;;Meio De Quadra;;;0;1;0;0;0;0;0;0;0;1;0;0;0;(-38.48809019999999 -3.7259675);
;2022-02-02 21:40:12;Estrada Barao De Aquiraz;Pe Severiano;;Messejana;;Colisão;;Não informado;;Cruzamento;;;0;1;0;1;1;0;0;0;0;0;0;0;0;(-38.4890061 -3.8359133);
;2022-02-02 21:26:59;860     Terceira Etapa;;;Conjunto Ceara;;Atropelamento;;Não informado;;Meio De Quadra Sem Numero;;;0;1;0;0;0;0;0;0;0;0;1;0;0;(-38.5993337 -3.7689275);
;2022-02-02 21:15:32;Deputado Paulino Rocha;;;Cajazeiras;;Colisão;;Não informado;;Meio De Quadra;;;0;1;0;0;2;0;0;0;0;0;0;0;0;(-38.5133423 -3.8119869);
;2022-02-02 21:03:29;Avenida Antonio Sales -;;;Joaquim Tavora;;Colisão;;Não informado;;Meio De Quadra;;;0;1;0;2;0;0;0;0;0;0;0;0;0;(-38.5193761 -3.740322599999999);
;2022-02-02 20:27:23;Rua Maranguape;;;Granja Lisboa;;Queda;;Não informado;;Meio De Quadra;;;0;2;0;1;0;0;0;0;0;0;0;0;0;(-38.6209241 -3.7951584);
;2022-02-02 19:58:48;Alberto Magno;Alan Cardeck;;Montese;;Colisão;;Não informado;;Cruzamento;;;0;2;0;1;1;0;0;0;0;0;0;0;0;(-38.5484941 -3.7632253);
;2022-02-02 19:45:46;Capitao Theogenes Gondim;;;Granja Portugal;;Queda;;Não informado;;Meio De Quadra;;;0;1;0;1;0;0;0;0;0;0;0;0;0;(-38.5981448 -3.7740695);
;2022-02-02 18:46:36;Coronel Fabriciano;;;Granja Portugal;;Colisão;;Não informado;;Meio De Quadra;;;0;1;0;0;2;0;0;0;0;0;0;0;0;(-38.6043969 -3.7838302);
;2022-02-02 17:39:09;Avenida Mozart Pinheiro De Lucena;;;Vila Velha;;Colisão;;Não informado;;Meio De Quadra;;;0;1;0;1;1;0;0;0;0;0;0;0;0;(-38.5947216 -3.715551);
;2022-02-02 17:30:52;Avenida De Borges De Melo;;;Fatima;;Colisão;;Não informado;;Meio De Quadra;;;0;1;0;1;1;0;0;0;0;0;0;0;0;(-38.5333503 -3.7579277);
;2022-02-02 17:11:19;Vicente Linhares;;;Aldeota;;Colisão;;Não informado;;Meio De Quadra;;;0;1;0;1;1;0;0;0;0;0;0;0;0;(-38.4998565 -3.7420164);
;2022-02-02 16:52:39;Avenida Heraclito Graça -;;;Centro;;Colisão;;Não informado;;Meio De Quadra;;;0;1;0;1;1;0;0;0;0;0;0;0;0;(-38.5232393 -3.7340424);
;2022-02-02 16:36:23;Avenida F;;;Conjunto Esperanca;;Colisão;;Não informado;;Meio De Quadra;;;0;1;0;1;1;0;0;0;0;0;0;0;0;(0 0);
;2022-02-02 12:14:36;Rua Guara;;;Parangaba;;Colisão;;Não informado;;Meio De Quadra Sem Numero;;;0;1;0;0;1;0;0;0;0;1;0;0;0;(-38.5586851 -3.7758021);
;2022-02-02 11:53:16;Pontes Vieira;;;Joaquim Tavora;;Colisão;;Não informado;;Meio De Quadra;;;0;1;0;0;2;0;0;0;0;0;0;0;0;(-38.5131575 -3.7523747);
;2022-02-02 11:43:12;Deputado Paulino Rocha;;;Cajazeiras;;Colisão;;Não informado;;Meio De Quadra;;;0;1;0;1;1;0;0;0;0;0;0;0;0;(-38.5081494 -3.8096377);
;2022-02-02 10:59:39;Da Saudade;;;Montese;;Colisão;;Não informado;;Meio De Quadra;;;0;1;0;1;1;0;0;0;0;0;0;0;0;(-38.5452348 -3.7699017);
;2022-02-02 10:35:24;Silas Monguba;;;Parangaba;;Queda;;Não informado;;Meio De Quadra;;;0;1;0;1;0;0;0;0;0;0;0;0;0;(-38.5594439 -3.7790425);
;2022-02-02 09:15:16;1 De Janeiro;;;Maraponga;;Colisão;;Não informado;;Meio De Quadra;;;0;1;0;1;1;0;0;0;0;0;0;0;0;(0 0);
;2022-02-02 02:55:39;Alberto Magno;;;Montese;;Colisão;;Não informado;;Meio De Quadra Sem Numero;;;0;1;0;1;1;0;0;0;0;0;0;0;0;(-38.5484941 -3.7632253);
;2022-02-02 02:37:18;Mister Hull;;;Antonio Bezerra;;Queda;;Não informado;;Meio De Quadra Sem Numero;;;0;1;0;1;0;0;0;0;0;0;0;0;0;(-38.5918137 -3.7395231);
;2022-02-02 01:20:06;Rua Sargento Joao Pinheiro;;;Bom Jardim;;Queda;;Não informado;;Meio De Quadra Sem Numero;;;0;1;0;1;0;0;0;0;0;0;0;0;0;(-38.6230856 -3.7838172);
;2022-02-02 00:14:26;BR 116  -;;;Paupina;;Colisão;;Não informado;;Meio De Quadra;;;0;1;0;1;1;0;0;0;0;0;0;0;0;(0 0);
;2022-02-02 00:00:45;Rua Nova Conquista -;;;Bom Jardim;;Colisão;;Não informado;;Meio De Quadra;;;0;1;0;2;0;0;0;0;0;0;0;0;0;(-38.6082064 -3.7930263);
;2022-02-01 23:21:22;Glauco Lobo;;;Parque Sao Jose;;Colisão;;Não informado;;Meio De Quadra Sem Numero;;;0;2;0;2;0;0;0;0;0;0;0;0;0;(-38.5812889 -3.8060803);
;2022-02-01 22:16:35;Presidente Costa E Silva;Godofredo Marciel.;;Mondubim;;Colisão;;Não informado;;Cruzamento;;;0;1;0;1;1;0;0;0;0;0;0;0;0;(-38.5747039 -3.8118615);
;2022-02-01 21:18:08;Ceara;;;Democrito Rocha;;Colisão;;Não informado;;Meio De Quadra;;;0;1;0;1;1;0;0;0;0;0;0;0;0;(-38.568947 -3.7569707);
;2022-02-01 20:56:59;Rio Grande Do Sul;;;Bela Vista;;Atropelamento;;Não informado;;Meio De Quadra;;;0;1;0;1;0;0;0;0;0;0;0;0;0;(-38.5630331 -3.7516056);
;2022-02-01 20:15:09;Rua Joaquim Nabuco;;;Sao Joao Do Tauape;;Queda;;Não informado;;Meio De Quadra;;;0;1;0;0;0;0;0;0;0;1;0;0;0;(-38.5071437 -3.7525126);
;2022-02-01 20:04:23;Carneiro De Mendonça;;;Joquei Clube;;Colisão;;Não informado;;Meio De Quadra;;;0;1;0;1;1;0;0;0;0;0;0;0;0;(-38.5717843 -3.7612978);
;2022-02-01 20:00:34;Juscelino Kubitschek;;;Passare;;Colisão;;Não informado;;Meio De Quadra Sem Numero;;;0;1;0;1;1;0;0;0;0;0;0;0;0;(-38.5321687 -3.8168436);
;2022-02-01 19:47:57;Frei  Cirilo;;;Messejana;;Queda;;Não informado;;Meio De Quadra Sem Numero;;;0;1;0;1;0;0;0;0;0;0;0;0;0;(-38.4968631 -3.8184466);
;2022-02-01 19:44:33;Pedro De Queiroz;Cesar Fontenele;;Parquelandia;;Colisão;;Não informado;;Cruzamento;;;0;1;0;1;1;0;0;0;0;0;0;0;0;(-38.558514 -3.7461172);
;2022-02-01 19:40:07;Professor Samuel Munguba;Professor João Bosco;;Rodolfo Teofilo;;Colisão;;Não informado;;Cruzamento;;;0;2;0;0;2;0;0;0;0;0;0;0;0;(-38.5438193 -3.7415071);
;2022-02-01 19:10:30;Julio Alcides;Godofredo Maciel;;Maraponga;;Colisão;;Não informado;;Cruzamento;;;0;1;0;1;1;0;0;0;0;0;0;0;0;(-38.5667298 -3.7878613);
;2022-02-01 18:06:04;BR 116 KM 4;;;Cidade Dos Funcionarios;;Queda;;Não informado;;Meio De Quadra;;;0;1;0;1;0;0;0;0;0;0;0;0;0;(0 0);
;2022-02-01 17:28:35;Rua Joao Brigido;;;Joaquim Tavora;;Colisão;;Não informado;;Meio De Quadra;;;0;1;0;1;1;0;0;0;0;0;0;0;0;(-38.5170102 -3.7402804);
;2022-02-01 15:47:49;Azevedo Barreto;;;Autran Nunes;;Queda;;Não informado;;Meio De Quadra;;;0;1;0;0;0;0;0;0;0;1;0;0;0;(-38.5934404 -3.7502602);
;2022-02-01 11:38:46;Mocambique;Rua Luis Mariano;;Parque Genibau;;Colisão;;Não informado;;Cruzamento;;;0;1;0;0;2;0;0;0;0;0;0;0;0;(-38.5987051 -3.7622193);
;2022-02-01 11:08:44;Washington Soares;;;Messejana;;Colisão;;Não informado;;Meio De Quadra;;;0;3;0;0;2;0;0;0;0;0;0;0;0;(0 0);
;2022-02-01 10:53:18;Perimentral;;;Messejana;;Colisão;;Não informado;;Meio De Quadra;;;0;1;0;2;0;0;0;0;0;0;0;0;0;(-38.5327995 -3.8276466);
;2022-02-01 10:40:36;Tenente Lisboa;;;Carlito Pamplona;;Atropelamento;;Não informado;;Meio De Quadra;;;0;1;0;0;0;0;0;0;0;0;1;0;0;(-38.5605899 -3.7190329);
;2022-02-01 10:36:18;Gilberto Studart;Almeida Prado;;Papicu;;Colisão;;Não informado;;Cruzamento;;;0;3;0;2;0;0;0;0;0;0;0;0;0;(-38.4775748 -3.7447192);
;2022-02-01 09:47:08;N;Av F;;Prefeito Jose Walter;;Colisão;;Não informado;;Cruzamento;;;0;1;0;1;1;0;0;0;0;0;0;0;0;(-38.5577469 -3.8357103);
;2022-02-01 09:40:57;Oscar França;;;Bom Jardim;;Colisão;;Não informado;;Meio De Quadra;;;0;1;0;1;1;0;0;0;0;0;0;0;0;(-38.6261061 -3.783689);
;2022-02-01 06:35:12;Tenente Wilson;Capitao Vasconcelos;;Aerolandia;;Queda;;Não informado;;Cruzamento;;;0;1;0;1;0;0;0;0;0;0;0;0;0;(-38.5162941 -3.7698686);
;2022-02-01 01:24:46;Rio Grande Do Sul;Rua Alagoas;;Democrito Rocha;;Colisão;;Não informado;;Cruzamento;;;0;1;0;1;1;0;0;0;0;0;0;0;0;(-38.5694175 -3.7614433);
;2022-01-31 22:43:18;Carvalho Nogueira;Leandro Henrique;;Siqueira;;Colisão;;Não informado;;Cruzamento;;;0;1;0;2;0;0;0;0;0;0;0;0;0;(-38.6258959 -3.8127814);
;2022-01-31 22:18:17;Com Maria Julia;R. Franciscano;;Bom Jardim;;Queda;;Não informado;;Cruzamento;;;0;1;0;1;0;0;0;0;0;0;0;0;0;(-38.6027508 -3.8009374);
;2022-01-31 21:59:36;Pontes Vieira;;;Sao Joao Do Tauape;;Queda;;Não informado;;Meio De Quadra Sem Numero;;;0;1;0;1;0;0;0;0;0;0;0;0;0;(-38.5088461 -3.7521368);
;2022-01-31 20:43:26;Rua Chui;Rua Audizio  Pinheiro;;Joao Xxiii;;Colisão;;Não informado;;Cruzamento;;;0;1;0;1;1;0;0;0;0;0;0;0;0;(-38.5930521 -3.7665614);
;2022-01-31 20:09:35;Pompilho Gomes;;;Jangurussu;;Colisão;;Não informado;;Meio De Quadra;;;0;1;0;0;1;0;0;0;0;1;0;0;0;(-38.5209764 -3.8145353);
;2022-01-31 19:31:54;Luis Torres;Rua França;;Maraponga;;Colisão;;Não informado;;Cruzamento;;;0;1;0;1;1;0;0;0;0;0;0;0;0;(-38.5636661 -3.7927931);
;2022-01-31 18:33:30;Dos  Expercionarios;;;Fatima;;Colisão;;Não informado;;Meio De Quadra;;;0;1;0;1;1;0;0;0;0;0;0;0;0;(-38.53651 -3.7486534);
;2022-01-31 17:55:25;Martoso Filho;Perdigão Sampaio;;Quintino Cunha;;Colisão;;Não informado;;Cruzamento;;;0;1;0;0;2;0;0;0;0;0;0;0;0;(-38.5957857 -3.734676899999999);
;2022-01-31 17:43:57;Alberto Craveiro;;;Dias Macedo;;Colisão;;Não informado;;Meio De Quadra;;;0;1;0;2;0;0;0;0;0;0;0;0;0;(-38.5168931 -3.7831769);
;2022-01-31 15:34:34;Inacio Vasconcelos;Rua Fausto Aguiar;;Messejana;;Colisão;;Não informado;;Cruzamento;;;0;1;0;1;1;0;0;0;0;0;0;0;0;(-38.4927761 -3.8111562);
;2022-01-31 14:39:53;Pauliro Barroso;Guilherme Vieira;;Maraponga;;Colisão;;Não informado;;Cruzamento;;;0;1;0;1;1;0;0;0;0;0;0;0;0;(-38.569131 -3.799013299999999);
;2022-01-31 14:14:05;Rua Friesio Barroso;;;Mondubim;;Queda;;Não informado;;Meio De Quadra;;;0;1;0;1;0;0;0;0;0;0;0;0;0;(0 0);
;2022-01-31 11:59:24;C;;;Prefeito Jose Walter;;Colisão;;Não informado;;Meio De Quadra;;;0;1;0;1;1;0;0;0;0;0;0;0;0;(-38.5489144 -3.8277701);
;2022-01-31 10:52:36;Almirante Henrique Saboia;;;Papicu;;Queda;;Não informado;;Meio De Quadra Sem Numero;;;0;1;0;1;0;0;0;0;0;0;0;0;0;(-38.4848306 -3.7362911);
;2022-01-31 10:11:27;Coronel Virgilio Nogueira;;;Bom Jardim;;Queda;;Não informado;;Meio De Quadra;;;0;1;0;1;0;0;0;0;0;0;0;0;0;(-38.6092413 -3.790603099999999);
;2022-01-31 10:01:20;Emilio De Menezes;;;Bonsucesso;;Colisão;;Não informado;;Meio De Quadra;;;0;1;0;1;1;0;0;0;0;0;0;0;0;(-38.5853736 -3.7823974);
;2022-01-31 07:00:19;Osorio De Paiva;;;Vila Peri;;Colisão;;Não informado;;Meio De Quadra;;;0;1;0;2;0;0;0;0;0;0;0;0;0;(-38.5846448 -3.7872945);
;2022-01-31 00:53:52;Av Azevedo Bolao;;;Sao Gerardo;;Colisão;;Não informado;;Meio De Quadra Sem Numero;;;0;1;0;2;0;0;0;0;0;0;0;0;0;(-38.5517153 -3.7354109);
;2022-01-30 23:42:08;J (Cj Beira Rio);;;Vila Velha;;Colisão;;Não informado;;Meio De Quadra;;;0;2;0;1;1;0;0;0;0;0;0;0;0;(0 0);
;2022-01-30 23:04:43;Av. Aboliçao;;;Meireles;;Colisão;;Não informado;;Meio De Quadra;;;0;1;0;0;2;0;0;0;0;0;0;0;0;(-38.4968581 -3.7271001);
;2022-01-30 22:59:17;Miguel Gonçalves -;Joao Pessoa;;Montese;;Colisão;;Não informado;;Cruzamento;;;0;1;0;1;1;0;0;0;0;0;0;0;0;(-38.5550759 -3.7587176);
;2022-01-30 21:57:41;Avenida Doutor Theberge;;;Presidente Kennedy;;Colisão;;Não informado;;Meio De Quadra;;;0;1;0;1;1;0;0;0;0;0;0;0;0;(-38.567787 -3.723198);
;2022-01-30 21:08:29;Boa Vista;Rua Tupi;;Joao Xxiii;;Colisão;;Não informado;;Cruzamento;;;0;1;0;1;1;0;0;0;0;0;0;0;0;(-38.584067 -3.7700912);
;2022-01-30 19:55:24;Duque De Caxias;Av. Imperador;;Centro;;Colisão;;Não informado;;Cruzamento;;;0;3;0;0;2;0;0;0;0;0;0;0;0;(-38.5353476 -3.7300665);
;2022-01-30 19:33:59;Rua Santo Inacio;;;Moura Brasil;;Queda;;Não informado;;Meio De Quadra;;;0;1;0;0;0;0;0;0;0;1;0;0;0;(-38.5361455 -3.719023299999999);
;2022-01-30 19:11:20;Avenida Mister Hull -;;;Presidente Kennedy;;Queda;;Não informado;;Meio De Quadra Sem Numero;;;0;1;0;0;0;0;0;0;0;1;0;0;0;(-38.5736743 -3.7369751);
;2022-01-30 17:31:03;Sousa Tavares;;;Bonsucesso;;Colisão;;Não informado;;Meio De Quadra;;;0;1;0;1;1;0;0;0;0;0;0;0;0;(0 0);
;2022-01-30 17:20:45;Souza Carvalho;;;Bonsucesso;;Colisão;;Não informado;;Meio De Quadra;;;0;1;0;1;1;0;0;0;0;0;0;0;0;(-38.5924462 -3.7826679);
;2022-01-30 16:40:35;Sargento Joao Pinheiro;;;Bom Jardim;;Queda;;Não informado;;Meio De Quadra Sem Numero;;;0;1;0;1;0;0;0;0;0;0;0;0;0;(-38.6230856 -3.7838172);
;2022-01-30 15:01:15;Jose Abilio;Rua Antonio Bery;;Granja Portugal;;Colisão;;Não informado;;Cruzamento;;;0;2;0;2;0;0;0;0;0;0;0;0;0;(-38.60157270000001 -3.7830208);
;2022-01-30 14:35:04;Beira Mar;;;Praia De Iracema;;Queda;;Não informado;;Meio De Quadra;;;0;1;0;1;0;0;0;0;0;0;0;0;0;(-38.5121072 -3.7202714);
;2022-01-30 04:21:11;Alberto Magno;;;Jardim America;;Atropelamento;;Não informado;;Meio De Quadra;;;0;1;0;0;1;0;0;0;0;0;0;0;0;(-38.5418647 -3.7555321);
;2022-01-30 03:30:47;Capitão Vasconcelos;;;Aerolandia;;Queda;;Não informado;;Meio De Quadra;;;0;1;0;1;0;0;0;0;0;0;0;0;0;(-38.5177961 -3.7618771);
;2022-01-30 02:22:23;Presidente Castelo Branco;;;Cristo Redentor;;Queda de moto;;Não informado;;Meio De Quadra Sem Numero;;;0;1;0;2;0;0;0;0;0;0;0;0;0;(-38.5645486 -3.7095397);
;2022-01-30 01:19:12;Desembargador Hermes Parahyba;;;Barra Do Ceara;;Atropelamento;;Não informado;;Meio De Quadra;;;0;1;0;0;1;0;0;0;0;0;0;0;0;(-38.5901912 -3.7137091);
;2022-01-30 00:02:49;Conego De Castro;;;Vila Peri;;Colisão;;Não informado;;Meio De Quadra;;;0;1;0;1;1;0;0;0;0;0;0;0;0;(-38.5845277 -3.7968743);
;2022-01-29 23:39:41;Oscar Araripe;;;Bom Jardim;;Colisão;;Não informado;;Meio De Quadra;;;0;1;0;1;1;0;0;0;0;0;0;0;0;(-38.6116617 -3.7870136);
;2022-01-29 23:13:40;Edilson Brasil Soares;;;Sapiranga;;Colisão;;Não informado;;Meio De Quadra;;;0;1;0;0;2;0;0;0;0;0;0;0;0;(-38.464641 -3.787838599999999);
;2022-01-29 23:03:49;Mozart Pinheiro De Lucena -;;;Vila Velha;;Queda;;Não informado;;Meio De Quadra;;;0;1;0;0;0;0;0;0;0;1;0;0;0;(-38.5983396 -3.7268128);
;2022-01-29 21:29:09;Avenida Odilon Guimaraes -;;;Lagoa Redonda;;Atropelamento;;Não informado;;Meio De Quadra;;;0;1;0;0;1;0;0;0;0;0;0;0;0;(-38.4670646 -3.814365);
;2022-01-29 20:03:21;Rua Carlos Walraven -;;;Jardim Guanabara;;Colisão;;Não informado;;Meio De Quadra;;;0;1;0;0;2;0;0;0;0;0;0;0;0;(-38.5893783 -3.7206861);
;2022-01-29 19:29:38;Betel  --  Upa Itaperi;;;Itaperi;;Atropelamento;;Não informado;;Meio De Quadra Sem Numero;;;0;1;0;0;1;0;0;0;0;0;0;0;0;(-38.554645 -3.7957187);
;2022-01-29 19:15:33;Avenida Puebla;;;Prefeito Jose Walter;;Atropelamento;;Não informado;;Meio De Quadra;;;0;1;0;1;0;0;0;0;0;0;0;0;0;(-38.563222 -3.8399424);
;2022-01-29 18:50:35;Rua 1021 - Residencial Alameda Das Palmeiras;;;Pedras;;Queda;;Não informado;;Meio De Quadra Sem Numero;;;0;1;0;1;0;0;0;0;0;0;0;0;0;(-38.5169596 -3.8752825);
;2022-01-29 18:11:02;Rua Jose Augusto De Oliveira;;;Planalto Ayrton Senna;;Colisão;;Não informado;;Meio De Quadra;;;0;1;0;1;1;0;0;0;0;0;0;0;0;(-38.5713894 -3.8280103);
;2022-01-29 15:45:44;Washigton Soares;;;Sapiranga;;Colisão;;Não informado;;Meio De Quadra Sem Numero;;;0;1;0;1;1;0;0;0;0;0;0;0;0;(-38.4798948 -3.7977666);
;2022-01-29 15:32:06;Augusto Dos Anjos;;;Siqueira;;Colisão;;Não informado;;Meio De Quadra;;;0;1;0;2;0;0;0;0;0;0;0;0;0;(-38.5845109 -3.7860674);
;2022-01-29 12:56:39;Francisca Clotilde;;;Rodolfo Teofilo;;Colisão;;Não informado;;Meio De Quadra;;;0;1;0;1;1;0;0;0;0;0;0;0;0;(-38.554832 -3.7450271);
;2022-01-29 09:57:50;Rua Josias Paula De Sousa;;;Vicente Pinzon;;Atropelamento;;Não informado;;Meio De Quadra;;;0;1;0;1;0;0;0;0;0;0;0;0;0;(0 0);
;2022-01-29 04:43:54;Pereira Filgueiras (;Rua Dom Joaquim);;Aldeota;;Colisão;;Não informado;;Cruzamento;;;0;1;0;0;2;0;0;0;0;0;0;0;0;(-38.5171024 -3.7270044);
;2022-01-29 00:19:52;Jose Bastos;Rio Grande Do Norte;;Democrito Rocha;;Atropelamento;;Não informado;;Cruzamento;;;0;1;0;0;1;0;0;0;0;0;0;0;0;(-38.5592006 -3.7574944);
;2022-01-28 23:17:46;Eunice;;;Messejana;;Atropelamento;;Não informado;;Meio De Quadra;;;0;2;0;1;0;0;0;0;0;0;0;0;0;(-38.4919321 -3.8399217);
;2022-01-28 23:16:10;Humberto Monte;;;Pici;;Atropelamento;;Não informado;;Meio De Quadra Sem Numero;;;0;1;0;0;1;0;0;0;0;0;0;0;0;(-38.5674402 -3.7409193);
;2022-01-28 23:05:36;Doutor Jose Furtado Esq;Maximo Linhares;;Cidade Dos Funcionarios;;Colisão;;Não informado;;Cruzamento;;;0;1;0;1;1;0;0;0;0;0;0;0;0;(-38.4925006 -3.7988118);
;2022-01-28 22:42:14;Tulipa;;;Jardim Iracema;;Colisão;;Não informado;;Meio De Quadra;;;0;1;0;2;0;0;0;0;0;0;0;0;0;(-38.5792581 -3.713884);
;2022-01-28 22:04:58;Maria Gomes De Sa;;;Mondubim;;Queda;;Não informado;;Meio De Quadra;;;0;1;0;1;0;0;0;0;0;0;0;0;0;(-38.5831803 -3.8243921);
;2022-01-28 20:59:54;Doutor Theberge;;;Carlito Pamplona;;Colisão;;Não informado;;Meio De Quadra;;;0;1;0;1;1;0;0;0;0;0;0;0;0;(-38.5644379 -3.7128023);
;2022-01-28 20:23:07;Luciano Carneiro;;;Vila Uniao;;Queda;;Não informado;;Meio De Quadra;;;0;1;0;1;0;0;0;0;0;0;0;0;0;(-38.5370845 -3.7655748);
;2022-01-28 19:50:42;Washington Soares  - Rua Doutor  Valmir Pontes;;;Edson Queiroz;;Queda;;Não informado;;Meio De Quadra;;;0;1;0;1;0;0;0;0;0;0;0;0;0;(0 0);
;2022-01-28 18:54:37;Avenida Luciano Carneiro;Eduardo Girão;;Fatima;;Queda;;Não informado;;Cruzamento;;;0;1;0;0;0;0;0;0;0;1;0;0;0;(-38.5334899 -3.7542494);
;2022-01-28 17:13:16;Rua Castro De Alencar;;;Jardim Das Oliveiras;;Queda;;Não informado;;Meio De Quadra;;;0;1;0;1;0;0;0;0;0;0;0;0;0;(-38.5065637 -3.7818723);
;2022-01-28 15:09:53;C  >  Conj  Sitio São Joao;;;Messejana;;Queda;;Não informado;;Meio De Quadra;;;0;1;0;1;0;0;0;0;0;0;0;0;0;(-38.5155176 -3.8486229);
;2022-01-28 14:26:18;Felino Barroso;;;Fatima;;Atropelamento;;Não informado;;Meio De Quadra;;;0;1;0;0;0;0;1;0;0;0;0;0;0;(-38.528077 -3.7463778);
;2022-01-28 12:21:33;Senador Virgilio Tavora;;;Dionisio Torres;;Queda;;Não informado;;Meio De Quadra;;;0;1;0;1;0;0;0;0;0;0;0;0;0;(-38.4954569 -3.744408699999999);
;2022-01-28 11:18:25;Rua Monsenhor Dantas;;;Jacarecanga;;Queda;;Não informado;;Meio De Quadra;;;0;1;0;1;0;0;0;0;0;0;0;0;0;(-38.5452008 -3.7203034);
;2022-01-28 11:09:30;Rua Soriano Albuquerque;;;Joaquim Tavora;;Queda;;Não informado;;Meio De Quadra;;;0;2;0;1;0;0;0;0;0;0;0;0;0;(-38.5188836 -3.7481247);
;2022-01-28 09:59:17;Barao De Aquiraz;;;Paupina;;Colisão;;Não informado;;Meio De Quadra;;;0;1;0;2;0;0;0;0;0;0;0;0;0;(-38.4835234 -3.8424819);
;2022-01-28 04:43:45;3.0;;;Quintino Cunha;;Colisão;;Não informado;;Meio De Quadra;;;0;1;0;1;1;0;0;0;0;0;0;0;0;(0 0);