COD_ACIDENTE;DATA;LOG1;LOG2;NUMERO;BAIRRO;AMC;NATUREZA;ILUMINACAO;TEMPO;SUPERFICIEPISTA;TIPOCRUZAMENTO;CONTROLETRAFEGO;USOSOLO;MORTOS;FERIDOS;ILESOS;MOTOCICLETA;AUTOMOVEL;MICROONIBUS;CAMINHAO;ONIBUS;CICLOMOTOR;BICICLETA;OUTROS;TREM;TRACAOANIMAL;COORDENADAS
;2022-01-28 03:03:27;Abolicao;;;Meireles;;Queda;;Não informado;;Meio De Quadra;;;0;1;0;1;0;0;0;0;0;0;0;0;0;(-38.4990558 -3.726347499999999);
;2022-01-28 02:31:52;Aboliçao;;;Meireles;;Queda de moto;;Não informado;;Meio De Quadra;;;0;1;0;2;0;0;0;0;0;0;0;0;0;(-38.4937798 -3.7274751);
;2022-01-28 02:23:13;Jose Hipolito;Padre Pedro De Alencar;;Messejana;;Colisão;;Não informado;;Cruzamento;;;0;1;0;0;2;0;0;0;0;0;0;0;0;(-38.4941088 -3.8327354);
;2022-01-28 00:43:36;Coronel Juca;;;Aldeota;;Colisão;;Não informado;;Meio De Quadra;;;0;2;0;1;1;0;0;0;0;0;0;0;0;(-38.4898785 -3.733699099999999);
;2022-01-27 23:57:28;Major Verissimo;Barão Do Crato;;Vila Ellery;;Colisão;;Não informado;;Cruzamento;;;0;1;0;1;1;0;0;0;0;0;0;0;0;(-38.5627147 -3.722071999999999);
;2022-01-27 22:58:11;Godofredo Maciel;;;Planalto Ayrton Senna;;Atropelamento;;Não informado;;Meio De Quadra;;;0;1;0;1;0;0;0;0;0;0;0;0;0;(-38.57856 -3.82386);
;2022-01-27 22:55:31;Beira Mar;;;Praia De Iracema;;Queda;;Não informado;;Meio De Quadra Sem Numero;;;0;1;0;0;0;0;0;0;0;1;0;0;0;(-38.5119907 -3.720142);
;2022-01-27 20:10:02;Julio Braga;;;Joao Xxiii;;Colisão;;Não informado;;Meio De Quadra;;;0;1;0;1;1;0;0;0;0;0;0;0;0;(-38.5832925 -3.7744116);
;2022-01-27 20:03:00;Mister Hull;;;Antonio Bezerra;;Colisão;;Não informado;;Meio De Quadra;;;0;1;0;0;1;0;0;0;0;1;0;0;0;(0 0);
;2022-01-27 20:01:40;Avenida Mozart Pinheiro De Lucena;;;Vila Velha;;Colisão;;Não informado;;Meio De Quadra;;;0;1;0;1;1;0;0;0;0;0;0;0;0;(-38.5942809 -3.7139338);
;2022-01-27 19:41:58;Rua Das Oiticicas;;;Passare;;Colisão;;Não informado;;Meio De Quadra;;;0;1;0;1;1;0;0;0;0;0;0;0;0;(-38.5361612 -3.806204999999999);
;2022-01-27 19:15:21;Rua Dos Navegantes;;;Floresta;;Queda;;Não informado;;Meio De Quadra;;;0;1;0;0;0;0;0;0;0;1;0;0;0;(-38.5740048 -3.7125217);
;2022-01-27 17:17:47;Avenida Professor Jose Arthur De Carvalho;;;Curio;;Colisão;;Não informado;;Meio De Quadra;;;0;1;0;1;1;0;0;0;0;0;0;0;0;(-38.468804 -3.827538);
;2022-01-27 16:22:11;Bezerra De Meneses;;;Sao Gerardo;;Atropelamento;;Não informado;;Meio De Quadra;;;0;1;0;0;1;0;0;0;0;0;0;0;0;(-38.5502489 -3.733859199999999);
;2022-01-27 12:37:31;Domingos Olimpio;Rua Princesa Isabel;;Centro;;Queda;;Não informado;;Cruzamento;;;0;1;0;1;0;0;0;0;0;0;0;0;0;(-38.5378303 -3.7345717);
;2022-01-27 12:05:06;Avenida Presidente Castelo Branco -;;;Pirambu;;Queda;;Não informado;;Meio De Quadra;;;0;1;0;1;0;0;0;0;0;0;0;0;0;(-38.5502009 -3.7130573);
;2022-01-27 11:22:58;BR 116 KM 5;;;Messejana;;Colisão;;Não informado;;Meio De Quadra Sem Numero;;;0;1;0;1;1;0;0;0;0;0;0;0;0;(0 0);
;2022-01-27 10:29:09;Aguanambi;;;Fatima;;Queda;;Não informado;;Meio De Quadra Sem Numero;;;0;1;0;1;0;0;0;0;0;0;0;0;0;(-38.5236413 -3.7512287);
;2022-01-27 01:25:02;Minas Gerais;;;Democrito Rocha;;Queda;;Não informado;;Meio De Quadra;;;0;1;0;1;0;0;0;0;0;0;0;0;0;(-38.5676166 -3.759672499999999);
;2022-01-27 00:05:33;Val Paraiso;;;Jangurussu;;Queda;;Não informado;;Meio De Quadra;;;0;1;0;1;0;0;0;0;0;0;0;0;0;(-38.5196822 -3.8463468);
;2022-01-26 23:29:40;Pereira Valente;;;Varjota;;Colisão;;Não informado;;Meio De Quadra;;;0;1;0;1;1;0;0;0;0;0;0;0;0;(-38.496571 -3.732634);
;2022-01-26 22:55:09;Ministro Jose Americo;;;Cambeba;;Colisão;;Não informado;;Meio De Quadra Sem Numero;;;0;1;0;1;0;0;1;0;0;0;0;0;0;(-38.4863826 -3.8091057);
;2022-01-26 19:34:09;Rua 9 (Cj Joao Paulo Ii);;;Barroso;;Colisão;;Não informado;;Meio De Quadra;;;0;1;0;2;0;0;0;0;0;0;0;0;0;(0 0);
;2022-01-26 19:01:02;Godolfredo Maciel;;;Maraponga;;Colisão;;Não informado;;Meio De Quadra;;;0;1;0;1;1;0;0;0;0;0;0;0;0;(-38.5723434 -3.8051849);
;2022-01-26 17:18:59;Travessa Alexandre;Rua Indiara;;Siqueira;;Colisão;;Não informado;;Cruzamento;;;0;1;0;1;1;0;0;0;0;0;0;0;0;(-38.609279 -3.8054888);
;2022-01-26 13:22:35;Isabel Barbosa;;;Sapiranga;;Queda;;Não informado;;Meio De Quadra;;;0;1;0;0;0;0;0;0;0;1;0;0;0;(-38.460931 -3.7961537);
;2022-01-26 11:48:37;Jaime Benevolo;;;Fatima;;Queda;;Não informado;;Meio De Quadra;;;0;1;0;1;0;0;0;0;0;0;0;0;0;(-38.5292846 -3.7442063);
;2022-01-26 09:54:26;1018.0;;;Conjunto Ceara;;Queda de moto;;Não informado;;Meio De Quadra;;;0;1;0;2;0;0;0;0;0;0;0;0;0;(0 0);
;2022-01-26 09:03:51;Jos[E America;;;Parque Iracema;;Atropelamento;;Não informado;;Meio De Quadra Sem Numero;;;0;1;0;0;1;0;0;0;0;0;0;0;0;(-38.4906333 -3.8077437);
;2022-01-26 05:36:59;Tailandia;;;Parque Genibau;;Queda;;Não informado;;Meio De Quadra;;;0;1;0;1;0;0;0;0;0;0;0;0;0;(-38.6040069 -3.7596605);
;2022-01-25 21:00:40;Juscelino Kubitschek;Av Perimentral;;Prefeito Jose Walter;;Queda;;Não informado;;Cruzamento;;;0;1;0;1;0;0;0;0;0;0;0;0;0;(-38.5321687 -3.8168436);
;2022-01-25 20:15:22;J;Rua 910;;Conjunto Ceara;;Colisão;;Não informado;;Cruzamento;;;0;1;0;0;2;0;0;0;0;0;0;0;0;(-38.6200179 -3.7742748);
;2022-01-25 19:30:02;Rua Sena Madureira;;;Centro;;Colisão;;Não informado;;Meio De Quadra;;;0;1;0;1;1;0;0;0;0;0;0;0;0;(0 0);
;2022-01-25 18:53:25;Rua Julio Braga;;;Bonsucesso;;Atropelamento;;Não informado;;Meio De Quadra;;;0;1;0;0;0;0;0;1;0;0;0;0;0;(-38.5841596 -3.7734735);
;2022-01-25 17:45:49;Rua 24 De Maio - Duque De Caxias;;;Centro;;Colisão;;Não informado;;Meio De Quadra;;;0;1;0;2;0;0;0;0;0;0;0;0;0;(-38.5337401 -3.730377099999999);
;2022-01-25 17:25:57;Alberto Craveiro;;;Boa Vista;;Queda;;Não informado;;Meio De Quadra Sem Numero;;;0;1;0;1;0;0;0;0;0;0;0;0;0;(-38.5200995 -3.8012212);
;2022-01-25 16:27:42;Professor Manoel Lourenço;;;Joquei Clube;;Colisão;;Não informado;;Meio De Quadra Sem Numero;;;0;1;0;1;1;0;0;0;0;0;0;0;0;(-38.5731715 -3.7638465);
;2022-01-25 14:38:13;Martinho Rodrigues;R. Mario Mamede;;Fatima;;Queda;;Não informado;;Cruzamento;;;0;1;0;0;0;0;0;0;0;1;0;0;0;(-38.52610010000001 -3.7538385);
;2022-01-25 14:34:28;Rua Florianopolis -;Rua Auduzio Pinheiro;;Henrique Jorge;;Atropelamento;;Não informado;;Cruzamento;;;0;1;0;0;1;0;0;0;0;0;0;0;0;(-38.5857173 -3.7615691);
;2022-01-25 14:21:10;Eduardo Angelim;Queiroz Ribeiro;;Montese;;Colisão;;Não informado;;Cruzamento;;;0;2;0;1;1;0;0;0;0;0;0;0;0;(-38.5461164 -3.7632769);
;2022-01-25 12:58:43;Leao Do Norte;Costa Freire;;Vila Peri;;Queda;;Não informado;;Cruzamento;;;0;1;0;1;0;0;0;0;0;0;0;0;0;(-38.5772129 -3.7839782);
;2022-01-25 12:47:55;General Tertuliano Potiguara -;Rua Osvaldo Cruz;;Aldeota;;Colisão;;Não informado;;Cruzamento;;;0;1;0;1;1;0;0;0;0;0;0;0;0;(-38.5025399 -3.742491299999999);
;2022-01-25 10:25:17;Professor Heraclito;;;Vicente Pinzon;;Atropelamento;;Não informado;;Meio De Quadra;;;0;1;0;0;0;0;0;0;0;0;1;0;0;(-38.472957 -3.733295999999999);
;2022-01-25 09:20:15;Radialista Joao Ramos;Rua Novo Amanhecer;;Planalto Ayrton Senna;;Colisão;;Não informado;;Cruzamento;;;0;1;0;1;1;0;0;0;0;0;0;0;0;(-38.57946219999999 -3.8402915);
;2022-01-25 08:55:15;Perimetral;;;Prefeito Jose Walter;;Colisão;;Não informado;;Meio De Quadra;;;0;1;0;0;2;0;0;0;0;0;0;0;0;(-38.5300457 -3.8290547);
;2022-01-24 23:57:11;Eduardo Girao;;;Fatima;;Queda;;Não informado;;Meio De Quadra Sem Numero;;;0;1;0;0;0;0;0;0;0;1;0;0;0;(0 0);
;2022-01-24 23:09:35;Jose Filomeno Gomes;;;Parque Manibura;;Colisão;;Não informado;;Meio De Quadra;;;0;1;0;0;2;0;0;0;0;0;0;0;0;(-38.48838900000001 -3.78117);
;2022-01-24 22:36:09;Jose Leon;;;Cidade Dos Funcionarios;;Colisão;;Não informado;;Meio De Quadra;;;0;1;0;1;1;0;0;0;0;0;0;0;0;(-38.5033046 -3.7875773);
;2022-01-24 22:12:02;Antonio Costa Mendes;;;Vila Peri;;Atropelamento;;Não informado;;Meio De Quadra;;;0;3;0;0;1;0;0;0;0;0;0;0;0;(-38.5843689 -3.7904102);
;2022-01-24 18:55:06;Presidente Costa E Silva;;;Prefeito Jose Walter;;Queda;;Não informado;;Meio De Quadra Sem Numero;;;0;1;0;1;0;0;0;0;0;0;0;0;0;(-38.5443558 -3.8244455);
;2022-01-24 18:21:50;Mister Hull;;;Antonio Bezerra;;Queda;;Não informado;;Meio De Quadra Sem Numero;;;0;1;0;1;0;0;0;0;0;0;0;0;0;(-38.5918137 -3.7395231);
;2022-01-24 16:18:33;Rua Demetrio Menezes;;;Antonio Bezerra;;Colisão;;Não informado;;Meio De Quadra;;;0;1;0;1;1;0;0;0;0;0;0;0;0;(-38.584997 -3.7374518);
;2022-01-24 15:47:45;Anselmo Nogueira;São Francisco;;Bonsucesso;;Colisão;;Não informado;;Cruzamento;;;0;2;0;1;1;0;0;0;0;0;0;0;0;(-38.5881048 -3.7843562);
;2022-01-24 12:38:32;Sao Paulo;;;Centro;;Colisão;;Não informado;;Meio De Quadra;;;0;1;0;1;1;0;0;0;0;0;0;0;0;(0 0);
;2022-01-24 12:33:03;Monsenhor Dantas;Rua Dona Maroquinha ( R: Sao Paulo );;Jacarecanga;;Colisão;;Não informado;;Cruzamento;;;0;1;0;1;1;0;0;0;0;0;0;0;0;(-38.5467949 -3.7197176);
;2022-01-24 11:54:56;Dr. Silas Monguba;;;Passare;;Colisão;;Não informado;;Meio De Quadra;;;0;1;0;1;1;0;0;0;0;0;0;0;0;(-38.5298755 -3.801038999999999);
;2022-01-24 11:03:25;Carapinima;Av Treze De Maio;;Benfica;;Colisão;;Não informado;;Cruzamento;;;0;1;0;2;0;0;0;0;0;0;0;0;0;(-38.5402272 -3.7399305);
;2022-01-24 10:59:57;Padre Valdivino;;;Dionisio Torres;;Colisão;;Não informado;;Meio De Quadra Sem Numero;;;0;1;0;1;0;0;0;0;0;0;0;0;0;(-38.5057674 -3.7425894);
;2022-01-24 10:57:14;Monsenhor Bruno -;Rua Tomaz Acioli Nr 540;;Dionisio Torres;;Colisão;;Não informado;;Cruzamento;;;0;1;0;1;1;0;0;0;0;0;0;0;0;(-38.5130139 -3.74389);
;2022-01-24 10:33:10;Rua Joaozito Arruda;;;Parque Iracema;;Colisão;;Não informado;;Meio De Quadra Sem Numero;;;0;1;0;1;1;0;0;0;0;0;0;0;0;(-38.4979038 -3.8030839);
;2022-01-24 10:11:15;Palestina;;;Messejana;;Colisão;;Não informado;;Meio De Quadra;;;0;1;0;1;1;0;0;0;0;0;0;0;0;(-38.4920898 -3.8368763);
;2022-01-24 09:55:01;Clovis Maia;;;Aerolandia;;Queda;;Não informado;;Meio De Quadra;;;0;1;0;1;0;0;0;0;0;0;0;0;0;(-38.5127265 -3.7684498);
;2022-01-24 03:42:24;Gontran Giffoni;;;Guararapes;;Queda;;Não informado;;Meio De Quadra;;;0;1;0;1;0;0;0;0;0;0;0;0;0;(0 0);
;2022-01-24 03:13:26;Francisco Sa;Themberg;;Jacarecanga;;Colisão;;Não informado;;Cruzamento;;;0;1;0;2;0;0;0;0;0;0;0;0;0;(-38.5649859 -3.7148176);
;2022-01-24 01:11:23;Espirito Santo;;;Pan Americano;;Colisão;;Não informado;;Meio De Quadra;;;0;1;0;0;2;0;0;0;0;0;0;0;0;(-38.5679712 -3.7523899);
;2022-01-24 00:57:45;Maria Gomes Sá;Godofredo Maciel;;Mondubim;;Colisão;;Não informado;;Cruzamento;;;0;2;0;1;1;0;0;0;0;0;0;0;0;(-38.5796823 -3.8270123);
;2022-01-23 23:05:03;Americo Vespucio;;;Serrinha;;Queda;;Não informado;;Meio De Quadra;;;0;1;0;1;0;0;0;0;0;0;0;0;0;(-38.5520395 -3.7925319);
;2022-01-23 21:20:25;Avenida Professor Jose Arthur De Carvalho;;;Lagoa Redonda;;Colisão;;Não informado;;Meio De Quadra;;;0;1;0;1;1;0;0;0;0;0;0;0;0;(-38.4631832 -3.8258917);
;2022-01-23 20:55:32;Rua Recanto Tranquilo 288;Rua Pedro Wilson;;Itaperi;;Colisão;;Não informado;;Cruzamento;;;0;1;0;1;1;0;0;0;0;0;0;0;0;(-38.545384 -3.791495);
;2022-01-23 20:51:49;Via Expressa;;;Sao Joao Do Tauape;;Colisão;;Não informado;;Meio De Quadra Sem Numero;;;0;1;0;0;2;0;0;0;0;0;0;0;0;(-38.49085 -3.7457388);
;2022-01-23 20:48:05;Urucutuba;;;Granja Lisboa;;Queda;;Não informado;;Meio De Quadra;;;0;1;0;1;0;0;0;0;0;0;0;0;0;(0 0);
;2022-01-23 20:06:44;Duque De Caxias;;;Centro;;Atropelamento;;Não informado;;Meio De Quadra;;;0;1;0;1;0;0;0;0;0;0;0;0;0;(-38.5266805 -3.7329464);
;2022-01-23 19:22:45;Lauro Vieira Chaves;;;Vila Uniao;;Colisão;;Não informado;;Meio De Quadra Sem Numero;;;0;1;0;0;2;0;0;0;0;0;0;0;0;(-38.5360003 -3.7716143);
;2022-01-23 10:05:09;Avenida Independencia - Ate 1660 - Lado Par;;;Jardim Guanabara;;Colisão;;Não informado;;Meio De Quadra;;;0;2;0;1;1;0;0;0;0;0;0;0;0;(0 0);
;2022-01-23 05:53:21;Rua Pernambuco;;;Pici;;Queda;;Não informado;;Meio De Quadra;;;0;2;0;1;0;0;0;0;0;0;0;0;0;(-38.5745239 -3.75543);
;2022-01-23 05:05:33;Rua Pereira Filgueiras;;;Aldeota;;Colisão;;Não informado;;Meio De Quadra;;;0;1;0;1;1;0;0;0;0;0;0;0;0;(-38.5117927 -3.7285843);
;2022-01-23 04:29:27;Rua Maranguape -;;;Bom Jardim;;Atropelamento;;Não informado;;Meio De Quadra;;;0;1;0;0;1;0;0;0;0;0;0;0;0;(-38.6201762 -3.7956185);
;2022-01-23 03:25:40;Odilon Guimaraes;;;Curio;;Colisão;;Não informado;;Meio De Quadra;;;0;1;0;1;1;0;0;0;0;0;0;0;0;(-38.4795632 -3.8254364);
;2022-01-23 01:47:11;Avenida Historiador Raimundo Girao;;;Praia De Iracema;;Queda;;Não informado;;Meio De Quadra;;;0;1;0;1;0;0;0;0;0;0;0;0;0;(-38.5152333 -3.7204025);
;2022-01-23 01:34:17;Pasteur;;;Carlito Pamplona;;Queda;;Não informado;;Meio De Quadra;;;0;1;0;0;0;0;0;0;0;1;0;0;0;(-38.5595465 -3.7127769);
;2022-01-23 00:50:42;Rua Julio Braga;;;Joao Xxiii;;Colisão;;Não informado;;Meio De Quadra;;;0;1;0;1;1;0;0;0;0;0;0;0;0;(-38.5824314 -3.7748059);
;2022-01-22 22:59:00;Governador Leonel Brizola;;;Jangurussu;;Colisão;;Não informado;;Meio De Quadra;;;0;1;0;1;1;0;0;0;0;0;0;0;0;(-38.5172556 -3.8319854);
;2022-01-22 19:30:16;Presdiente Castelo Branco;;;Barra Do Ceara;;Atropelamento;;Não informado;;Meio De Quadra;;;0;1;0;0;1;0;0;0;0;0;0;0;0;(-38.58427229999999 -3.7014467);
;2022-01-22 19:26:41;Rua Jornalista Antonio Pontes Tavares;;;Cajazeiras;;Colisão;;Não informado;;Meio De Quadra;;;0;1;0;1;1;0;0;0;0;0;0;0;0;(-38.5045984 -3.8156921);
;2022-01-22 18:49:54;Contorno Sul;;;Conjunto Esperanca;;Queda;;Não informado;;Meio De Quadra;;;0;2;0;1;0;0;0;0;0;0;0;0;0;(-38.5946396 -3.813448199999999);
;2022-01-22 18:04:18;Frei Humberto;;;Farias Brito;;Queda;;Não informado;;Meio De Quadra;;;0;1;0;1;0;0;0;0;0;0;0;0;0;(-38.54288880000001 -3.728822699999999);
;2022-01-22 17:24:29;Pernambuco;;;Pici;;Colisão;;Não informado;;Meio De Quadra;;;0;1;0;2;0;0;0;0;0;0;0;0;0;(-38.57660509999999 -3.7531677);
;2022-01-22 17:19:11;Avenida Heraclito Graça - Av  Dom Manuel;;;Centro;;Colisão;;Não informado;;Meio De Quadra;;;0;1;0;1;1;0;0;0;0;0;0;0;0;(0 0);
;2022-01-22 16:24:42;Deputado Paulino Rocha;;;Cajazeiras;;Colisão;;Não informado;;Meio De Quadra;;;0;1;0;0;2;0;0;0;0;0;0;0;0;(-38.5093183 -3.8100954);
;2022-01-22 15:49:06;Oito De Setembro -;;;Varjota;;Colisão;;Não informado;;Meio De Quadra;;;0;1;0;1;1;0;0;0;0;0;0;0;0;(-38.4872098 -3.7378453);
;2022-01-22 15:12:53;8 De Setembro;Rua Maria Tomasia;;Papicu;;Colisão;;Não informado;;Cruzamento;;;0;1;0;1;1;0;0;0;0;0;0;0;0;(-38.4950843 -3.736184);
;2022-01-22 15:12:00;Firmino Rocha;;;Engenheiro Luciano Cavalcante;;Colisão;;Não informado;;Meio De Quadra Sem Numero;;;0;1;0;1;1;0;0;0;0;0;0;0;0;(-38.4832286 -3.7630592);
;2022-01-22 15:11:28;Firmino Rocha Aguiar;;;Guararapes;;Colisão;;Não informado;;Meio De Quadra;;;0;1;0;1;1;0;0;0;0;0;0;0;0;(-38.4851976 -3.763579399999999);
;2022-01-22 15:03:20;Alberto Craveiro - Castelão;;;Passare;;Queda;;Não informado;;Meio De Quadra Sem Numero;;;0;1;0;1;0;0;0;0;0;0;0;0;0;(-38.5243277 -3.8071117);
;2022-01-22 14:14:30;Washington Soares KM 12;;;Sao Bento;;Colisão;;Não informado;;Meio De Quadra;;;0;1;0;1;1;0;0;0;0;0;0;0;0;(-38.4767207 -3.8486756);
;2022-01-22 13:25:25;Capitão Aragão;R. Tenente Barbosa;;Aerolandia;;Colisão;;Não informado;;Cruzamento;;;0;1;0;1;1;0;0;0;0;0;0;0;0;(-38.5120504 -3.7647664);
;2022-01-22 09:24:03;Benjamim Brasil;;;Jardim Cearense;;Queda;;Não informado;;Meio De Quadra;;;0;1;0;1;0;0;0;0;0;0;0;0;0;(-38.5624178 -3.8066304);
;2022-01-22 09:17:31;Rua Pereira Filgueiras;;;Meireles;;Atropelamento;;Não informado;;Meio De Quadra;;;0;1;0;0;1;0;0;0;0;0;0;0;0;(-38.5130344 -3.7281632);
;2022-01-22 08:50:32;Avenida Washington Soares;;;Messejana;;Atropelamento;;Não informado;;Meio De Quadra;;;0;1;0;0;0;0;0;0;0;0;1;0;0;(0 0);
;2022-01-22 07:36:22;Avenida Godofredo Maciel;;;Maraponga;;Colisão;;Não informado;;Meio De Quadra;;;0;1;0;0;2;0;0;0;0;0;0;0;0;(-38.57546019999999 -3.8184596);
;2022-01-22 04:45:00;Rau Barbosa;;;Não informado;;Queda;;Não informado;;Meio De Quadra;;;0;1;0;1;0;0;0;0;0;0;0;0;0;(-38.51327790000001 -3.7761237);
;2022-01-22 04:40:46;Avenida C;;;Conjunto Ceara;;Queda;;Não informado;;Meio De Quadra;;;0;1;0;1;0;0;0;0;0;0;0;0;0;(-38.6143975 -3.770251);
;2022-01-22 04:05:15;Beira Mar;;;Praia De Iracema;;Colisão;;Não informado;;Meio De Quadra;;;0;1;0;2;0;0;0;0;0;0;0;0;0;(-38.4978242 -3.7256955);
;2022-01-22 01:41:26;Aboliçao;;;Meireles;;Colisão;;Não informado;;Meio De Quadra;;;0;1;0;1;1;0;0;0;0;0;0;0;0;(-38.4911314 -3.7257233);
;2022-01-22 00:15:32;Guaranir;;;Joao Xxiii;;Queda;;Não informado;;Meio De Quadra;;;0;1;0;1;0;0;0;0;0;0;0;0;0;(-38.584059 -3.771774);
;2022-01-21 22:42:20;Francisco Sa;;;Barra Do Ceara;;Colisão;;Não informado;;Meio De Quadra;;;0;1;0;1;1;0;0;0;0;0;0;0;0;(-38.581437 -3.7093119);
;2022-01-21 21:34:21;Rua Sabiaguaba;;;Sabiaguaba;;Colisão;;Não informado;;Meio De Quadra;;;0;1;0;0;2;0;0;0;0;0;0;0;0;(0 0);
;2022-01-21 20:48:10;Rua Menezes De Oliveira- Cj. Polar;;;Vila Velha;;Colisão;;Não informado;;Meio De Quadra;;;0;1;0;1;1;0;0;0;0;0;0;0;0;(-38.5914497 -3.7108844);
;2022-01-21 20:16:22;Avenida Bezerra De Menezes;;;Sao Gerardo;;Colisão;;Não informado;;Meio De Quadra Sem Numero;;;0;1;0;1;1;0;0;0;0;0;0;0;0;(-38.556584 -3.7339243);
;2022-01-21 18:54:06;Avenida  Padre Antonio Tomaz;Leonardo Mota;;Aldeota;;Atropelamento;;Não informado;;Cruzamento;;;0;1;0;0;1;0;0;0;0;0;0;0;0;(-38.4947395 -3.7417341);
;2022-01-21 18:42:01;Avenida Governador  Raul Barbosa;;;Aerolandia;;Colisão;;Não informado;;Meio De Quadra;;;0;1;0;1;1;0;0;0;0;0;0;0;0;(-38.5130344 -3.7740084);
;2022-01-21 15:24:07;13  Maio - Sentaido Benfica;;;Fatima;;Colisão;;Não informado;;Meio De Quadra Sem Numero;;;0;1;0;1;1;0;0;0;0;0;0;0;0;(0 0);
;2022-01-21 12:44:54;Av. Lauro Vieira Chaves;; ;Vila Uniao;;Colisão;;Não informado;;Meio De Quadra;;;0;1;0;1;1;0;0;0;0;0;0;0;0;(-38.5408799 -3.7716793);
;2022-01-21 11:13:17;Rua Einstein -;;;Parque Sao Jose;;Colisão;;Não informado;;Meio De Quadra;;;0;1;0;1;1;0;0;0;0;0;0;0;0;(-38.5848097 -3.7939829);
;2022-01-21 11:11:01;Raimundo Arruda 136;Gustavo Sampaio;;Parque Araxa;;Colisão;;Não informado;;Cruzamento;;;0;1;0;1;0;0;1;0;0;0;0;0;0;(-38.5519882 -3.7345639);
;2022-01-21 10:40:07;Coronel Nunes De Melo;;;Rodolfo Teofilo;;Colisão;;Não informado;;Meio De Quadra;;;0;1;0;1;1;0;0;0;0;0;0;0;0;(-38.5476087 -3.7426348);
;2022-01-21 10:01:54;Lineu Machado;;;Joquei Clube;;Queda;;Não informado;;Meio De Quadra;;;0;2;0;1;0;0;0;0;0;0;0;0;0;(-38.5802581 -3.7731106);
;2022-01-21 09:05:37;Demetrio Menezes;;;Antonio Bezerra;;Colisão;;Não informado;;Meio De Quadra;;;0;1;0;0;1;0;0;1;0;0;0;0;0;(-38.5853143 -3.7380696);
;2022-01-21 04:01:57;Perimetral;;;Jangurussu;;Capotamento;;Não informado;;Meio De Quadra;;;0;1;0;0;1;0;0;0;0;0;0;0;0;(-38.5090259 -3.8301765);
;2022-01-21 01:07:38;Terminal De Antonio;;;Antonio Bezerra;;Atropelamento;;Não informado;;Meio De Quadra Sem Numero;;;0;1;0;0;0;0;0;1;0;0;0;0;0;(0 0);
;2022-01-21 00:34:24;Av Washington Soares;;;Não informado;;Colisão;;Não informado;;Meio De Quadra Sem Numero;;;0;2;0;2;0;0;0;0;0;0;0;0;0;(-38.4794868 -3.8019547);
;2022-01-20 22:50:25;João Fonseca;;;Dias Macedo;;Atropelamento;;Não informado;;Meio De Quadra;;;0;2;0;0;1;0;0;0;0;0;0;0;0;(-38.5226698 -3.7838368);
;2022-01-20 22:38:17;Sobral;;;Centro;;Queda;;Não informado;;Meio De Quadra;;;0;1;0;1;0;0;0;0;0;0;0;0;0;(-38.5243897 -3.7252253);
;2022-01-20 22:03:59;Fernandes Tavora;;;Parangaba;;Colisão;;Não informado;;Meio De Quadra;;;0;1;0;2;0;0;0;0;0;0;0;0;0;(-38.572815 -3.7688822);
;2022-01-20 21:49:27;Odilon Guimares;;;Jose De Alencar;;Colisão;;Não informado;;Meio De Quadra;;;0;1;0;1;1;0;0;0;0;0;0;0;0;(-38.472192 -3.8169651);
;2022-01-20 16:22:42;Presidente Costa E Silva;;;Prefeito Jose Walter;;Colisão;;Não informado;;Meio De Quadra;;;0;1;0;1;1;0;0;0;0;0;0;0;0;(-38.5664752 -3.817368);
;2022-01-20 12:55:44;Fernandes Tavora;Rua Audizio Pinheiro;;Henrique Jorge;;Queda;;Não informado;;Cruzamento;;;0;1;0;1;0;0;0;0;0;0;0;0;0;(-38.5902053 -3.7612217);
;2022-01-20 11:58:20;Armando Monteiro;;;Vila Uniao;;Queda;;Não informado;;Meio De Quadra;;;0;1;0;1;0;0;0;0;0;0;0;0;0;(-38.5334939 -3.7643493);
;2022-01-20 11:57:39;Leste Oeste;;;Jacarecanga;;Colisão;;Não informado;;Meio De Quadra;;;0;1;0;1;1;0;0;0;0;0;0;0;0;(0 0);
;2022-01-20 09:54:32;Avenida America Barreira;;;Bela Vista;;Queda;;Não informado;;Meio De Quadra;;;0;1;0;1;0;0;0;0;0;0;0;0;0;(-38.5598439 -3.757570799999999);
;2022-01-20 02:28:58;Raimundo Pinheiro;;;Bom Jardim;;Queda de moto;;Não informado;;Meio De Quadra;;;0;2;0;2;0;0;0;0;0;0;0;0;0;(-38.59747 -3.790645);
;2022-01-19 23:49:02;Desembargador Gonzaga;;;Cidade Dos Funcionarios;;Colisão;;Não informado;;Meio De Quadra Sem Numero;;;0;2;0;0;2;0;0;0;0;0;0;0;0;(-38.500899 -3.7949476);
;2022-01-19 22:36:57;Vitoria;;;Henrique Jorge;;Colisão;;Não informado;;Meio De Quadra;;;0;1;0;1;1;0;0;0;0;0;0;0;0;(-38.5892482 -3.76619);
;2022-01-19 22:35:37;Engenheiro Santana Junior;;;Coco;;Colisão;;Não informado;;Meio De Quadra;;;0;1;0;0;2;0;0;0;0;0;0;0;0;(-38.4899611 -3.7473237);
;2022-01-19 21:38:03;Borges De Melo;;;Fatima;;Colisão;;Não informado;;Meio De Quadra Sem Numero;;;0;1;0;0;2;0;0;0;0;0;0;0;0;(-38.5317617 -3.758423);