COD_ACIDENTE;DATA;LOG1;LOG2;NUMERO;BAIRRO;AMC;NATUREZA;ILUMINACAO;TEMPO;SUPERFICIEPISTA;TIPOCRUZAMENTO;CONTROLETRAFEGO;USOSOLO;MORTOS;FERIDOS;ILESOS;MOTOCICLETA;AUTOMOVEL;MICROONIBUS;CAMINHAO;ONIBUS;CICLOMOTOR;BICICLETA;OUTROS;TREM;TRACAOANIMAL;COORDENADAS
;2022-01-19 21:15:34;Rua Espirito Santo;;;Pan Americano;;Atropelamento;;Não informado;;Meio De Quadra;;;0;1;0;1;0;0;0;0;0;0;0;0;0;(-38.5679242 -3.7527867);
;2022-01-19 21:02:20;Rua Coronel Juca  - Coronel Linhares;;;Aldeota;;Colisão;;Não informado;;Meio De Quadra;;;0;1;0;1;1;0;0;0;0;0;0;0;0;(-38.4929869 -3.7443314);
;2022-01-19 19:51:08;Avenida Almirante Henrique Saboia;;;Varjota;;Colisão;;Não informado;;Meio De Quadra;;;0;1;0;1;1;0;0;0;0;0;0;0;0;(0 0);
;2022-01-19 19:31:40;Oliveira Paiva;;;Cidade Dos Funcionarios;;Colisão;;Não informado;;Meio De Quadra Sem Numero;;;0;1;0;0;2;0;0;0;0;0;0;0;0;(-38.49671 -3.7957203);
;2022-01-19 19:25:49;Alexandre Barauna;Francisca Clotilde;;Rodolfo Teofilo;;Colisão;;Não informado;;Cruzamento;;;0;1;0;0;2;0;0;0;0;0;0;0;0;(-38.5549747 -3.7450288);
;2022-01-19 16:56:30;Doutor Silas Minguba;;;Não informado;;Colisão;;Não informado;;Meio De Quadra;;;0;2;0;1;1;0;0;0;0;0;0;0;0;(-38.5465647 -3.788339499999999);
;2022-01-19 16:24:00;Avenida Francisco Sa -;;;Carlito Pamplona;;Colisão;;Não informado;;Meio De Quadra;;;0;2;0;1;1;0;0;0;0;0;0;0;0;(-38.563846 -3.715409);
;2022-01-19 16:02:37;Avenida Dioguinho;;;Antonio Diogo;;Colisão;;Não informado;;Meio De Quadra;;;0;1;0;1;1;0;0;0;0;0;0;0;0;(-38.4458974 -3.7563119);
;2022-01-19 14:24:34;Mister Hull;;;Antonio Bezerra;;Queda;;Não informado;;Meio De Quadra;;;0;1;0;1;0;0;0;0;0;0;0;0;0;(-38.5950973 -3.7398821);
;2022-01-19 13:58:21;Juscelino Kubstchek;Eldorado;;Passare;;Colisão;;Não informado;;Cruzamento;;;0;1;0;1;1;0;0;0;0;0;0;0;0;(-38.5321687 -3.8168436);
;2022-01-19 10:00:11;Domingos Olimpio;;;Farias Brito;;Queda;;Não informado;;Meio De Quadra;;;0;1;0;1;0;0;0;0;0;0;0;0;0;(-38.5297943 -3.737331);
;2022-01-19 07:25:02;Soriano Albuquerque;;;Joaquim Tavora;;Colisão;;Não informado;;Meio De Quadra;;;0;1;0;1;1;0;0;0;0;0;0;0;0;(-38.5201902 -3.7477369);
;2022-01-18 22:04:10;Rua Doutor Perilo Teixeira;;;Parque Genibau;;Colisão;;Não informado;;Meio De Quadra;;;0;1;0;1;1;0;0;0;0;0;0;0;0;(-38.6013321 -3.7579208);
;2022-01-18 22:02:42;Rua General Cordeiro Neto;;;Mondubim;;Colisão;;Não informado;;Meio De Quadra;;;0;1;0;0;2;0;0;0;0;0;0;0;0;(-38.5722306 -3.8114893);
;2022-01-18 19:08:06;Idelbrando De Melo;;;Barra Do Ceara;;Atropelamento;;Não informado;;Meio De Quadra;;;0;1;0;0;1;0;0;0;0;0;0;0;0;(-38.5882949 -3.7104083);
;2022-01-18 19:07:15;Doutor Theberg;;;Alvaro Weyne;;Colisão;;Não informado;;Meio De Quadra;;;0;1;0;0;2;0;0;0;0;0;0;0;0;(0 0);
;2022-01-18 17:59:36;Avenida Dede Brasil;;;Serrinha;;Atropelamento;;Não informado;;Meio De Quadra;;;0;1;0;0;0;0;0;1;0;0;0;0;0;(-38.5450133 -3.7889362);
;2022-01-18 17:49:06;Silas Munguba;;;Itaperi;;Atropelamento;;Não informado;;Meio De Quadra;;;0;1;0;0;1;0;0;0;0;0;0;0;0;(-38.5501508 -3.7865111);
;2022-01-18 17:38:37;Rua Maria Gomes De Sa;;;Mondubim;;Colisão;;Não informado;;Meio De Quadra;;;0;1;0;1;1;0;0;0;0;0;0;0;0;(-38.585821 -3.821367);
;2022-01-18 17:37:35;Rua Paraguaçu;;;Serrinha;;Colisão;;Não informado;;Meio De Quadra;;;0;1;0;2;0;0;0;0;0;0;0;0;0;(-38.5390233 -3.7855364);
;2022-01-18 16:45:24;Porto Velho;;;Henrique Jorge;;Colisão;;Não informado;;Meio De Quadra;;;0;1;0;1;1;0;0;0;0;0;0;0;0;(-38.580459 -3.769746);
;2022-01-18 16:09:51;Rua Coronel Virgilio Nogueira;;;Bom Jardim;;Colisão;;Não informado;;Meio De Quadra;;;0;1;0;0;2;0;0;0;0;0;0;0;0;(-38.6083114 -3.7870621);
;2022-01-18 15:45:20;Silas Munguba;;;Dias Macedo;;Colisão;;Não informado;;Meio De Quadra;;;0;1;0;2;0;0;0;0;0;0;0;0;0;(-38.5318012 -3.7971629);
;2022-01-18 14:45:17;Almeida Prado;;;Papicu;;Colisão;;Não informado;;Meio De Quadra;;;0;1;0;1;1;0;0;0;0;0;0;0;0;(-38.4739503 -3.7394541);
;2022-01-18 11:29:40;Do Matador  > Comunidade Rosalina;;;Itaperi;;Queda;;Não informado;;Meio De Quadra;;;0;1;0;1;0;0;0;0;0;0;0;0;0;(-38.5475517 -3.8095285);
;2022-01-18 11:06:12;Tavares Coutinho;;;Varjota;;Colisão;;Não informado;;Meio De Quadra;;;0;1;0;1;1;0;0;0;0;0;0;0;0;(-38.4859368 -3.7327364);
;2022-01-18 09:42:58;Gomes De Matos;;;Montese;;Colisão;;Não informado;;Meio De Quadra;;;0;1;0;0;2;0;0;0;0;0;0;0;0;(-38.5468438 -3.762804);
;2022-01-18 03:44:43;Osvaldo Cruz;;;Meireles;;Colisão;;Não informado;;Meio De Quadra;;;0;1;0;1;1;0;0;0;0;0;0;0;0;(-38.5011576 -3.7377012);
;2022-01-17 23:06:27;Governador Raul Barbosa;;;Aerolandia;;Colisão;;Não informado;;Meio De Quadra;;;0;1;0;2;0;0;0;0;0;0;0;0;0;(0 0);
;2022-01-17 22:54:29;Nunes Valente;Livio Barreto;;Dionisio Torres;;Colisão;;Não informado;;Cruzamento;;;0;1;0;0;2;0;0;0;0;0;0;0;0;(-38.5083912 -3.7506925);
;2022-01-17 21:06:53;Santos Dumont;Avenida Dom Manuel;;Centro;;Colisão;;Não informado;;Cruzamento;;;0;2;0;2;0;0;0;0;0;0;0;0;0;(-38.5212775 -3.7287794);
;2022-01-17 18:59:14;Rua Das Oiticicas;;;Passare;;Colisão;;Não informado;;Meio De Quadra;;;0;1;0;1;1;0;0;0;0;0;0;0;0;(-38.5371306 -3.809598399999999);
;2022-01-17 18:39:08;Washington Soares;;;Edson Queiroz;;Colisão;;Não informado;;Meio De Quadra;;;0;2;0;1;1;0;0;0;0;0;0;0;0;(-38.4886471 -3.757936);
;2022-01-17 17:21:16;Senador Fernandes Tavora;Rua  Vergilio Brandão;;Parque Genibau;;Colisão;;Não informado;;Cruzamento;;;0;1;0;1;1;0;0;0;0;0;0;0;0;(-38.5966821 -3.7553789);
;2022-01-17 17:04:02;Abolição;;;Meireles;;Colisão;;Não informado;;Meio De Quadra;;;0;1;0;0;2;0;0;0;0;0;0;0;0;(-38.4814805 -3.7239825);
;2022-01-17 15:26:51;1117.0;;;Conjunto Ceara;;Atropelamento;;Não informado;;Meio De Quadra;;;0;1;0;1;0;0;0;0;0;0;0;0;0;(-38.6130772 -3.7629772);
;2022-01-17 15:11:49;Rua Professor Carvalho Esq Monsenhor Salazar;;;Joaquim Tavora;;Colisão;;Não informado;;Meio De Quadra;;;0;1;0;0;2;0;0;0;0;0;0;0;0;(-38.5141837 -3.7562902);
;2022-01-17 14:24:04;Livino De Carvalho;;;Itaoca;;Colisão;;Não informado;;Meio De Quadra;;;0;1;0;1;1;0;0;0;0;0;0;0;0;(-38.55647 -3.7719117);
;2022-01-17 14:07:35;Chanceler Edson Queiroz;;;Não informado;;Queda;;Não informado;;Meio De Quadra;;;0;1;0;1;0;0;0;0;0;0;0;0;0;(-38.4855708 -3.767438099999999);
;2022-01-17 14:04:07;Rua Antero Quental;;;Paupina;;Queda;;Não informado;;Meio De Quadra;;;0;2;0;1;0;0;0;0;0;0;0;0;0;(-38.49207579999999 -3.8551457);
;2022-01-17 13:09:39;Humberto  Monte Esq Rua Bolivia;;;Bela Vista;;Atropelamento;;Não informado;;Meio De Quadra;;;0;1;0;1;0;0;0;0;0;0;0;0;0;(-38.5661005 -3.7453397);
;2022-01-17 11:13:18;Oswaldo Studart Esq.;Graciliano Ramos;;Fatima;;Queda;;Não informado;;Cruzamento;;;0;1;0;1;0;0;0;0;0;0;0;0;0;(-38.53095 -3.757);
;2022-01-17 11:02:59;Graciliano Ramos;;;Fatima;;Queda;;Não informado;;Meio De Quadra;;;0;1;0;1;0;0;0;0;0;0;0;0;0;(-38.5291202 -3.754661);
;2022-01-17 11:01:01;Nossa Senhora Das Graças;;;Cristo Redentor;;Colisão;;Não informado;;Meio De Quadra;;;0;1;0;0;2;0;0;0;0;0;0;0;0;(-38.5623014 -3.7076115);
;2022-01-17 10:59:44;Avenida Governador Raul Barbosa;;;Sao Joao Do Tauape;;Atropelamento;;Não informado;;Meio De Quadra;;;0;1;0;0;1;0;0;0;0;0;0;0;0;(0 0);
;2022-01-17 10:44:47;Espirito Santo;Rua Maranhão;;Bela Vista;;Queda;;Não informado;;Cruzamento;;;0;1;0;1;0;0;0;0;0;0;0;0;0;(-38.5687048 -3.7537801);
;2022-01-17 10:10:31;Val Pairaiso;;;Conjunto Palmeiras;;Colisão;;Não informado;;Meio De Quadra;;;0;1;0;1;1;0;0;0;0;0;0;0;0;(-38.5254915 -3.8442621);
;2022-01-17 00:49:30;Rua Conselheiro Lafayette;;;Jardim Iracema;;Choque c/ Obstáculo Fixo;;Não informado;;Meio De Quadra;;;0;1;0;0;1;0;0;0;0;0;0;0;0;(0 0);
;2022-01-17 00:48:15;Contorno Sul;;;Novo Mondubim;;Colisão;;Não informado;;Meio De Quadra;;;0;1;0;2;0;0;0;0;0;0;0;0;0;(-38.590031 -3.808449999999999);
;2022-01-16 23:40:02;Doutor Theberge;;;Alvaro Weyne;;Colisão;;Não informado;;Meio De Quadra;;;0;1;0;1;1;0;0;0;0;0;0;0;0;(-38.5642834 -3.712384);
;2022-01-16 23:37:59;Conego De Castro;;;Parque Sao Jose;;Queda;;Não informado;;Meio De Quadra;;;0;1;0;1;0;0;0;0;0;0;0;0;0;(-38.591686 -3.8050181);
;2022-01-16 23:24:27;Doutor Theberge;;;Carlito Pamplona;;Colisão;;Não informado;;Meio De Quadra Sem Numero;;;0;1;0;1;1;0;0;0;0;0;0;0;0;(-38.5656721 -3.7167503);
;2022-01-16 23:10:57;Augusto Dos Anjos;;;Joquei Clube;;Colisão;;Não informado;;Meio De Quadra Sem Numero;;;0;1;0;1;1;0;0;0;0;0;0;0;0;(-38.5735179 -3.7737962);
;2022-01-16 21:29:28;Avenida Almirante Maximiniano Da Fonseca;;;Engenheiro Luciano Cavalcante;;Queda;;Não informado;;Meio De Quadra;;;0;1;0;0;0;0;0;0;0;1;0;0;0;(-38.4889209 -3.7707994);
;2022-01-16 21:10:16;Rua Emilia Gonçalves;;;Olavo Oliveira;;Colisão;;Não informado;;Meio De Quadra;;;0;1;0;1;1;0;0;0;0;0;0;0;0;(-38.5929587 -3.7329163);
;2022-01-16 20:35:24;Rua Ana Bilhar -;;;Meireles;;Colisão;;Não informado;;Meio De Quadra;;;0;1;0;0;2;0;0;0;0;0;0;0;0;(-38.4969303 -3.7289756);
;2022-01-16 19:49:08;Avenida Presidente Costa E Silva;Pompilho Gomes;;Passare;;Atropelamento;;Não informado;;Cruzamento;;;0;1;0;0;0;0;0;0;0;0;1;0;0;(-38.535459 -3.827331);
;2022-01-16 19:33:43;Monsenhor Furtadoco;Jose Bastos;;Bela Vista;;Colisão;;Não informado;;Cruzamento;;;0;1;0;1;1;0;0;0;0;0;0;0;0;(-38.5590403 -3.7571313);
;2022-01-16 18:50:42;Sargento Herminio Sampaio;Padre Anchieta;;Monte Castelo;;Queda;;Não informado;;Cruzamento;;;0;1;0;0;0;0;0;0;0;1;0;0;0;(-38.5510732 -3.7246597);
;2022-01-16 16:41:52;Rua Barao De Aratanha;;;Centro;;Colisão;;Não informado;;Meio De Quadra;;;0;2;0;0;2;0;0;0;0;0;0;0;0;(0 0);
;2022-01-16 15:29:46;Raul Barbosa;;;Aerolandia;;Atropelamento;;Não informado;;Meio De Quadra;;;0;1;0;0;0;0;0;0;0;0;1;0;0;(-38.5127148 -3.7744074);
;2022-01-16 15:03:48;Perimetral;;;Mondubim;;Queda;;Não informado;;Meio De Quadra;;;0;1;0;1;0;0;0;0;0;0;0;0;0;(-38.5327995 -3.8276466);
;2022-01-16 14:39:44;Rua Vicente Leite Esq Marcos Macedo;;;Meireles;;Colisão;;Não informado;;Meio De Quadra Sem Numero;;;0;2;0;2;0;0;0;0;0;0;0;0;0;(-38.4939729 -3.7327098);
;2022-01-16 12:37:27;Batista De Oliveira;;;Aldeota;;Colisão;;Não informado;;Meio De Quadra;;;0;1;0;1;1;0;0;0;0;0;0;0;0;(-38.4801669 -3.7427662);
;2022-01-16 10:01:02;Coronel Miguel Dias;;;Guararapes;;Colisão;;Não informado;;Meio De Quadra;;;0;1;0;2;0;0;0;0;0;0;0;0;0;(-38.4882159 -3.7604838);
;2022-01-16 09:07:14;Godofedo Marciel;;;Novo Mondubim;;Capotamento;;Não informado;;Meio De Quadra;;;0;1;0;0;1;0;0;0;0;0;0;0;0;(-38.5753166 -3.8129861);
;2022-01-16 09:05:31;Rua Conego De Castro;;;Parque Sao Jose;;Colisão;;Não informado;;Meio De Quadra;;;0;2;0;0;2;0;0;0;0;0;0;0;0;(-38.59234 -3.805901);
;2022-01-16 08:39:18;Avenida Almirante Barroso;;;Praia De Iracema;;Colisão;;Não informado;;Meio De Quadra;;;0;1;0;2;0;0;0;0;0;0;0;0;0;(-38.514305 -3.719947);
;2022-01-16 08:32:48;Augusto Dos Anjos -;;;Siqueira;;Colisão;;Não informado;;Meio De Quadra;;;0;1;0;1;1;0;0;0;0;0;0;0;0;(-38.58335400000001 -3.7852487);
;2022-01-16 07:41:12;860 - Upa Conjunto Ceará;;;Conjunto Ceara;;Atropelamento;;Não informado;;Meio De Quadra Sem Numero;;;0;1;0;0;1;0;0;0;0;0;0;0;0;(-38.5998309 -3.7689359);
;2022-01-16 07:10:00;Desembargador Moreira;;;Aldeota;;Colisão;;Não informado;;Meio De Quadra;;;0;1;0;0;2;0;0;0;0;0;0;0;0;(0 0);
;2022-01-16 06:17:26;Edilson Brasil Soares;;;Edson Queiroz;;Colisão;;Não informado;;Meio De Quadra;;;0;1;0;0;2;0;0;0;0;0;0;0;0;(-38.4820094 -3.7897308);
;2022-01-16 02:33:40;C (Cj Sitio Sao Joao);;;Jangurussu;;Colisão;;Não informado;;Meio De Quadra Sem Numero;;;0;1;0;2;0;0;0;0;0;0;0;0;0;(-38.5179784 -3.8505255);
;2022-01-16 02:24:09;Washington Soares;;;Messejana;;Colisão;;Não informado;;Meio De Quadra Sem Numero;;;0;2;0;1;1;0;0;0;0;0;0;0;0;(-38.4822017 -3.828229);
;2022-01-16 01:09:53;Jovita Feitosa;;;Parquelandia;;Queda;;Não informado;;Meio De Quadra;;;0;1;0;1;0;0;0;0;0;0;0;0;0;(-38.5620076 -3.7408089);
;2022-01-16 00:58:37;Major Gerrardo Mendes;;;Aerolandia;;Atropelamento;;Não informado;;Meio De Quadra;;;0;1;0;1;0;0;0;0;0;0;0;0;0;(-38.5124831 -3.7705799);
;2022-01-15 22:53:32;Carlos Chagas;;;Bonsucesso;;Colisão;;Não informado;;Meio De Quadra;;;0;1;0;1;1;0;0;0;0;0;0;0;0;(-38.5870723 -3.7796799);
;2022-01-15 21:37:02;Sargento Herminio;Chastinet Guimaraes;;Vila Ellery;;Colisão;;Não informado;;Cruzamento;;;0;1;0;0;2;0;0;0;0;0;0;0;0;(-38.5645287 -3.7270922);
;2022-01-15 21:26:01;Perimetral;;;Pici;;Colisão;;Não informado;;Meio De Quadra;;;0;1;0;1;1;0;0;0;0;0;0;0;0;(-38.589942 -3.78528);
;2022-01-15 21:04:48;Rua Cacilda Becker;;;Joao Xxiii;;Queda;;Não informado;;Meio De Quadra;;;0;2;0;1;0;0;0;0;0;0;0;0;0;(-38.5874236 -3.7751552);
;2022-01-15 20:26:13;Sargento Joao Pinheiro;;;Bom Jardim;;Atropelamento;;Não informado;;Meio De Quadra Sem Numero;;;0;1;0;0;1;0;0;0;0;0;0;0;0;(-38.6230856 -3.7838172);
;2022-01-15 19:49:31;Dos Paroaras;;;Passare;;Colisão;;Não informado;;Meio De Quadra;;;0;1;0;0;2;0;0;0;0;0;0;0;0;(-38.54026810000001 -3.8095734);
;2022-01-15 19:44:48;Senador Pompeu;Pedro I;;Não informado;;Colisão;;Não informado;;Cruzamento;;;0;1;0;2;0;0;0;0;0;0;0;0;0;(-38.5307266 -3.7305595);
;2022-01-15 19:07:16;9 ( Loteamento Sao Mateus);;;Mondubim;;Colisão;;Não informado;;Meio De Quadra;;;0;2;0;0;2;0;0;0;0;0;0;0;0;(0 0);
;2022-01-15 18:44:20;General Osorio De Paiva;;;Siqueira;;Atropelamento;;Não informado;;Meio De Quadra;;;0;1;0;1;0;0;0;0;0;0;0;0;0;(-38.590468 -3.7925101);
;2022-01-15 18:17:42;Perimetral;;;Prefeito Jose Walter;;Colisão;;Não informado;;Meio De Quadra Sem Numero;;;0;1;0;0;2;0;0;0;0;0;0;0;0;(-38.5300457 -3.8290547);
;2022-01-15 16:54:20;Rua Valdemar Paes -;Bom Jesus;;Bom Jardim;;Colisão;;Não informado;;Cruzamento;;;0;1;0;0;2;0;0;0;0;0;0;0;0;(-38.6020249 -3.7941762);
;2022-01-15 13:22:06;Alberto Craveiro;;;Aerolandia;;Capotamento;;Não informado;;Meio De Quadra Sem Numero;;;0;1;0;0;1;0;0;0;0;0;0;0;0;(-38.5132459 -3.7763989);
;2022-01-15 11:57:12;Rua Monsenhor Dantas -;;;Jacarecanga;;Colisão;;Não informado;;Meio De Quadra;;;0;2;0;1;1;0;0;0;0;0;0;0;0;(-38.5454529 -3.7198851);
;2022-01-15 11:48:37;Via Expressa;;;Coco;;Queda;;Não informado;;Meio De Quadra Sem Numero;;;0;1;0;1;0;0;0;0;0;0;0;0;0;(-38.49085 -3.7457388);
;2022-01-15 10:38:39;Da Saudade;;;Passare;;Colisão;;Não informado;;Meio De Quadra;;;0;1;0;1;1;0;0;0;0;0;0;0;0;(-38.5361605 -3.8160621);
;2022-01-15 09:18:48;Almirante Henrique Saboia;;;Mucuripe;;Colisão;;Não informado;;Meio De Quadra;;;0;1;0;1;1;0;0;0;0;0;0;0;0;(0 0);
;2022-01-15 01:19:59;Av Via Expressa;;;Sao Joao Do Tauape;;Queda;;Não informado;;Meio De Quadra Sem Numero;;;0;1;0;1;0;0;0;0;0;0;0;0;0;(-38.49085 -3.7457388);
;2022-01-14 23:44:53;Rua Isabel Bezerra;;;Parque Santa Maria;;Colisão;;Não informado;;Meio De Quadra Sem Numero;;;0;1;0;2;0;0;0;0;0;0;0;0;0;(-38.5914987 -3.7708182);
;2022-01-14 22:58:57;Avenida Da Saudade;;;Passare;;Queda;;Não informado;;Meio De Quadra;;;0;1;0;0;0;0;0;0;0;1;0;0;0;(-38.5293785 -3.8116976);
;2022-01-14 22:40:31;BR 116 - Em Frente Atacdão;;;Aerolandia;;Atropelamento;;Não informado;;Meio De Quadra Sem Numero;;;0;2;0;0;0;0;0;0;0;0;1;0;0;(0 0);
;2022-01-14 22:09:04;Rua Papi Junior -;;;Rodolfo Teofilo;;Colisão;;Não informado;;Meio De Quadra;;;0;1;0;1;1;0;0;0;0;0;0;0;0;(-38.5442532 -3.7375987);
;2022-01-14 21:41:13;Do Contorno  Bairro Esplanada Castelão;;;Esplanada Castelão;;Colisão;;Não informado;;Meio De Quadra Sem Numero;;;0;1;0;1;1;0;0;0;0;0;0;0;0;(-38.51711299999999 -3.826586);
;2022-01-14 21:11:02;Washigniton Soares;;;Jose De Alencar;;Colisão;;Não informado;;Meio De Quadra;;;0;1;0;1;1;0;0;0;0;0;0;0;0;(-38.4824051 -3.8186616);
;2022-01-14 21:01:10;Do Contorno  -;;;Boa Vista;;Queda;;Não informado;;Meio De Quadra Sem Numero;;;0;1;0;1;0;0;0;0;0;0;0;0;0;(-38.519229 -3.8062983);
;2022-01-14 20:39:30;Rua Marechal Bittencourt;;;Dias Macedo;;Colisão;;Não informado;;Meio De Quadra;;;0;1;0;2;0;0;0;0;0;0;0;0;0;(-38.5289492 -3.7884492);
;2022-01-14 20:35:29;Rua Doutor Ratisbona;;;Fatima;;Queda;;Não informado;;Meio De Quadra;;;0;1;0;1;0;0;0;0;0;0;0;0;0;(-38.5285192 -3.7528719);
;2022-01-14 20:31:09;Rogaciano Leite;;;Engenheiro Luciano Cavalcante;;Queda;;Não informado;;Meio De Quadra;;;0;1;0;1;0;0;0;0;0;0;0;0;0;(-38.4990969 -3.7730687);
;2022-01-14 20:10:23;Major Assis;;;Quintino Cunha;;Colisão;;Não informado;;Meio De Quadra;;;0;1;0;1;1;0;0;0;0;0;0;0;0;(-38.5925077 -3.7227643);
;2022-01-14 20:02:46;Rua Professor Heribaldo Costa -;;;Henrique Jorge;;Colisão;;Não informado;;Meio De Quadra;;;0;1;0;1;1;0;0;0;0;0;0;0;0;(-38.58409020000001 -3.760643);
;2022-01-14 19:56:35;Honorino Maia;;;Parque Santa Maria;;Colisão;;Não informado;;Meio De Quadra;;;0;2;0;1;1;0;0;0;0;0;0;0;0;(-38.5016709 -3.8509456);
;2022-01-14 19:50:45;Demetrio De Meneses;;;Antonio Bezerra;;Queda;;Não informado;;Meio De Quadra Sem Numero;;;0;1;0;1;0;0;0;0;0;0;0;0;0;(-38.5837642 -3.7387149);
;2022-01-14 19:20:56;Padre Perdigão Sampaio;;;Antonio Bezerra;;Colisão;;Não informado;;Meio De Quadra;;;0;1;0;1;1;0;0;0;0;0;0;0;0;(-38.5945011 -3.7398457);
;2022-01-14 12:37:48;Pedro Martins;;;Bom Jardim;;Queda;;Não informado;;Meio De Quadra;;;0;1;0;1;0;0;0;0;0;0;0;0;0;(0 0);
;2022-01-14 09:34:38;Perimentral;;;Prefeito Jose Walter;;Colisão;;Não informado;;Meio De Quadra;;;0;2;0;1;1;0;0;0;0;0;0;0;0;(-38.5300457 -3.8290547);
;2022-01-14 08:58:07;Algusto Dos Anjos;;;Bonsucesso;;Queda;;Não informado;;Meio De Quadra;;;0;1;0;1;0;0;0;0;0;0;0;0;0;(-38.5775619 -3.7785449);
;2022-01-14 08:51:57;Thonson Gonçalves;;;Bonsucesso;;Colisão;;Não informado;;Meio De Quadra;;;0;1;0;1;1;0;0;0;0;0;0;0;0;(-38.5819701 -3.7793612);
;2022-01-14 01:58:23;Washington Soares;;;Cambeba;;Colisão;;Não informado;;Meio De Quadra Sem Numero;;;0;2;0;2;0;0;0;0;0;0;0;0;0;(-38.4790722 -3.8070071);
;2022-01-14 01:04:21;Tavare Feitosa;;;Varjota;;Colisão;;Não informado;;Meio De Quadra Sem Numero;;;0;1;0;1;1;0;0;0;0;0;0;0;0;(-38.4866233 -3.7325791);
;2022-01-13 20:37:58;Avenida Doutor Theberge;;;Presidente Kennedy;;Queda;;Não informado;;Meio De Quadra;;;0;1;0;0;0;0;0;0;0;1;0;0;0;(0 0);
;2022-01-13 20:22:27;Av Duque De Caxias;;;Centro;;Colisão;;Não informado;;Meio De Quadra;;;0;1;0;0;2;0;0;0;0;0;0;0;0;(-38.5360108 -3.7299164);
;2022-01-13 12:11:23;Audisio Pinheiro;;;Henrique Jorge;;Colisão;;Não informado;;Meio De Quadra Sem Numero;;;0;2;0;2;0;0;0;0;0;0;0;0;0;(-38.5902053 -3.7612217);
;2022-01-13 12:04:15;Rua Frei Mansueto;;;Varjota;;Colisão;;Não informado;;Meio De Quadra;;;0;1;0;0;2;0;0;0;0;0;0;0;0;(-38.4885776 -3.7340205);
;2022-01-13 11:27:20;Frei Odilom;;;Alvaro Weyne;;Colisão;;Não informado;;Meio De Quadra;;;0;2;0;2;0;0;0;0;0;0;0;0;0;(-38.5721054 -3.724008);
;2022-01-13 10:05:51;Leste Oeste;;;Centro;;Colisão;;Não informado;;Meio De Quadra;;;0;1;0;1;1;0;0;0;0;0;0;0;0;(0 0);
;2022-01-13 09:42:03;Rua Doutor Joaquim Bento;;;Messejana;;Colisão;;Não informado;;Meio De Quadra;;;0;1;0;0;2;0;0;0;0;0;0;0;0;(-38.4879182 -3.828622799999999);
;2022-01-13 05:58:06;Antero De Quental -;Contorno Sul;;Paupina;;Queda;;Não informado;;Cruzamento;;;0;1;0;1;0;0;0;0;0;0;0;0;0;(-38.4917485 -3.8580012);
;2022-01-12 22:29:17;Paulino Rocha;;;Boa Vista;;Atropelamento;;Não informado;;Meio De Quadra;;;0;2;0;1;0;0;0;0;0;0;0;0;0;(0 0);
;2022-01-12 22:04:32;Area Branca;;;Vicente Pinzon;;Atropelamento;;Não informado;;Meio De Quadra;;;0;1;0;1;0;0;0;0;0;0;0;0;0;(-38.4742116 -3.7285638);
;2022-01-12 21:38:17;Av Jose Americo;;;Cambeba;;Colisão;;Não informado;;Meio De Quadra Sem Numero;;;0;1;0;0;2;0;0;0;0;0;0;0;0;(-38.4863826 -3.8091057);
;2022-01-12 20:56:28;Joao Pessoa;;;Parangaba;;Queda;;Não informado;;Meio De Quadra;;;0;1;0;1;0;0;0;0;0;0;0;0;0;(-38.5615359 -3.768615);
;2022-01-12 20:26:36;Rua Professor Costa Mendes;;;Rodolfo Teofilo;;Colisão;;Não informado;;Meio De Quadra;;;0;1;0;0;2;0;0;0;0;0;0;0;0;(-38.5538958 -3.748186099999999);
;2022-01-12 20:16:13;Perimetral;;;Prefeito Jose Walter;;Colisão;;Não informado;;Meio De Quadra Sem Numero;;;0;1;0;1;1;0;0;0;0;0;0;0;0;(-38.5300457 -3.8290547);
;2022-01-12 19:46:41;Governador Raul Barbosa;;;Aerolandia;;Colisão;;Não informado;;Meio De Quadra;;;0;1;0;1;1;0;0;0;0;0;0;0;0;(-38.510119 -3.768832);
;2022-01-12 19:35:39;Rua Alves Batista;;;Parque Genibau;;Colisão;;Não informado;;Meio De Quadra;;;0;1;0;1;1;0;0;0;0;0;0;0;0;(-38.6007992 -3.7574411);
;2022-01-12 16:53:42;Avenida Bezerra De Menezes;;;Sao Gerardo;;Queda;;Não informado;;Meio De Quadra;;;0;1;0;0;0;0;0;0;0;1;0;0;0;(-38.5599977 -3.7341886);
;2022-01-12 16:13:37;Rua Jorge Acurcio;;;Vila Uniao;;Colisão;;Não informado;;Meio De Quadra;;;0;1;0;1;1;0;0;0;0;0;0;0;0;(-38.5335011 -3.7699691);
;2022-01-12 15:53:46;Doutor Silas Munguba;;;Serrinha;;Colisão;;Não informado;;Meio De Quadra Sem Numero;;;0;1;0;1;1;0;0;0;0;0;0;0;0;(-38.542238 -3.7897477);
;2022-01-12 15:51:25;Jose  Bastos;;;Rodolfo Teofilo;;Queda;;Não informado;;Meio De Quadra;;;0;1;0;1;0;0;0;0;0;0;0;0;0;(-38.5523572 -3.7516692);
;2022-01-12 15:10:18;Murilo Borges;;;Coco;;Colisão;;Não informado;;Meio De Quadra Sem Numero;;;0;1;0;1;1;0;0;0;0;0;0;0;0;(-38.5030506 -3.765086);