COD_ACIDENTE;DATA;LOG1;LOG2;NUMERO;BAIRRO;AMC;NATUREZA;ILUMINACAO;TEMPO;SUPERFICIEPISTA;TIPOCRUZAMENTO;CONTROLETRAFEGO;USOSOLO;MORTOS;FERIDOS;ILESOS;MOTOCICLETA;AUTOMOVEL;MICROONIBUS;CAMINHAO;ONIBUS;CICLOMOTOR;BICICLETA;OUTROS;TREM;TRACAOANIMAL;COORDENADAS
;2022-01-12 15:07:32;Rogaciano Leite;;;Engenheiro Luciano Cavalcante;;Queda de moto;;Não informado;;Meio De Quadra;;;0;1;0;2;0;0;0;0;0;0;0;0;0;(-38.4978857 -3.771209799999999);
;2022-01-12 14:29:21;Desembargador Lauro Nogueira - Rua Prisco Bezerra;;;Papicu;;Colisão;;Não informado;;Meio De Quadra Sem Numero;;;0;1;0;0;2;0;0;0;0;0;0;0;0;(-38.46891230000001 -3.7430957);
;2022-01-12 13:50:37;Rua Muritinga   >   Px Associação  De Moradores;;;Parque Genibau;;Queda;;Não informado;;Meio De Quadra;;;0;1;0;1;0;0;0;0;0;0;0;0;0;(-38.5998113 -3.7468089);
;2022-01-12 13:49:25;Miguel Gurgel;;;Messejana;;Queda;;Não informado;;Meio De Quadra Sem Numero;;;0;1;0;1;0;0;0;0;0;0;0;0;0;(-38.4817409 -3.830818);
;2022-01-12 13:42:39;Bras Vidal;;;Messejana;;Atropelamento;;Não informado;;Meio De Quadra;;;0;1;0;0;0;0;0;0;0;0;1;0;0;(-38.4833702 -3.8236534);
;2022-01-12 10:45:22;Joao Pessoa;;;Damas;;Colisão;;Não informado;;Meio De Quadra;;;0;1;0;1;1;0;0;0;0;0;0;0;0;(-38.5517456 -3.7561965);
;2022-01-12 10:20:50;Avenida Herois Do Acre;;;Passare;;Atropelamento;;Não informado;;Meio De Quadra;;;0;2;0;1;0;0;0;0;0;0;0;0;0;(-38.5366126 -3.8030031);
;2022-01-12 00:53:19;Jose Onofre;Rua Jardim Silveira;;Novo Mondubim;;Queda;;Não informado;;Cruzamento;;;0;1;0;1;0;0;0;0;0;0;0;0;0;(-38.5897172 -3.8083341);
;2022-01-12 00:09:37;Justino Cafe Neto;;;Não informado;;Colisão;;Não informado;;Meio De Quadra;;;0;1;0;1;1;0;0;0;0;0;0;0;0;(-38.4899813 -3.758897);
;2022-01-11 21:45:05;Rua Barao De Sobral;;;Montese;;Queda;;Não informado;;Meio De Quadra;;;0;1;0;1;0;0;0;0;0;0;0;0;0;(-38.5559777 -3.7657153);
;2022-01-11 20:51:12;Senador Virgilio Tavora Esquina;Abolição;;Meireles;;Colisão;;Não informado;;Cruzamento;;;0;1;0;1;1;0;0;0;0;0;0;0;0;(-38.4918539 -3.7326626);
;2022-01-11 20:46:53;Engenheiro Alberto Sa;Rua Jose Carlos Gurgel;;Papicu;;Colisão;;Não informado;;Cruzamento;;;0;1;0;2;0;0;0;0;0;0;0;0;0;(-38.4750186 -3.7348096);
;2022-01-11 20:35:20;Avenida Rui Barbosa  Historiador Raimundo Girão;;;Meireles;;Colisão;;Não informado;;Meio De Quadra Sem Numero;;;0;1;0;1;1;0;0;0;0;0;0;0;0;(-38.5053971 -3.7235718);
;2022-01-11 19:46:19;Miguel Gurgel;;;Messejana;;Queda de moto;;Não informado;;Meio De Quadra Sem Numero;;;0;1;0;2;0;0;0;0;0;0;0;0;0;(-38.4817409 -3.830818);
;2022-01-11 18:15:26;Avenida Alberto Craveiro -;;;Dias Macedo;;Atropelamento;;Não informado;;Meio De Quadra;;;0;1;0;1;0;0;0;0;0;0;0;0;0;(-38.51738539999999 -3.7862347);
;2022-01-11 16:10:24;Via Expressa;;;Papicu;;Atropelamento;;Não informado;;Meio De Quadra;;;0;1;0;0;1;0;0;0;0;0;0;0;0;(0 0);
;2022-01-11 15:06:50;Duque De Caxias;;;Centro;;Atropelamento;;Não informado;;Meio De Quadra Sem Numero;;;0;1;0;0;1;0;0;0;0;0;0;0;0;(-38.5332576 -3.7307412);
;2022-01-11 14:47:44;Antonio Sales;;;Coco;;Queda;;Não informado;;Meio De Quadra Sem Numero;;;0;1;0;1;0;0;0;0;0;0;0;0;0;(-38.4920221 -3.7486892);
;2022-01-11 12:17:39;Rua 68, Casa 470P Jose Walter;; Casa 470P Jose Walter ;Prefeito Jose Walter;;Colisão;;Não informado;;Meio De Quadra Sem Numero;;;0;1;0;1;1;0;0;0;0;0;0;0;0;(-38.5589185 -3.8401365);
;2022-01-11 11:31:22;Mario Mamede;;;Fatima;;Queda;;Não informado;;Meio De Quadra;;;0;1;0;1;0;0;0;0;0;0;0;0;0;(-38.5286926 -3.7514878);
;2022-01-11 11:02:13;Santos Dumont;;;De Lourdes;;Colisão;;Não informado;;Meio De Quadra;;;0;1;0;1;1;0;0;0;0;0;0;0;0;(-38.5089807 -3.7325852);
;2022-01-11 02:55:25;Av Costa E Silva;;;Mondubim;;Colisão;;Não informado;;Meio De Quadra;;;0;2;0;2;0;0;0;0;0;0;0;0;0;(-38.5413005 -3.8249667);
;2022-01-11 00:04:00;Jose Hipolito;;;Messejana;;Colisão;;Não informado;;Meio De Quadra;;;0;1;0;1;1;0;0;0;0;0;0;0;0;(-38.4866077 -3.8356439);
;2022-01-10 23:57:44;Avenida Maestro Lisboa -;;;Jose De Alencar;;Colisão;;Não informado;;Meio De Quadra;;;0;1;0;0;1;0;0;0;0;1;0;0;0;(-38.4615269 -3.807752);
;2022-01-10 22:11:57;Pasteur;;;Cristo Redentor;;Colisão;;Não informado;;Meio De Quadra;;;0;1;0;1;1;0;0;0;0;0;0;0;0;(-38.5585679 -3.7102288);
;2022-01-10 20:31:40;Rua Joaquim Torres;;;Joaquim Tavora;;Colisão;;Não informado;;Meio De Quadra;;;0;1;0;0;2;0;0;0;0;0;0;0;0;(-38.5166671 -3.7416691);
;2022-01-10 19:32:51;Perimetral;;;Jangurussu;;Atropelamento;;Não informado;;Meio De Quadra;;;0;1;0;1;0;0;0;0;0;0;0;0;0;(-38.5090259 -3.8301765);
;2022-01-10 18:18:00;Avenida Cearences;;;Presidente Kennedy;;Colisão;;Não informado;;Meio De Quadra;;;0;1;0;0;2;0;0;0;0;0;0;0;0;(-38.5671131 -3.7299268);
;2022-01-10 15:50:27;J;Rua 1127;;Conjunto Ceara;;Colisão;;Não informado;;Cruzamento;;;0;1;0;0;2;0;0;0;0;0;0;0;0;(-38.6130815 -3.7606353);
;2022-01-10 15:20:23;J  Esquina;Rua 1127;;Conjunto Ceara;;Queda;;Não informado;;Cruzamento;;;0;1;0;1;0;0;0;0;0;0;0;0;0;(-38.6122608 -3.7610353);
;2022-01-10 14:12:07;Ministro Jose Americo;;;Cambeba;;Colisão;;Não informado;;Meio De Quadra;;;0;1;0;1;1;0;0;0;0;0;0;0;0;(-38.4955454 -3.8107795);
;2022-01-10 14:09:22;Romeu Martins;Rua Almirante Rubim;;Montese;;Colisão;;Não informado;;Cruzamento;;;0;1;0;1;1;0;0;0;0;0;0;0;0;(-38.5539611 -3.765397);
;2022-01-10 14:02:30;Santos Dumont;;;Aldeota;;Queda;;Não informado;;Meio De Quadra;;;0;1;0;0;0;0;0;0;0;1;0;0;0;(-38.4636208 -3.7478781);
;2022-01-10 14:00:01;Jorge  Acurcio;;;Vila Uniao;;Colisão;;Não informado;;Meio De Quadra;;;0;1;0;1;1;0;0;0;0;0;0;0;0;(-38.5324783 -3.766712199999999);
;2022-01-10 13:56:31;Osorio De Paiva;;;Siqueira;;Colisão;;Não informado;;Meio De Quadra;;;0;1;0;1;1;0;0;0;0;0;0;0;0;(0 0);
;2022-01-10 13:16:03;Rua Joao Regino;Antenor Rocha Alexandre 500;;Parque Manibura;;Colisão;;Não informado;;Cruzamento;;;0;1;0;1;1;0;0;0;0;0;0;0;0;(-38.4828717 -3.79154);
;2022-01-10 12:30:22;Otacilio Peixoto;Bairro Sumare;;Sumare;;Colisão;;Não informado;;Cruzamento;;;0;1;0;1;1;0;0;0;0;0;0;0;0;(-38.5353 -3.8002336);
;2022-01-10 11:44:29;Floriano Peixoto;;;Centro;;Colisão;;Não informado;;Meio De Quadra;;;0;1;0;2;0;0;0;0;0;0;0;0;0;(-38.5268868 -3.7259726);
;2022-01-10 10:41:26;Osorio De Paiva;;;Vila Peri;;Colisão;;Não informado;;Meio De Quadra;;;0;1;0;1;1;0;0;0;0;0;0;0;0;(-38.5770532 -3.7825931);
;2022-01-10 10:19:41;Perimetral;Av. Hemilio De Menezes;;Bonsucesso;;Colisão;;Não informado;;Cruzamento;;;0;2;0;0;2;0;0;0;0;0;0;0;0;(-38.589074 -3.7812864);
;2022-01-10 10:06:16;Rua Historiador Guarino Alves;;;Praia De Iracema;;Queda;;Não informado;;Meio De Quadra;;;0;3;0;0;0;0;0;0;0;1;0;0;0;(-38.5152305 -3.7232113);
;2022-01-10 09:42:04;Osorio De Paiva Bezerra);;;Siqueira;;Colisão;;Não informado;;Meio De Quadra;;;0;1;0;1;1;0;0;0;0;0;0;0;0;(-38.60692299999999 -3.809622699999999);
;2022-01-10 05:54:45;Conego De Castro;;;Parque Presidente Vargas;;Colisão;;Não informado;;Meio De Quadra;;;0;1;0;1;0;0;1;0;0;0;0;0;0;(0 0);
;2022-01-10 01:52:51;Eduardo Saboia;;;Papicu;;Queda;;Não informado;;Meio De Quadra;;;0;1;0;0;0;0;0;0;0;1;0;0;0;(-38.4825917 -3.7361299);
;2022-01-10 01:28:21;Padre Antonio Tomas 2160;Coronel Jucá;;Aldeota;;Queda;;Não informado;;Cruzamento;;;0;1;0;1;0;0;0;0;0;0;0;0;0;(-38.4931781 -3.7427753);
;2022-01-09 23:46:21;Rua 132 (Cj Tupan Mirim);;;Parque Dois Irmaos;;Queda;;Não informado;;Meio De Quadra;;;0;1;0;1;0;0;0;0;0;0;0;0;0;(-38.5451386 -3.799148);
;2022-01-09 22:12:39;Oscar Araripe;;;Bom Jardim;;Queda;;Não informado;;Meio De Quadra;;;0;1;0;0;0;0;0;0;0;1;0;0;0;(-38.5994464 -3.7912752);
;2022-01-09 22:03:41;Cidade Ecologica;;;Edson Queiroz;;Queda;;Não informado;;Meio De Quadra Sem Numero;;;0;1;0;1;0;0;0;0;0;0;0;0;0;(-38.4666013 -3.7736393);
;2022-01-09 21:30:13;Vilebaldo Aguiar;;;Coco;;Colisão;;Não informado;;Meio De Quadra;;;0;1;0;0;2;0;0;0;0;0;0;0;0;(-38.4813887 -3.7424688);
;2022-01-09 21:16:10;Rua Achiles Chirol;;;Sao Bento;;Queda;;Não informado;;Meio De Quadra;;;0;1;0;0;0;0;0;0;0;1;0;0;0;(-38.4795024 -3.8582089);
;2022-01-09 20:21:39;Rua  8  Conjunto Curio;;;Curio;;Queda;;Não informado;;Meio De Quadra;;;0;1;0;0;0;0;0;0;0;1;0;0;0;(-38.5683754 -3.7194148);
;2022-01-09 19:48:23;Avenida Bulevar I Cj Sao Cristovao;;;Jangurussu;;Queda;;Não informado;;Meio De Quadra;;;0;1;0;0;0;0;0;0;0;1;0;0;0;(-38.5231505 -3.8337009);
;2022-01-09 19:37:57;Rangel Pestana;;;Sapiranga;;Queda;;Não informado;;Meio De Quadra;;;0;1;0;1;0;0;0;0;0;0;0;0;0;(0 0);
;2022-01-09 18:54:54;Rua Porto Alegre;;;Henrique Jorge;;Queda;;Não informado;;Meio De Quadra;;;0;1;0;0;0;0;0;0;0;1;0;0;0;(-38.5908985 -3.7599089);
;2022-01-09 13:07:46;Americo Barreira;;;Parangaba;;Colisão;;Não informado;;Meio De Quadra;;;0;1;0;1;1;0;0;0;0;0;0;0;0;(0 0);
;2022-01-09 12:00:35;Dom Manuel;Avenida Heraclito Graça;;Centro;;Colisão;;Não informado;;Cruzamento;;;0;1;0;0;1;0;0;0;0;1;0;0;0;(-38.5229316 -3.7340692);
;2022-01-09 09:27:45;Bernardo Manuel;;;Itaperi;;Colisão;;Não informado;;Meio De Quadra;;;0;2;0;0;1;0;0;1;0;0;0;0;0;(-38.5540274 -3.8078558);
;2022-01-09 08:38:41;Rua Carnaubal;;;Floresta;;Queda;;Não informado;;Meio De Quadra;;;0;1;0;0;0;0;0;0;0;1;0;0;0;(-38.5794892 -3.72274);
;2022-01-09 06:59:36;Avenida Borges De Melo;;;Aerolandia;;Choque c/ Obstáculo Fixo;;Não informado;;Meio De Quadra Sem Numero;;;0;2;0;0;1;0;0;0;0;0;0;0;0;(-38.5283938 -3.7602384);
;2022-01-09 02:45:20;Rua 16  Quadra 01;;;Não informado;;Queda;;Não informado;;Meio De Quadra Sem Numero;;;0;1;0;1;0;0;0;0;0;0;0;0;0;(0 0);
;2022-01-09 02:12:55;Av Passare;;;Passare;;Queda;;Não informado;;Meio De Quadra;;;0;1;0;1;0;0;0;0;0;0;0;0;0;(-38.5396176 -3.8162013);
;2022-01-09 00:31:15;Contorno Sul;;;Jangurussu;;Colisão;;Não informado;;Meio De Quadra Sem Numero;;;0;1;0;0;2;0;0;0;0;0;0;0;0;(-38.5199088 -3.8377883);
;2022-01-08 23:56:51;Do Vaqueiro;;;Ancuri;;Queda;;Não informado;;Meio De Quadra;;;0;1;0;1;0;0;0;0;0;0;0;0;0;(-38.4991108 -3.864419299999999);
;2022-01-08 22:41:12;Sobreira Filho;;;Bonsucesso;;Atropelamento;;Não informado;;Meio De Quadra;;;0;1;0;1;0;0;0;0;0;0;0;0;0;(-38.5806631 -3.7797194);
;2022-01-08 21:12:49;Do Contorno;;;Edson Queiroz;;Queda de moto;;Não informado;;Meio De Quadra Sem Numero;;;0;1;0;2;0;0;0;0;0;0;0;0;0;(-38.4741084 -3.7697689);
;2022-01-08 20:32:10;Avenida Sargento Herminio Sampaio;;;Monte Castelo;;Colisão;;Não informado;;Meio De Quadra;;;0;1;0;2;0;0;0;0;0;0;0;0;0;(-38.5717692 -3.7284417);
;2022-01-08 20:24:38;Rua Monsenhor Bruno;;;Aldeota;;Colisão;;Não informado;;Meio De Quadra;;;0;1;0;1;1;0;0;0;0;0;0;0;0;(-38.5098941 -3.7332283);
;2022-01-08 19:44:03;Sargento João Pinheiro;;;Bom Jardim;;Colisão;;Não informado;;Meio De Quadra Sem Numero;;;0;1;0;0;2;0;0;0;0;0;0;0;0;(-38.6230856 -3.7838172);
;2022-01-08 19:32:19;Rua Alberto Magno;;;Montese;;Colisão;;Não informado;;Meio De Quadra;;;0;1;0;1;1;0;0;0;0;0;0;0;0;(-38.5477101 -3.762148);
;2022-01-08 18:43:09;Avenida Radialista Joao Ramos;;;Planalto Ayrton Senna;;Queda;;Não informado;;Meio De Quadra;;;0;1;0;1;0;0;0;0;0;0;0;0;0;(-38.5789459 -3.8403008);
;2022-01-08 17:12:15;Leste Oeste;;;Moura Brasil;;Colisão;;Não informado;;Meio De Quadra;;;0;1;0;1;1;0;0;0;0;0;0;0;0;(0 0);
;2022-01-08 17:10:09;Travessa Joaquim Barroso;Rua Doutor Pedro Rocha;;Aerolandia;;Queda;;Não informado;;Cruzamento;;;0;1;0;1;0;0;0;0;0;0;0;0;0;(-38.5164906 -3.7785647);
;2022-01-08 16:02:00;Rua Joao Tinoco;Rua Pinheiro Bastos;;Olavo Oliveira;;Colisão;;Não informado;;Cruzamento;;;0;1;0;2;0;0;0;0;0;0;0;0;0;(-38.588498 -3.7281956);
;2022-01-08 15:31:21;Bernardo Manoel;;;Itaperi;;Atropelamento;;Não informado;;Meio De Quadra Sem Numero;;;0;1;0;1;0;0;0;0;0;0;0;0;0;(-38.5482911 -3.7882912);
;2022-01-08 15:04:25;Dioguinho;Bairro Praia Do Futuro;;Praia Do Futuro;;Queda;;Não informado;;Cruzamento;;;0;1;0;1;0;0;0;0;0;0;0;0;0;(-38.4536386 -3.7411197);
;2022-01-08 12:17:58;Jose Bastos;;;Pan Americano;;Colisão;;Não informado;;Meio De Quadra;;;0;2;0;1;1;0;0;0;0;0;0;0;0;(-38.5561623 -3.7548351);
;2022-01-08 10:58:50;Wagner Marinho;;;Planalto Ayrton Senna;;Colisão;;Não informado;;Meio De Quadra;;;0;1;0;2;0;0;0;0;0;0;0;0;0;(-38.574033 -3.833863);
;2022-01-08 10:53:38;Godofredo Maciel;Rua Jequitiba;;Mondubim;;Queda;;Não informado;;Cruzamento;;;0;1;0;1;0;0;0;0;0;0;0;0;0;(-38.5807479 -3.8298844);
;2022-01-08 09:07:27;Mister Hull;;;Antonio Bezerra;;Queda;;Não informado;;Meio De Quadra Sem Numero;;;0;1;0;1;0;0;0;0;0;0;0;0;0;(-38.5918137 -3.7395231);
;2022-01-08 04:58:12;Avenida G;;;Conjunto Ceara;;Queda;;Não informado;;Meio De Quadra;;;0;1;0;1;0;0;0;0;0;0;0;0;0;(-38.613629 -3.7698392);
;2022-01-08 04:13:08;Avenida B;;;Jangurussu;;Queda;;Não informado;;Meio De Quadra;;;0;1;0;1;0;0;0;0;0;0;0;0;0;(-38.5192385 -3.8500499);
;2022-01-08 04:02:14;Avenida Francisca Maria Da Conceiçao;;;Planalto Ayrton Senna;;Colisão;;Não informado;;Meio De Quadra;;;0;1;0;0;2;0;0;0;0;0;0;0;0;(-38.5735737 -3.8359454);
;2022-01-07 23:20:54;Rogaciano Leite;;;Engenheiro Luciano Cavalcante;;Queda;;Não informado;;Meio De Quadra;;;0;1;0;1;0;0;0;0;0;0;0;0;0;(-38.4969414 -3.7667797);
;2022-01-07 22:59:20;Eduerdo Gacia;;;Aldeota;;Colisão;;Não informado;;Meio De Quadra;;;0;1;0;1;1;0;0;0;0;0;0;0;0;(-38.4936126 -3.7401201);
;2022-01-07 21:54:41;Hipolito Pamplona;;;Antonio Bezerra;;Colisão;;Não informado;;Meio De Quadra;;;0;1;0;2;0;0;0;0;0;0;0;0;0;(-38.5961399 -3.745867699999999);
;2022-01-07 21:31:42;Avenida Joao Pessoa;;;Parangaba;;Colisão;;Não informado;;Meio De Quadra;;;0;1;0;1;1;0;0;0;0;0;0;0;0;(-38.5582646 -3.7638263);
;2022-01-07 21:29:44;Rua Poente;Rua Chico Xavier;;Barra Do Ceara;;Queda;;Não informado;;Cruzamento;;;0;1;0;1;0;0;0;0;0;0;0;0;0;(-38.5820452 -3.7013587);
;2022-01-07 21:05:47;Rua Julio Braga;;;Joao Xxiii;;Colisão;;Não informado;;Meio De Quadra;;;0;1;0;2;0;0;0;0;0;0;0;0;0;(-38.5871879 -3.7741123);
;2022-01-07 20:36:38;Perimetral;;;Pici;;Atropelamento;;Não informado;;Meio De Quadra Sem Numero;;;0;1;0;1;0;0;0;0;0;0;0;0;0;(-38.589942 -3.78528);
;2022-01-07 20:20:09;Avenida Doutor Silas Munguba;;;Serrinha;;Colisão;;Não informado;;Meio De Quadra Sem Numero;;;0;1;0;1;1;0;0;0;0;0;0;0;0;(-38.542238 -3.7897477);
;2022-01-07 19:47:40;Rua Frei Mansueto;;;Varjota;;Colisão;;Não informado;;Meio De Quadra;;;0;1;0;1;1;0;0;0;0;0;0;0;0;(-38.4887087 -3.7297522);
;2022-01-07 18:14:59;Avenida Da Aboliçao - Joaquim Nabuco;;;Meireles;;Colisão;;Não informado;;Meio De Quadra;;;0;1;0;1;1;0;0;0;0;0;0;0;0;(-38.5047215 -3.745431);
;2022-01-07 16:05:51;Rua Ramos Botelho Esq Valdetario Mota;;;Papicu;;Colisão;;Não informado;;Meio De Quadra;;;0;1;0;0;2;0;0;0;0;0;0;0;0;(0 0);
;2022-01-07 14:55:52;Joaquim Moreira;;;Parangaba;;Queda;;Não informado;;Meio De Quadra;;;0;1;0;1;0;0;0;0;0;0;0;0;0;(-38.5626308 -3.7689724);
;2022-01-07 11:10:53;Duque De Caxias;Padre Ibiapina;;Centro;;Colisão;;Não informado;;Cruzamento;;;0;1;0;1;1;0;0;0;0;0;0;0;0;(-38.5402067 -3.7284103);
;2022-01-07 10:57:20;Tiburcio Cavalcante;;;Aldeota;;Colisão;;Não informado;;Meio De Quadra;;;0;1;0;1;1;0;0;0;0;0;0;0;0;(-38.5026739 -3.7360182);
;2022-01-07 10:47:35;Silas Munguba;;;Serrinha;;Colisão;;Não informado;;Meio De Quadra;;;0;2;0;2;0;0;0;0;0;0;0;0;0;(-38.54568039999999 -3.7888002);
;2022-01-07 10:09:47;Joao Brigido;;;Joaquim Tavora;;Queda;;Não informado;;Meio De Quadra;;;0;1;0;1;0;0;0;0;0;0;0;0;0;(-38.5128805 -3.7413654);
;2022-01-07 09:02:33;Avenida Dioguinho;;;Vicente Pinzon;;Queda;;Não informado;;Meio De Quadra;;;0;2;0;1;0;0;0;0;0;0;0;0;0;(0 0);
;2022-01-07 08:32:41;Avenida Governador Raul Barbosa;;;Aerolandia;;Colisão;;Não informado;;Meio De Quadra;;;0;1;0;0;2;0;0;0;0;0;0;0;0;(-38.5048242 -3.7591906);
;2022-01-07 05:23:56;Hipolito Brasil Esq;Heribaldo Costa;;Henrique Jorge;;Colisão;;Não informado;;Cruzamento;;;0;1;0;1;1;0;0;0;0;0;0;0;0;(-38.5814694 -3.7574925);
;2022-01-07 01:40:33;Evaldo Braga;;;Conjunto Palmeiras;;Colisão;;Não informado;;Meio De Quadra;;;0;1;0;2;0;0;0;0;0;0;0;0;0;(-38.5297596 -3.8435575);
;2022-01-06 23:46:23;Frederico Borges;;;Meireles;;Colisão;;Não informado;;Meio De Quadra;;;0;1;0;1;1;0;0;0;0;0;0;0;0;(0 0);
;2022-01-06 21:09:05;Rua Fausto Cabral;;;Papicu;;Colisão;;Não informado;;Meio De Quadra;;;0;1;0;1;1;0;0;0;0;0;0;0;0;(-38.4733995 -3.7346802);
;2022-01-06 20:36:56;Avenida Franz Kafka - Bloco 18 Do Cidade Jardim 2;;;Prefeito Jose Walter;;Queda;;Não informado;;Meio De Quadra Sem Numero;;;0;1;0;1;0;0;0;0;0;0;0;0;0;(-38.5532233 -3.8432979);
;2022-01-06 19:26:05;Julio Azevedo;Bento Albuquerque;;Coco;;Colisão;;Não informado;;Cruzamento;;;0;2;0;0;2;0;0;0;0;0;0;0;0;(-38.4819528 -3.7424676);
;2022-01-06 16:37:17;Avenida Nila Gomes De Soares;;;Cidade 2000;;Colisão;;Não informado;;Meio De Quadra;;;0;1;0;1;1;0;0;0;0;0;0;0;0;(-38.4683254 -3.7524186);
;2022-01-06 15:11:43;Presidente Castelo Branco  -- Upa Pirambu;;;Cristo Redentor;;Atropelamento;;Não informado;;Meio De Quadra Sem Numero;;;0;1;0;0;0;0;0;0;0;0;1;0;0;(-38.5645486 -3.7095397);
;2022-01-06 15:03:26;I;;;Prefeito Jose Walter;;Colisão;;Não informado;;Meio De Quadra;;;0;1;0;1;1;0;0;0;0;0;0;0;0;(0 0);
;2022-01-06 14:22:14;Desembargador Gonzaga;;;Cidade Dos Funcionarios;;Colisão;;Não informado;;Meio De Quadra Sem Numero;;;0;1;0;1;1;0;0;0;0;0;0;0;0;(-38.500899 -3.7949476);
;2022-01-06 14:08:07;Avenida Oliveira Paiva Esq Desembargador Gonzaga;;;Cidade Dos Funcionarios;;Colisão;;Não informado;;Meio De Quadra Sem Numero;;;0;1;0;1;1;0;0;0;0;0;0;0;0;(-38.49671 -3.7957203);
;2022-01-06 12:22:59;Rua Andre Rebouca;Rua Podi;;Bonsucesso;;Colisão;;Não informado;;Cruzamento;;;0;1;0;1;1;0;0;0;0;0;0;0;0;(-38.5906507 -3.775487);
;2022-01-06 11:42:46;Carneiro De Mendonça;;;Parangaba;;Queda;;Não informado;;Meio De Quadra Sem Numero;;;0;1;0;1;0;0;0;0;0;0;0;0;0;(-38.5692384 -3.7627579);
;2022-01-06 11:34:33;Gomes De Matos;;;Montese;;Colisão;;Não informado;;Meio De Quadra;;;0;1;0;1;1;0;0;0;0;0;0;0;0;(-38.5435417 -3.7585096);
;2022-01-06 11:31:16;Firmino Rocha;Av. Miguel Dias;;Guararapes;;Colisão;;Não informado;;Cruzamento;;;0;1;0;0;2;0;0;0;0;0;0;0;0;(-38.48631 -3.76343);
;2022-01-06 10:55:51;Barao Do Crato;;;Vila Ellery;;Colisão;;Não informado;;Meio De Quadra;;;0;1;0;1;1;0;0;0;0;0;0;0;0;(-38.5635587 -3.7221967);
;2022-01-06 10:38:48;Rua Alfeu Aboim-;;;Papicu;;Queda;;Não informado;;Meio De Quadra;;;0;1;0;1;0;0;0;0;0;0;0;0;0;(-38.4767067 -3.7348561);
;2022-01-06 09:37:40;Rua Jacinto Matos;;;Jacarecanga;;Colisão;;Não informado;;Meio De Quadra;;;0;1;0;1;1;0;0;0;0;0;0;0;0;(-38.5465882 -3.7172682);
;2022-01-06 08:53:49;Rua Costa Freire;;;Parque Sao Jose;;Queda;;Não informado;;Meio De Quadra;;;0;1;0;1;0;0;0;0;0;0;0;0;0;(0 0);
;2022-01-06 08:45:14;Rua Professor Jose Bonifacio;;;Alvaro Weyne;;Colisão;;Não informado;;Meio De Quadra;;;0;1;0;1;1;0;0;0;0;0;0;0;0;(-38.562497 -3.711645);
;2022-01-06 02:18:43;Pastor Samuel Munguba;;;Rodolfo Teofilo;;Colisão;;Não informado;;Meio De Quadra;;;0;2;0;2;0;0;0;0;0;0;0;0;0;(-38.5473113 -3.7456091);
;2022-01-06 01:49:28;Conego De Castro;;;Vila Peri;;Colisão;;Não informado;;Meio De Quadra Sem Numero;;;0;1;0;1;1;0;0;0;0;0;0;0;0;(-38.5779201 -3.7898677);
;2022-01-05 23:14:59;Coronel Guilherme Alencar;;;Messejana;;Colisão;;Não informado;;Meio De Quadra;;;0;1;0;1;1;0;0;0;0;0;0;0;0;(-38.49165259999999 -3.8324607);
;2022-01-05 23:01:23;Abolição;;;Meireles;;Queda;;Não informado;;Meio De Quadra;;;0;1;0;1;0;0;0;0;0;0;0;0;0;(-38.497635 -3.726799);
;2022-01-05 22:37:46;General Sampaio;;;Centro;;Atropelamento;;Não informado;;Meio De Quadra Sem Numero;;;0;1;0;0;1;0;0;0;0;0;0;0;0;(-38.5310317 -3.7276539);
;2022-01-05 21:42:32;Alberto Craveiro;;;Dias Macedo;;Colisão;;Não informado;;Meio De Quadra;;;0;1;0;1;1;0;0;0;0;0;0;0;0;(-38.516531 -3.782766);
;2022-01-05 20:50:40;Benjamim Brasil;;;Maraponga;;Queda;;Não informado;;Meio De Quadra;;;0;1;0;0;0;0;0;0;0;1;0;0;0;(-38.5579057 -3.8081715);
;2022-01-05 20:25:44;Avenida Santos Dumont;;;Aldeota;;Colisão;;Não informado;;Meio De Quadra;;;0;1;0;0;2;0;0;0;0;0;0;0;0;(-38.496989 -3.7364937);
;2022-01-05 19:47:29;Antonio Gadelha;;;Jangurussu;;Colisão;;Não informado;;Meio De Quadra;;;0;1;0;0;2;0;0;0;0;0;0;0;0;(-38.5061481 -3.8334152);
;2022-01-05 19:36:20;Miguel Gurgel;;;Messejana;;Queda de moto;;Não informado;;Meio De Quadra Sem Numero;;;0;1;0;2;0;0;0;0;0;0;0;0;0;(-38.4817409 -3.830818);
;2022-01-05 19:05:25;Avenida Jovita Feitosa;;;Rodolfo Teofilo;;Queda;;Não informado;;Meio De Quadra;;;0;1;0;1;0;0;0;0;0;0;0;0;0;(-38.5541522 -3.7391703);
;2022-01-05 17:39:00;Henrique Saboia;;;Dionisio Torres;;Colisão;;Não informado;;Meio De Quadra Sem Numero;;;0;1;0;1;1;0;0;0;0;0;0;0;0;(0 0);
;2022-01-05 16:48:01;Valparaiso;;;Jangurussu;;Queda;;Não informado;;Meio De Quadra;;;0;1;0;1;0;0;0;0;0;0;0;0;0;(-38.5101986 -3.8493352);
;2022-01-05 16:17:33;Av- Imperador;;;Centro;;Queda;;Não informado;;Meio De Quadra;;;0;1;0;1;0;0;0;0;0;0;0;0;0;(-38.5365573 -3.734736399999999);
;2022-01-05 15:04:38;Rua Marechal Bittencourt -;;;Dias Macedo;;Colisão;;Não informado;;Meio De Quadra;;;0;1;0;1;1;0;0;0;0;0;0;0;0;(-38.5312623 -3.7966391);