COD_ACIDENTE;DATA;LOG1;LOG2;NUMERO;BAIRRO;AMC;NATUREZA;ILUMINACAO;TEMPO;SUPERFICIEPISTA;TIPOCRUZAMENTO;CONTROLETRAFEGO;USOSOLO;MORTOS;FERIDOS;ILESOS;MOTOCICLETA;AUTOMOVEL;MICROONIBUS;CAMINHAO;ONIBUS;CICLOMOTOR;BICICLETA;OUTROS;TREM;TRACAOANIMAL;COORDENADAS
;2022-01-05 14:37:25;Batista De Oliveira;;;Papicu;;Queda;;Não informado;;Meio De Quadra;;;0;1;0;1;0;0;0;0;0;0;0;0;0;(-38.4765938 -3.7388548);
;2022-01-05 13:02:26;Carneiro  De  Mendonça;;;Democrito Rocha;;Atropelamento;;Não informado;;Meio De Quadra;;;0;1;0;1;0;0;0;0;0;0;0;0;0;(-38.571176 -3.7616248);
;2022-01-05 12:06:07;Benjamin Carneiro Girao;;;Montese;;Colisão;;Não informado;;Meio De Quadra;;;0;1;0;1;1;0;0;0;0;0;0;0;0;(-38.5454829 -3.7627659);
;2022-01-05 11:08:15;Mister Hull;;;Antonio Bezerra;;Atropelamento;;Não informado;;Meio De Quadra Sem Numero;;;0;1;0;1;0;0;0;0;0;0;0;0;0;(-38.5918137 -3.7395231);
;2022-01-05 10:55:49;Maestro Lisboa;;;Cambeba;;Queda;;Não informado;;Meio De Quadra Sem Numero;;;0;1;0;1;0;0;0;0;0;0;0;0;0;(-38.4787893 -3.8081011);
;2022-01-05 10:16:09;Das  Pedrinhas;;;Parque Genibau;;Queda;;Não informado;;Meio De Quadra;;;0;1;0;1;0;0;0;0;0;0;0;0;0;(-38.60092789999999 -3.7537726);
;2022-01-05 09:08:51;Washington Soares;;;Não informado;;Choque c/ Obstáculo Fixo;;Não informado;;Meio De Quadra;;;0;2;0;0;1;0;0;0;0;0;0;0;0;(-38.4802725 -3.788792);
;2022-01-05 08:57:08;Rua Mario Mamede;;;Fatima;;Atropelamento;;Não informado;;Meio De Quadra;;;0;1;0;0;1;0;0;0;0;0;0;0;0;(-38.52732049999999 -3.7529158);
;2022-01-04 23:39:51;Ministro Jose Americo;;;Cambeba;;Colisão;;Não informado;;Meio De Quadra Sem Numero;;;0;1;0;1;1;0;0;0;0;0;0;0;0;(-38.4863826 -3.8091057);
;2022-01-04 22:32:33;Rua Erico Mota;;;Parquelandia;;Colisão;;Não informado;;Meio De Quadra;;;0;1;0;0;2;0;0;0;0;0;0;0;0;(-38.56147440000001 -3.7418834);
;2022-01-04 22:02:23;Domingos Olimpio;Jaime Benevolo;;Centro;;Colisão;;Não informado;;Cruzamento;;;0;1;0;1;1;0;0;0;0;0;0;0;0;(-38.5272608 -3.7378222);
;2022-01-04 21:58:11;Rua Dom Expedito Lopes;Rua Osvaldo Cruz;;Dionisio Torres;;Queda;;Não informado;;Cruzamento;;;0;1;0;1;0;0;0;0;0;0;0;0;0;(-38.5032845 -3.7443751);
;2022-01-04 21:20:38;Mister Hull;;;Antonio Bezerra;;Colisão;;Não informado;;Meio De Quadra Sem Numero;;;0;2;0;0;2;0;0;0;0;0;0;0;0;(-38.5918137 -3.7395231);
;2022-01-04 19:16:48;Joao Carvalho;;;Dionisio Torres;;Colisão;;Não informado;;Meio De Quadra;;;0;1;0;1;1;0;0;0;0;0;0;0;0;(-38.5038151 -3.7389793);
;2022-01-04 17:50:30;Rua Professor Miramar Da Ponte;Rua Curitiba;;Henrique Jorge;;Colisão;;Não informado;;Cruzamento;;;0;1;0;2;0;0;0;0;0;0;0;0;0;(-38.5846263 -3.7595861);
;2022-01-04 17:47:17;Costa Barros;Joao Cordeiro;;Meireles;;Colisão;;Não informado;;Cruzamento;;;0;2;0;2;0;0;0;0;0;0;0;0;0;(-38.5143081 -3.7294352);
;2022-01-04 17:18:21;Alberto Magno;;;Montese;;Colisão;;Não informado;;Meio De Quadra;;;0;1;0;1;1;0;0;0;0;0;0;0;0;(0 0);
;2022-01-04 14:48:28;Juvenal De Carvalho;;;Fatima;;Queda;;Não informado;;Meio De Quadra;;;0;1;0;1;0;0;0;0;0;0;0;0;0;(-38.5237267 -3.7526031);
;2022-01-04 12:09:16;Pompilho Gomes;;;Barroso;;Atropelamento;;Não informado;;Meio De Quadra;;;0;2;0;1;0;0;0;0;0;0;0;0;0;(-38.52063 -3.8139);
;2022-01-04 11:45:54;Doutor Theberge Esq.;Av Francisco Sa;;Carlito Pamplona;;Atropelamento;;Não informado;;Cruzamento;;;0;1;0;1;0;0;0;0;0;0;0;0;0;(-38.55458 -3.7183483);
;2022-01-04 11:00:07;Clovis Arrai Maia;Bairro-Praia Do Futuro;;Praia Do Futuro;;Atropelamento;;Não informado;;Cruzamento;;;0;1;0;1;0;0;0;0;0;0;0;0;0;(-38.4530904 -3.7396155);
;2022-01-04 10:41:41;BR 116 KM 13;;;Pedras;;Colisão;;Não informado;;Meio De Quadra Sem Numero;;;0;2;0;1;1;0;0;0;0;0;0;0;0;(0 0);
;2022-01-04 04:16:06;Areia Branca;;;Mucuripe;;Queda;;Não informado;;Meio De Quadra;;;0;1;0;1;0;0;0;0;0;0;0;0;0;(-38.4769599 -3.7269199);
;2022-01-03 22:25:30;Jose Bastos;;;Benfica;;Queda;;Não informado;;Meio De Quadra Sem Numero;;;0;1;0;1;0;0;0;0;0;0;0;0;0;(-38.5429655 -3.7418699);
;2022-01-03 21:02:37;Mastro Lisboa;;;Sapiranga;;Colisão;;Não informado;;Meio De Quadra;;;0;1;0;0;2;0;0;0;0;0;0;0;0;(-38.4595905 -3.807150199999999);
;2022-01-03 19:54:13;Ildefonso Albano;Rua Pinho Pessoa;;Joaquim Tavora;;Colisão;;Não informado;;Cruzamento;;;0;2;0;0;2;0;0;0;0;0;0;0;0;(-38.5169942 -3.7446944);
;2022-01-03 19:09:43;Rua Raimundo Oliveira Filho;;;Papicu;;Colisão;;Não informado;;Meio De Quadra;;;0;1;0;0;2;0;0;0;0;0;0;0;0;(-38.4787116 -3.7390149);
;2022-01-03 16:30:46;Maestro Lisboa;;;Sabiaguaba;;Queda;;Não informado;;Meio De Quadra;;;0;2;0;0;0;0;0;0;0;1;0;0;0;(0 0);
;2022-01-03 15:39:54;Alberto Magno;Rua Delmiro De Farias;;Montese;;Colisão;;Não informado;;Cruzamento;;;0;1;0;1;1;0;0;0;0;0;0;0;0;(-38.5416155 -3.7553865);
;2022-01-03 15:06:55;Osorio De Paiva;;;Siqueira;;Colisão;;Não informado;;Meio De Quadra Sem Numero;;;0;1;0;0;2;0;0;0;0;0;0;0;0;(-38.6103328 -3.8133833);
;2022-01-03 10:45:27;Rua Estevao De Campos;;;Barra Do Ceara;;Queda;;Não informado;;Meio De Quadra;;;0;1;0;1;0;0;0;0;0;0;0;0;0;(-38.5885098 -3.7011762);
;2022-01-03 10:40:43;E;;;Conjunto Ceara;;Colisão;;Não informado;;Meio De Quadra;;;0;3;0;0;2;0;0;0;0;0;0;0;0;(-38.6051627 -3.760584);
;2022-01-03 10:18:05;Avenida Presidente Costa E Silva -;;;Mondubim;;Colisão;;Não informado;;Meio De Quadra;;;0;2;0;1;1;0;0;0;0;0;0;0;0;(-38.5407466 -3.8251551);
;2022-01-03 09:43:48;Deputado Paulino Rocha;;;Boa Vista;;Colisão;;Não informado;;Meio De Quadra;;;0;1;0;2;0;0;0;0;0;0;0;0;0;(-38.517787 -3.81072);
;2022-01-03 08:56:52;Major Assis;;;Vila Velha;;Colisão;;Não informado;;Meio De Quadra;;;0;1;0;0;2;0;0;0;0;0;0;0;0;(-38.5988161 -3.7212298);
;2022-01-02 23:06:08;Antonio Costa Mendes;;;Parque Sao Jose;;Queda de moto;;Não informado;;Meio De Quadra;;;0;3;0;2;0;0;0;0;0;0;0;0;0;(-38.5895967 -3.796659899999999);
;2022-01-02 21:51:47;Lineu Machado;Julio Braga;;Joao Xxiii;;Colisão;;Não informado;;Cruzamento;;;0;1;0;1;1;0;0;0;0;0;0;0;0;(-38.5818192 -3.7752842);
;2022-01-02 21:21:42;Cesar Correia;Av Francisco Sá;;Barra Do Ceara;;Colisão;;Não informado;;Cruzamento;;;0;1;0;1;1;0;0;0;0;0;0;0;0;(-38.5733166 -3.711953299999999);
;2022-01-02 18:49:30;Perimetral;;;Antonio Bezerra;;Queda;;Não informado;;Meio De Quadra;;;0;1;0;1;0;0;0;0;0;0;0;0;0;(0 0);
;2022-01-02 18:26:39;Tiburcio Cavalcante;Torres Camera;;Aldeota;;Colisão;;Não informado;;Cruzamento;;;0;2;0;1;1;0;0;0;0;0;0;0;0;(-38.5029177 -3.7369517);
;2022-01-02 16:56:41;Manoel Lourenço Dos Santos;Av Antonio Sales;;Aldeota;;Queda;;Não informado;;Cruzamento;;;0;1;0;1;0;0;0;0;0;0;0;0;0;(-38.4925981 -3.7484987);
;2022-01-02 16:46:28;Ministro Jose Americo;;;Cambeba;;Queda;;Não informado;;Meio De Quadra;;;0;1;0;1;0;0;0;0;0;0;0;0;0;(-38.4888701 -3.80795);
;2022-01-02 16:36:54;Nove;Rua  14  - Conjunto Joao Paulo Ii;;Barroso;;Colisão;;Não informado;;Cruzamento;;;0;2;0;1;1;0;0;0;0;0;0;0;0;(-38.5182015 -3.8248146);
;2022-01-02 16:20:40;Jovita Feitosa;;;Parquelandia;;Queda;;Não informado;;Meio De Quadra;;;0;2;0;1;0;0;0;0;0;0;0;0;0;(-38.5571568 -3.740139);
;2022-01-02 12:35:36;Primeiro De Janeiro;Cassimiro De Abreu;;Maraponga;;Colisão;;Não informado;;Cruzamento;;;0;1;0;1;1;0;0;0;0;0;0;0;0;(-38.5623239 -3.7814495);
;2022-01-02 11:10:04;Nan;;;Não informado;;Colisão;;Não informado;;Meio De Quadra Sem Numero;;;0;1;0;0;2;0;0;0;0;0;0;0;0;(0 0);
;2022-01-02 10:52:35;Bezerra De Menezes;;;Parque Araxa;;Queda;;Não informado;;Meio De Quadra;;;0;1;0;1;0;0;0;0;0;0;0;0;0;(-38.5443846 -3.731278999999999);
;2022-01-02 03:54:04;L;;;Vila Velha;;Queda de moto;;Não informado;;Meio De Quadra Sem Numero;;;0;1;0;2;0;0;0;0;0;0;0;0;0;(0 0);
;2022-01-02 03:01:05;Almirante Rubim;;;Montese;;Atropelamento;;Não informado;;Meio De Quadra;;;0;1;0;1;0;0;0;0;0;0;0;0;0;(-38.5566135 -3.7712216);
;2022-01-02 01:54:11;Major Assis;;;Vila Velha;;Colisão;;Não informado;;Meio De Quadra;;;0;1;0;1;1;0;0;0;0;0;0;0;0;(-38.603449 -3.7198305);
;2022-01-02 00:48:10;15 ( Cidade Jardim Ii);;;Prefeito Jose Walter;;Colisão;;Não informado;;Meio De Quadra Sem Numero;;;0;1;0;2;0;0;0;0;0;0;0;0;0;(-38.5532233 -3.8432979);
;2022-01-02 00:37:38;Frei Cirilo;Na Alça Do Viaduto Cambeba;;Messejana;;Queda;;Não informado;;Cruzamento;;;0;1;0;1;0;0;0;0;0;0;0;0;0;(-38.4979833 -3.8161503);
ZDW6280;2022-10-15 15:20:00;Rua Raul Cabral;;;VILA UNIAO;972008;Colisão Lateral;Luz do Dia;Bom;Seca;Meio de quadra;Não há Controle;Longo da via;0;2;1;1;1;0;0;0;0;0;0;0;0;(-38.53955999192797 -3.770537340024557);
KSM5447;2022-10-15 07:20:00;Avenida Presidente Costa e Silva;;;PREFEITO JOSE VALTER;972048;Choque c/ Obstáculo Fixo;Amanhecer;Bom;Seca;Não informado;Não há Controle;Longo da via;1;0;0;1;0;0;0;0;0;0;0;0;0;(-38.5503326 -3.8234508);
SJH1978;2022-10-16 04:30:00;Avenida Desembargador Gonzaga;;;CIDADE DOS FUNCIONRAIOS;968123;Colisão Lateral;Não informado;Bom;Seca;Meio de quadra;Não há Controle;Longo da via;0;0;0;1;1;0;0;0;0;0;0;0;0;(-38.5034038133949 -3.789732291137202);
NLK8084;2022-10-16 14:15:00;Rua Capitão Theogenes Gondim;AV AUGUSTO DOS ANJOS;;BONSUCESSO;971487;Colisão Lateral;Luz do Dia;Bom;Seca;Duplo T;Pare;Longo da via;0;0;1;1;1;0;0;0;0;0;0;0;0;(-38.57881680691686 -3.779722707064125);
PEV2229;2022-10-16 22:30:00;Rua Matos Vasconcelos;RUA ALVARO FERNANDES;;DAMAS;971932;Colisão;Anoitecer;Bom;Seca;Cruz;Pare;Longo da via;0;1;1;1;1;0;0;0;0;0;0;0;0;(-38.5569505 -3.7583396);
TYH4585;2022-10-17 17:48:00;Avenida Almirante Henrique Sabóia;;;COCO;970918;Colisão Traseira;Luz do Dia;Bom;Seca;Meio de quadra;Não há Controle;Longo da via;0;1;0;1;1;0;0;0;0;0;0;0;0;(-38.4986080240812 -3.751780904776447);
FCI0825;2022-10-17 12:15:00;Rua José do Patrocínio;RUA ALAN KARDEC;;MONTESE;971049;Colisão Transversal;Não informado;Bom;Não informado;Y;Não informado;Longo da via;0;0;0;1;1;0;0;0;0;0;0;0;0;(-38.54739199750579 -3.766736839251006);
GAY5749;2022-10-17 14:20:00;Avenida Duque de Caxias;;;CENTRO;971511;Atropelamento;Luz do Dia;Bom;Seca;Meio de quadra;Não informado;Longo da via;0;0;1;0;1;0;0;0;0;0;0;0;0;(-38.52830007767358 -3.732349584072632);
VYT2424;2022-10-17 09:40:00;Avenida General Osório de Paiva;;;CANINDEZINHO;971951;Colisão Traseira;Luz do Dia;Bom;Seca;Meio de quadra;Semáforo;Longo da via;0;1;1;2;0;0;0;0;0;0;0;0;0;(-38.60780612721401 -3.810837681211959);
KYB6836;2022-10-18 10:30:00;Avenida Pompílio Gomes;;;PASSARE;971223;Choque c/ Obstáculo Fixo;Via Iluminada;Bom;Não informado;Não informado;Não há Controle;Longo da via;0;0;0;0;1;0;0;0;0;0;0;0;0;(-38.52078989749361 -3.814140202442395);
POJ3186;2022-10-19 00:30:00;Avenida Governador Raul Barbosa;;;AEROLANDIA;971412;Colisão Lateral;Via Iluminada;Chuva;Molhada;Meio de quadra;Não há Controle;Longo da via;0;0;2;1;1;0;1;0;0;0;0;0;0;(-38.51270572134495 -3.773765076227053);
FAY6405;2022-10-18 12:02:00;Avenida Senador Virgílio Távora;RUA MARCOS MACEDO;;ALDEOTA;971543;Colisão Transversal;Luz do Dia;Bom;Seca;Cruz;Semáforo;Longo da via;0;1;1;1;1;0;0;0;0;0;0;0;0;(-38.49292174684123 -3.736064586130878);
DMZ3696;2022-10-18 18:30:00;Avenida Pontes Vieira;;;SAO JOAO DO TAUAPE;971751;Colisão Lateral;Luz do Dia;Bom;Seca;Não informado;Semáforo;Longo da via;0;0;0;1;1;0;0;0;0;0;0;0;0;(-38.51737275672961 -3.753183369081399);
UKF0052;2022-10-18 17:10:00;Rua Alberto Magno;RUA BAR SOBRAL;;MONTESE;971752;Colisão Lateral;Luz do Dia;Bom;Seca;Cruz;Semáforo;Longo da via;0;0;3;0;3;0;0;0;0;0;0;0;0;(-38.5524475 -3.767993199999999);
IXL6121;2022-10-18 11:10:00;Rua Joaquim Nabuco;RUA TORRES CAMARA;;ALDEOTA;971813;Queda;Luz do Dia;Nublado;Seca;Cruz;Semáforo;Longo da via;0;0;0;1;0;0;0;0;0;0;0;0;0;(-38.50196615381722 -3.737418898531764);
CTE3370;2022-10-18 15:00:00;Avenida Godofredo Maciel;;;MARAPONGA;971862;Colisão Transversal;Luz do Dia;Bom;Seca;Meio de quadra;Não há Controle;Longo da via;0;0;1;1;1;0;0;0;0;0;0;0;0;(-38.57032493540287 -3.79804497533589);
OQO5874;2022-10-18 08:00:00;Avenida Francisco Sá;;;CARLITO PAMPLONA;972022;Choque c/ Obstáculo Fixo;Amanhecer;Nublado;Seca;Meio de quadra;Não há Controle;Longo da via;0;0;0;0;1;0;0;0;0;0;0;0;0;(-38.55968729667696 -3.716638270682034);
OWK2318;2022-10-19 11:00:00;Avenida Humberto Monte;;;PARQUELANDIA;970492;Colisão Frontal;Luz do Dia;Nublado;Molhada;Outros;Não há Controle;Longo da via;0;2;0;0;2;0;0;0;0;0;0;0;0;(-38.56911257308121 -3.737413545522438);
GDI6463;2022-10-19 11:00:00;Avenida Eduardo Girão;RUA DEP OSWALDO STUDART;;FATIMA;971038;Colisão Transversal;Não informado;Bom;Não informado;Cruz;Não informado;Longo da via;0;0;1;1;1;0;0;0;0;0;0;0;0;(-38.52947488724681 -3.75530312001604);
ZDB1902;2022-10-20 02:00:00;Rua Edno Alves de Oliveira;RUA ADELIA FEIJO;;CASTELAO;971151;Colisão Frontal;Via Iluminada;Bom;Seca;Cruz;Pare;Longo da via;0;1;1;1;1;0;0;0;0;0;0;0;0;(-38.51860657955795 -3.804114843560848);
BJH5883;2022-10-19 21:45:00;Rua Teodomiro de Castro;RUA SILVIO ROMERO;;ALVARO WEYNE;971152;Colisão Transversal;Via Iluminada;Bom;Seca;Cruz;Pare;Longo da via;0;1;1;1;1;0;0;0;0;0;0;0;0;(-38.57082918583842 -3.719480781200617);
BMF4351;2022-10-19 10:30:00;Rua Bento Albuquerque;RUA BATISTA DE OLIVEIRA;;PAPICU;971359;Colisão Traseira;Luz do Dia;Nublado;Molhada;Cruz;Semáforo;Longo da via;0;1;1;1;1;0;0;0;0;0;0;0;0;(-38.4810303 -3.744462);
JHF7345;2022-10-19 15:30:00;Avenida Alberto Craveiro;;;CASTELAO;971532;Colisão Transversal;Luz do Dia;Bom;Seca;Rotatória;Dê Preferência;Longo da via;0;0;1;1;1;0;0;0;0;0;0;0;0;(-38.5243572107822 -3.806994536816235);
SYX1750;2022-10-19 13:45:00;Rua Felino Barroso;AV 13 DE MAIO;;FATIMA;971542;Choque c/ Obstáculo Fixo;Luz do Dia;Bom;Seca;Y;Pare;Longo da via;0;0;1;0;0;0;1;0;0;0;0;0;0;(-38.52779046099779 -3.750458732167899);
FVV5601;2022-10-19 15:00:00;Rua Germano Franck;;;PARANGABA;971863;Colisão Lateral;Luz do Dia;Bom;Seca;Meio de quadra;Não há Controle;Longo da via;0;0;2;1;0;0;0;1;0;0;0;0;0;(-38.5608191793652 -3.776248765571362);
NXU6406;2022-10-20 08:30:00;Avenida Waldir Diogo;TR JOAQUIM ALFREDO;;MONDUBIM;970841;Colisão Transversal;Amanhecer;Bom;Seca;Cruz;Semáforo;Longo da via;0;0;1;1;1;0;0;0;0;0;0;0;0;(-38.581705 -3.8067264);
KWH3148;2022-10-21 00:30:00;Rua Manuel Castelo Branco;;;MESSEJANA;971150;Colisão Lateral;Via Iluminada;Bom;Seca;Meio de quadra;Não há Controle;Longo da via;0;2;1;1;2;0;0;0;0;0;0;0;0;(-38.48984256724769 -3.832563434542734);
MYS8211;2022-10-20 14:50:00;Avenida das Adenanteras;;;CIDADE 2000;971619;Colisão Transversal;Luz do Dia;Bom;Seca;Cruz;Pare;Longo da via;0;0;1;1;1;0;0;0;0;0;0;0;0;(-38.4730107 -3.753656);
VNR5927;2022-10-20 16:40:00;Avenida Aguanambi;RUA JOSE EUCLIDES F GOMES;;FATIMA;971753;Colisão Transversal;Luz do Dia;Bom;Seca;Meio de quadra;Não informado;Longo da via;0;1;1;1;0;0;1;0;0;0;0;0;0;(-38.52349356296582 -3.752653430543802);
SPD3357;2022-10-20 16:19:00;Avenida Presidente Juscelino Kubitschek;RUA SAO TOMAZ DE AQUINO;;PASSARE;971845;Colisão Transversal;Luz do Dia;Bom;Seca;Cruz;Pare;Longo da via;0;1;0;1;1;0;0;0;0;0;0;0;0;(-38.5297002395744 -3.813829755281885);
OEV5323;2022-10-20 12:00:00;Avenida Val Paraíso;RUA LUCIANO ALVES;;JANGURUSSU;971885;Colisão Transversal;Luz do Dia;Bom;Seca;T;Pare;Longo da via;0;1;1;1;1;0;0;0;0;0;0;0;0;(-38.5109755 -3.849177699999999);
MFX9563;2022-10-20 21:10:00;Rua Professor Jacinto Botelho;RUA CLAUDIO M DIAS LEITE;;GUARARAPES;972062;Colisão Transversal;Via Iluminada;Bom;Seca;Cruz;Pare;Longo da via;0;0;0;1;1;0;0;0;0;0;0;0;0;(-38.49055067224985 -3.760329478546968);
DLJ8885;2022-10-20 16:30:00;Avenida Presidente Castelo Branco;;;JACARECANGA;972087;Choque c/ Obstáculo Fixo;Luz do Dia;Outros;Seca;Meio de quadra;Não há Controle;Longo da via;0;0;0;0;1;0;0;0;0;0;0;0;0;(-38.54255706504914 -3.715235162492184);
IXJ8172;2022-10-20 10:40:00;Rua César Rosas;RUA 15 DE NOVEMBRO;;MONTESE;972107;Colisão Lateral;Luz do Dia;Bom;Seca;Outros;Semáforo;Longo da via;0;0;1;1;1;0;0;0;0;0;0;0;0;(-38.55520801794802 -3.769306193705078);
AYQ5020;2022-10-21 09:40:00;Avenida Aguanambi;;;JOSE BONIFACIO;971427;Colisão Traseira;Luz do Dia;Bom;Seca;Meio de quadra;Semáforo;Longo da via;0;1;1;1;1;0;0;0;0;0;0;0;0;(-38.52471667416795 -3.739902691334109);
YAW5615;2022-10-21 18:00:00;Rua Professora Emília Pereira;AV JOSE LEON;;JARDIM DAS OLIVEIRAS;971533;Colisão Transversal;Luz do Dia;Bom;Seca;Cruz;Não há Controle;Longo da via;0;0;0;1;1;0;0;0;0;0;0;0;0;(-38.51023807994014 -3.786938183587606);
KTI5535;2022-10-07 13:20:00;Avenida Borges de Melo;;;AEROPORTO;971827;Colisão;Luz do Dia;Bom;Seca;Outros;Semáforo;Longo da via;0;1;1;1;1;0;0;0;0;0;0;0;0;(-38.52116700808425 -3.761216883419056);
MMK3778;2022-10-07 11:50:00;Rua Rodrigues Júnior;;;CENTRO;971811;Colisão Lateral;Luz do Dia;Bom;Não informado;Meio de quadra;Outros;Longo da via;0;1;1;0;2;0;0;0;0;0;0;0;0;(-38.52057702699798 -3.73065685075242);
PSS7303;2022-10-07 10:50:00;Rua Professor Costa Mendes;RUA JULIO CESAR D12;;JARDIM AMERICA;971781;Colisão Lateral;Luz do Dia;Bom;Seca;Cruz;Pare;Cruzamento;0;1;1;1;1;0;0;0;0;0;0;0;0;(-38.54689474106161 -3.754750600204369);
BXQ0483;2022-10-21 10:15:00;Rua Doutor Alfredo Weyne;RUA GAL SILVA JUNIOR;;FATIMA;971706;Colisão Transversal;Luz do Dia;Bom;Seca;Cruz;Pare;Longo da via;0;1;1;1;1;0;0;0;0;0;0;0;0;(-38.5321648 -3.7559172);
IIP8425;2022-10-07 21:10:00;RUA OLIMPIO PAIVA;AV PASTEUR;;CARLITO PAMPLONA;971230;Atropelamento;Via Iluminada;Bom;Seca;T;Pare;Cruzamento;1;0;1;0;1;0;0;0;0;0;0;0;0;(-38.56093 -3.7173703);
PLB7827;2022-10-06 17:10:00;Avenida João Pessoa;RUA LIVINO DE CARVALHO;;PARANGABA;971870;Colisão Transversal;Luz do Dia;Bom;Seca;T;Semáforo;Cruzamento;0;2;0;2;0;0;0;0;0;0;0;0;0;(-38.5610483 -3.770256);
WAB3946;2022-10-06 17:40:00;Avenida Américo Barreira;;;RODOLFO TEOFILO;971861;Colisão Traseira;Luz do Dia;Bom;Seca;Meio de quadra;Não há Controle;Longo da via;0;1;1;1;1;0;0;0;0;0;0;0;0;(-38.55257 -3.752095);
PMT3901;2022-10-06 19:00:00;Avenida Alberto Nepomuceno;RUA JOSE AVELINO;;CENTRO;971524;Colisão Transversal;Luz do Dia;Bom;Seca;Cruz;Não há Controle;Cruzamento;0;2;1;1;1;0;0;0;0;0;0;0;0;(-38.5235523 -3.722126399999999);
FLL5984;2022-10-06 14:30:00;Rua José de Pontes;;;PRESIDENTE KENNEDY;971424;Colisão Traseira;Luz do Dia;Bom;Seca;Meio de quadra;Semáforo;Longo da via;0;1;1;1;1;0;0;0;0;0;0;0;0;(-38.5685135 -3.7388326);
RHE3546;2022-10-06 17:30:00;AV AUGUSTO DOS ANJOS;RUA PERDIGAO DE OLIVEIRA;;JOAO XXIII;971157;Colisão Lateral;Luz do Dia;Bom;Seca;Não informado;Semáforo;Cruzamento;0;1;1;1;1;0;0;0;0;0;0;0;0;(-38.5747092 -3.7751277);
MQZ1625;2022-10-21 12:35:00;Avenida Sargento Hermínio Sampaio;;;MONTE CASTELO;MQZ1625;Atropelamento de Animal;Luz do Dia;Bom;Seca;Duplo T;Não há Controle;Longo da via;0;0;0;0;0;0;0;0;0;0;0;0;0;(-38.5571893326016 -3.725814256930967);
HVI6069;2022-10-21 18:02:00;Avenida Alberto Craveiro;;;CASTELAO;971789;Colisão Traseira;Luz do Dia;Bom;Seca;Meio de quadra;Não há Controle;Longo da via;0;1;1;1;1;0;0;0;0;0;0;0;0;(-38.518976717923 -3.79873546514423);
KGI7220;2022-10-21 21:00:00;Rua Manoel Monteiro;;;CIDADE DOS FUNCIONRAIOS;971964;Atropelamento;Via Iluminada;Bom;Seca;Cruz;Semáforo;Longo da via;0;1;1;0;1;0;0;0;0;0;0;0;0;(-38.4942306589689 -3.795818275757229);
DQB0593;2022-10-21 08:00:00;Avenida Barão de Studart;RUA PDE VALDEVINO;;ALDEOTA;972019;Colisão Lateral;Amanhecer;Bom;Seca;Cruz;Semáforo;Longo da via;0;1;1;0;2;0;0;0;0;0;0;0;0;(-38.50889698110182 -3.741786943248105);
ZVE1208;2022-10-21 12:50:00;Avenida Desembargador Moreira;;;ALDEOTA;972026;Colisão;Luz do Dia;Bom;Seca;Outros;Semáforo;Longo da via;0;0;1;0;1;0;1;0;1;0;0;0;0;(-38.49902106786949 -3.738371733671378);
MJW4436;2022-10-06 12:20:00;Rua Desembargador João Firmino;RUA TEN MOACIR MATOS;;DAMAS;970838;Colisão Transversal;Luz do Dia;Bom;Seca;Cruz;Pare;Cruzamento;0;0;2;0;2;0;0;0;0;0;0;0;0;(-38.55609690838084 -3.765043921579484);
KPM3183;2022-10-22 18:00:00;Avenida Alberto Craveiro;RUA SAO SEBASTIAO;;DIAS MACEDO;969593;Colisão Transversal;Luz do Dia;Bom;Seca;T;Não há Controle;Longo da via;0;0;0;1;1;0;0;0;0;0;0;0;0;(-38.51791993303781 -3.794619281298091);
DTA8499;2022-10-22 09:00:00;AV EDUARDO GIRAO;;;FATIMA;970491;Choque c/ Obstáculo Fixo;Luz do Dia;Nublado;Seca;Meio de quadra;Não há Controle;Longo da via;0;0;0;0;1;0;0;0;0;0;0;0;0;(-38.53419016979623 -3.75149719989136);
PPG3081;2022-10-22 13:00:00;Avenida Senador Virgílio Távora;RUA MARIA TOMASIA;;ALDEOTA;970783;Colisão Transversal;Luz do Dia;Bom;Seca;Cruz;Semáforo;Longo da via;0;1;1;1;1;0;0;0;0;0;0;0;0;(-38.49320605917459 -3.737049540811602);
JMG1152;2022-10-22 19:00:00;Avenida João Pessoa;;;PARANGABA;971039;Colisão Lateral;Luz do Dia;Bom;Seca;Duplo T;Semáforo;Longo da via;0;0;2;0;2;0;0;0;0;0;0;0;0;(-38.55976775343137 -3.76710618442075);
GJJ7171;2022-10-06 11:30:00;AV RUI BARBOSA;AV MON TABOSA;;MEIRELES;969815;Atropelamento;Luz do Dia;Bom;Seca;Cruz;Semáforo;Cruzamento;1;0;1;0;0;0;0;1;0;0;0;0;0;(-38.5056957 -3.7244353);