COD_ACIDENTE;DATA;LOG1;LOG2;NUMERO;BAIRRO;AMC;NATUREZA;ILUMINACAO;TEMPO;SUPERFICIEPISTA;TIPOCRUZAMENTO;CONTROLETRAFEGO;USOSOLO;MORTOS;FERIDOS;ILESOS;MOTOCICLETA;AUTOMOVEL;MICROONIBUS;CAMINHAO;ONIBUS;CICLOMOTOR;BICICLETA;OUTROS;TREM;TRACAOANIMAL;COORDENADAS
SPN6600;2022-10-22 12:00:00;Avenida Antônio Sales;RUA TIBURCIO CAVALCANTI;;DIONISIO TORRES;971149;Colisão Lateral;Luz do Dia;Bom;Seca;Cruz;Semáforo;Longo da via;0;1;1;1;1;0;0;0;0;0;0;0;0;(-38.50542621093778 -3.744527666069963);
HOT3224;2022-10-05 23:05:00;Avenida Santos Dumont;;;VARJOTA;971922;Choque c/ Obstáculo Fixo;Via Iluminada;Bom;Seca;Meio de quadra;Não há Controle;Longo da via;0;1;0;0;1;0;0;0;0;0;0;0;0;(-38.4877456954409 -3.739585860935794);
KHL1779;2022-10-22 12:30:00;Rua Doutor Perilio Teixeira;AV GENIBAU;;GENIBAU;971224;Colisão Lateral;Via Iluminada;Bom;Seca;Cruz;Não há Controle;Longo da via;0;1;0;0;2;0;0;0;0;0;0;0;0;(-38.60206082963251 -3.760484711735876);
RIN9879;2022-10-05 18:30:00;Avenida Presidente Costa e Silva;RUA PAU BRASIL;;PREFEITO JOSE VALTER;971913;Colisão Traseira;Luz do Dia;Bom;Seca;T;Semáforo;Cruzamento;0;1;1;1;1;0;0;0;0;0;0;0;0;(-38.5483579 -3.8238203);
OAL5565;2022-10-22 17:00:00;Rua Romeu Martins;AV PRO GOMES DE MATOS;;MONTESE;971949;Colisão Transversal;Luz do Dia;Bom;Seca;Cruz;Pare;Longo da via;0;0;1;1;1;0;0;0;0;0;0;0;0;(-38.55122760660942 -3.767298886186206);
FPZ1698;2022-10-22 22:40:00;Avenida Humberto Monte;;;PARQUELANDIA;972121;Colisão Traseira;Via Iluminada;Bom;Seca;Meio de quadra;Não há Controle;Longo da via;0;0;2;1;1;0;0;0;0;0;0;0;0;(-38.5627561 -3.7463144);
MDL2747;2022-10-07 22:50:00;RUA GOV MANUEL DE CASTRO FILHO;RUA PAISAGISTA;;EDSON QUEIROZ;MDL2747;Colisão Lateral;Via Iluminada;Bom;Seca;Outros;Outros;Cruzamento;0;1;1;1;1;0;0;0;0;0;0;0;0;(-38.4784422 -3.7631608);
BUS8293;2022-10-05 12:40:00;RUA METON DE ALENCAR;RUA BAR ARATANHA;;CENTRO;971815;Colisão Transversal;Luz do Dia;Bom;Seca;Cruz;Pare;Cruzamento;0;1;1;1;1;0;0;0;0;0;0;0;0;(-38.52701130000001 -3.7348268);
SGW4784;2022-10-05 09:40:00;Rua Coronel Joaquim Franklin;RUA SALGADO FILHO;;ANTONIO BEZERRA;971808;Colisão Transversal;Luz do Dia;Bom;Seca;Cruz;Pare;Cruzamento;0;1;1;1;1;0;0;0;0;0;0;0;0;(-38.5948517 -3.743479599999999);
JCA2384;2022-10-05 16:20:00;RUA CONSELHEIRO TRISTÃO;RUA JOAQUIM MAGALHAES;;JOSE BONIFACIO;971782;Colisão Transversal;Luz do Dia;Bom;Seca;Cruz;Pare;Cruzamento;0;1;1;1;1;0;0;0;0;0;0;0;0;(-38.5270946897586 -3.74021751424581);
KRM9534;2022-10-23 00:00:00;Rua Carapinima;AV 13 DE MAIO;;BENFICA;972122;Colisão Traseira;Via Iluminada;Bom;Seca;Cruz;Semáforo;Longo da via;0;0;2;0;2;0;0;0;0;0;0;0;0;(-38.5402272 -3.7399305);
LJE5792;2022-10-23 18:00:00;Rua Verbena;;;BONSUCESSO;968687;Colisão Traseira;Luz do Dia;Bom;Seca;Meio de quadra;Semáforo;Longo da via;0;0;2;1;1;0;0;0;0;0;0;0;0;(-38.58878926367868 -3.781184006493389);
PBG0940;2022-10-23 17:30:00;Avenida Antônio Justa;RUA LEONARDO MOTA;;MEIRELES;970219;Colisão Transversal;Luz do Dia;Bom;Seca;Cruz;Pare;Longo da via;0;0;0;1;1;0;0;0;0;0;0;0;0;(-38.49366739467084 -3.727986845456583);
PVX2755;2022-10-23 09:00:00;Avenida Beira Mar;;;MUCURIPE;970578;Colisão Lateral;Não informado;Não informado;Não informado;Não informado;Não informado;Longo da via;0;0;0;0;2;0;0;0;0;0;0;0;0;(-38.49077061642609 -3.725106890802704);
CPF0093;2022-10-24 01:00:00;Rua Professor Heribaldo Costa;TR RIO DE JANEIRO;;JOAO XXIII;970834;Colisão Frontal;Via Iluminada;Bom;Seca;Cruz;Não há Controle;Longo da via;0;0;1;1;1;0;0;0;0;0;0;0;0;(-38.5888885 -3.769590999999999);
OOJ6973;2022-10-24 15:20:00;Avenida Carlos Amora;RUA PEDRO II;;PARANGABA;971512;Atropelamento;Luz do Dia;Bom;Seca;Cruz;Não há Controle;Longo da via;0;2;1;0;0;0;0;1;0;0;0;0;0;(-38.5635095 -3.7753678);
ZEE9308;2022-10-05 11:40:00;RUA CAPITAO ARAGAO;;;ALTO DA BALANCA;971473;Colisão Transversal;Luz do Dia;Bom;Seca;Meio de quadra;Pare;Longo da via;0;1;1;0;1;0;0;0;0;1;0;0;0;(-38.51339938582601 -3.765157753062151);
APK1069;2022-10-24 10:50:00;Avenida João Pessoa;RUA JOAO SORONGO;;JARDIM AMERICA;971965;Colisão Lateral;Luz do Dia;Bom;Seca;Cruz;Pare;Longo da via;0;1;1;1;0;0;0;1;0;0;0;0;0;(-38.54613140563422 -3.748729734200574);
YPO3058;2022-10-04 10:40:00;Rua Padre Mororó;RUA CASTRO E SILVA;;CENTRO;971921;Tombamento;Luz do Dia;Bom;Seca;T;Pare;Cruzamento;0;1;0;1;0;0;0;0;0;0;0;0;0;(-38.5361077 -3.7209688);
MPG6432;2022-10-25 19:00:00;Rua José Pereira Barros;RUA PEDRO LOPES D64;;GUAJERU;966853;Colisão Transversal;Luz do Dia;Bom;Seca;Cruz;Pare;Longo da via;0;0;0;1;0;0;0;1;0;0;0;0;0;(-38.47933367394708 -3.828463470029681);
IEL3789;2022-10-25 17:30:00;Rua Artur de Carvalho;RUA FRANCISCO LORDA;;VILA UNIAO;967200;Colisão Transversal;Luz do Dia;Bom;Seca;Cruz;Pare;Longo da via;0;1;1;1;1;0;0;0;0;0;0;0;0;(-38.53473201853573 -3.761025351246976);
XCF5424;2022-10-04 10:30:00;RUA CACILDA BECKER;RUA PRO HERIBALDO COSTA;;HENRIQUE JORGE;971792;Colisão Transversal;Luz do Dia;Nublado;Seca;Cruz;Pare;Cruzamento;0;0;0;0;0;0;0;0;0;0;0;0;0;(-38.5894793 -3.7706933);
NMV6027;2022-10-25 20:30:00;Avenida Bernardo Manuel;;;DENDE;969291;Colisão Traseira;Via Iluminada;Bom;Seca;Outros;Não há Controle;Longo da via;0;0;1;1;1;0;0;0;0;0;0;0;0;(-38.55197862412124 -3.800662410523813);
MZZ7751;2022-10-25 09:00:00;Rua Valdetário Mota;RUA BENTO ALBUQUERQUE;;COCO;971814;Colisão Transversal;Luz do Dia;Bom;Seca;Cruz;Semáforo;Longo da via;0;0;1;1;0;0;0;1;0;0;0;0;0;(-38.48456397889403 -3.743071658138799);
MKH4889;2022-10-04 17:40:00;Avenida Castelo de Castro;AV CONTORNO SUL;;JANGURUSSU;971755;Colisão Frontal;Luz do Dia;Bom;Seca;Cruz;Semáforo;Cruzamento;0;0;0;0;0;0;0;0;0;0;2;0;0;(-38.521779 -3.8388154);
RHU5295;2022-10-25 22:25:00;Rua Padre Pedro de Alencar;;;MESSEJANA;971956;Colisão Lateral;Via Iluminada;Bom;Seca;Meio de quadra;Semáforo;Longo da via;0;1;1;1;1;0;0;0;0;0;0;0;0;(-38.49378542138352 -3.829919334351283);
VYJ5472;2022-10-04 11:00:00;Avenida Borges de Melo;;;ALTO DA BALANCA;971037;Colisão Traseira;Luz do Dia;Bom;Seca;Duplo T;Semáforo;Longo da via;0;1;1;1;1;0;0;0;0;0;0;0;0;(-38.5212231 -3.7615916);
ZLN5430;2022-10-27 02:00:00;Avenida Senador Fernandes Távora;RUA BELEM;;AUTRAN NUNES;969292;Colisão Transversal;Via Iluminada;Bom;Seca;Cruz;Pare;Longo da via;0;0;0;2;1;0;0;0;0;0;0;0;0;(-38.59208350000001 -3.7568994);
KJR5515;2022-10-26 16:25:00;Rua Barbosa de Freitas;RUA MARCOS MACEDO;;AEROLANDIA;971333;Atropelamento;Luz do Dia;Bom;Seca;Cruz;Pare;Longo da via;0;0;0;0;1;0;0;0;0;0;1;0;0;(-38.4967737 -3.7345636);
GDD1210;2022-10-04 15:00:00;Rua Coronel Matos Dourado;;;ANTONIO BEZERRA;970594;Colisão Traseira;Luz do Dia;Bom;Seca;Meio de quadra;Não há Controle;Longo da via;0;1;3;0;4;0;0;0;0;0;0;0;0;(-38.58528994744152 -3.739167908939004);
SWL6429;2022-10-26 16:50:00;Avenida Governador Raul Barbosa;;;AEROLANDIA;971790;Colisão Traseira;Luz do Dia;Nublado;Seca;Meio de quadra;Não há Controle;Longo da via;0;1;2;0;3;0;0;0;0;0;0;0;0;(-38.51289348022783 -3.774760693929336);
KYU6397;2022-10-04 20:20:00;RUA JUVENAL DE CARVALHO;RUA DR JOSE VITOR;;JOSE BONIFACIO;955370;Colisão Transversal;Via Iluminada;Bom;Seca;Cruz;Pare;Cruzamento;0;2;1;1;1;0;0;0;0;0;0;0;0;(-38.5247039 -3.7499814);
EOT3745;2022-10-03 16:30:00;Avenida Jornalista Tomaz Coelho;;;JANGURUSSU;971449;Colisão Transversal;Luz do Dia;Bom;Seca;Meio de quadra;Não há Controle;Longo da via;0;1;1;1;1;0;0;0;0;0;0;0;0;(-38.52232411727727 -3.828882967953483);
YEK6311;2022-10-03 14:05:00;Rua Doutor João Moreira;;;CENTRO;971275;Colisão Traseira;Luz do Dia;Bom;Seca;Meio de quadra;Não há Controle;Longo da via;0;0;2;1;1;0;0;0;0;0;0;0;0;(-38.5277375 -3.7226621);
OBX3926;2022-10-04 00:40:00;Avenida Dioguinho;;;PRAIA DO FUTURO II;959413;Choque c/ Obstáculo Fixo;Via Iluminada;Bom;Seca;Rotatória;Outros;Longo da via;0;0;0;0;1;0;0;0;0;0;0;0;0;(-38.43915250478425 -3.76979723060167);
MCM0444;2022-10-26 12:15:00;Avenida João Pessoa;;;DAMAS;972133;Colisão Transversal;Luz do Dia;Bom;Seca;Meio de quadra;Não há Controle;Longo da via;0;0;2;0;1;0;1;0;0;0;0;0;0;(-38.56003061679878 -3.767753876296416);
SKF3076;2022-10-03 01:00:00;RUA FLORENCIO COELHO HOLANDA;RUA ROSA CRUZ;;MARAPONGA;971938;Colisão Transversal;Via Iluminada;Bom;Seca;Cruz;Não há Controle;Cruzamento;0;1;1;1;1;0;0;0;0;0;0;0;0;(-38.5720889 -3.7972767);
PXO0050;2022-09-02 19:45:00;Rua Costa Barros;RUA GONCALVES LEDO;;ALDEOTA;971931;Colisão;Via Iluminada;Bom;Seca;Cruz;Semáforo;Cruzamento;0;0;0;0;2;0;0;0;0;0;0;0;0;(-38.5154111 -3.7290736);
OJR1594;2022-10-02 10:45:00;AV GENIBAU;RUA PERILIO TEIXEIRA;;GENIBAU;971925;Colisão Lateral;Luz do Dia;Bom;Seca;Cruz;Pare;Cruzamento;0;2;0;2;0;0;0;0;0;0;0;0;0;(-38.6020707 -3.7603764);
RHJ7573;2022-10-02 13:15:00;AV DOMINGOS OLIMPIO;RUA JAIME BENEVOLO;;JOSE BONIFACIO;971924;Colisão;Luz do Dia;Bom;Seca;Cruz;Semáforo;Cruzamento;0;0;2;0;2;0;0;0;0;0;0;0;0;(-38.5272608 -3.7378222);
WKD8855;2022-10-27 18:10:00;Avenida Doutor Silas Munguba;RUA GOV JOAO CARLOS;;ITAPERI;971486;Colisão Transversal;Luz do Dia;Bom;Seca;T;Semáforo;Longo da via;0;0;2;1;1;0;0;0;0;0;0;0;0;(-38.5540117401743 -3.783897841754975);
CJR0873;2022-10-27 19:00:00;Avenida Doutor Silas Munguba;RUA ANTONIO TEIXEIRA LEITE;;SERRINHA;972012;Queda;Luz do Dia;Bom;Seca;Cruz;Semáforo;Longo da via;0;0;0;1;0;0;0;0;0;0;0;0;0;(-38.5392876 -3.7907116);
NAF1428;2022-10-28 01:00:00;Rua Emílio de Menezes;RUA BRAGANCA;;GRANJA PORTUGAL;972124;Colisão Transversal;Via Iluminada;Bom;Seca;Cruz;Semáforo;Longo da via;0;0;1;1;0;0;0;1;0;0;0;0;0;(-38.59622972302672 -3.7792730759751);
OKH5521;2022-10-27 17:00:00;Avenida Antônio Sales;;;DIONISIO TORRES;972125;Engavetamento;Luz do Dia;Bom;Seca;Meio de quadra;Não há Controle;Longo da via;0;0;3;1;2;0;0;0;0;0;0;0;0;(-38.50278691139552 -3.745319904662341);
XNG4628;2022-10-28 19:00:00;Rua Osvaldo Cruz;RUA FRANCISCO HOLANDA;;DIONISIO TORRES;971334;Colisão Transversal;Luz do Dia;Bom;Seca;Cruz;Pare;Longo da via;0;0;0;1;1;0;0;0;0;0;0;0;0;(-38.5045293 -3.7486985);
BXV5739;2022-10-28 14:54:00;Rua Comendador Garcia;;;VILA PERY;971447;Colisão;Luz do Dia;Bom;Seca;Meio de quadra;Não há Controle;Longo da via;1;1;0;0;1;0;0;0;0;1;0;0;0;(-38.58046906305768 -3.790176564111488);
EIS8068;2022-10-28 22:00:00;Avenida Alanis Maria Laurindo de Oliveira;AV F CJ CEARA;;CONJUNTO CEARA I;971509;Colisão Transversal;Não informado;Bom;Seca;Rotatória;Dê Preferência;Longo da via;0;0;1;1;1;0;0;0;0;0;0;0;0;(-38.60496297634466 -3.764729525805361);
EQB6222;2022-10-28 22:00:00;Avenida Deputado Paulino Rocha;AV ALBERTO CRAVEIRO;;CASTELAO;971510;Colisão Traseira;Não informado;Bom;Seca;Rotatória;Pare;Longo da via;0;1;1;1;1;0;0;0;0;0;0;0;0;(-38.52411046860961 -3.80775460294661);
HVU7856;2022-10-02 14:45:00;Rua Desembargador Floriano B Magalhaes;;;EDSON QUEIROZ;964969;Colisão Lateral;Luz do Dia;Bom;Não informado;Não informado;Não informado;Longo da via;0;0;2;0;2;0;0;0;0;0;0;0;0;(-38.4789757 -3.7727117);
WMX6176;2022-10-01 16:00:00;Avenida Deputado Oswaldo Studart;RUA MARIO MAMEDE;;FATIMA;971890;Colisão Transversal;Luz do Dia;Bom;Seca;Cruz;Semáforo;Cruzamento;0;1;1;0;2;0;0;0;0;0;0;0;0;(-38.5273773 -3.7527442);
PFK1519;2022-10-01 18:40:00;Rua Coronel Matos Dourado;RUA TANCREDO NEVES UI 505;;DOM LUSTOSA;971887;Colisão Frontal;Luz do Dia;Bom;Seca;T;Pare;Cruzamento;1;0;1;0;0;0;0;1;0;1;0;0;0;(-38.58439480000001 -3.7496654);
IYP0259;2022-10-01 17:00:00;RUA PORTO ALEGRE;RUA NOEL ROSA;;JOQUEI CLUBE;971886;Colisão Transversal;Luz do Dia;Bom;Seca;T;Não há Controle;Cruzamento;0;0;2;0;2;0;0;0;0;0;0;0;0;(-38.5839875 -3.7637728);
JIQ7804;2022-10-01 16:45:00;Rua Desembargador Lauro Nogueira;;;PAPICU;971786;Colisão Traseira;Luz do Dia;Bom;Seca;Meio de quadra;Não há Controle;Longo da via;0;2;2;2;1;0;0;0;0;0;0;0;0;(-38.47970750837352 -3.739724620620108);
KHM5220;2022-10-28 09:30:00;Avenida Dom Manuel;AV SANTOS DUMONT;;CENTRO;971778;Colisão Transversal;Luz do Dia;Bom;Seca;Cruz;Semáforo Intermitente;Longo da via;0;1;1;1;1;0;0;0;0;0;0;0;0;(-38.52129951720644 -3.728800511233871);
EPZ0749;2022-10-01 22:00:00;Avenida Lineu Machado;;;JOQUEI CLUBE;971724;Colisão Traseira;Via Iluminada;Bom;Seca;Duplo T;Não informado;Longo da via;0;1;0;1;1;0;0;0;0;0;0;0;0;(-38.57464698851696 -3.761789388721803);
CNL7671;2022-10-28 13:50:00;Rua Ildefonso Albano;;;JOAQUIM TVORA;972028;Colisão Traseira;Luz do Dia;Bom;Seca;Outros;Não informado;Longo da via;0;0;1;1;1;0;0;0;0;0;0;0;0;(-38.51750687143223 -3.746385143260937);
LGX3500;2022-10-01 23:00:00;AV PRE COSTA E SILVA;;;JANGURUSSU;971723;Choque c/ Obstáculo Fixo;Mal Iluminada;Bom;Seca;Meio de quadra;Outros;Longo da via;0;0;0;0;1;0;0;0;0;0;0;0;0;(-38.52201831706559 -3.82883479595354);
ANM4332;2022-10-30 02:10:00;Rua Vital Brasil;;;BONSUCESSO;958517;Colisão Lateral;Via Iluminada;Bom;Seca;Meio de quadra;Gesto;Longo da via;0;0;0;1;1;0;0;0;0;0;0;0;0;(-38.58515217995325 -3.781687163968609);
USP2210;2022-10-29 19:00:00;Rua Pereira Valente;RUA BARBOSA DE FREITAS;;ALDEOTA;971866;Colisão Transversal;Luz do Dia;Bom;Seca;Cruz;Semáforo;Longo da via;0;0;0;1;1;0;0;0;0;0;0;0;0;(-38.49622086008262 -3.732542293499675);
OEG6261;2022-10-02 02:00:00;Avenida Presidente Costa e Silva;;;JANGURUSSU;OEG6261;Colisão Frontal;Não informado;Não informado;Não informado;Não informado;Não informado;Longo da via;0;0;0;0;0;0;0;0;0;0;0;0;0;(-38.5513442 -3.823076);
CTX4573;2022-10-29 06:00:00;Avenida da Universidade;AV 13 DE MAIO;;BENFICA;972126;Colisão Lateral Sentido Oposto;Amanhecer;Bom;Seca;Cruz;Semáforo;Longo da via;0;0;2;0;2;0;0;0;0;0;0;0;0;(-38.53910402408926 -3.740941171583307);
ZQA7367;2022-10-30 17:00:00;Rua Tenente Benévolo;RUA JOAO CORDEIRO;;PRAIA DE IRACEMA;971148;Colisão Lateral;Luz do Dia;Bom;Seca;Cruz;Semáforo;Longo da via;0;1;1;2;0;0;0;0;0;0;0;0;0;(-38.5136820446165 -3.726466573171072);
IHH1890;2022-10-30 16:20:00;Avenida Duque de Caxias;RUA VINTE QUATRO DE MAIO;;CENTRO;971871;Colisão Transversal;Luz do Dia;Bom;Seca;Cruz;Semáforo;Longo da via;0;1;1;1;1;0;0;0;0;0;0;0;0;(-38.53310122776086 -3.730727611386433);
GVK3371;2022-10-02 02:00:00;Avenida Presidente Costa e Silva;;;JANGURUSSU;971721;Colisão Frontal;Via Iluminada;Bom;Seca;Meio de quadra;Não há Controle;Longo da via;0;0;0;0;0;0;0;0;0;0;0;0;0;(-38.5282735 -3.8293827);
QMO3403;2022-10-30 10:50:00;Rua Caravela;;;BARRA DO CEARA;971967;Colisão Frontal;Luz do Dia;Nublado;Seca;Meio de quadra;Cancela Danificada;Longo da via;0;0;0;1;1;0;0;0;0;0;0;0;0;(-38.57974485022366 -3.696874272342887);
VIH7395;2022-10-01 10:00:00;Rua José Bastos;;;COUTO FERNANDES;971472;Engavetamento;Luz do Dia;Bom;Seca;Não informado;Outros;Longo da via;0;1;2;0;3;0;0;0;0;0;0;0;0;(-38.55726794007655 -3.757269639402248);
XHW3220;2022-10-31 19:50:00;Avenida General Osório de Paiva;;;VILA PERY;971869;Choque c/ Obstáculo Fixo;Luz do Dia;Bom;Seca;Meio de quadra;Semáforo;Longo da via;0;0;0;0;1;0;0;0;0;0;0;0;0;(-38.58693853723125 -3.789304076006252);
UUI0461;2022-10-31 18:00:00;Avenida Dioguinho;;;PRAIA DO FUTURO II;971873;Colisão Transversal;Luz do Dia;Bom;Seca;Meio de quadra;Não há Controle;Longo da via;0;0;1;0;1;0;1;0;0;0;0;0;0;(-38.4473673 -3.753054);
QWU6523;2022-10-01 17:00:00;Rua Senador Pompeu;;;CENTRO;971448;Colisão Traseira;Luz do Dia;Bom;Seca;Meio de quadra;Não há Controle;Longo da via;0;0;2;0;2;0;0;0;0;0;0;0;0;(-38.5319961528981 -3.734760456255367);
RAG4362;2022-10-01 11:20:00;Rua Paulo Firmeza;AV VIS RIO BRANCO;;SAO JOAO DO TAUAPE;971369;Queda;Luz do Dia;Bom;Material Derrapante;Cruz;Outros;Cruzamento;0;2;0;1;0;0;0;0;0;0;0;0;0;(-38.51966890089107 -3.757713928979882);
TKB4070;2022-10-31 12:00:00;Avenida Desembargador Gonzaga;RUA ANTONIO DE CASTRO;;CIDADE DOS FUNCIONRAIOS;972120;Colisão Transversal;Luz do Dia;Bom;Seca;Cruz;Semáforo;Longo da via;0;0;1;1;1;0;0;0;0;0;0;0;0;(-38.50091472808585 -3.795261599965326);
MQK2756;2022-10-01 12:15:00;Rua Eduardo Garcia;RUA BARBOSA DE FREITAS;;ALDEOTA;971354;Colisão Transversal;Luz do Dia;Bom;Seca;Cruz;Semáforo;Cruzamento;0;1;1;1;1;0;0;0;0;0;0;0;0;(-38.4980052 -3.7385351);
IYQ9921;2022-10-01 23:00:00;Rua João Brígido;;;DIONISIO TORRES;970836;Colisão Traseira;Via Iluminada;Bom;Seca;Meio de quadra;Semáforo;Longo da via;0;0;3;0;3;0;0;0;0;0;0;0;0;(-38.51063878871064 -3.742272642647368);
CFQ8147;2022-11-01 00:20:00;Avenida Doutor Theberge;RUA CRUZ E SOUSA D21;;ALVARO WEYNE;972123;Colisão Transversal;Via Iluminada;Bom;Seca;T;Semáforo;Longo da via;0;0;2;0;2;0;0;0;0;0;0;0;0;(-38.5664265 -3.7192296);
MBT3517;2022-09-19 15:00:00;Rua São José;;;CENTRO;966234;Colisão Lateral;Luz do Dia;Bom;Seca;Outros;Outros;Longo da via;0;0;2;0;2;0;0;0;0;0;0;0;0;(-43.17445472200588 -22.90466249870765);
MYM3881;2022-09-19 11:35:00;Rua Padre Pedro de Alencar;;;MESSEJANA;969190;Colisão Traseira;Luz do Dia;Bom;Seca;Meio de quadra;Não há Controle;Longo da via;0;1;1;1;1;0;0;0;0;0;0;0;0;(-38.49459545150651 -3.847487861805261);
YDD2719;2022-09-19 17:00:00;AV GERMANO FRANCK;RUA MUNDICA PAULA;;ITAOCA;969445;Colisão Lateral;Luz do Dia;Bom;Seca;Cruz;Não informado;Cruzamento;0;0;2;0;1;0;0;1;0;0;0;0;0;(-38.5574654 -3.7732481);
NNQ7293;2022-09-19 11:00:00;Avenida Eduardo Girão;RUA JORGE DUMAR;;JARDIM AMERICA;969818;Colisão Lateral;Luz do Dia;Bom;Seca;Cruz;Semáforo;Cruzamento;0;2;1;2;0;0;0;0;0;0;0;0;0;(-38.538646 -3.749469399999999);
CQW7982;2022-09-18 14:50:00;Avenida Almirante Henrique Sabóia;;;PAPICU;971821;Choque c/ Obstáculo Fixo;Luz do Dia;Bom;Seca;Meio de quadra;Outros;Longo da via;0;0;0;0;1;0;0;0;0;0;0;0;0;(-38.49026099610585 -3.74490237360167);
OLW9467;2022-09-19 03:45:00;RUA OSVALDO CRUZ;RUA TORRES CAMARA;;ALDEOTA;970170;Colisão Transversal;Via Iluminada;Bom;Seca;Cruz;Semáforo;Cruzamento;0;1;1;0;2;0;0;0;0;0;0;0;0;(-38.5009561 -3.7375731);
PNJ8374;2022-09-18 15:00:00;Rua Senador Pompeu;RUA SAO PAULO;;CENTRO;971612;Colisão Transversal;Não informado;Bom;Seca;Cruz;Semáforo;Longo da via;0;0;1;1;1;0;0;0;0;0;0;0;0;(-38.5292207 -3.7254874);
ANN3330;2022-09-18 17:00:00;Rua Antônio Costa Mendes;RUA PLACIDO DE CASTRO;;VILA PERY;971229;Colisão Lateral;Via Iluminada;Bom;Seca;Cruz;Pare;Longo da via;0;0;2;0;1;0;0;1;0;0;0;0;0;(-38.5848118 -3.7911197);
WGH1907;2022-09-19 12:15:00;Avenida Oscar Araripe;RUA OSCAR ARARIPE;;BOM JARDIM;971009;Choque c/ Obstáculo Fixo;Luz do Dia;Bom;Seca;Cruz;Pare;Cruzamento;0;1;0;0;1;0;0;0;0;0;0;0;0;(-38.6067403 -3.7888003);
MVR7015;2022-09-18 06:00:00;Rua Aveledo;RUA STA EFIGENIA;;MESSEJANA;970989;Colisão Transversal;Via Iluminada;Bom;Seca;Cruz;Pare;Longo da via;0;0;0;1;1;0;0;0;0;0;0;0;0;(-38.5006418 -3.836247);
BRK3766;2022-09-19 22:30:00;Rua República do Líbano;;;MEIRELES;971145;Colisão Transversal;Via Iluminada;Bom;Seca;Meio de quadra;Não há Controle;Longo da via;0;0;2;0;2;0;0;0;0;0;0;0;0;(-38.4914989 -3.7328781);
RXK2897;2022-09-19 20:00:00;Rua Coronel Alexandrino;;;MONTESE;971156;Colisão Traseira;Luz do Dia;Bom;Seca;Não informado;Não há Controle;Longo da via;0;0;3;0;3;0;0;0;0;0;0;0;0;(-38.552901 -3.7647967);
ROR3791;2022-09-17 19:00:00;Avenida Dom Manuel;AV HERACLITO GRACA;;CENTRO;971715;Colisão Transversal;Via Iluminada;Bom;Seca;Cruz;Semáforo;Longo da via;0;0;1;0;1;0;0;0;0;0;0;0;0;(-38.52300540477201 -3.734025084065339);
IKL4677;2022-09-17 16:00:00;Rua Gustavo Sampaio;;;PARQUE ARAXA;971663;Colisão Lateral;Não informado;Bom;Seca;Meio de quadra;Não há Controle;Longo da via;0;1;1;1;1;0;0;0;0;0;0;0;0;(-38.55012789747136 -3.733976906793893);
UCI8301;2022-09-17 22:49:00;Avenida Francisco Sá;;;CARLITO PAMPLONA;971374;Atropelamento;Via Iluminada;Bom;Seca;Meio de quadra;Não há Controle;Longo da via;0;0;0;0;1;0;0;0;0;0;0;0;0;(-38.56726185432761 -3.714025936553063);
NZQ7278;2022-09-19 12:00:00;Rua Deputado Matoso Filho;RUA XXIX CIDADE OESTE;;QUINTINO CUNHA;971707;Colisão Transversal;Luz do Dia;Bom;Seca;Cruz;Pare;Cruzamento;0;0;2;0;2;0;0;0;0;0;0;0;0;(-38.5941236 -3.7338962);
LTF2936;2022-09-19 07:00:00;AV BERNARDO MANUEL;RUA ACAPULCO;;SERRINHA;971799;Choque c/ Obstáculo Fixo;Via Iluminada;Chuva;Molhada;T;Não há Controle;Cruzamento;0;1;0;0;1;0;0;0;0;0;0;0;0;(-38.5491999 -3.7915775);
EWQ2548;2022-09-19 10:30:00;RUA AMADEU FURTADO;RUA AZEVEDO BOLAO;;PARQUELANDIA;971806;Colisão Transversal;Luz do Dia;Bom;Seca;Cruz;Pare;Cruzamento;0;1;1;0;2;0;0;0;0;0;0;0;0;(-38.5635997 -3.7378843);
OSL7480;2022-09-19 10:50:00;RUA GONTRAN GIFFONI;RUA JOR CESAR MAGALHAES;;ENGENHEIRO LUCIANO CAVALCANTE;971826;Colisão Lateral;Luz do Dia;Bom;Seca;Cruz;Pare;Cruzamento;0;2;1;1;1;0;0;0;0;0;0;0;0;(-38.49140194390088 -3.768694550867181);
AOW2526;2022-09-17 09:30:00;Avenida Frei Cirilo;;;MESSEJANA;970493;Choque c/ Obstáculo Fixo;Luz do Dia;Bom;Seca;Não informado;Não há Controle;Longo da via;0;0;0;0;1;0;0;0;0;0;0;0;0;(-38.49355474999096 -3.825995988449394);
PKA7633;2022-09-20 13:30:00;Rua 30 de Maio;;;GENIBAU;966746;Atropelamento;Luz do Dia;Bom;Seca;T;Não informado;Longo da via;1;0;1;0;0;0;1;0;0;0;0;0;0;(-38.59843984610936 -3.763500378587663);
BFN9642;2022-09-20 06:00:00;AV CARNEIRO DE MENDONÇA;;;PICI;969469;Queda;Não informado;Bom;Não informado;Não informado;Não informado;Longo da via;0;0;0;1;0;0;0;0;0;0;0;0;0;(-38.5714247 -3.761962999999999);