COD_ACIDENTE;DATA;LOG1;LOG2;NUMERO;BAIRRO;AMC;NATUREZA;ILUMINACAO;TEMPO;SUPERFICIEPISTA;TIPOCRUZAMENTO;CONTROLETRAFEGO;USOSOLO;MORTOS;FERIDOS;ILESOS;MOTOCICLETA;AUTOMOVEL;MICROONIBUS;CAMINHAO;ONIBUS;CICLOMOTOR;BICICLETA;OUTROS;TREM;TRACAOANIMAL;COORDENADAS
OXA6317;2022-09-20 11:12:00;RUA JUSTINIANO DE SERPA;RUA BELA CRUZ;;FARIAS BRITO;971477;Colisão Transversal;Luz do Dia;Bom;Seca;Duplo T;Pare;Cruzamento;0;1;1;0;1;0;0;0;1;0;0;0;0;(-38.5422393 -3.7340876);
RPZ7763;2022-09-17 00:20:00;Avenida Capitão Hugo Bezerra;;;BARROSO;971729;Colisão Lateral;Via Iluminada;Bom;Seca;Meio de quadra;Não informado;Longo da via;0;0;2;0;2;0;0;0;0;0;0;0;0;(-38.51671830157692 -3.819391024488631);
VHR8904;2022-09-20 19:30:00;AV DES GARCIA;RUA FRE MARCELINO;;HENRIQUE JORGE;971583;Colisão Lateral;Luz do Dia;Bom;Seca;Cruz;Pare;Cruzamento;0;0;2;0;2;0;0;0;0;0;0;0;0;(-38.55491296548763 -3.746542386285947);
JBL3114;2022-09-16 14:45:00;Avenida Treze de Maio;;;BENFICA;971599;Colisão Traseira;Luz do Dia;Bom;Seca;Meio de quadra;Semáforo;Longo da via;0;0;1;1;1;0;0;0;0;0;0;0;0;(-38.53734986081081 -3.742472124757626);
QJE5023;2022-09-16 11:40:00;Avenida Presidente Juscelino Kubitschek;;;PASSARE;971293;Outros;Luz do Dia;Nublado;Molhada;Meio de quadra;Não há Controle;Longo da via;0;0;1;1;1;0;0;0;0;0;0;0;0;(-38.5299308700682 -3.814134849906094);
DPF4136;2022-09-16 07:00:00;Avenida Borges de Melo;;;AEROLANDIA;969499;Choque c/ Obstáculo Fixo;Não informado;Bom;Seca;Meio de quadra;Semáforo;Longo da via;0;0;0;0;1;0;0;0;0;0;0;0;0;(-38.51822570547289 -3.761614166174571);
AAV2311;2022-09-16 20:00:00;Rua Pedro Wilson;RUA JOSE PEDRA;;ITAPERI;969450;Colisão Transversal;Luz do Dia;Bom;Seca;Cruz;Pare;Longo da via;0;0;0;1;0;0;1;0;0;0;0;0;0;(-38.54811622997932 -3.79043884563978);
ZRX9611;2022-09-15 12:20:00;Rua General Góis Monteiro;RUA EVANDRO LUZ;;PADRE ANDRADE;971805;Colisão Transversal;Luz do Dia;Bom;Seca;Cruz;Pare;Longo da via;0;1;1;1;0;0;1;0;0;0;0;0;0;(-38.5772163 -3.7334977);
RTX6606;2022-09-20 15:30:00;Avenida Dom Manuel;;;CENTRO;971614;Choque c/ Obstáculo Fixo;Luz do Dia;Bom;Seca;Meio de quadra;Semáforo;Longo da via;0;0;1;0;1;0;0;0;0;0;0;0;0;(-38.52035001871425 -3.726200926731776);
KKM4867;2022-09-15 11:40:00;Rua Professor Glauco Lobo;;;MONDUBIM;971800;Colisão Transversal;Luz do Dia;Bom;Seca;Meio de quadra;Não há Controle;Longo da via;0;2;0;1;0;0;0;0;0;1;0;0;0;(-38.5812889 -3.8060803);
KVP8506;2022-09-15 23:00:00;Avenida Domingos Olímpio;;;CENTRO;971582;Atropelamento;Via Iluminada;Bom;Seca;Meio de quadra;Não há Controle;Longo da via;0;1;0;0;0;0;0;0;0;0;0;0;0;(-38.53390053333619 -3.735748758037172);
LCK0296;2022-09-15 11:45:00;Avenida José Bastos;;;PAN AMERICANO;971528;Colisão Lateral;Luz do Dia;Bom;Seca;Meio de quadra;Não há Controle;Longo da via;0;0;2;1;1;0;0;0;0;0;0;0;0;(-38.55814234387945 -3.757053516528934);
VGI1920;2022-09-15 17:00:00;Rua Djalma Benevides;RUA 103 CJ NOVO MONDUBIM;;MONDUBIM;971356;Colisão Transversal;Luz do Dia;Bom;Seca;Cruz;Pare;Longo da via;0;0;1;1;1;0;0;0;0;0;0;0;0;(-38.5845995 -3.8091301);
NGC2212;2022-09-15 21:19:00;Avenida Dom Manuel;RUA RUFINO DE ALENCAR;;PRAIA DE IRACEMA;971279;Colisão Transversal;Via Iluminada;Bom;Seca;T;Pare;Longo da via;0;0;0;1;1;0;0;0;0;0;0;0;0;(-38.5197469 -3.7241362);
UXR7169;2022-09-15 17:50:00;Rua Rio Grande do Sul;RUA ALAGOAS;;DEMOCRITO ROCHA;971155;Não informado;Não informado;Bom;Seca;Cruz;Pare;Longo da via;0;0;0;0;2;0;0;0;0;0;0;0;0;(-38.56897136102783 -3.760757624328023);
ARJ2660;2022-09-20 21:30:00;AV ANTONIO SALES;RUA NUNES VALENTE;;ALDEOTA;971615;Colisão Transversal;Via Iluminada;Bom;Seca;Cruz;Pare;Cruzamento;0;1;1;1;1;0;0;0;0;0;0;0;0;(-38.5063308 -3.7442374);
KTX1182;2022-09-20 21:20:00;Avenida A;;;CONJUNTO CEARA I;971854;Colisão Lateral;Via Iluminada;Bom;Seca;Meio de quadra;Semáforo;Longo da via;0;2;1;1;1;0;0;0;0;0;0;0;0;(-38.6047922 -3.7711497);
AEL4576;2022-09-15 18:30:00;Rua Dom Jerônimo;AV DOMINGOS OLIMPIO;;PARQUE ARAXA;970820;Colisão Transversal;Luz do Dia;Bom;Seca;Cruz;Pare;Longo da via;0;0;1;1;1;0;0;0;0;0;0;0;0;(-38.54344380851241 -3.73326495347442);
LZF1854;2022-09-15 00:00:00;Rua Homem de Melo;RUA DOMINGOS RAIOL;;MESSEJANA;971719;Colisão Lateral;Via Iluminada;Bom;Seca;Cruz;Pare;Longo da via;0;0;1;1;0;0;0;1;0;0;0;0;0;(-38.4965121 -3.8165297);
EVP5436;2022-09-14 15:10:00;Avenida I;;;PREFEITO JOSE VALTER;971600;Colisão Traseira;Luz do Dia;Bom;Seca;Meio de quadra;Outros;Longo da via;0;0;2;0;1;0;1;0;0;0;0;0;0;(-38.5505785075735 -3.824518707572752);
TDE5909;2022-09-14 23:00:00;Rua Professor Manoel Lourenço;;;JOQUEI CLUBE;971525;Colisão Transversal;Via Iluminada;Bom;Seca;Meio de quadra;Não há Controle;Longo da via;0;0;2;1;1;0;0;0;0;0;0;0;0;(-38.57254044328868 -3.762465270684932);
MDU4996;2022-09-15 00:20:00;Rua Barão de Aracati;RUA PINHO PESSOA;;JOAQUIM TVORA;971281;Colisão Transversal;Via Iluminada;Bom;Seca;Cruz;Não informado;Longo da via;0;1;1;1;1;0;0;0;0;0;0;0;0;(-38.5158707241356 -3.744800667287491);
XUF0433;2022-09-21 10:20:00;Rua Adriano Martins;;;JACARECANGA;969103;Queda;Luz do Dia;Bom;Seca;Outros;Outros;Longo da via;0;1;0;1;0;0;0;0;0;0;0;0;0;(-38.5440701 -3.7195719);
TYI2207;2022-09-21 20:00:00;Rua Coronel Manuel Jesuíno;;;VARJOTA;970644;Colisão Frontal;Luz do Dia;Bom;Seca;Meio de quadra;Não há Controle;Longo da via;0;1;1;1;1;0;0;0;0;0;0;0;0;(-38.48491803504717 -3.733925383875681);
YZA0301;2022-09-14 23:30:00;Avenida Bernardo Manuel;;;PREFEITO JOSE VALTER;970832;Colisão Lateral;Via Iluminada;Bom;Seca;Meio de quadra;Não há Controle;Longo da via;0;0;1;1;1;0;0;0;0;0;0;0;0;(-38.56260017161776 -3.835678538044919);
ZRF3215;2022-09-21 11:45:00;Avenida General Osório de Paiva;;;PARANGABA;970785;Colisão Frontal;Luz do Dia;Nublado;Seca;Meio de quadra;Não há Controle;Longo da via;0;1;1;1;1;0;0;0;0;0;0;0;0;(-38.57211129274064 -3.779221555731277);
NSJ8126;2022-09-14 21:40:00;Rua Costa Barros;RUA SAO JOSE D03;;CENTRO;970831;Colisão Transversal;Via Iluminada;Bom;Seca;Cruz;Pare;Longo da via;0;0;1;1;1;0;0;0;0;0;0;0;0;(-38.5236295 -3.7264286);
UBX1036;2022-09-21 14:30:00;Rua Gomes Brasil;;;PARANGABA;970873;Colisão Traseira;Luz do Dia;Bom;Seca;Meio de quadra;Outros;Longo da via;0;1;1;1;0;0;0;1;0;0;0;0;0;(-38.56872096811316 -3.77263764485712);
UOV2493;2022-09-14 10:30:00;Rua Desembargador João Firmino;RUA ROMEU MARTINS;;MONTESE;964542;Colisão Lateral;Luz do Dia;Bom;Seca;Cruz;Pare;Longo da via;0;1;1;1;1;0;0;0;0;0;0;0;0;(-38.55558351911134 -3.764279886959077);
OLI6965;2022-09-21 19:30:00;Rua Padre Pedro de Alencar;;;MESSEJANA;971616;Colisão Lateral;Luz do Dia;Bom;Seca;Meio de quadra;Não há Controle;Longo da via;0;1;1;1;1;0;0;0;0;0;0;0;0;(-38.49465981959671 -3.847776887451254);
JOC0652;2022-09-21 23:30:00;Rua Governador Sampaio;RUA POCINHO;;CENTRO;971718;Colisão Lateral;Via Iluminada;Não informado;Seca;Cruz;Pare;Cruzamento;0;1;1;0;1;0;1;0;0;0;0;0;0;(-38.5242633 -3.7279735);
YCM5260;2022-09-21 11:50:00;Rua Dom Quintino;;;JACARECANGA;971741;Colisão Transversal;Luz do Dia;Bom;Seca;Duplo T;Pare;Longo da via;0;2;1;1;1;0;0;0;0;0;0;0;0;(-38.55461791311286 -3.711110471532623);
XRZ3835;2022-09-13 11:00:00;Avenida Carneiro de Mendonça;;;DAMAS;971598;Colisão Lateral;Luz do Dia;Bom;Seca;Meio de quadra;Outros;Longo da via;0;0;1;1;1;0;0;0;0;0;0;0;0;(-38.56093720121866 -3.766752897739905);
ELV2510;2022-09-22 17:00:00;RUA CEL MATOS DOURADO;;;HENRIQUE JORGE;954159;Colisão Traseira;Luz do Dia;Bom;Seca;Não informado;Semáforo;Longo da via;0;0;3;0;3;0;1;0;0;0;0;0;0;(-38.5855068 -3.7596987);
ULZ4937;2022-09-13 09:07:00;Rua Gustavo Sampaio;RUA DOM LINO;;PARQUELANDIA;971597;Colisão Transversal;Luz do Dia;Nublado;Seca;Cruz;Semáforo;Longo da via;0;0;0;1;1;0;0;0;0;0;0;0;0;(-38.55742350275234 -3.735497166084573);
MXO4333;2022-09-22 21:20:00;Avenida Benu Marcondes;;;VILA VELHA;969260;Atropelamento;Via Iluminada;Bom;Seca;Meio de quadra;Pare;Longo da via;1;1;0;1;0;0;0;0;0;0;0;0;0;(-38.59561816433691 -3.712951959853885);
BYK0028;2022-09-13 19:00:00;Travessa Silva;RUA BRUNO VALENTE;;SERRINHA;971469;Colisão Lateral;Luz do Dia;Bom;Seca;T;Pare;Longo da via;0;0;0;1;1;0;0;0;0;0;0;0;0;(-38.53863195631499 -3.785824820211639);
MLB9931;2022-09-13 15:00:00;Avenida L Cj Planalto Da Barra;;;VILA VELHA;971315;Colisão Transversal;Luz do Dia;Bom;Seca;Não informado;Pare;Longo da via;0;0;0;1;1;0;0;0;0;0;0;0;0;(-38.6013807 -3.716595);
ADC6890;2022-09-13 04:10:00;Rua Alberto Magno;RUA DES PRAXEDES;;BOM FUTURO;970990;Colisão Transversal;Não informado;Bom;Seca;Cruz;Semáforo;Longo da via;0;0;0;1;1;0;0;0;0;0;0;0;0;(-38.5468244 -3.7612301);
NYN0286;2022-09-13 13:37:00;Avenida Santos Dumont;;;PAPICU;970881;Colisão Lateral;Luz do Dia;Bom;Seca;Meio de quadra;Outros;Longo da via;0;0;2;0;1;1;0;0;0;0;0;0;0;(-38.48064795575697 -3.741995709546048);
MVL8710;2022-09-13 10:45:00;Rua Barbosa de Freitas;RUA BENI DE CARVALHO;;ALDEOTA;967286;Colisão Transversal;Luz do Dia;Bom;Não informado;Cruz;Semáforo Danificado;Longo da via;0;2;0;1;1;0;0;0;0;0;0;0;0;(-38.4998838 -3.7444226);
FDU6813;2022-09-13 07:30:00;Avenida Governador Raul Barbosa;;;AEROLANDIA;955104;Choque c/ Obstáculo Fixo;Amanhecer;Chuva;Molhada;Não informado;Não há Controle;Longo da via;0;0;1;0;0;0;2;0;0;0;0;0;0;(-38.5136564 -3.7778992);
SGT6518;2022-09-22 04:40:00;Avenida Pontes Vieira;;;DIONISIO TORRES;SGT6518;Choque c/ Obstáculo Fixo;Via Iluminada;Bom;Seca;Meio de quadra;Não há Controle;Longo da via;0;0;0;0;1;0;0;0;0;0;0;0;0;(-38.49787846150061 -3.750878267923814);
PNY4739;2022-09-12 13:00:00;Avenida Presidente Juscelino Kubitschek;RUA SAO TOMAZ DE AQUINO;;PASSARE;971709;Colisão Traseira;Luz do Dia;Bom;Seca;Cruz;Pare;Longo da via;0;2;0;1;1;0;0;0;0;0;0;0;0;(-38.52972701469173 -3.813835107820082);
ONA5631;2022-09-22 23:30:00;AV DOM MANUEL;AV SANTOS DUMONT;;CENTRO;970674;Colisão Transversal;Via Iluminada;Bom;Seca;Cruz;Semáforo;Cruzamento;0;0;1;1;1;0;0;0;0;0;0;0;0;(-38.5212775 -3.7287794);
WJA8074;2022-09-22 18:40:00;Avenida Rogaciano Leite;;;JARDIM DAS OLIVEIRAS;970789;Colisão Traseira;Luz do Dia;Bom;Seca;Meio de quadra;Não há Controle;Longo da via;0;1;1;1;1;0;0;0;0;0;0;0;0;(-38.50190715070073 -3.781582116487932);
GUT2796;2022-09-12 19:20:00;Avenida Doutor Silas Munguba;;;PASSARE;970872;Colisão Lateral;Luz do Dia;Bom;Seca;Meio de quadra;Semáforo;Longo da via;0;1;2;1;1;0;0;1;0;0;0;0;0;(-38.53008642948492 -3.800994272904687);
XXF4566;2022-09-13 01:00:00;Rua Ceará;;;DEMOCRITO ROCHA;970756;Atropelamento;Via Iluminada;Bom;Seca;Meio de quadra;Semáforo;Longo da via;0;0;1;0;1;0;0;0;0;0;0;0;0;(-38.55919913139675 -3.762963086145267);
LOG7492;2022-09-22 12:00:00;AV EDUARDO GIRAO;RUA DEP OSWALDO STUDART;;FATIMA;971146;Colisão Traseira;Luz do Dia;Bom;Seca;Cruz;Semáforo;Cruzamento;0;0;2;0;2;0;0;0;0;0;0;0;0;(-38.52966094795482 -3.755130405338031);
EBK8455;2022-09-12 03:50:00;Rua Padre Mororó;;;FARIAS BRITO;969498;Colisão Lateral;Via Iluminada;Bom;Seca;Meio de quadra;Não há Controle;Longo da via;0;0;2;0;2;0;0;0;0;0;0;0;0;(-38.54052022720963 -3.73576481709553);
CSF6579;2022-09-11 16:00:00;Avenida Imperador;RUA METON DE ALENCAR;;CENTRO;971670;Colisão Transversal;Não informado;Bom;Seca;Cruz;Semáforo;Longo da via;0;0;0;1;1;0;0;0;0;0;0;0;0;(-38.53593901562947 -3.73210869722939);
YKV6374;2022-09-11 19:20:00;Rua Gomes Brasil;AV GAL OSORIO DE PAIVA;;PARANGABA;971669;Colisão Transversal;Não informado;Bom;Não informado;T;Semáforo;Longo da via;0;1;0;1;0;0;0;0;0;0;1;0;0;(-38.56647864565082 -3.775563610599752);
SFH8437;2022-09-22 17:30:00;AV PROF ARTHUR DE CARVALHO;RUA AURINO COLARES;;LAGOA REDONDA;971664;Colisão Transversal;Luz do Dia;Bom;Seca;Não informado;Não informado;Cruzamento;0;1;1;0;1;0;0;0;0;1;0;0;0;(-38.4690992 -3.827242199999999);
JQV1791;2022-09-11 18:30:00;Rua Tenente Benévolo;RUA SEN ALMINO;;CENTRO;971662;Colisão Traseira;Luz do Dia;Bom;Seca;T;Pare;Longo da via;0;0;1;2;0;0;0;0;0;0;0;0;0;(-38.51813824349112 -3.725063982485101);
SML0959;2022-09-22 22:20:00;Avenida Luciano Carneiro;;;VILA UNIAO;971714;Queda;Via Iluminada;Bom;Seca;Meio de quadra;Não há Controle;Longo da via;0;2;0;1;0;0;0;0;0;0;0;0;0;(-38.53580860948783 -3.762239028853655);
SUE4160;2022-09-22 13:00:00;AV EDSON QUEIROZ;AV ROGACIANO LEITE;;GUARARAPES;971807;Colisão Lateral;Luz do Dia;Bom;Seca;T;Semáforo;Longo da via;0;1;1;0;2;0;0;0;0;0;0;0;0;(-38.4950407284636 -3.764223012981334);
MVO5329;2022-09-11 11:10:00;Avenida Ministro Albuquerque Lima;;;CONJUNTO CEARA I;971596;Colisão Lateral;Luz do Dia;Bom;Seca;Duplo T;Outros;Longo da via;0;1;1;2;0;0;0;0;0;0;1;0;0;(-38.61222640321624 -3.7656127442917);
NWI6228;2022-09-23 03:30:00;AV CARAPINIMA;RUA PDE FRANCISCO PINTO;;BENFICA;960593;Colisão Transversal;Mal Iluminada;Bom;Seca;T;Semáforo;Cruzamento;1;0;1;1;0;0;0;1;0;0;0;0;0;(-38.54211345961156 -3.741783597633945);
TQZ8460;2022-09-23 18:10:00;Rua Manaus;RUA PRO PAULO LOPES;;DOM LUSTOSA;960598;Colisão;Luz do Dia;Bom;Seca;Cruz;Pare;Cruzamento;0;1;0;0;1;0;0;0;0;1;0;0;0;(-38.5911688 -3.7535892);
VBK0492;2022-09-11 23:00:00;Avenida C;RUA 1062 CJ CEARA;;CONJUNTO CEARA I;971521;Colisão Traseira;Via Iluminada;Bom;Seca;Meio de quadra;Não há Controle;Longo da via;0;1;0;1;1;0;0;0;0;0;0;0;0;(-38.6122474 -3.7671367);
DER7072;2022-09-23 13:00:00;AV BEZERRA DE MENEZES;;;FARIAS BRITO;966747;Colisão Traseira;Luz do Dia;Bom;Seca;Meio de quadra;Não há Controle;Longo da via;0;1;1;1;1;0;0;0;0;0;0;0;0;(-38.54142681433832 -3.730745677930362);
SXM8623;2022-09-11 23:00:00;Rua João Cordeiro;RUA ADOLFO SILVEIRA;;JOAQUIM TVORA;971147;Colisão Transversal;Via Iluminada;Bom;Seca;Cruz;Pare;Longo da via;0;0;0;1;1;0;0;0;0;0;0;0;0;(-38.51872459553979 -3.74268089089228);
IUL1865;2022-09-23 10:15:00;Avenida Godofredo Maciel;AV WENEFRIDO MELO;;MONDUBIM;969446;Colisão Traseira;Luz do Dia;Bom;Seca;Cruz;Semáforo;Cruzamento;0;1;1;1;1;0;0;0;0;0;0;0;0;(-38.5748685965706 -3.811813853212238);
ULJ7713;2022-09-11 07:11:00;Rua Pereira Filgueiras;RUA DOM JOAQUIM;;CENTRO;970991;Colisão Transversal;Via Iluminada;Bom;Seca;Cruz;Pare;Longo da via;0;0;0;1;1;0;0;0;0;0;0;0;0;(-38.5171024 -3.7270044);
WRT6540;2022-09-11 05:00:00;Avenida I;;;CONJUNTO CEARA I;966256;Choque c/ Obstáculo Fixo;Via Iluminada;Bom;Seca;Meio de quadra;Não há Controle;Longo da via;0;0;0;0;1;0;0;0;0;0;0;0;0;(-38.5968680768266 -3.76690277695536);
EVU4684;2022-09-23 11:00:00;RUA MAJOR WEYNE;RUA CARLOS CAMARA;;RODOLFO TEOFILO;970982;Colisão Transversal;Luz do Dia;Bom;Seca;Cruz;Pare;Cruzamento;0;2;0;0;2;0;0;0;0;0;0;0;0;(-38.5444969 -3.748592399999999);
FLO5924;2022-09-10 16:30:00;Avenida C;RUA 1157 CJ CEARA;;CONJUNTO CEARA I;971529;Colisão Transversal;Luz do Dia;Bom;Seca;Cruz;Pare;Longo da via;0;1;1;1;1;0;0;0;0;0;0;0;0;(-38.60979631800184 -3.762550916375781);
XZW4524;2022-09-23 21:05:00;Rua Tenente Moacir Matos;RUA ALBERTO MAGNO;;MONTESE;971554;Colisão Lateral;Via Iluminada;Bom;Seca;Cruz;Pare;Cruzamento;0;0;2;0;1;1;0;0;0;0;0;0;0;(-38.5521405 -3.7674043);
ZXO8664;2022-09-10 23:30:00;Avenida Aguanambi;;;JOSE BONIFACIO;970900;Colisão Lateral;Via Iluminada;Bom;Seca;Meio de quadra;Não informado;Longo da via;0;1;2;0;1;0;0;0;0;0;0;0;0;(-38.52415338840817 -3.737536664728689);
YQR1922;2022-09-23 17:50:00;AV DUQUE DE CAXIAS;AV IMPERADOR;;CENTRO;971585;Colisão Lateral;Luz do Dia;Bom;Seca;Cruz;Semáforo;Cruzamento;0;1;1;1;1;0;0;0;0;0;0;0;0;(-38.5353476 -3.7300665);
IXA4973;2022-09-10 20:40:00;Rua General Piragibe;RUA PDE GUERRA;;PARQUELANDIA;970899;Colisão Transversal;Via Iluminada;Bom;Seca;Cruz;Pare;Longo da via;0;0;2;0;2;0;0;0;0;0;0;0;0;(-38.5577482 -3.7389177);
JMS4134;2022-09-10 05:15:00;Avenida Aguanambi;;;JOSE BONIFACIO;970698;Choque c/ Obstáculo Fixo;Via Iluminada;Bom;Seca;Meio de quadra;Não há Controle;Longo da via;2;0;0;1;0;0;0;0;0;0;0;0;0;(-38.52363840103779 -3.751208141989173);
LTR0267;2022-09-23 04:15:00;RUA ANDRE REBOUÇAS;RUA JULIO BRAGA;;BONSUCESSO;971740;Colisão Lateral;Via Iluminada;Bom;Seca;Cruz;Semáforo;Cruzamento;0;2;0;2;0;0;0;0;0;0;0;0;0;(-38.5877832 -3.7740037);
CQP3111;2022-09-24 22:40:00;Avenida Antônio Justa;;;MEIRELES;968710;Colisão Transversal;Via Iluminada;Bom;Seca;Meio de quadra;Não há Controle;Longo da via;0;1;1;0;1;0;0;0;1;0;0;0;0;(-38.49116758064439 -3.72872757576317);
HSA2824;2022-09-10 00:30:00;Avenida I Cj Prefeito Jose Walter;AV A CJ JOSE WALTER;;PREFEITO JOSE VALTER;971736;Colisão Lateral;Via Iluminada;Bom;Seca;Cruz;Semáforo Intermitente;Longo da via;0;0;1;1;0;0;0;1;0;0;0;0;0;(-38.55087178422497 -3.825706871802541);
LRG6669;2022-09-24 17:45:00;Avenida Bernardo Manuel;;;ITAPERI;970645;Colisão Traseira;Luz do Dia;Bom;Seca;Meio de quadra;Não há Controle;Longo da via;0;1;1;1;1;0;0;0;0;0;0;0;0;(-38.55012789944433 -3.794739047002483);
IHP5925;2022-09-24 11:00:00;Avenida Jovita Feitosa;RUA GAL PIRAGIBE;;PARQUELANDIA;970882;Colisão Traseira;Luz do Dia;Bom;Seca;Cruz;Semáforo;Cruzamento;0;1;1;1;1;0;0;0;0;0;0;0;0;(-38.55750099999999 -3.7401162);
KMP3736;2022-09-24 23:45:00;Avenida da Abolição;;;MEIRELES;971787;Colisão Traseira;Via Iluminada;Bom;Seca;Meio de quadra;Não há Controle;Longo da via;0;1;1;1;1;0;0;0;0;0;0;0;0;(-38.49347427406356 -3.726998534943087);
HCR9956;2022-09-24 16:00:00;RUA PEREIRA FILGUEIRAS;RUA CARLOS VASCONCELOS;;ALDEOTA;971809;Colisão Transversal;Luz do Dia;Bom;Seca;Cruz;Semáforo;Cruzamento;0;0;2;0;2;0;0;0;0;0;0;0;0;(-38.5096525 -3.7294082);
YOG9487;2022-09-09 10:20:00;Rua José Façanha;RUA PAPI JUNIOR;;RODOLFO TEOFILO;971553;Colisão Lateral;Luz do Dia;Bom;Seca;Cruz;Pare;Longo da via;0;0;1;1;1;0;0;0;0;0;0;0;0;(-38.55721965729686 -3.752187726715059);
NXC2875;2022-09-24 11:15:00;RUA DR SULIANO;TR HELENA DE MARIA;;JOQUEI CLUBE;971816;Colisão Transversal;Luz do Dia;Bom;Seca;Cruz;Pare;Cruzamento;0;1;1;1;1;0;0;0;0;0;0;0;0;(-38.5754616 -3.7670891);
BLQ2464;2022-09-09 19:35:00;Avenida Governador Raul Barbosa;;;ALTO DA BALANCA;971357;Colisão Traseira;Luz do Dia;Bom;Seca;Meio de quadra;Não há Controle;Longo da via;0;0;1;1;0;0;0;0;0;0;0;0;0;(-38.5088994 -3.7657658);
KTD7545;2022-09-25 17:00:00;AV DOM MANOEL;RUA PINTO MADEIRA;;CENTRO;969570;Colisão Traseira;Luz do Dia;Bom;Seca;Cruz;Semáforo;Cruzamento;0;0;2;0;2;0;0;0;0;0;0;0;0;(-38.5219786 -3.7309559);
VTO9975;2022-09-25 04:45:00;AV DES MOREIRA;RUA PDE VALDEVINO;;DIONISIO TORRES;970414;Colisão Transversal;Via Iluminada;Bom;Seca;Cruz;Semáforo;Cruzamento;0;1;1;1;1;0;0;0;0;0;0;0;0;(-38.5008975 -3.744083799999999);
EDU6912;2022-09-09 14:15:00;Rua Padre Valdevino;;;ALDEOTA;970628;Engavetamento;Luz do Dia;Bom;Seca;Meio de quadra;Não há Controle;Longo da via;0;1;1;0;3;0;0;0;0;0;0;0;0;(-38.50145117130611 -3.743928133685641);
RUW3364;2022-09-09 15:10:00;Rua Catão Mamede;RUA CARLOS VASCONCELOS;;ALDEOTA;970627;Colisão Transversal;Luz do Dia;Bom;Seca;Cruz;Pare;Longo da via;0;0;1;0;1;0;0;0;0;1;0;0;0;(-38.5124214102264 -3.737113776948028);
OUG9216;2022-09-25 07:30:00;RUA PEDRO CLEMENTE FERNANDES;AV FRANCISCO SA;;CARLITO PAMPLONA;970987;Colisão Transversal;Não informado;Bom;Seca;Cruz;Semáforo;Cruzamento;0;1;1;1;1;0;0;0;0;0;0;0;0;(-38.5495769 -3.7199776);
COJ7999;2022-09-25 04:30:00;Rua Abelardo Marinho;RUA ALBERTO MONTEZUMA;;VILA UNIAO;970988;Colisão Transversal;Via Iluminada;Nublado;Seca;Cruz;Pare;Cruzamento;0;1;1;1;1;0;0;0;0;0;0;0;0;(-38.5324517 -3.7636407);
JHI9664;2022-09-09 18:40:00;Rua Escrivão Pinheiro;RUA MON SALAZAR;;SAO JOAO DO TAUAPE;970593;Colisão Transversal;Luz do Dia;Bom;Seca;Duplo T;Pare;Longo da via;0;0;1;0;2;0;0;0;0;0;0;0;0;(-38.50788310649914 -3.755774175080352);
HAE2117;2022-09-26 14:00:00;Rua Dom Manuel de Medeiros;RUA DOM LINO;;PARQUELANDIA;960939;Colisão Frontal;Luz do Dia;Bom;Seca;Cruz;Pare;Cruzamento;0;0;2;0;3;0;0;0;0;0;0;0;0;(-38.5568725 -3.737639499999999);
PWZ3316;2022-09-27 00:00:00;RUA JOAO CORDEIRO;RUA COSTA BARROS;;ALDEOTA;970376;Colisão Transversal;Via Iluminada;Bom;Seca;Cruz;Semáforo;Cruzamento;0;1;1;1;0;1;0;0;0;0;0;0;0;(-38.5143081 -3.7294352);
VCD1408;2022-09-08 22:30:00;Rua Visconde de Mauá;RUA JULIO SIQUEIRA;;DIONISIO TORRES;971728;Colisão Lateral;Via Iluminada;Bom;Seca;Cruz;Pare;Longo da via;0;0;1;1;0;0;0;1;0;0;0;0;0;(-38.5041799 -3.7510629);
ENF8434;2022-09-26 19:00:00;Avenida Presidente Costa e Silva;;;MONDUBIM;970790;Colisão Lateral;Luz do Dia;Bom;Seca;Meio de quadra;Não há Controle;Longo da via;0;1;1;1;1;0;0;0;0;0;0;0;0;(-38.5714246355039 -3.812905772875566);
BML5045;2022-09-26 19:00:00;RUA ANTONIO JUSTA;RUA VICENTE LEITE;;MEIRELES;971857;Colisão Transversal;Luz do Dia;Bom;Seca;Cruz;Pare;Cruzamento;0;1;1;0;2;0;0;0;0;0;0;0;0;(-38.4925996 -3.7282953);
LZX9097;2022-09-08 13:45:00;Rua Manuel Castelo Branco;;;MESSEJANA;971513;Colisão Traseira;Luz do Dia;Bom;Seca;Cruz;Semáforo;Longo da via;0;0;2;1;1;0;0;0;0;0;0;0;0;(-38.48814205665323 -3.833034447484429);
PGV5841;2022-09-26 11:30:00;Avenida General Osório de Paiva;;;SIQUEIRA;971881;Colisão Lateral;Luz do Dia;Bom;Seca;Meio de quadra;Outros;Longo da via;0;1;1;1;0;0;1;0;0;0;0;0;0;(-38.61731723057582 -3.820286899304129);