COD_ACIDENTE;DATA;LOG1;LOG2;NUMERO;BAIRRO;AMC;NATUREZA;ILUMINACAO;TEMPO;SUPERFICIEPISTA;TIPOCRUZAMENTO;CONTROLETRAFEGO;USOSOLO;MORTOS;FERIDOS;ILESOS;MOTOCICLETA;AUTOMOVEL;MICROONIBUS;CAMINHAO;ONIBUS;CICLOMOTOR;BICICLETA;OUTROS;TREM;TRACAOANIMAL;COORDENADAS
WHF8714;2022-09-26 13:15:00;Avenida General Osório de Paiva;;;CANINDEZINHO;971882;Colisão Traseira;Luz do Dia;Bom;Seca;Meio de quadra;Semáforo;Longo da via;0;0;1;1;1;0;0;0;0;0;0;0;0;(-38.60976412670579 -3.812563209993209);
JYH7664;2022-09-27 23:30:00;AV CEL MATOS DOURADO;;;ANTONIO BEZERRA;970377;Colisão Traseira;Via Iluminada;Bom;Seca;Meio de quadra;Não há Controle;Longo da via;0;1;1;1;0;0;0;1;0;0;0;0;0;(-38.58522727769923 -3.741697949907249);
OTE9025;2022-09-07 23:50:00;Avenida Bezerra de Menezes;;;PARQUE ARAXA;971731;Outros;Via Iluminada;Bom;Seca;Não informado;Semáforo Manual;Longo da via;0;0;1;0;1;0;0;0;0;0;0;0;0;(-38.55105594077816 -3.73301336080995);
JBW2900;2022-09-27 09:00:00;AV DOM MANUEL;RUA PDE VALDEVINO;;CENTRO;970490;Colisão Transversal;Luz do Dia;Bom;Seca;Cruz;Semáforo;Cruzamento;0;1;1;0;1;0;0;0;0;0;1;0;0;(-38.52402319999999 -3.7368769);
HLQ6272;2022-09-27 21:15:00;Avenida Rui Barbosa;RUA TOMAS ACIOLI;;JOAQUIM TVORA;970675;Colisão Transversal;Via Iluminada;Bom;Seca;Cruz;Pare;Cruzamento;0;1;2;1;1;0;0;0;0;0;0;0;0;(-38.5120472 -3.7441524);
JHB4000;2022-09-07 22:00:00;Avenida Edilson Brasil Soares;RUA JOSE MOACIR BEZERRA;;SAPIRANGA / COITE;971502;Colisão Lateral;Não informado;Bom;Seca;T;Pare;Longo da via;0;0;0;1;1;0;0;0;0;0;0;0;0;(-38.4610195 -3.787811399999999);
QXL2670;2022-09-27 11:30:00;Rua 15 de Novembro;RUA EQUADOR;;MONTESE;971526;Colisão Traseira;Luz do Dia;Bom;Seca;Cruz;Semáforo;Cruzamento;0;0;2;1;1;0;0;0;0;0;0;0;0;(-38.551326 -3.7705682);
DSW2430;2022-09-07 11:30:00;Rua Professor Sila Ribeiro;AV DOS JANGADEIROS;;VARJOTA;971296;Colisão Transversal;Luz do Dia;Bom;Seca;Outros;Semáforo;Longo da via;1;0;1;1;1;0;0;0;0;0;0;0;0;(-38.4849083 -3.7362582);
SZU0008;2022-09-07 12:30:00;Avenida Bezerra de Menezes;;;PARQUELANDIA;971154;Colisão Traseira;Luz do Dia;Bom;Seca;Meio de quadra;Não há Controle;Longo da via;0;0;2;0;2;0;0;0;0;0;0;0;0;(-38.56648936659059 -3.736209117593459);
ZJO7978;2022-09-27 21:30:00;Avenida Engenheiro Alberto Sá;;;PAPICU;971640;Colisão Traseira;Via Iluminada;Bom;Seca;Meio de quadra;Não há Controle;Longo da via;0;1;1;0;2;0;0;0;0;0;0;0;0;(-38.4826489085055 -3.732779834575493);
GEU8000;2022-09-07 10:40:00;Rua Paulo Mendonça;;;CONJUNTO ESPERANCA;969907;Atropelamento;Luz do Dia;Bom;Seca;Meio de quadra;Não há Controle;Longo da via;0;1;1;0;1;0;0;0;0;0;0;0;0;(-38.58451917660105 -3.830529512043766);
OHT5618;2022-09-27 12:10:00;Avenida Governador Raul Barbosa;;;DIONISIO TORRES;971761;Colisão Lateral;Luz do Dia;Bom;Seca;Meio de quadra;Não há Controle;Longo da via;0;2;1;1;1;0;0;0;0;0;0;0;0;(-38.5037217 -3.7534077);
NIH3332;2022-09-07 00:00:00;Rua Barão do Rio Branco;;;JOSE BONIFACIO;971720;Colisão Lateral;Via Iluminada;Bom;Seca;Meio de quadra;Não há Controle;Longo da via;0;0;0;1;1;0;0;0;0;0;0;0;0;(-38.53284910213816 -3.740780581934477);
XMZ6820;2022-09-27 17:00:00;RUA BARBARA DE ALENCAR;RUA BAR ARACATI;;ALDEOTA;971858;Colisão Transversal;Luz do Dia;Bom;Seca;Cruz;Pare;Cruzamento;0;1;1;0;2;0;0;0;0;0;0;0;0;(-38.5136281 -3.7381699);
MCD3418;2022-07-06 10:15:00;Rua Coronel Jucá;RUA BENI DE CARVALHO;;DIONISIO TORRES;971604;Choque c/ Obstáculo Fixo;Luz do Dia;Bom;Seca;Cruz;Semáforo;Longo da via;0;0;1;0;1;0;1;0;0;0;0;0;0;(-38.49405363560353 -3.74624596643226);
PJU3934;2022-09-06 14:00:00;Rua Anselmo Nogueira;;;BONSUCESSO;971552;Atropelamento;Luz do Dia;Bom;Seca;Meio de quadra;Semáforo;Longo da via;1;0;1;0;0;0;1;0;0;0;0;0;0;(-38.5878719350351 -3.783544561906254);
RQA9759;2022-09-06 09:10:00;Avenida Imperador;AV DUQ CAXIAS;;CENTRO;971478;Colisão Transversal;Não informado;Bom;Seca;Cruz;Semáforo;Longo da via;0;0;1;1;1;0;0;0;0;0;0;0;0;(-38.5353476 -3.7300665);
XBP7397;2022-09-29 01:00:00;AV GURGEL DO AMARAL;;;MESSEJANA;971712;Queda;Via Iluminada;Bom;Seca;Meio de quadra;Semáforo;Longo da via;0;1;0;1;0;0;0;0;0;0;0;0;0;(-38.48559476203103 -3.83604492659332);
UPT6123;2022-09-28 13:35:00;RUA ELISEU UCHOA BECO ;RUA ROMEU ALDIGUERI;;GUARARAPES;971856;Choque c/ Obstáculo Fixo;Luz do Dia;Bom;Seca;T;Pare;Cruzamento;0;0;1;0;1;0;0;0;0;0;0;0;0;(-38.4859665 -3.7652169);
WTJ0729;2022-09-07 00:00:00;Rua Tavares Coutinho;;;VARJOTA;970948;Choque c/ Obstáculo Fixo;Mal Iluminada;Bom;Seca;Meio de quadra;Não informado;Longo da via;0;0;1;0;1;0;0;0;0;0;0;0;0;(-38.48596950905979 -3.732563705655626);
OLH9451;2022-09-28 13:00:00;RUA JOAQUIM NABUCO;RUA MARCOS MACEDO;;ALDEOTA;971883;Colisão Lateral;Luz do Dia;Bom;Seca;Cruz;Pare;Cruzamento;0;2;0;2;0;0;0;0;0;0;0;0;0;(-38.5006556 -3.7333379);
LRN4654;2022-09-29 23:00:00;AV PRE COSTA E SILVA;RUA GASTAO JUSTA;;MONDUBIM;958423;Colisão Transversal;Via Iluminada;Bom;Seca;T;Não há Controle;Cruzamento;0;2;0;2;0;0;0;0;0;0;0;0;0;(-38.5715742 -3.8127066);
OSE9122;2022-09-06 09:20:00;Avenida Francisco Sá;AV TEN LISBOA;;CARLITO PAMPLONA;969819;Colisão Lateral;Luz do Dia;Bom;Seca;Cruz;Pare;Longo da via;1;0;0;0;1;0;0;0;0;0;0;1;0;(-38.55591610209585 -3.717896256693509);
RYY7427;2022-09-05 22:45:00;Rua Rio Grande do Sul;;;BELA VISTA;971710;Colisão Traseira;Luz do Dia;Bom;Seca;Meio de quadra;Outros;Longo da via;0;0;1;0;2;0;0;0;0;0;0;0;0;(-38.5625087 -3.7512977);
ZXM0828;2022-09-29 21:40:00;Avenida Treze de Maio;;;BENFICA;968706;Colisão Transversal;Via Iluminada;Bom;Seca;Meio de quadra;Pare;Longo da via;0;1;1;1;1;0;0;0;0;0;0;0;0;(-38.5374927 -3.742407);
ZHQ5076;2022-09-29 09:30:00;Rua Aristóbulo Quevedo;;;MARAPONGA;969814;Colisão Lateral;Luz do Dia;Bom;Seca;Meio de quadra;Não há Controle;Longo da via;0;0;2;0;1;0;1;0;0;0;0;0;0;(-38.57370451246284 -3.802735879232924);
QTC4611;2022-09-29 14:00:00;RUA PORTO VELHO;RUA STA FILOMENA;;HENRIQUE JORGE;970784;Colisão Transversal;Luz do Dia;Bom;Seca;Cruz;Pare;Cruzamento;0;3;0;2;0;0;0;0;0;0;0;0;0;(-38.5921601 -3.7632502);
EWR4732;2022-09-29 15:20:00;RUA VALDETARIO MOTA;RUA VILEBALDO AGUIAR;;COCO;971617;Colisão Transversal;Luz do Dia;Bom;Seca;Cruz;Pare;Cruzamento;0;1;1;1;1;0;0;0;0;0;0;0;0;(-38.4837569 -3.7418492);
XSU8603;2022-09-05 18:20:00;Rua José Baíma;RUA PERGENTINO MAIA;;GUAJERU;971551;Colisão Traseira;Luz do Dia;Bom;Seca;Cruz;Pare;Longo da via;0;0;0;1;1;0;0;0;0;0;0;0;0;(-38.4816749 -3.8324341);
YCL8440;2022-09-29 23:30:00;RUA NOSSA SENHORA APARECIDA;RUA N UI 512;;CONJUNTO ESPERANCA;971730;Colisão Transversal;Via Iluminada;Bom;Seca;T;Não há Controle;Cruzamento;0;1;1;1;0;0;0;1;0;0;0;0;0;(-38.58957248703313 -3.837527121804184);
WMO8773;2022-09-05 17:00:00;Avenida General Osório de Paiva;;;PARANGABA;971550;Colisão Traseira;Luz do Dia;Bom;Seca;Meio de quadra;Outros;Longo da via;0;0;1;1;1;0;0;0;0;0;0;0;0;(-38.56634452750625 -3.775536846722702);
ZJO6101;2022-09-06 00:00:00;Avenida Doutor Silas Munguba;RUA DR JUSTA ARAUJO D45;;ITAPERI;971520;Colisão Transversal;Via Iluminada;Bom;Seca;Cruz;Semáforo;Longo da via;0;0;1;1;1;0;0;0;0;0;0;0;0;(-38.55340391061153 -3.78464178641984);
AAC6109;2022-09-29 23:00:00;Avenida General Osório de Paiva;RUA LUIS VIEIRA;;PARQUE SAO JOSE;971737;Colisão Traseira;Via Iluminada;Bom;Seca;Cruz;Semáforo;Cruzamento;0;0;2;0;2;0;0;0;0;0;0;0;0;(-38.5886105 -3.7910171);
TPQ2491;2022-09-05 20:00:00;Avenida General Osório de Paiva;;;SIQUEIRA;971453;Engavetamento;Via Iluminada;Bom;Seca;Meio de quadra;Semáforo;Longo da via;0;0;4;0;4;0;0;0;0;0;0;0;0;(-38.61529483109472 -3.818470393382807);
OLT4988;2022-09-29 22:30:00;Avenida Luiz Vieira;;;PARQUE SAO JOSE;971739;Colisão Traseira;Via Iluminada;Bom;Seca;Meio de quadra;Não há Controle;Longo da via;0;0;2;0;2;0;0;0;0;0;0;0;0;(-38.58848887224533 -3.791291929142115);
GIA6607;2022-09-05 16:10:00;Rua Tibúrcio Frota;RUA CAP GUSTAVO;;SAO JOAO DO TAUAPE;971314;Colisão Transversal;Luz do Dia;Bom;Seca;Cruz;Pare;Longo da via;0;0;0;1;1;0;0;0;0;0;0;0;0;(-38.51676658984288 -3.755276355516123);
IKP9139;2022-09-06 00:00:00;Rua Senador Pompeu;RUA CASTRO E SILVA;;CENTRO;971280;Colisão Transversal;Via Iluminada;Bom;Seca;Cruz;Semáforo;Longo da via;0;0;0;0;2;0;0;0;0;0;0;0;0;(-38.52863804005884 -3.723624085195242);
UEX7368;2022-09-29 11:00:00;RUA DR GILBERTO STUDART;RUA ALMEIDA PRADO;;COCO;971810;Colisão Transversal;Luz do Dia;Bom;Seca;Cruz;Pare;Cruzamento;0;1;2;1;2;0;0;0;0;0;0;0;0;(-38.4756797 -3.7453338);
KSR6094;2022-09-29 14:30:00;Rua Antônio Arruda;RUA CARLOS WALRAVEN;;VILA VELHA;971859;Colisão Transversal;Luz do Dia;Bom;Seca;Cruz;Pare;Cruzamento;0;2;1;2;1;0;0;0;0;0;0;0;0;(-38.5937457 -3.7192844);
KOD5680;2022-09-05 13:00:00;Avenida José Jatahy;RUA GUSTAVO SAMPAIO;;PARQUE ARAXA;971273;Colisão Traseira;Luz do Dia;Bom;Seca;T;Semáforo;Longo da via;0;0;0;1;1;0;0;0;0;0;0;0;0;(-38.54461327452192 -3.732917006153411);
MFL2811;2022-09-29 19:30:00;Avenida Américo Barreira;;;COUTO FERNANDES;971860;Colisão Lateral;Luz do Dia;Bom;Seca;Meio de quadra;Não há Controle;Longo da via;0;1;1;1;1;0;0;0;0;0;0;0;0;(-38.560654 -3.7575048);
KNO1032;2022-09-05 12:20:00;Rua Joaquim Nabuco;RUA SILVA JATAHY;;MEIRELES;969820;Colisão Lateral;Luz do Dia;Bom;Seca;Cruz;Pare;Longo da via;0;1;1;0;1;0;0;0;1;0;0;0;0;(-38.49884406232141 -3.727724545144202);
YRZ5748;2022-09-30 13:20:00;Avenida Godofredo Maciel;RUA MIRTYL MEYER;;JARDIM CEARENSE;966813;Engavetamento;Luz do Dia;Bom;Seca;Não informado;Semáforo;Cruzamento;0;0;4;0;4;0;0;0;0;0;0;0;0;(-38.5739909 -3.8092088);
MVX7407;2022-09-04 09:00:00;Rua Elcias Lopes;;;ITAOCA;971702;Choque c/ Obstáculo Fixo;Não informado;Bom;Seca;Meio de quadra;Não informado;Longo da via;0;0;1;0;2;0;0;0;0;0;0;0;0;(-38.55790094182861 -3.770317874938763);
QVG9126;2022-09-04 09:50:00;Avenida Pedro Lazar;AV ENG JOSÉ GUIMARÃES;;CAMBEBA;971608;Colisão Lateral;Luz do Dia;Bom;Seca;Cruz;Pare;Longo da via;0;2;1;1;1;0;0;0;0;0;0;0;0;(-38.48842634631004 -3.804992669290673);
ARR9708;2022-09-04 22:30:00;Rua Costa Barros;RUA TIBURCIO CAVALCANTI;;ALDEOTA;971519;Outros;Via Iluminada;Bom;Seca;T;Não informado;Longo da via;0;0;0;0;3;0;0;0;0;0;0;0;0;(-38.50208417688548 -3.733468368767461);
UPQ2945;2022-09-30 10:15:00;Avenida Governador Parsifal Barroso;;;PRESIDENTE KENNEDY;969189;Colisão Lateral;Luz do Dia;Nublado;Molhada;Meio de quadra;Semáforo;Longo da via;0;0;2;0;2;0;0;0;0;0;0;0;0;(-38.56916454390738 -3.731191904719414);
QPI6948;2022-09-30 22:15:00;Rua República do Líbano;;;ALDEOTA;970213;Colisão Traseira;Mal Iluminada;Bom;Seca;Meio de quadra;Outros;Longo da via;0;1;2;0;2;0;0;0;0;0;0;0;0;(-38.49433258822027 -3.732105351578324);
WQF1867;2022-09-30 18:45:00;RUA SAO TURIBIO;RUA N PQ MORUMBI;;MONDUBIM;970833;Colisão Transversal;Luz do Dia;Bom;Não informado;Não informado;Não informado;Cruzamento;0;1;1;1;1;0;0;0;0;0;0;0;0;(-38.5910749 -3.836208);
EXE1854;2022-09-04 15:00:00;Rua Professor José Bonifácio;RUA GOMES PASSOS;;CRISTO REDENTOR;971046;Colisão Transversal;Luz do Dia;Bom;Seca;Cruz;Pare;Longo da via;0;0;0;1;2;0;0;0;0;0;0;0;0;(-38.5624318 -3.7107982);
YDQ4622;2022-09-30 19:40:00;RUA TIBURCIO CAVALCANTE;AV JULIO VENTURA;;ALDEOTA;971331;Colisão Traseira;Luz do Dia;Bom;Seca;T;Semáforo;Cruzamento;0;1;1;1;1;0;0;0;0;0;0;0;0;(-38.5031384 -3.7377053);
TRY5315;2022-09-03 13:05:00;Avenida Doutor Silas Munguba;;;SERRINHA;971455;Choque c/ Obstáculo Fixo;Luz do Dia;Bom;Seca;Meio de quadra;Semáforo;Longo da via;0;1;4;1;3;0;1;0;0;0;0;0;0;(-38.55314269797445 -3.783892489031072);
YGA4164;2022-09-30 13:40:00;Avenida Duque de Caxias;AV VIS RIO BRANCO;;CENTRO;971425;Colisão Lateral;Luz do Dia;Bom;Seca;Cruz;Semáforo;Cruzamento;0;1;1;1;1;0;0;0;0;0;0;0;0;(-38.5246095 -3.7334701);
AFW2716;2022-09-03 20:20:00;Avenida Pontes Vieira;RUA CAP MELO;;DIONISIO TORRES;971144;Colisão Transversal;Via Iluminada;Bom;Seca;Cruz;Semáforo;Longo da via;0;0;0;1;1;0;0;0;0;0;0;0;0;(-38.5138093 -3.7527264);
DOR6310;2022-09-30 14:10:00;Rua Professor Heribaldo Costa;RUA MON HIPOLITO BRASIL;;HENRIQUE JORGE;971485;Tombamento;Luz do Dia;Bom;Seca;Cruz;Semáforo;Cruzamento;0;2;2;0;1;0;1;0;0;0;0;0;0;(-38.58221823077414 -3.757253998932964);
SGJ2768;2022-09-30 15:45:00;RUA BULGARIA;RUA ALBANO AMARAL;;MANOEL SATIRO;971618;Colisão Transversal;Luz do Dia;Bom;Seca;Cruz;Pare;Cruzamento;0;1;1;1;1;0;0;0;0;0;0;0;0;(-38.5795219 -3.7981189);
ZFT5556;2022-09-03 18:00:00;Rua Gonçalves Lêdo;RUA FIUZA DE PONTES;;CENTRO;970592;Colisão Transversal;Luz do Dia;Bom;Seca;Cruz;Pare;Longo da via;0;0;1;1;1;0;0;0;0;0;0;0;0;(-38.5168219 -3.7337357);
LTJ7070;2022-09-30 21:30:00;Rua Raimundo Bizarria;RUA PRP NASSAU;;PADRE ANDRADE;971734;Colisão Frontal;Via Iluminada;Bom;Seca;T;Pare;Cruzamento;0;3;0;3;0;0;0;0;0;0;0;0;0;(-38.5804407 -3.7288834);
XUN1901;2022-09-04 00:10:00;Avenida da Abolição;;;MUCURIPE;960897;Colisão Lateral;Via Iluminada;Bom;Seca;Duplo T;Gesto;Longo da via;0;0;0;1;1;0;0;0;0;0;0;0;0;(-38.48321750774139 -3.724930239002197);
CEQ6120;2022-09-02 21:00:00;Avenida Heráclito Graça;;;JOSE BONIFACIO;971671;Colisão Traseira;Mal Iluminada;Bom;Seca;Meio de quadra;Não há Controle;Longo da via;0;1;0;2;0;0;0;0;0;0;0;0;0;(-38.51493731033671 -3.736626652796102);
WPG8287;2022-09-30 18:40:00;RUA NEREU RAMOS;RUA MONACO;;MARAPONGA;971836;Colisão Transversal;Luz do Dia;Bom;Seca;Cruz;Pare;Cruzamento;0;1;1;1;0;0;1;0;0;0;0;0;0;(-38.5696236 -3.7862747);
KVK2421;2022-09-02 22:40:00;Avenida Desembargador Moreira;;;DIONISIO TORRES;971661;Choque c/ Obstáculo Fixo;Via Iluminada;Bom;Seca;Meio de quadra;Não há Controle;Longo da via;0;1;0;0;1;0;0;0;0;0;0;0;0;(-38.50048019362297 -3.742921774831968);
RKU6460;2022-08-21 12:45:00;Rua Costa Barros;;;CENTRO;971216;Colisão Lateral;Luz do Dia;Bom;Seca;Meio de quadra;Não há Controle;Longo da via;0;1;1;1;0;0;1;0;0;0;0;0;0;(-38.51683095931381 -3.728674045138631);
CHD4659;2022-09-02 21:30:00;Avenida Vicente de Castro;;;CAIS DO PORTO;971390;Atropelamento;Via Iluminada;Bom;Seca;Meio de quadra;Outros;Longo da via;0;0;0;0;0;0;0;0;0;0;0;0;0;(-38.47713262113811 -3.720524555052104);
LDM4214;2022-09-02 17:55:00;Avenida Humberto Monte;RUA DOM MANUEL DE MEDEIROS;;PARQUELANDIA;971313;Choque c/ Obstáculo Fixo;Luz do Dia;Bom;Seca;T;Não há Controle;Longo da via;0;1;1;1;1;0;1;0;0;0;0;0;0;(-38.56800213692931 -3.73998833923627);
DEX9997;2022-08-21 15:41:00;RUA BOLIVAR PINTO BANDEIRA;RUA DORALICE COSTA;;ENGENHEIRO LUCIANO CAVALCANTE;971307;Colisão Lateral;Luz do Dia;Bom;Seca;T;Não há Controle;Cruzamento;0;1;1;1;1;0;0;0;0;0;0;0;0;(-38.4924451 -3.771169099999999);
FQK3280;2022-09-02 09:40:00;Avenida Barão de Studart;RUA TEN AMAURI PIO;;MEIRELES;971292;Colisão Lateral;Luz do Dia;Bom;Seca;Outros;Pare;Longo da via;0;0;2;0;1;0;0;1;0;0;0;0;0;(-38.5045425 -3.7280753);
NGQ2086;2022-08-21 12:50:00;Avenida Doutor Silas Munguba;;;SERRINHA;971545;Colisão Traseira;Luz do Dia;Bom;Seca;Meio de quadra;Semáforo;Longo da via;0;1;1;1;1;0;0;0;0;0;0;0;0;(-38.5479782 -3.7875025);
TWX1533;2022-08-22 03:00:00;Rua João de França;RUA AFONSO LOPES;;PARQUE DOIS IRMAOS;969497;Colisão Transversal;Via Iluminada;Bom;Seca;Cruz;Pare;Cruzamento;0;1;1;1;1;0;0;0;0;0;0;0;0;(-38.5490329 -3.7956654);
AVR4846;2022-08-23 00:30:00;Avenida Waldir Diogo;;;MONDUBIM;969841;Atropelamento;Via Iluminada;Bom;Seca;Cruz;Semáforo;Longo da via;0;1;1;0;1;0;0;0;0;0;0;0;0;(-38.58181015631607 -3.806686094295513);
YFL2119;2022-08-22 12:40:00;Avenida Borges de Melo;;;VILA UNIAO;969905;Colisão Traseira;Luz do Dia;Bom;Seca;Meio de quadra;Não informado;Longo da via;0;0;2;0;2;0;0;0;0;0;0;0;0;(-38.53336945986507 -3.756937760293031);
AIC5687;2022-09-02 12:00:00;Avenida General Osório de Paiva;RUA EDUARDO PERDIGAO;;PARANGABA;971210;Colisão Transversal;Não informado;Bom;Seca;Cruz;Semáforo;Longo da via;0;1;0;1;0;0;0;0;0;0;0;0;0;(-38.56542722113426 -3.774760693929336);
HMH4201;2022-08-22 12:30:00;Avenida Borges de Melo;;;VILA UNIAO;969906;Colisão Lateral;Luz do Dia;Bom;Seca;Meio de quadra;Não há Controle;Longo da via;0;1;0;1;1;0;0;0;0;0;0;0;0;(-38.53334800125464 -3.756959171852271);
PLC6921;2022-08-23 01:08:00;Rua Gustavo Sampaio;;;PARQUELANDIA;970002;Colisão Transversal;Via Iluminada;Bom;Seca;Meio de quadra;Pare;Longo da via;0;1;0;1;1;0;0;0;0;0;0;0;0;(-38.55929032168594 -3.735873884859078);
DKE6360;2022-08-22 16:30:00;Rua Diogo Correia;RUA ANDRE REBOUCAS;;JOAO XXIII;970602;Colisão Frontal;Luz do Dia;Bom;Seca;Cruz;Pare;Cruzamento;0;1;1;1;1;0;0;0;0;0;0;0;0;(-38.5885778 -3.7740608);
IOC4493;2022-08-23 01:00:00;Avenida Rogaciano Leite;;;JARDIM DAS OLIVEIRAS;970919;Colisão Transversal;Via Iluminada;Bom;Seca;Meio de quadra;Não há Controle;Longo da via;0;2;0;1;0;0;0;0;0;1;0;0;0;(-38.50221662613109 -3.782975750938046);
YFV1129;2022-08-22 10:30:00;Avenida Lineu Machado;RUA GOIANIA;;JOQUEI CLUBE;971271;Colisão Transversal;Luz do Dia;Bom;Seca;Cruz;Pare;Cruzamento;0;1;1;1;1;0;0;0;0;0;0;0;0;(-38.5780534 -3.7681973);
ZMB0817;2022-09-02 09:50:00;Rua Rio Grande do Sul;RUA DIAMANTINA;;RODOLFO TEOFILO;970898;Colisão Transversal;Luz do Dia;Bom;Seca;Cruz;Semáforo;Longo da via;0;1;1;1;1;0;0;0;0;0;0;0;0;(-38.5705069 -3.7633426);
AOZ4230;2022-09-02 18:00:00;Avenida Sargento Hermínio Sampaio;RUA CONRADO CABRAL;;MONTE CASTELO;971643;Colisão Transversal;Luz do Dia;Bom;Seca;T;Semáforo;Longo da via;0;0;1;1;1;0;0;0;0;0;0;0;0;(-38.54885652715878 -3.724657231604419);
VFW0694;2022-08-22 09:50:00;Avenida Presidente Castelo Branco;;;PIRAMBU;971475;Colisão Traseira;Luz do Dia;Bom;Seca;T;Pare;Longo da via;0;1;1;1;1;0;0;0;0;0;0;0;0;(-38.55341628206671 -3.712352405938314);
RWS8275;2022-09-01 23:15:00;Avenida Treze de Maio;;;BENFICA;971678;Colisão Traseira;Via Iluminada;Bom;Seca;Duplo T;Semáforo;Longo da via;0;0;0;0;1;0;0;1;0;0;0;0;0;(-38.53369669132265 -3.745630376347574);
GSA8464;2022-09-01 18:00:00;Avenida Eduardo Girão;;;JARDIM AMERICA;971454;Colisão Traseira;Luz do Dia;Bom;Seca;Meio de quadra;Semáforo;Longo da via;0;1;1;1;1;0;0;0;0;0;0;0;0;(-38.53596046236827 -3.751208141989173);
XGG0978;2022-09-01 11:29:00;Avenida Bezerra de Menezes;;;PRESIDENTE KENNEDY;971350;Colisão Lateral;Luz do Dia;Bom;Seca;Outros;Outros;Longo da via;0;0;0;1;0;0;1;0;0;0;0;0;0;(-38.56698290863944 -3.736316177920773);
PIT4547;2022-09-01 16:15:00;Rua Coronel Honório Vieira;RUA MATIAS BARBOSA;;PARQUE MANIBURA;971319;Colisão Lateral;Luz do Dia;Bom;Seca;Cruz;Não há Controle;Longo da via;0;0;0;1;1;0;0;0;0;0;0;0;0;(-38.4866597615541 -3.788292333281619);
SSA2741;2022-08-22 12:40:00;Avenida Júlio Ventura;RUA JOSE VILAR;;ALDEOTA;971489;Colisão Transversal;Luz do Dia;Bom;Seca;Cruz;Semáforo;Longo da via;0;3;0;1;1;0;0;0;0;0;0;0;0;(-38.5060395 -3.7400388);
KMI9954;2022-09-01 10:00:00;Avenida Duque de Caxias;;;CENTRO;971272;Atropelamento;Luz do Dia;Bom;Seca;Cruz;Semáforo;Longo da via;0;0;1;0;0;1;0;0;0;0;0;0;0;(-38.52622941312395 -3.732965183482997);
RHK6360;2022-08-22 13:30:00;RUA DR ALISIO MAMEDE;RUA MERUOCA;;VARJOTA;971490;Colisão Transversal;Luz do Dia;Bom;Seca;Cruz;Pare;Cruzamento;0;1;1;1;1;0;0;0;0;0;0;0;0;(-38.4828977 -3.7323841);
SXO7347;2022-09-01 17:20:00;Avenida Presidente Costa e Silva;;;JANGURUSSU;971211;Atropelamento;Não informado;Não informado;Não informado;Não informado;Não informado;Longo da via;0;1;0;1;0;0;0;0;0;0;0;0;0;(-38.52972701853865 -3.828773911894173);
XVM3588;2022-08-22 11:15:00;RUA CEL GUILHERME ALENCAR;RUA CARLOTA R DA CUNHA (L.CAVALCANTE);;MESSEJANA;971559;Colisão Lateral;Luz do Dia;Bom;Seca;T;Pare;Cruzamento;0;1;1;1;1;0;0;0;0;0;0;0;0;(-38.4921713 -3.8355183);
QEV3751;2022-08-23 21:10:00;Rua Joaquim Magalhães;RUA MAL DEODORO;;JOSE BONIFACIO;970004;Colisão Transversal;Via Iluminada;Bom;Seca;Cruz;Pare;Cruzamento;0;0;1;0;1;0;0;0;0;0;1;0;0;(-38.5342558 -3.7378799);
BUQ6733;2022-08-23 12:30:00;RUA EUDES CARDOSO;RUA DUARTE DA COSTA;;MESSEJANA;970052;Colisão Transversal;Luz do Dia;Bom;Seca;Cruz;Pare;Cruzamento;0;1;2;0;1;0;1;0;0;0;0;0;0;(-38.4865505 -3.8262249);
ZZD2469;2022-09-01 11:00:00;Rua Professor Costa Mendes;;;RODOLFO TEOFILO;970837;Colisão Traseira;Luz do Dia;Bom;Seca;Meio de quadra;Não há Controle;Longo da via;0;0;1;1;1;0;0;0;0;0;0;0;0;(-38.5534554 -3.7488971);
TQF4629;2022-09-01 14:20:00;Avenida Audízio Pinheiro;;;HENRIQUE JORGE;970830;Colisão;Luz do Dia;Bom;Seca;Meio de quadra;Não há Controle;Longo da via;0;0;1;1;1;0;0;0;0;0;0;0;0;(-38.58866588368374 -3.758199034058485);
BHV8089;2022-08-23 16:30:00;Avenida Francisco Sá;RUA EDGAR DAMASCENO;;BARRA DO CEARA;970633;Colisão Transversal;Luz do Dia;Bom;Seca;T;Pare;Cruzamento;0;1;1;1;1;0;0;0;0;0;0;0;0;(-38.5804104 -3.7095351);
OXL2933;2022-09-02 01:45:00;Avenida Presidente Costa e Silva;;;MONDUBIM;960932;Colisão Lateral;Via Iluminada;Bom;Seca;Duplo T;Não há Controle;Longo da via;0;0;3;0;2;0;0;1;0;0;0;0;0;(-38.57167140250613 -3.812711074066594);