COD_ACIDENTE;DATA;LOG1;LOG2;NUMERO;BAIRRO;AMC;NATUREZA;ILUMINACAO;TEMPO;SUPERFICIEPISTA;TIPOCRUZAMENTO;CONTROLETRAFEGO;USOSOLO;MORTOS;FERIDOS;ILESOS;MOTOCICLETA;AUTOMOVEL;MICROONIBUS;CAMINHAO;ONIBUS;CICLOMOTOR;BICICLETA;OUTROS;TREM;TRACAOANIMAL;COORDENADAS
PUN4551;2022-08-24 01:00:00;Rua Dom Lino;RUA ROTARY;;AMADEU FURTADO;971411;Colisão Lateral;Via Iluminada;Bom;Seca;Cruz;Pare;Cruzamento;0;1;1;0;2;0;0;0;0;0;0;0;0;(-38.5559814 -3.7419456);
IJR8459;2022-08-23 17:50:00;Rua General Rabelo;;;SIQUEIRA;971415;Colisão Lateral;Luz do Dia;Bom;Seca;Meio de quadra;Não há Controle;Longo da via;0;0;2;0;1;0;0;1;0;0;0;0;0;(-38.6054856 -3.8054695);
TQI0748;2022-08-23 12:40:00;Avenida Aguanambi;;;JOSE BONIFACIO;971491;Colisão Lateral;Luz do Dia;Bom;Seca;Meio de quadra;Semáforo;Longo da via;0;1;1;1;1;0;0;0;0;0;0;0;0;(-38.5254094 -3.7433741);
ZCE4293;2022-08-23 22:00:00;Avenida Benjamim Brasil;;;MARAPONGA;971501;Colisão Lateral;Via Iluminada;Bom;Seca;Meio de quadra;Não há Controle;Longo da via;0;1;1;1;1;0;0;0;0;0;0;0;0;(-38.5577754 -3.8086947);
BCI6166;2022-08-23 12:03:00;Avenida Deputado Paulino Rocha;;;CASTELAO;971578;Colisão Lateral;Luz do Dia;Nublado;Seca;Meio de quadra;Não há Controle;Longo da via;0;1;1;1;1;0;0;0;0;0;0;0;0;(-38.51597801262467 -3.810952092106869);
QQA5240;2022-08-24 17:35:00;Avenida Augusto dos Anjos;TR UBERABA;;BONSUCESSO;958281;Colisão Transversal;Luz do Dia;Bom;Seca;Não informado;Pare;Longo da via;0;1;1;1;1;0;0;0;0;0;0;0;0;(-38.5774376 -3.7779851);
DVA3954;2022-08-24 12:00:00;Rua Padre Pedro de Alencar;;;MESSEJANA;964543;Choque c/ Obstáculo Fixo;Luz do Dia;Nublado;Seca;Meio de quadra;Não há Controle;Longo da via;0;0;1;0;1;0;0;0;0;0;0;0;0;(-38.49447206261988 -3.846133721824777);
JOX5099;2022-08-24 10:15:00;AV PRE CASTELO BRANCO;AV DOM MANUEL;;PRAIA DE IRACEMA;970051;Colisão Transversal;Luz do Dia;Bom;Seca;Cruz;Semáforo;Cruzamento;0;1;2;1;2;0;0;0;0;0;0;0;0;(-38.5195518 -3.7235838);
NBS7144;2022-08-24 21:30:00;AV ENG SANTANA JUNIOR;AV ANTONIO SALES;;COCO;971143;Colisão Traseira;Via Iluminada;Bom;Seca;Não informado;Não há Controle;Cruzamento;0;1;2;1;2;0;0;0;0;0;0;0;0;(-38.4899175 -3.748925099999999);
KHK3824;2022-08-24 15:30:00;RUA TEN BENEVOLO;RUA MON BRUNO;;ALDEOTA;971308;Colisão Transversal;Luz do Dia;Bom;Seca;Cruz;Pare;Cruzamento;0;1;1;0;1;0;0;1;0;0;0;0;0;(-38.50811789999999 -3.7283396);
PYY8397;2022-08-24 18:00:00;Avenida Desembargador Moreira;RUA PEREIRA VALENTE;;MEIRELES;971317;Colisão Transversal;Luz do Dia;Bom;Seca;Cruz;Semáforo;Cruzamento;0;1;1;1;1;0;0;0;0;0;0;0;0;(-38.49709660000001 -3.7322507);
CWF2169;2022-08-24 10:30:00;AV SILAS MUNGUBA;;;PASSARE;971547;Colisão Traseira;Luz do Dia;Bom;Seca;Meio de quadra;Não há Controle;Longo da via;0;1;0;1;1;0;0;0;0;0;0;0;0;(-38.52470477851849 -3.80753456186366);
RKD0284;2022-08-25 16:55:00;Avenida Jornalista Tomaz Coelho;;;MESSEJANA;970632;Colisão Traseira;Luz do Dia;Bom;Seca;Meio de quadra;Semáforo;Longo da via;0;1;1;1;1;0;0;0;0;0;0;0;0;(-38.50250279999999 -3.8318662);
FAV2591;2022-08-25 15:40:00;Avenida Desembargador Moreira;;;ALDEOTA;971309;Colisão Traseira;Luz do Dia;Bom;Seca;Meio de quadra;Não há Controle;Longo da via;0;1;1;1;1;0;0;0;0;0;0;0;0;(-38.5030735 -3.7506887);
DMO3457;2022-08-25 18:00:00;Rua Delmiro Gouvêia;;;VARJOTA;971310;Colisão Frontal;Luz do Dia;Bom;Seca;Meio de quadra;Não há Controle;Longo da via;0;1;1;1;1;0;0;0;0;0;0;0;0;(-38.48804012047603 -3.737324551737602);
CQL0357;2022-08-25 11:17:00;RUA NUNES VALENTE;RUA AFONSO CELSO;;ALDEOTA;971353;Colisão Transversal;Luz do Dia;Bom;Seca;Cruz;Pare;Cruzamento;0;0;2;0;2;0;0;0;0;0;0;0;0;(-38.5042404 -3.7377994);
WWU2337;2022-08-25 11:00:00;Avenida Deputado Paulino Rocha;;;CASTELAO;971471;Colisão Traseira;Luz do Dia;Bom;Não informado;Meio de quadra;Semáforo;Longo da via;0;1;2;0;3;0;0;0;0;0;0;0;0;(-38.5208927 -3.8098615);
TSF5728;2022-08-25 11:40:00;Avenida Presidente Costa e Silva;;;PREFEITO JOSE VALTER;971474;Colisão Frontal;Luz do Dia;Bom;Seca;Meio de quadra;Não há Controle;Longo da via;1;0;2;1;0;0;2;0;0;0;0;0;0;(-38.55962864824308 -3.820423304358763);
WFH7877;2022-08-25 12:01:00;AV OLIVEIRA PAIVA;;;CIDADE DOS FUNCIONRAIOS;971514;Colisão Lateral;Luz do Dia;Bom;Seca;Meio de quadra;Não há Controle;Longo da via;0;1;2;1;1;0;1;0;0;0;0;0;0;(-38.50332870787309 -3.798673240794617);
UBS2859;2022-08-25 20:30:00;Rua Gontran Giffoni;RUA MANUEL CRUZ DE LIMA;;ENGENHEIRO LUCIANO CAVALCANTE;971590;Colisão Lateral;Mal Iluminada;Bom;Seca;T;Não há Controle;Cruzamento;0;1;1;1;1;0;0;0;0;0;0;0;0;(-38.493835 -3.7671074);
PCX7035;2022-08-26 05:00:00;Avenida Beira Mar;;;MUCURIPE;960870;Choque c/ Obstáculo Fixo;Via Iluminada;Bom;Seca;Outros;Outros;Longo da via;0;0;1;0;1;0;0;0;0;0;0;0;0;(-38.4796482 -3.722064);
EQP6264;2022-08-26 23:20:00;RUA OSVALDO CRUZ;RUA PEREIRA VALENTE;;MEIRELES;970005;Colisão Lateral;Via Iluminada;Bom;Seca;Cruz;Pare;Cruzamento;0;0;2;1;1;0;0;0;0;0;0;0;0;(-38.49905 -3.7316153);
YSS8651;2022-08-26 16:30:00;Rua General Caiado de Castro;RUA VER PEDRO PAULO MOREIRA;;ENGENHEIRO LUCIANO CAVALCANTE;970462;Colisão Lateral;Luz do Dia;Bom;Seca;Cruz;Pare;Cruzamento;0;1;1;1;0;1;0;0;0;0;0;0;0;(-38.4889804 -3.7869703);
WAW2223;2022-08-26 11:30:00;AV GAL OSORIO DE PAIVA;RUA LEAO DO NORTE;;VILA PERY;971234;Colisão Lateral;Luz do Dia;Bom;Seca;T;Semáforo;Cruzamento;0;1;1;1;1;0;0;0;0;0;0;0;0;(-38.5782626 -3.7832098);
EJM1470;2022-08-26 09:40:00;RUA CAP ARAGAO;RUA CAP VASCONCELOS D46;;AEROLANDIA;971235;Colisão Lateral;Luz do Dia;Bom;Seca;Cruz;Semáforo;Cruzamento;0;1;2;2;0;0;0;0;0;0;0;0;0;(-38.5170321 -3.7655714);
IYP5499;2022-08-26 19:00:00;Avenida Imperador;RUA PEDRO PEREIRA;;;971320;Colisão Lateral;Luz do Dia;Bom;Seca;Cruz;Semáforo;Cruzamento;0;1;1;1;1;0;0;0;0;0;0;0;0;(-38.5346521 -3.7277026);
HGI0888;2022-08-26 13:45:00;AV JOAO PESSOA;RUA ANTONIO MARTINS;;DAMAS;971483;Colisão Lateral;Luz do Dia;Bom;Seca;T;Pare;Cruzamento;0;1;1;1;1;0;0;0;0;0;0;0;0;(-38.5521513 -3.755415);
SPF0196;2022-08-27 22:25:00;RUA LEONARDO MOTA;RUA DES LEITE ALBUQUERQUE;;VARJOTA;970569;Colisão Transversal;Via Iluminada;Bom;Seca;Cruz;Semáforo;Cruzamento;0;1;1;1;1;0;0;0;0;0;0;0;0;(-38.4967191 -3.7378818);
KKA5226;2022-08-27 19:10:00;RUA DEP MOREIRA DA ROCHA;RUA SILVA PAULET;;MEIRELES;971311;Colisão Traseira;Luz do Dia;Bom;Não informado;Cruz;Não há Controle;Cruzamento;0;0;2;0;2;0;0;0;0;0;0;0;0;(-38.5032182 -3.7275385);
NJY8461;2022-08-27 10:00:00;AV ALBERTO CRAVEIRO;;;BOA VISTA;971601;Colisão Traseira;Luz do Dia;Bom;Seca;Meio de quadra;Não informado;Longo da via;0;1;0;1;1;0;0;0;0;0;0;0;0;(-38.5172568 -3.7900893);
UGH1702;2022-08-27 15:10:00;Rua Chico Lemos;RUA JOAO LEONEL;;CIDADE DOS FUNCIONRAIOS;971602;Colisão Lateral;Luz do Dia;Bom;Seca;Cruz;Pare;Cruzamento;0;1;1;1;1;0;0;0;0;0;0;0;0;(-38.4954898 -3.7994267);
AWY1649;2022-08-28 18:50:00;RUA METON DE ALENCAR;RUA JAIME BENEVOLO;;CENTRO;960597;Colisão Lateral;Luz do Dia;Bom;Seca;Cruz;Semáforo;Cruzamento;0;1;1;1;1;0;0;0;0;0;0;0;0;(-38.52636030000001 -3.7350302);
FAJ2249;2022-08-28 09:45:00;Avenida Aguanambi;RUA PDE MATOS SERRA;;FATIMA;968756;Colisão Frontal;Luz do Dia;Bom;Seca;Cruz;Semáforo;Cruzamento;0;0;2;1;1;0;0;0;0;0;0;0;0;(-38.5255315 -3.7440303);
BFF3139;2022-08-28 10:00:00;Avenida Santos Dumont;;;ALDEOTA;970649;Colisão Traseira;Amanhecer;Bom;Seca;Meio de quadra;Semáforo;Longo da via;0;0;0;0;1;0;0;0;0;0;0;0;0;(-38.49558617421245 -3.737172576428143);
YVY7473;2022-08-28 05:00:00;Avenida Presidente Juscelino Kubitschek;;;CASTELAO;971394;Colisão Traseira;Via Iluminada;Bom;Seca;Meio de quadra;Semáforo Intermitente;Longo da via;0;1;1;1;1;0;0;0;0;0;0;0;0;(-38.52650836711337 -3.809494188395298);
ZWN2700;2022-08-28 21:40:00;Rua César Rosas;;;MONTESE;971421;Colisão Lateral;Via Iluminada;Bom;Seca;Meio de quadra;Semáforo Manual;Longo da via;0;0;2;0;3;0;0;0;0;0;0;0;0;(-38.55291739322708 -3.768674561438591);
QBV4160;2022-08-28 18:30:00;Avenida João Pessoa;;;DAMAS;971517;Atropelamento;Luz do Dia;Bom;Seca;Meio de quadra;Não há Controle;Longo da via;1;0;1;0;0;0;0;1;0;0;0;0;0;(-38.5545378514496 -3.758135830988317);
SDB7759;2022-08-28 07:30:00;Avenida Presidente Costa e Silva;;;MONDUBIM;971549;Choque c/ Obstáculo Fixo;Luz do Dia;Bom;Seca;Meio de quadra;Outros;Longo da via;0;1;0;0;1;0;0;0;0;0;0;0;0;(-38.5697724029779 -3.813872575586555);
IVY1319;2022-08-28 09:30:00;Avenida Rogaciano Leite;;;SALINAS;971606;Colisão Traseira;Luz do Dia;Bom;Seca;Meio de quadra;Não há Controle;Longo da via;0;1;1;0;1;0;0;1;0;0;0;0;0;(-38.49582729999999 -3.7651144);
RVZ0930;2022-08-29 16:00:00;Avenida Bernardo Manuel;;;ITAPERI;970631;Colisão Traseira;Luz do Dia;Bom;Seca;Meio de quadra;Semáforo;Longo da via;0;0;2;0;1;0;0;1;0;0;0;0;0;(-38.5534785 -3.8047653);
MUR7197;2022-08-29 16:40:00;RUA BR DE SOBRAL;RUA ALBERTO MAGNO;;MONTESE;970788;Colisão Traseira;Luz do Dia;Bom;Seca;Cruz;Semáforo;Cruzamento;0;0;2;0;1;0;1;0;0;0;0;0;0;(-38.5524475 -3.767993199999999);
JEW0606;2022-08-30 00:00:00;RUA TEN BENEVOLO;;;PRAIA DE IRACEMA;970907;Choque c/ Obstáculo Fixo;Via Iluminada;Bom;Seca;Meio de quadra;Não há Controle;Longo da via;0;0;0;0;1;0;0;0;0;0;0;0;0;(-38.51808339999999 -3.7248548);
DYN8717;2022-08-29 22:10:00;RUA VALDETARIO MOTA;RUA ANDRE DALL OLIO;;PAPICU;971273;Colisão Transversal;Mal Iluminada;Bom;Seca;Cruz;Pare;Cruzamento;0;0;2;0;2;0;0;0;0;0;0;0;0;(-38.4800372 -3.7359294);
FVD2216;2022-08-29 09:50:00;Avenida Professor Gomes de Matos;RUA SAMUEL UCHOA;;MONTESE;971303;Choque c/ Obstáculo Fixo;Luz do Dia;Bom;Seca;Cruz;Semáforo;Cruzamento;0;0;0;0;1;0;0;0;0;0;0;0;0;(-38.54221769999999 -3.7571962);
HDK1991;2022-08-29 17:00:00;Rua Professor Henrique Firmeza;;;CAIS DO PORTO;971579;Colisão Lateral;Luz do Dia;Bom;Seca;Meio de quadra;Não há Controle;Longo da via;0;1;1;1;1;0;0;0;0;0;0;0;0;(-38.4635899 -3.7177068);
PEX1460;2022-08-29 12:30:00;AV MAXIMILIANO DA FONSECA;;;ENGENHEIRO LUCIANO CAVALCANTE;971607;Colisão Transversal;Luz do Dia;Bom;Não informado;Meio de quadra;Pare;Longo da via;0;2;0;2;0;0;0;0;0;0;0;0;0;(-38.4869315 -3.7709497);
SXY4611;2022-08-30 00:00:00;AV OSCAR ARARIPE;RUA VICENTE PINHEIRO;;BOM JARDIM;971621;Colisão Transversal;Via Iluminada;Bom;Seca;Cruz;Pare;Cruzamento;1;2;0;2;0;0;0;0;0;0;0;0;0;(-38.5945886 -3.7926996);
KQE3143;2022-08-30 11:30:00;Avenida Treze de Maio;;;FATIMA;971276;Capotamento;Luz do Dia;Bom;Seca;Outros;Não há Controle;Longo da via;0;0;0;0;1;0;0;0;0;0;0;0;0;(-38.5236058 -3.7539587);
ILR4040;2022-08-30 22:00:00;AV JOSE JATAHY;AV FRANCISCO SA;;JACARECANGA;971518;Colisão Frontal;Via Iluminada;Bom;Seca;Cruz;Semáforo;Cruzamento;0;0;2;0;1;0;0;1;0;0;0;0;0;(-38.5467873 -3.720876);
BCP9341;2022-08-30 12:00:00;AV GOV RAUL BARBOSA;;;AEROLANDIA;971603;Colisão Traseira;Luz do Dia;Bom;Seca;Meio de quadra;Não há Controle;Longo da via;0;0;1;0;2;0;0;0;0;0;0;0;0;(-38.512539 -3.7729647);
AHO0235;2022-08-30 20:00:00;Avenida Duque de Caxias;;;CENTRO;971628;Atropelamento;Luz do Dia;Bom;Seca;Meio de quadra;Não há Controle;Longo da via;0;2;0;1;0;0;0;0;0;0;0;0;0;(-38.5313665 -3.7314234);
WST9612;2022-08-31 15:30:00;RUA JOSE VILAR;RUA FRANCISCO HOLANDA;;ALDEOTA;952519;Colisão Transversal;Luz do Dia;Bom;Seca;Cruz;Pare;Cruzamento;0;1;1;1;1;0;0;0;0;0;0;0;0;(-38.5084379 -3.7474473);
ALI0679;2022-08-31 05:00:00;Rua Monsenhor Salazar;RUA CAP MELO;;SAO JOAO DO TAUAPE;969213;Colisão Transversal;Não informado;Bom;Seca;Cruz;Semáforo;Cruzamento;0;0;0;0;2;0;0;0;0;0;0;0;0;(-38.5131829 -3.7560536);
HOW1209;2022-08-31 17:00:00;Avenida João de Araújo Lima;;;PREFEITO JOSE VALTER;970630;Colisão Lateral;Luz do Dia;Bom;Seca;Outros;Não há Controle;Longo da via;0;1;2;2;0;0;0;0;0;0;0;0;0;(-38.5598409 -3.8289659);
IHE2520;2022-08-31 13:31:00;RUA HERBENE;RUA LIMA DUARTE;;MESSEJANA;971006;Colisão Lateral;Luz do Dia;Bom;Seca;Cruz;Pare;Cruzamento;0;2;0;2;0;0;0;0;0;0;0;0;0;(-38.5033754 -3.8262073);
BPF1673;2022-08-31 10:30:00;Avenida Rui Barbosa;RUA AFONSO CELSO;;ALDEOTA;971289;Atropelamento;Luz do Dia;Bom;Seca;Cruz;Pare;Cruzamento;0;1;1;0;1;0;0;0;0;1;0;0;0;(-38.5094393 -3.7361001);
EQI8473;2022-08-31 11:09:00;RUA PAULO FROTA;AV CARNEIRO DE MENDONCA;;PICI;971351;Colisão Frontal;Luz do Dia;Bom;Seca;Cruz;Pare;Cruzamento;0;2;1;1;1;0;0;0;0;0;0;0;0;(-38.5749547 -3.7600215);
TNK4120;2022-08-21 15:00:00;Rua Andrade Furtado;;;CIDADE 2000;970577;Colisão Traseira;Luz do Dia;Bom;Seca;Meio de quadra;Não há Controle;Longo da via;0;0;2;0;2;0;0;0;0;0;0;0;0;(-38.47205952330118 -3.748264028281239);
RDD4053;2022-08-21 10:30:00;Rua Tenente Benévolo;;;CENTRO;965721;Atropelamento;Luz do Dia;Bom;Seca;Meio de quadra;Não há Controle;Longo da via;0;1;1;0;1;0;0;0;0;0;0;0;0;(-38.51475492801998 -3.726123976236907);
RCZ7748;2022-08-31 19:30:00;Avenida Genibaú;RUA MOCAMBIQUE;;GENIBAU;971459;Colisão Lateral;Luz do Dia;Bom;Seca;Cruz;Pare;Cruzamento;0;1;1;1;1;0;0;0;0;0;0;0;0;(-38.5985 -3.761001899999999);
UQY8877;2022-09-01 00:52:00;Rua Frei Marcelino;RUA VALDEMIRO CAVALCANTE;;RODOLFO TEOFILO;971476;Colisão Transversal;Não informado;Bom;Seca;Cruz;Pare;Cruzamento;0;0;2;0;2;0;0;0;0;0;0;0;0;(-38.5574568 -3.7493195);
GIF0358;2022-08-31 13:30:00;AV 13 DE MAIO;;;BENFICA;971645;Colisão Traseira;Mal Iluminada;Bom;Seca;Meio de quadra;Outros;Longo da via;0;1;1;1;1;0;0;0;0;0;0;0;0;(-38.5378762 -3.742219);
ENF7569;2022-08-20 14:20:00;Avenida Frei Cirilo;;;MESSEJANA;971488;Colisão Traseira;Luz do Dia;Bom;Seca;Meio de quadra;Semáforo;Longo da via;0;3;1;2;1;0;0;0;0;0;0;0;0;(-38.49710059649632 -3.818133185230709);
NRY3412;2022-08-20 11:50:00;Rua Eduardo Bezerra;RUA PRO CARVALHO;;SAO JOAO DO TAUAPE;971139;Atropelamento;Luz do Dia;Bom;Seca;Cruz;Semáforo Danificado;Longo da via;0;0;1;0;1;0;0;0;0;0;0;0;0;(-38.5147614 -3.7539052);
RGI4330;2022-08-20 07:00:00;Rua Coronel Matos Dourado;;;HENRIQUE JORGE;970940;Colisão Lateral;Via Iluminada;Bom;Seca;Y;Não há Controle;Longo da via;0;0;0;1;1;0;0;0;0;0;0;0;0;(-38.58279183480533 -3.75425395100471);
RLR0372;2022-08-20 13:00:00;Rua Costa Barros;RUA SILVA PAULET;;ALDEOTA;970486;Colisão Transversal;Luz do Dia;Bom;Seca;Cruz;Pare;Longo da via;0;1;1;1;1;0;0;0;0;0;0;0;0;(-38.50468054630324 -3.732611883004601);
UDU9538;2022-08-20 23:15:00;Rua Jockey Club;RUA BRI TORRES;;JOQUEI CLUBE;969276;Colisão Traseira;Não informado;Bom;Seca;Cruz;Pare;Longo da via;0;0;2;0;2;0;0;0;0;0;0;0;0;(-38.57840374288164 -3.762914910467978);
UFW2349;2022-08-20 15:10:00;Avenida Treze de Maio;;;BENFICA;968684;Engavetamento;Luz do Dia;Bom;Seca;Meio de quadra;Semáforo;Longo da via;0;1;1;2;0;1;0;0;0;0;0;0;0;(-38.53733913156982 -3.742466771779152);
QUV5580;2022-08-20 03:50:00;Avenida Governador Raul Barbosa;;;AEROLANDIA;960929;Colisão Frontal;Via Iluminada;Bom;Seca;Meio de quadra;Não há Controle;Longo da via;0;0;0;0;2;0;0;0;0;0;0;0;0;(-38.50981429962196 -3.768010811782947);
NMO7179;2022-08-20 03:10:00;Avenida Desembargador Moreira;RUA JULIO SIQUEIRA;;DIONISIO TORRES;960927;Colisão Transversal;Via Iluminada;Bom;Seca;Cruz;Semáforo;Longo da via;0;0;0;0;0;0;0;1;1;0;0;0;0;(-38.50333944483285 -3.751738081403471);
XFZ1382;2022-08-19 22:15:00;Avenida Presidente Costa e Silva;;;MONDUBIM;971536;Colisão Traseira;Não informado;Bom;Seca;Meio de quadra;Não há Controle;Longo da via;0;0;3;0;3;0;0;0;0;0;0;0;0;(-38.57339874187221 -3.812298927988755);
UZX0639;2022-08-19 11:40:00;Avenida da Universidade;;;CENTRO;971461;Colisão Traseira;Luz do Dia;Bom;Seca;Meio de quadra;Outros;Longo da via;0;1;3;3;1;0;0;0;0;0;0;0;0;(-38.53391125670558 -3.735202749878239);
WQA2911;2022-08-20 02:00:00;Rua Professor Costa Mendes;AV PRO GOMES DE MATOS;;BOM FUTURO;971442;Choque c/ Obstáculo Fixo;Via Iluminada;Bom;Seca;Cruz;Semáforo;Longo da via;0;0;0;1;1;0;0;0;0;0;0;0;0;(-38.54281618861034 -3.758156211000332);
CJR9530;2022-08-19 19:50:00;Rua Crisanto Moreira da Rocha;;;CAMBEBA;971416;Colisão Lateral;Luz do Dia;Bom;Seca;Cruz;Pare;Longo da via;0;0;0;1;1;0;0;0;0;0;0;0;0;(-38.48331407576963 -3.809381784518722);
TJO5245;2022-08-19 18:20:00;Rua Professor Otávio Lobo;RUA VILEBALDO AGUIAR;;COCO;971316;Colisão Transversal;Luz do Dia;Bom;Seca;Cruz;Pare;Longo da via;0;0;0;1;1;0;0;0;0;0;0;0;0;(-38.478250055431 -3.743564131680579);
HWL7365;2022-08-19 12:00:00;Rua Ana Bilhar;RUA VICENTE LEITE;;ALDEOTA;971286;Colisão Transversal;Luz do Dia;Bom;Seca;Cruz;Pare;Longo da via;0;1;1;0;2;0;0;0;0;0;0;0;0;(-38.49316850541381 -3.730342191693953);
HJI7632;2022-08-19 18:50:00;Avenida Monsenhor Tabosa;;;CENTRO;971212;Colisão Lateral;Não informado;Bom;Seca;Meio de quadra;Não há Controle;Longo da via;0;1;1;0;1;0;0;1;0;0;0;0;0;(-38.51815596783605 -3.723666909940959);
SLB0979;2022-08-19 17:00:00;Rua Pinto Madeira;RUA DNA LEOPOLDINA;;ALDEOTA;971208;Colisão Transversal;Luz do Dia;Bom;Seca;Cruz;Semáforo;Longo da via;0;1;1;0;2;0;0;0;0;0;0;0;0;(-38.5196763 -3.7316618);
VMB8301;2022-08-19 19:40:00;Avenida Doutor Silas Munguba;RUA DR JUSTA ARAUJO D45;;SERRINHA;971066;Colisão Transversal;Luz do Dia;Bom;Seca;Cruz;Semáforo;Longo da via;0;0;0;1;0;0;0;1;0;0;0;0;0;(-38.55342543550339 -3.784577553785943);
SHD9551;2022-08-19 12:40:00;Rua Gustavo Braga;RUA PAPI JUNIOR;;RODOLFO TEOFILO;968613;Colisão Lateral;Luz do Dia;Bom;Seca;Cruz;Pare;Longo da via;0;0;1;1;0;0;1;0;0;0;0;0;0;(-38.5546596 -3.7491457);
AIL6930;2022-08-20 01:00:00;Rua Barão de Sobral;;;MONTESE;968442;Colisão Lateral;Via Iluminada;Bom;Seca;Meio de quadra;Não há Controle;Longo da via;0;0;2;0;1;0;0;1;0;0;0;0;0;(-38.55307296155242 -3.767662878293407);
CMS3663;2022-08-19 22:15:00;Avenida Almirante Maximiniano da Fonseca;RUA JOSE B PARENTE D59;;ENGENHEIRO LUCIANO CAVALCANTE;968001;Colisão Frontal;Via Iluminada;Bom;Seca;T;Pare;Longo da via;0;2;0;2;0;0;0;0;0;0;0;0;0;(-38.48504141209868 -3.771340260598036);
NRA5482;2022-08-18 21:30:00;Rua Olavo Bilac;AV SGT HERMINIO SAMPAIO;;PRESIDENTE KENNEDY;971441;Colisão Lateral;Via Iluminada;Bom;Seca;Cruz;Semáforo;Longo da via;0;0;0;2;1;0;0;0;0;0;0;0;0;(-38.56504634218997 -3.727360536417815);
XRT9191;2022-08-18 11:30:00;Avenida Professor Gomes de Matos;;;MONTESE;970489;Colisão Transversal;Luz do Dia;Bom;Seca;Meio de quadra;Não há Controle;Longo da via;0;1;1;1;1;0;0;0;0;0;0;0;0;(-38.54848101303745 -3.76445653081924);
THF0421;2022-08-18 20:35:00;Rua Osvaldo Cruz;RUA CEL ALVES TEIXEIRA;;DIONISIO TORRES;970189;Colisão Lateral;Luz do Dia;Bom;Não informado;Cruz;Pare;Longo da via;0;1;1;1;1;0;0;0;0;0;0;0;0;(-38.50416932850205 -3.747568061771128);
DYT5539;2022-08-18 11:40:00;Avenida Presidente Castelo Branco;AV ALBERTO NEPOMUCENO;;CENTRO;969904;Colisão Traseira;Luz do Dia;Bom;Seca;Não informado;Não há Controle;Longo da via;0;0;2;0;1;0;1;0;0;0;0;0;0;(-38.5239280816361 -3.722526700375798);
HGI8221;2022-08-08 19:40:00;Rua General Sampaio;;;CENTRO;968612;Queda;Luz do Dia;Bom;Seca;Meio de quadra;Não informado;Longo da via;0;0;0;1;0;0;0;0;0;0;0;0;0;(-38.53076772272284 -3.726680696187173);
CNF7650;2022-08-17 22:00:00;Avenida Presidente Castelo Branco;;;PIRAMBU;971516;Capotamento;Via Iluminada;Bom;Seca;Meio de quadra;Não há Controle;Longo da via;0;0;0;0;1;0;0;0;0;0;0;0;0;(-38.55355575553065 -3.712205863122482);
CWN0141;2022-08-17 09:20:00;Rua Alberto Magno;RUA SAMUEL UCHOA;;BOM FUTURO;971479;Colisão Transversal;Não informado;Bom;Seca;Cruz;Pare;Longo da via;0;0;1;1;0;0;0;1;0;0;0;0;0;(-38.54297713167961 -3.756876871168567);
THU0348;2022-08-17 23:30:00;Rua Afonso Lopes;RUA ACAPULCO;;ITAPERI;971393;Colisão Lateral;Via Iluminada;Bom;Seca;Cruz;Pare;Longo da via;0;1;0;0;1;0;0;0;0;0;0;0;0;(-38.54790702962183 -3.792082117894162);
BDY2761;2022-08-17 16:00:00;Rua Eduardo Bezerra;RUA SILVA PAULET;;DIONISIO TORRES;971306;Colisão Lateral;Luz do Dia;Bom;Seca;Não informado;Não há Controle;Longo da via;0;0;1;1;1;0;0;0;0;0;0;0;0;(-38.51139143325851 -3.753643719469266);
ERT7432;2022-08-17 12:08:00;Avenida Engenheiro Alberto Sá;RUA JOSE CARLOS GURGEL NOGUEIRA;;PAPICU;971284;Colisão Lateral;Luz do Dia;Bom;Seca;Cruz;Semáforo;Longo da via;0;1;1;1;1;0;0;0;0;0;0;0;0;(-38.47515479574386 -3.734811979124573);
MPN4140;2022-08-17 20:00:00;Avenida D;AV I CJ CEARA;;;971250;Colisão Lateral;Não informado;Bom;Seca;Outros;Semáforo;Longo da via;0;1;1;1;0;0;1;0;0;0;0;0;0;(-38.60120252335516 -3.766859954325004);
AFY2069;2022-08-17 20:25:00;Estrada Do Siqueira;;;MONDUBIM;971245;Colisão Transversal;Anoitecer;Bom;Seca;Duplo T;Não há Controle;Longo da via;0;2;1;1;1;0;0;0;0;0;0;0;0;(-38.59253362766592 -3.808809059776747);
RQJ3432;2022-08-17 12:30:00;Avenida Augusto dos Anjos;;;BONSUCESSO;971048;Queda;Luz do Dia;Bom;Seca;Meio de quadra;Não há Controle;Longo da via;0;0;1;1;0;0;0;0;0;0;0;0;0;(-38.5791225706458 -3.780145574185137);
IXD6502;2022-08-16 11:20:00;Rua Eudes Cardoso;RUA BARTOLOMEU DIAS;;MESSEJANA;971480;Colisão Transversal;Não informado;Bom;Seca;Cruz;Não informado;Longo da via;0;0;0;1;1;0;0;0;0;0;0;0;0;(-38.4904436 -3.8257375);
QWI2697;2022-08-16 12:00:00;Avenida dos Expedicionários;;;BENFICA;971470;Colisão;Luz do Dia;Bom;Seca;Meio de quadra;Não informado;Longo da via;0;0;1;1;1;0;0;0;0;0;0;0;0;(-38.53630379403081 -3.74898667529128);