COD_ACIDENTE;DATA;LOG1;LOG2;NUMERO;BAIRRO;AMC;NATUREZA;ILUMINACAO;TEMPO;SUPERFICIEPISTA;TIPOCRUZAMENTO;CONTROLETRAFEGO;USOSOLO;MORTOS;FERIDOS;ILESOS;MOTOCICLETA;AUTOMOVEL;MICROONIBUS;CAMINHAO;ONIBUS;CICLOMOTOR;BICICLETA;OUTROS;TREM;TRACAOANIMAL;COORDENADAS
ZRU2218;2022-08-16 14:00:00;Avenida Dioguinho;RUA OSVALDO ARAUJO;;PRAIA DO FUTURO I;971138;Colisão Traseira;Luz do Dia;Bom;Seca;Cruz;Pare;Longo da via;0;1;0;0;2;0;0;0;0;0;0;0;0;(-38.45416382374146 -3.740116811073819);
WKZ2595;2022-08-16 11:40:00;Rua Pinto Madeira;RUA GONCALVES LEDO;;ALDEOTA;971136;Colisão Transversal;Luz do Dia;Bom;Seca;Cruz;Pare;Longo da via;0;2;1;1;1;0;0;0;0;0;0;0;0;(-38.51663247291312 -3.732665413389249);
PVY4688;2022-08-16 18:50:00;Rua Capitão Gustavo;RUA EDUARDO BEZERRA;;SAO JOAO DO TAUAPE;971060;Colisão Transversal;Luz do Dia;Bom;Seca;Cruz;Não há Controle;Longo da via;0;2;1;1;1;0;0;0;0;0;0;0;0;(-38.51693287951291 -3.75433424459605);
DDN0534;2022-08-16 23:30:00;Avenida Francisco Sá;RUA SEN ROBERT KENNEDY;;BARRA DO CEARA;970800;Colisão Frontal;Via Iluminada;Bom;Seca;Cruz;Semáforo;Longo da via;0;0;1;1;1;0;0;0;0;0;0;0;0;(-38.58157411960639 -3.709095670138019);
ZMG9363;2022-08-16 19:00:00;Avenida Aguanambi;;;JOSE BONIFACIO;970461;Colisão Traseira;Luz do Dia;Bom;Seca;Meio de quadra;Semáforo;Longo da via;0;0;0;0;2;0;0;0;0;0;0;0;0;(-38.5255856868073 -3.744816726179989);
ACR2325;2022-08-16 13:20:00;Rua Barão de Sobral;RUA EUZEBIO DE QUEIROS;;MONTESE;970257;Colisão Transversal;Luz do Dia;Bom;Seca;Cruz;Pare;Longo da via;0;1;0;1;1;0;0;0;0;0;0;0;0;(-38.55407074047138 -3.76712224290283);
NAV7953;2022-08-16 22:00:00;Avenida José Leon;;;PARQUE MANIBURA;969826;Choque c/ Obstáculo Fixo;Não informado;Bom;Seca;Meio de quadra;Não há Controle;Longo da via;0;0;0;0;1;0;0;0;0;0;0;0;0;(-38.49250867146774 -3.790032041602729);
QCL7609;2022-08-15 13:15:00;Rua Padre Pedro de Alencar;;;PAUPINA;971463;Colisão Lateral;Luz do Dia;Bom;Seca;Outros;Outros;Longo da via;0;1;0;2;0;0;0;0;0;0;0;0;0;(-38.49480465230547 -3.848299408104026);
QIY5037;2022-08-15 18:30:00;Rua Tibúrcio Cavalcante;;;ALDEOTA;971398;Colisão Transversal;Luz do Dia;Bom;Seca;Cruz;Pare;Longo da via;0;1;0;1;1;0;0;0;0;0;0;0;0;(-38.50376859402337 -3.739704630528309);
PTR5982;2022-08-15 10:30:00;Rua Hermínia Bonavides;;;VICENTE PINZON;971283;Colisão Frontal;Luz do Dia;Bom;Seca;Meio de quadra;Não há Controle;Longo da via;0;0;1;0;1;0;1;0;0;0;0;0;0;(-38.46255913917288 -3.730840025431548);
RKT2074;2022-08-15 22:30:00;Avenida Monsenhor Tabosa;RUA MON BRUNO;;MEIRELES;970799;Colisão Transversal;Via Iluminada;Bom;Seca;Cruz;Pare;Longo da via;0;1;2;0;2;0;0;0;0;0;0;0;0;(-38.5068292 -3.7243785);
KTD3798;2022-08-16 00:30:00;Avenida Duque de Caxias;AV TRISTAO GONCALVES;;CENTRO;969829;Colisão Transversal;Via Iluminada;Bom;Seca;Cruz;Semáforo Danificado;Longo da via;0;0;0;1;1;0;0;0;0;0;0;0;0;(-38.5342362 -3.7304373);
PMA2637;2022-08-15 17:00:00;Rua Olavo Bilac;;;PRESIDENTE KENNEDY;968611;Colisão Lateral;Luz do Dia;Bom;Seca;T;Não informado;Longo da via;0;0;1;1;1;0;0;0;0;0;0;0;0;(-38.5644283 -3.7341467);
PVH4623;2022-08-15 00:30:00;Rua Leonardo Mota;RUA PEREIRA VALENTE;;ALDEOTA;971465;Colisão Transversal;Via Iluminada;Bom;Seca;Meio de quadra;Não há Controle;Longo da via;0;0;1;1;1;0;0;0;0;0;0;0;0;(-38.49511579158825 -3.732981242592282);
WZR4435;2022-08-14 07:50:00;Avenida Augusto dos Anjos;;;PARANGABA;971464;Choque c/ Obstáculo Fixo;Luz do Dia;Bom;Seca;Meio de quadra;Outros;Longo da via;0;0;0;1;1;0;0;0;0;0;0;0;0;(-38.5777063735995 -3.778512984794587);
EJX9236;2022-08-14 10:00:00;Avenida Presidente Castelo Branco;;;MOURA BRASIL;971033;Colisão Traseira;Luz do Dia;Bom;Seca;Meio de quadra;Não há Controle;Longo da via;0;0;0;2;0;0;0;0;0;0;0;0;0;(-38.53575662136708 -3.718174619313133);
NXQ5407;2022-08-14 11:00:00;Rua Meton de Alencar;RUA JAIME BENEVOLO;;CENTRO;971032;Colisão Transversal;Não informado;Bom;Seca;Cruz;Semáforo;Longo da via;0;0;0;1;0;0;0;1;0;0;0;0;0;(-38.52633670350925 -3.735068924297267);
JVI0011;2022-08-14 19:30:00;Rua 15 de Novembro;RUA ANTONIO FIUZA;;MONTESE;970798;Colisão Transversal;Luz do Dia;Bom;Seca;Cruz;Semáforo;Longo da via;0;1;1;1;1;0;0;0;0;0;0;0;0;(-38.5522549 -3.7702479);
OBP9239;2022-08-14 19:15:00;Avenida Treze de Maio;RUA MAL DEODORO;;BENFICA;970673;Colisão Transversal;Via Iluminada;Bom;Seca;Cruz;Semáforo;Longo da via;0;0;1;1;1;0;0;0;0;0;0;0;0;(-38.5365612824518 -3.743168011679637);
ANA3611;2022-08-13 21:00:00;Rua Irmã Bazet;;;MONTESE;971458;Atropelamento;Anoitecer;Bom;Seca;Meio de quadra;Não há Controle;Longo da via;0;0;0;0;0;0;1;0;0;1;0;0;0;(-38.55103449424183 -3.765157753062151);
GRG6713;2022-08-13 10:30:00;Avenida General Osório de Paiva;;;PARANGABA;971333;Colisão Traseira;Não informado;Bom;Seca;Meio de quadra;Semáforo;Longo da via;0;0;0;3;0;0;0;0;0;0;0;0;0;(-38.57029811189544 -3.778009825477775);
AEK5442;2022-08-13 17:40:00;Rua Adolfo Caminha;RUA MARANGUAPE D50;;CENTRO;971064;Colisão Transversal;Luz do Dia;Bom;Seca;Cruz;Pare;Longo da via;0;0;0;1;1;0;0;0;0;0;0;0;0;(-38.5246023 -3.7210697);
JRU9770;2022-08-13 10:30:00;Avenida Senador Virgílio Távora;RUA CANUTO DE AGUIAR;;MEIRELES;970734;Choque c/ Obstáculo Fixo;Luz do Dia;Bom;Seca;Cruz;Semáforo;Longo da via;0;1;0;0;1;0;0;0;0;0;0;0;0;(-38.4915489 -3.7318845);
EAL2042;2022-08-13 06:50:00;Avenida Desembargador Gonzaga;;;CIDADE DOS FUNCIONRAIOS;970413;Choque c/ Obstáculo Fixo;Via Iluminada;Bom;Seca;Meio de quadra;Não informado;Longo da via;0;0;0;1;0;0;0;0;0;0;0;0;0;(-38.4996970163289 -3.797584648490082);
CBA4611;2022-08-12 22:06:00;Avenida Lineu Machado;AV SEN FERNANDES TAVORA;;JOQUEI CLUBE;971450;Colisão Lateral;Via Iluminada;Bom;Seca;Cruz;Semáforo;Longo da via;0;0;0;2;0;0;0;0;0;0;0;0;0;(-38.576509 -3.7652789);
QGB1166;2022-08-12 13:46:00;Avenida Pontes Vieira;;;FATIMA;971349;Colisão Lateral;Não informado;Bom;Seca;Meio de quadra;Outros;Longo da via;0;1;1;1;1;0;0;0;0;0;0;0;0;(-38.51845637524572 -3.753327897717687);
HTJ3469;2022-08-12 19:00:00;AV ADOLFO CAMINHA;RUA BAR RIO BRANCO;;CENTRO;971129;Colisão Lateral;Luz do Dia;Bom;Seca;T;Não informado;Longo da via;0;1;1;1;1;0;0;0;0;0;0;0;0;(-38.5267175907548 -3.721729088112244);
VRB7415;2022-08-12 08:33:00;Avenida Bernardo Manuel;RUA PDE ASCENCO GAGO;;SERRINHA;970667;Colisão Transversal;Luz do Dia;Bom;Seca;Cruz;Semáforo;Longo da via;0;0;2;0;2;0;0;0;0;0;0;0;0;(-38.54593828921725 -3.780638026775026);
HTP3845;2022-08-12 10:56:00;Avenida Carlos Amora;AV GAL OSORIO DE PAIVA;;PARANGABA;970666;Colisão Transversal;Luz do Dia;Bom;Seca;Cruz;Pare;Longo da via;0;0;0;1;1;0;0;0;0;0;0;0;0;(-38.56456891485692 -3.774027362721717);
IZK7728;2022-08-12 21:50:00;Avenida Pontes Vieira;RUA JOAQUIM NABUCO;;DIONISIO TORRES;970032;Colisão Transversal;Via Iluminada;Bom;Seca;Cruz;Semáforo;Longo da via;0;2;0;1;0;0;0;0;0;1;0;0;0;(-38.5066728 -3.7519582);
EZC7462;2022-08-12 20:40:00;Avenida dos Expedicionários;;;JOSE BONIFACIO;969168;Engavetamento;Via Iluminada;Bom;Seca;Meio de quadra;Não há Controle;Longo da via;0;0;1;0;3;0;0;0;0;0;0;0;0;(-38.53663637944497 -3.749848497981653);
TUA8422;2022-08-12 23:30:00;Avenida Historiador Raimundo Girão;RUA HIS GUARINO ALVES;;PRAIA DE IRACEMA;966852;Colisão;Via Iluminada;Bom;Seca;T;Pare;Longo da via;0;0;0;1;1;0;0;0;0;0;0;0;0;(-38.5146138 -3.7203951);
EFE1715;2022-08-11 19:10:00;Rua Ana Bilhar;RUA FRE MANSUETO;;VARJOTA;970642;Colisão Lateral;Não informado;Bom;Seca;Cruz;Semáforo;Longo da via;0;0;0;0;2;0;0;0;0;0;0;0;0;(-38.48890379955915 -3.731600158121149);
MSN0059;2022-08-11 14:00:00;Avenida Presidente Costa e Silva;;;MONDUBIM;969104;Colisão Transversal;Luz do Dia;Bom;Seca;Meio de quadra;Outros;Longo da via;0;0;0;2;0;0;0;0;0;0;0;0;0;(-38.5586285 -3.8210168);
KOX9091;2022-08-10 18:40:00;Avenida José Jatahy;RUA AZEVEDO BOLAO;;PARQUE ARAXA;971407;Colisão Lateral;Luz do Dia;Bom;Seca;Cruz;Semáforo;Longo da via;0;0;1;0;1;0;0;0;0;0;0;0;0;(-38.54452743735443 -3.733666430981204);
BLF0005;2022-08-10 10:15:00;Avenida Sargento Hermínio Sampaio;AV JOSE JATAHY;;MONTE CASTELO;971336;Colisão Transversal;Luz do Dia;Bom;Seca;Cruz;Semáforo;Longo da via;0;0;1;1;1;0;0;0;0;0;0;0;0;(-38.5459049 -3.7247097);
DHW7286;2022-08-10 11:20:00;Rua Desembargador Otacílio Peixoto;;;PASSARE;971282;Colisão;Luz do Dia;Bom;Não informado;Meio de quadra;Pare;Longo da via;0;1;1;1;1;0;0;0;0;0;0;0;0;(-38.5316742862884 -3.800351958503542);
WUY4570;2022-08-10 19:30:00;Rua General Tertuliano Potiguara;RUA JOR OLAVO ARAUJO;;ALDEOTA;971277;Colisão Transversal;Via Iluminada;Bom;Seca;T;Não há Controle;Longo da via;0;0;1;1;1;0;0;0;0;0;0;0;0;(-38.49906936565151 -3.743660485167234);
OUQ3929;2022-08-10 11:30:00;Avenida Treze de Maio;RUA MON LIBERATO;;FATIMA;971270;Colisão Traseira;Luz do Dia;Bom;Seca;Cruz;Pare;Longo da via;0;0;0;1;0;0;0;1;0;0;0;0;0;(-38.53003815539177 -3.748751145961004);
WSA7542;2022-08-10 16:30:00;Avenida Domingos Olímpio;;;JOSE BONIFACIO;971187;Engavetamento;Luz do Dia;Bom;Seca;Meio de quadra;Semáforo;Longo da via;0;0;3;0;3;0;0;0;0;0;0;0;0;(-38.52896526712904 -3.737402839503684);
COE1951;2022-08-10 12:00:00;Rua Professor Wilson Aguiar;;;EDSON QUEIROZ;971140;Colisão Transversal;Luz do Dia;Bom;Seca;Meio de quadra;Pare;Longo da via;0;0;1;1;1;0;0;0;0;0;0;0;0;(-38.47929612464063 -3.760736296500574);
WLP0276;2022-08-10 22:00:00;Rua Israel Bezerra;AV ENG SANTANA JUNIOR;;COCO;969895;Colisão Lateral;Mal Iluminada;Bom;Seca;T;Não informado;Longo da via;0;0;2;0;2;0;0;0;0;0;0;0;0;(-38.49064186492672 -3.751304494633859);
XMM9831;2022-08-10 13:30:00;Rua Padre Ibiapina;;;CENTRO;969817;Colisão Lateral;Luz do Dia;Bom;Seca;Meio de quadra;Semáforo;Longo da via;0;0;2;1;1;0;0;0;0;0;0;0;0;(-38.5403637 -3.7274655);
VGN8869;2022-08-09 10:40:00;Avenida H;;;PREFEITO JOSE VALTER;971417;Colisão Traseira;Luz do Dia;Bom;Seca;Meio de quadra;Não há Controle;Longo da via;0;0;0;2;0;0;0;0;0;0;0;0;0;(-38.55696216583882 -3.841833777893676);
RVZ6458;2022-08-09 15:15:00;Rua Doutor José Furtado;;;CAMBEBA;971401;Atropelamento;Luz do Dia;Bom;Seca;Meio de quadra;Não há Controle;Longo da via;0;0;1;1;0;0;0;1;0;0;0;0;0;(-38.48816350582165 -3.796733578442646);
LRV3475;2022-08-09 17:00:00;Rua VIRGILIO BRANDAO;RUA DANIEL DE CASTRO;;AUTRAN NUNES;971358;Colisão Transversal;Luz do Dia;Bom;Seca;Cruz;Pare;Longo da via;0;1;1;1;0;0;0;1;0;0;0;0;0;(-38.59565571470743 -3.748585204803866);
MIW5310;2022-08-09 13:00:00;Rua Romeu Martins;RUA JOAO FIRMINO;;MONTESE;971269;Colisão Lateral;Luz do Dia;Bom;Seca;Cruz;Pare;Longo da via;0;0;1;1;1;0;0;0;0;0;0;0;0;(-38.5555405926313 -3.764317356871814);
EPJ0784;2022-08-09 15:50:00;Avenida Conselheiro Gomes de Freitas;RUA SALVADOR CORREIA SA;;SAPIRANGA / COITE;971130;Colisão Transversal;Luz do Dia;Bom;Seca;Cruz;Pare;Longo da via;0;1;1;1;1;0;0;0;0;0;0;0;0;(-38.4748655 -3.7953021);
GFC1507;2022-08-09 10:00:00;Rua Torres Câmara;RUA TIBURCIO CAVALCANTI;;ALDEOTA;971063;Colisão Transversal;Luz do Dia;Bom;Seca;Cruz;Semáforo;Longo da via;0;0;1;1;1;0;0;0;0;0;0;0;0;(-38.5028620089961 -3.736974598646499);
TGR1241;2022-08-09 18:20:00;Rua Dom José Lourenço;RUA ROTARY;;AMADEU FURTADO;971059;Colisão Transversal;Luz do Dia;Bom;Seca;Cruz;Pare;Longo da via;0;0;2;0;2;0;0;0;0;0;0;0;0;(-38.55812088053818 -3.74256312538654);
QGV5205;2022-08-10 01:30:00;Rua Professor José Silveira;RUA PEDRO SAMPAIO;;CASTELAO;970797;Colisão Transversal;Via Iluminada;Bom;Seca;Cruz;Pare;Longo da via;0;1;1;1;1;0;0;0;0;0;0;0;0;(-38.52456644495201 -3.809226560093603);
DCB5189;2022-08-09 23:15:00;Avenida Antônio Sales;;;DIONISIO TORRES;970672;Colisão Traseira;Via Iluminada;Bom;Seca;Meio de quadra;Não há Controle;Longo da via;0;0;2;0;2;0;0;0;0;0;0;0;0;(-38.5068247 -3.7440876);
NQZ3307;2022-08-09 12:40:00;Rua João Cordeiro;;;CENTRO;970665;Colisão Lateral;Luz do Dia;Bom;Seca;Meio de quadra;Outros;Longo da via;0;1;1;1;1;0;0;0;0;0;0;0;0;(-38.51631596597282 -3.735791582192133);
WIN0215;2022-08-09 17:00:00;Avenida Chanceler Edson Queiroz;;;GUARARAPES;970513;Colisão Transversal;Luz do Dia;Bom;Seca;Meio de quadra;Não há Controle;Longo da via;0;0;0;1;1;0;0;0;0;0;0;0;0;(-38.49339380651674 -3.765013226386534);
QZX4674;2022-08-09 18:40:00;Avenida Deputado Paulino Rocha;;;CASTELAO;968688;Choque c/ Obstáculo Fixo;Luz do Dia;Bom;Seca;Duplo T;Semáforo;Longo da via;0;0;0;0;2;0;0;0;0;0;0;0;0;(-38.52163210808726 -3.80966011790055);
AXP6601;2022-08-09 11:00:00;Avenida Professor Gomes de Matos;;;MONTESE;960557;Colisão Traseira;Não informado;Bom;Seca;Meio de quadra;Semáforo;Longo da via;0;1;1;1;1;0;0;0;0;0;0;0;0;(-38.54663566599076 -3.762336802132871);
BHI7166;2022-08-08 17:15:00;Avenida Treze de Maio;RUA DOS PRACINHAS;;BENFICA;971406;Colisão Lateral;Luz do Dia;Bom;Seca;Cruz;Semáforo;Longo da via;0;1;1;1;0;0;0;1;0;0;0;0;0;(-38.5427322 -3.737643);
PHQ1863;2022-08-08 10:15:00;Avenida Almirante Henrique Sabóia;AV GOV RAUL BARBOSA;;SAO JOAO DO TAUAPE;971135;Colisão Traseira;Luz do Dia;Bom;Seca;Meio de quadra;Semáforo;Longo da via;0;0;2;0;2;0;0;0;0;0;0;0;0;(-38.50435168146075 -3.755404741469205);
NZZ3665;2022-08-08 11:20:00;Avenida Oliveira Paiva;;;CIDADE DOS FUNCIONRAIOS;970668;Colisão Lateral;Luz do Dia;Bom;Seca;Meio de quadra;Outros;Longo da via;0;0;2;1;1;0;0;0;0;0;0;0;0;(-38.49638716554525 -3.795582759119834);
IVS7833;2022-08-08 04:00:00;Avenida Rogaciano Leite;;;ENGENHEIRO LUCIANO CAVALCANTE;969496;Choque c/ Obstáculo Fixo;Mal Iluminada;Bom;Seca;T;Pare;Longo da via;1;1;0;1;0;0;0;0;0;0;0;0;0;(-38.50036755521964 -3.775718841070392);
BJE1868;2022-08-07 23:00:00;Avenida Pompílio Gomes;;;BARROSO;971082;Colisão Lateral;Não informado;Bom;Seca;Meio de quadra;Não há Controle;Longo da via;0;0;1;1;1;0;0;0;0;0;0;0;0;(-38.52105275539436 -3.821644425527928);
DSD2848;2022-08-07 22:30:00;Avenida Presidente Juscelino Kubitschek;RUA CACHOEIRA;;PASSARE;969830;Colisão Lateral;Via Iluminada;Bom;Seca;Cruz;Não há Controle;Longo da via;0;0;0;1;1;0;0;0;0;0;0;0;0;(-38.5286149 -3.8122196);
ZDL3882;2022-08-06 11:00:00;Rua Desembargador Praxedes;RUA ALBERTO MAGNO;;MONTESE;971364;Colisão Transversal;Luz do Dia;Bom;Seca;Cruz;Semáforo;Longo da via;0;0;0;1;1;0;0;0;0;0;0;0;0;(-38.54677513519039 -3.761298347308315);
GAQ4821;2022-08-06 04:10:00;Avenida General Murilo Borges;;;SALINAS;971239;Colisão Traseira;Mal Iluminada;Bom;Seca;Meio de quadra;Não há Controle;Longo da via;0;0;2;0;1;0;1;0;0;0;0;0;0;(-38.5030506 -3.765086);
WCD4389;2022-08-06 17:00:00;Avenida Rogaciano Leite;AV CARNEIRO DE MENDONCA;;JARDIM DAS OLIVEIRAS;971207;Colisão Traseira;Luz do Dia;Bom;Seca;Cruz;Semáforo;Longo da via;0;0;1;0;2;0;0;0;0;0;0;0;0;(-38.49890146513753 -3.773368886304809);
AJT4064;2022-08-06 11:40:00;Avenida José Bastos;;;RODOLFO TEOFILO;966639;Colisão Transversal;Luz do Dia;Bom;Seca;Meio de quadra;Outros;Longo da via;0;1;0;2;0;0;0;0;0;0;0;0;0;(-38.54432895712683 -3.743665838138405);
ONL3480;2022-08-05 21:05:00;Avenida José Jatahy;;;FARIAS BRITO;971084;Colisão Traseira;Via Iluminada;Bom;Seca;Meio de quadra;Não há Controle;Longo da via;0;0;1;1;1;0;0;0;0;0;0;0;0;(-38.54535354538039 -3.72982294545211);
VIK8156;2022-08-05 23:20:00;Rua João Areas;;;MANOEL SATIRO;968857;Colisão Lateral;Via Iluminada;Bom;Seca;Cruz;Não informado;Longo da via;0;0;2;0;2;0;0;0;0;0;0;0;0;(-38.57594683800671 -3.791455854895169);
GXN2475;2022-08-05 01:30:00;Avenida Humberto Monte;;;PARQUELANDIA;970941;Colisão Traseira;Não informado;Bom;Seca;Meio de quadra;Semáforo;Longo da via;0;1;1;0;2;0;0;0;0;0;0;0;0;(-38.56784656860396 -3.740496873482969);
VUA5054;2022-08-04 19:30:00;Rua Dulcinéia Gondim;RUA URUBURETAMA;;MONTESE;970796;Colisão Transversal;Luz do Dia;Bom;Seca;Cruz;Pare;Longo da via;0;1;1;1;1;0;0;0;0;0;0;0;0;(-38.5433794 -3.76052);
MHJ8002;2022-08-04 17:50:00;Avenida Frei Cirilo;;;MESSEJANA;970634;Colisão Lateral;Luz do Dia;Bom;Seca;Meio de quadra;Não há Controle;Longo da via;0;0;1;1;1;0;0;0;0;0;0;0;0;(-38.4979833 -3.8161503);
WTB5873;2022-08-04 18:15:00;Rua Evaristo da Veiga;;;PARQUE IRACEMA;970625;Colisão Transversal;Luz do Dia;Bom;Seca;Meio de quadra;Não há Controle;Longo da via;0;1;1;1;1;0;0;0;0;0;0;0;0;(-38.49486902714406 -3.809146271586851);
SCQ9944;2022-08-04 23:50:00;Rua Dom Lino;RUA GUSTAVO SAMPAIO;;PARQUELANDIA;970528;Colisão Lateral;Via Iluminada;Bom;Seca;Cruz;Semáforo;Longo da via;0;0;0;1;1;0;0;0;0;0;0;0;0;(-38.5572956 -3.7354346);
TWS1869;2022-08-04 10:48:00;Rua Senador Pompeu;RUA ANTONIO POMPEU;;CENTRO;970203;Colisão Traseira;Luz do Dia;Bom;Seca;T;Pare;Longo da via;0;0;2;1;1;0;0;0;0;0;0;0;0;(-38.5318921 -3.734402);
MDG1457;2022-08-04 13:00:00;Avenida Pompílio Gomes;AV DEP PAULINO ROCHA;;CASTELAO;970202;Choque c/ Obstáculo Fixo;Luz do Dia;Bom;Seca;T;Não informado;Longo da via;0;0;1;0;0;0;1;0;0;0;0;0;0;(-38.51967409813848 -3.810318483041503);
NEL2948;2022-08-03 11:30:00;Rua Raimundo Arruda;AV BEZERRA DE MENEZES;;PARQUE ARAXA;971339;Colisão Lateral;Não informado;Chuva;Molhada;Cruz;Semáforo;Longo da via;0;0;1;2;0;0;0;0;0;0;0;0;0;(-38.55218247484095 -3.733152539739638);
OIO7414;2022-08-03 11:50:00;Avenida Tristão Gonçalves;RUA PEDRO I;;CENTRO;971305;Colisão Lateral;Luz do Dia;Nublado;Seca;Cruz;Semáforo;Longo da via;0;0;0;1;1;0;0;0;0;0;0;0;0;(-38.5339761 -3.7295197);
PLD2260;2022-08-03 10:50:00;Rua Tulipa;RUA ASTROGILDO FONTOURA;;JARDIM IRACEMA;971268;Colisão Transversal;Luz do Dia;Bom;Molhada;T;Não informado;Longo da via;0;1;1;1;1;0;0;0;0;0;0;0;0;(-38.57888117527643 -3.712735826067401);
CGL9190;2022-08-03 10:00:00;Rua João Cordeiro;RUA ROCHA LIMA;;DIONISIO TORRES;971201;Queda;Luz do Dia;Nublado;Molhada;Cruz;Pare;Longo da via;0;0;0;1;0;0;0;0;0;0;0;0;0;(-38.51728749999999 -3.7379927);
YFK9555;2022-08-03 13:00:00;Avenida Doutor Silas Munguba;;;SERRINHA;971197;Colisão Traseira;Não informado;Nublado;Molhada;Meio de quadra;Semáforo;Longo da via;0;0;0;1;1;0;0;0;0;0;0;0;0;(-38.53876605886946 -3.790888470931786);
EJW9583;2022-08-03 22:30:00;Avenida Alberto Craveiro;;;AEROLANDIA;970266;Atropelamento;Via Iluminada;Bom;Seca;Meio de quadra;Não há Controle;Longo da via;0;0;0;1;0;0;0;0;0;0;0;0;0;(-38.50997523034063 -3.768321275394596);
IHT3011;2022-08-03 09:30:00;Rua Beni Carvalho;RUA CEL JUCA;;MEIRELES;970201;Colisão Transversal;Luz do Dia;Nublado;Molhada;Cruz;Semáforo;Longo da via;0;0;2;0;2;0;0;0;0;0;0;0;0;(-38.49430039275884 -3.746251319387605);
EFV9543;2022-08-03 21:00:00;Avenida Pontes Vieira;AV DES MOREIRA;;DIONISIO TORRES;969167;Colisão Lateral;Via Iluminada;Bom;Seca;Meio de quadra;Não há Controle;Longo da via;0;0;1;1;1;0;0;0;0;0;0;0;0;(-38.50352183848783 -3.751540023276143);
CQL8187;2022-08-03 11:20:00;Rua General Sampaio;RUA METON DE ALENCAR;;CENTRO;963672;Colisão Transversal;Luz do Dia;Nublado;Molhada;Cruz;Semáforo;Longo da via;0;1;0;1;0;0;0;0;0;0;0;0;0;(-38.53262916768041 -3.733109715455929);
PXM8520;2022-08-02 12:35:00;Avenida Presidente Castelo Branco;;;MOURA BRASIL;971134;Colisão Traseira;Luz do Dia;Bom;Seca;Meio de quadra;Semáforo;Longo da via;0;0;1;1;1;0;0;0;0;0;0;0;0;(-38.53272036197705 -3.719159594030677);
YIO2453;2022-08-02 19:35:00;Rua Desembargador Lauro Nogueira;;;PAPICU;969166;Colisão Traseira;Via Iluminada;Bom;Seca;Meio de quadra;Não informado;Longo da via;0;0;1;1;1;0;0;0;0;0;0;0;0;(-38.47464517461375 -3.74127305676428);
UYV2408;2022-08-02 18:00:00;Rua 24 de Maio;RUA PEDRO PEREIRA;;CENTRO;968609;Atropelamento;Luz do Dia;Bom;Seca;Cruz;Pare;Longo da via;0;0;1;0;1;0;0;0;0;1;0;0;0;(-38.53249505743212 -3.728479327464364);
ZHR1345;2022-08-01 13:45:00;Rua Doutor José Lourenço;RUA PDE VALDEVINO;;DIONISIO TORRES;971340;Colisão Transversal;Não informado;Bom;Seca;Cruz;Não informado;Longo da via;0;0;2;0;2;0;0;0;0;0;0;0;0;(-38.5099441 -3.7413218);
DLL4267;2022-08-01 12:15:00;Avenida Borges de Melo;;;ALTO DA BALANCA;971196;Colisão Traseira;Luz do Dia;Bom;Seca;Meio de quadra;Não há Controle;Longo da via;0;1;0;1;1;0;0;0;0;0;0;0;0;(-38.5181634 -3.7615992);
DSK4146;2022-08-01 12:00:00;Rua João Carvalho;RUA SILVA PAULET;;ALDEOTA;971133;Colisão Transversal;Luz do Dia;Bom;Seca;Cruz;Pare;Longo da via;0;0;0;1;1;0;0;0;0;0;0;0;0;(-38.5065309 -3.737982);
NAE9574;2022-08-01 15:00:00;Rua Francisco Glicério;;;MARAPONGA;971058;Colisão Frontal;Luz do Dia;Bom;Seca;Meio de quadra;Não há Controle;Longo da via;0;0;1;1;1;0;0;0;0;0;0;0;0;(-38.56931105695325 -3.796128729408386);
IIL5289;2022-08-01 19:00:00;Rua Tereza Cristina;RUA GAL CLARINDO DE QUEIROZ;;CENTRO;971020;Colisão Lateral;Luz do Dia;Bom;Seca;Cruz;Semáforo;Longo da via;0;0;2;0;1;1;0;0;0;0;0;0;0;(-38.5377414 -3.7302794);
TAC7063;2022-08-01 22:00:00;Rua Aracajú;RUA PRO EDGAR DE ARRUDA;;HENRIQUE JORGE;970757;Colisão Transversal;Via Iluminada;Bom;Seca;Cruz;Pare;Longo da via;0;4;0;2;0;0;0;0;0;0;0;0;0;(-38.58631625988051 -3.757358631158068);
KQH8027;2022-08-01 10:30:00;Rua N;RUA J UI 610;;PREFEITO JOSE VALTER;970599;Colisão Traseira;Luz do Dia;Nublado;Seca;T;Não há Controle;Longo da via;0;1;1;2;0;0;0;0;0;0;0;0;0;(-38.5476334430875 -3.834035349124085);