COD_ACIDENTE;DATA;LOG1;LOG2;NUMERO;BAIRRO;AMC;NATUREZA;ILUMINACAO;TEMPO;SUPERFICIEPISTA;TIPOCRUZAMENTO;CONTROLETRAFEGO;USOSOLO;MORTOS;FERIDOS;ILESOS;MOTOCICLETA;AUTOMOVEL;MICROONIBUS;CAMINHAO;ONIBUS;CICLOMOTOR;BICICLETA;OUTROS;TREM;TRACAOANIMAL;COORDENADAS
ZUK8568;2022-08-02 01:20:00;Rua Tomás Acioli;AV DES MOREIRA;;DIONISIO TORRES;969165;Colisão Transversal;Via Iluminada;Bom;Seca;Cruz;Semáforo;Longo da via;0;0;1;0;1;0;0;0;1;0;0;0;0;(-38.50256697045878 -3.747348674544688);
VMH6657;2022-07-15 21:15:00;BR 116;;;CAMBEBA;VMH6657;Colisão Transversal;Anoitecer;Nublado;Seca;Não informado;Não informado;Longo da via;0;2;0;1;0;0;0;0;0;1;0;0;0;(-38.5011304 -3.81326203);
HNV0267;2022-07-14 16:50:00;br 116;;;PEDRAS;HNV0267;Colisão Lateral;Luz do Dia;Bom;Não informado;Não informado;Não informado;Longo da via;0;2;1;1;0;0;1;0;0;0;0;0;0;(-38.4994809 -3.87444344);
ROH4831;2022-07-17 15:25:00;Avenida Mister Hull;;;PADRE ANDRADE;ROH4831;Colisão Traseira;Não informado;Nublado;Não informado;Meio de quadra;Não informado;Longo da via;0;5;1;0;2;0;0;0;0;0;0;0;0;(-38.58688489082378 -3.738917739857794);
HNV0267;2022-07-15 01:25:00;BR 222;;;ANTONIO BEZERRA;HNV0267;Outros;Via Iluminada;Bom;Seca;Não informado;Não informado;Longo da via;0;0;1;0;1;0;0;0;0;0;0;0;0;(-38.5931147 -3.73989087);
ATP2477;2022-07-20 11:20:00;BR-116;;;DIAS MACEDO;ATP2477;Colisão Lateral;Luz do Dia;Bom;Seca;Meio de quadra;Não informado;Longo da via;0;1;0;1;1;0;0;0;0;0;0;0;0;(-38.51068869793859 -3.788356649275755);
BHM5985;2022-07-21 11:00:00;Avenida Mister Hull;;;PADRE ANDRADE;BHM5985;Queda;Luz do Dia;Bom;Seca;Meio de quadra;Não informado;Longo da via;0;2;0;1;0;0;0;0;0;0;0;0;0;(-38.58240560035163 -3.738264673594959);
SIN8727;2022-07-22 10:55:00;BR-116;;;PEDRAS;SIN8727;Queda;Luz do Dia;Bom;Seca;Meio de quadra;Não informado;Longo da via;0;2;0;1;0;0;0;0;0;0;0;0;0;(-38.50149945025851 -3.885090476442435);
MKA1315;2022-07-13 12:00:00;BR 116;;;PAUPINA;MKA1315;Colisão Traseira;Luz do Dia;Bom;Seca;Não informado;Não informado;Longo da via;0;2;1;1;1;0;0;0;0;0;0;0;0;(-38.4960621 -3.85584941);
JOO4305;2022-07-22 10:30:00;Rodovia Estrada do Guarani (BR116);;;PAUPINA;JOO4305;Colisão Traseira;Luz do Dia;Bom;Seca;Meio de quadra;Não informado;Longo da via;0;2;2;0;3;0;0;0;0;0;0;0;0;(-38.49756196742464 -3.862900418815662);
LUN7603;2022-07-26 10:40:00;BR-116;;;PARQUE IRACEMA;LUN7603;Colisão Transversal;Luz do Dia;Bom;Seca;Meio de quadra;Não informado;Longo da via;0;0;0;1;1;0;0;0;0;0;0;0;0;(-38.50310342076546 -3.804532346153632);
BJH7759;2022-07-11 05:30:00;BR 116;;;ALTO DA BALANCA;BJH7759;Colisão Lateral Sentido Oposto;Via Iluminada;Bom;Seca;Não informado;Não informado;Longo da via;0;0;2;1;1;0;0;0;0;0;0;0;0;(-38.5187179 -3.76256621);
RXW1075;2022-07-26 13:15:00;BR-116;;;CAJAZEIRAS;RXW1075;Tombamento;Luz do Dia;Bom;Seca;Meio de quadra;Não informado;Longo da via;0;0;2;1;0;0;1;0;0;0;0;0;0;(-38.50421384922354 -3.802086206288674);
LQY0862;2022-07-07 22:05:00;BR 222;;;ANTONIO BEZERRA;LQY0862;Atropelamento;Via Iluminada;Bom;Seca;Não informado;Não informado;Longo da via;0;2;0;1;0;0;0;0;0;0;0;0;0;(-38.5842052 -3.7385805);
RMU2355;2022-07-03 21:30:00;BR 222;;;ANTONIO BEZERRA;RMU2355;Colisão Traseira;Via Iluminada;Nublado;Seca;Não informado;Não informado;Longo da via;0;0;2;0;2;0;0;0;0;0;0;0;0;(-38.5877715 -3.73908852);
BTF4302;2022-07-02 19:55:00;BR 116;;;PEDRAS;BTF4302;Colisão Lateral;Luz do Dia;Bom;Seca;Não informado;Não informado;Longo da via;0;1;0;1;0;0;0;0;0;0;0;0;0;(-38.4992282 -3.87357517);
KLA8261;2022-07-26 10:40:00;Rodovia Br116;;;CAJAZEIRAS;KLA8261;Tombamento;Luz do Dia;Bom;Seca;Meio de quadra;Não informado;Longo da via;0;1;0;1;0;0;0;0;0;0;0;0;0;(-38.50355939528564 -3.803531410111558);
OUI9440;2022-07-03 01:25:00;BR 116;;;AEROLANDIA;OUI9440;Colisão Traseira;Via Iluminada;Bom;Seca;Não informado;Não informado;Longo da via;0;1;1;1;1;0;0;0;0;0;0;0;0;(-38.5143094 -3.78008723);
VKD6073;2022-07-28 19:15:00;Rodovia Estrada do Guarani (BR116);;;PEDRAS;VKD6073;Colisão Traseira;Não informado;Bom;Seca;Meio de quadra;Não informado;Longo da via;0;0;2;0;2;0;0;0;0;0;0;0;0;(-38.50089326798411 -3.880396680200499);
ZEU6006;2022-07-02 19:55:00;BR 116;;;PEDRAS;ZEU6006;Colisão Lateral;Luz do Dia;Bom;Seca;Não informado;Não informado;Longo da via;0;2;0;2;0;0;0;0;0;0;0;0;0;(-38.4992282 -3.87357517);
QLF1387;2022-07-30 21:00:00;Avenida Mister Hull;;;ANTONIO BEZERRA;QLF1387;Colisão Traseira;Anoitecer;Bom;Seca;Meio de quadra;Não informado;Longo da via;0;1;1;1;1;0;0;0;0;0;0;0;0;(-38.5913158993065 -3.739586864622557);
ZVJ2178;2022-07-01 11:00:00;BR 020;;;ANCURI;ZVJ2178;Colisão Transversal;Luz do Dia;Bom;Seca;Não informado;Não informado;Longo da via;0;1;0;1;0;0;0;0;0;0;0;0;0;(-38.53180453 -3.86166677);
SWG7466;2022-07-31 12:54:00;Rodovia Br116;;;CIDADE DOS FUNCIONRAIOS;SWG7466;Choque c/ Obstáculo Fixo;Luz do Dia;Bom;Seca;Meio de quadra;Não informado;Longo da via;0;1;0;1;0;0;0;0;0;0;0;0;0;(-38.50675657689066 -3.796572999094335);
JWA4218;2022-06-19 16:20:00;Rodovia Estrada do Guarani (BR116);;;CONJUNTO PALMEIRAS;JWA4218;Colisão Lateral;Luz do Dia;Bom;Seca;Meio de quadra;Não informado;Longo da via;0;1;1;1;1;0;0;0;0;0;0;0;0;(-38.49714890480671 -3.847143305640825);
OFM9347;2022-06-21 11:20:00;BR-116;;;AEROLANDIA;OFM9347;Colisão Traseira;Luz do Dia;Nublado;Seca;Meio de quadra;Não informado;Longo da via;0;1;1;1;1;0;0;0;0;0;0;0;0;(-38.51423457440936 -3.780150926932182);
GPK7651;2022-06-21 21:00:00;BR-116;;;ALTO DA BALANCA;GPK7651;Queda;Anoitecer;Bom;Seca;Meio de quadra;Não informado;Longo da via;0;1;1;1;1;0;0;0;0;0;0;0;0;(-38.5165773714488 -3.771692150347472);
PJG6398;2022-06-21 20:50:00;BR-116;;;PAUPINA;PJG6398;Tombamento;Não informado;Não informado;Não informado;Meio de quadra;Não informado;Longo da via;0;1;1;1;1;0;0;0;0;0;0;0;0;(-38.49778190836138 -3.864752288604117);
NFH3196;2022-06-15 13:30:00;BR 116;;;PARQUE IRACEMA;NFH3196;Atropelamento;Luz do Dia;Bom;Seca;Não informado;Não informado;Longo da via;1;1;0;1;0;0;0;0;0;0;0;0;0;(-38.50264062007978 -3.80480362789049);
GJW7492;2022-06-22 10:00:00;BR-116;;;SAO JOAO DO TAUAPE;GJW7492;Outros;Não informado;Bom;Seca;Meio de quadra;Não informado;Longo da via;0;1;0;0;1;0;0;0;0;0;0;0;0;(-38.51988868417324 -3.757942095678044);
VAG6460;2022-06-23 23:50:00;Rodovia Anel Viario De Fortaleza;;;ANCURI;VAG6460;Colisão Traseira;Anoitecer;Nublado;Seca;Meio de quadra;Não informado;Longo da via;0;2;0;2;0;0;0;0;0;0;0;0;0;(-38.50582316390162 -3.869419410708213);
YYU0339;2022-06-15 20:20:00;BR 116;;;AEROLANDIA;YYU0339;Colisão;Anoitecer;Bom;Seca;Não informado;Não informado;Longo da via;0;1;1;1;0;0;0;0;0;0;1;0;0;(-38.516755 -3.77138362);
JKN9462;2022-06-11 07:40:00;BR 116;;;JARDIM DAS OLIVEIRAS;JKN9462;Colisão;Amanhecer;Chuva;Molhada;Não informado;Não informado;Longo da via;0;1;1;1;1;0;0;0;0;0;0;0;0;(-38.5106231 -3.78833739);
IKY8410;2022-06-25 02:50:00;Rodovia Estrada do Guarani (BR116);;;PAUPINA;IKY8410;Colisão Lateral;Anoitecer;Bom;Seca;Meio de quadra;Não informado;Longo da via;0;2;1;1;1;0;0;0;0;0;0;0;0;(-38.49581852974274 -3.854063840014235);
PPU0879;2022-06-26 15:20:00;Avenida Mister Hull;;;ANTONIO BEZERRA;PPU0879;Colisão Lateral;Luz do Dia;Bom;Seca;Meio de quadra;Não informado;Longo da via;0;1;2;1;0;0;0;1;0;0;1;0;0;(-38.58687952620328 -3.738912386857616);
YKY2174;2022-06-09 12:00:00;br 116;;;DIAS MACEDO;YKY2174;Colisão Traseira;Luz do Dia;Bom;Seca;Não informado;Não informado;Longo da via;0;1;1;0;1;0;0;0;0;0;1;0;0;(-38.5106231 -3.78833739);
XFL6998;2022-06-27 08:50:00;BR-116;;;AEROLANDIA;XFL6998;Atropelamento;Amanhecer;Bom;Seca;Meio de quadra;Não informado;Longo da via;0;1;1;0;1;0;0;0;0;0;0;0;0;(-38.51427212675286 -3.780108104954896);
UGV4484;2022-06-08 20:20:00;BR 116;;;CAJAZEIRAS;UGV4484;Colisão;Anoitecer;Bom;Seca;Não informado;Não informado;Longo da via;0;1;1;1;1;0;0;0;0;0;0;0;0;(-38.5048763 -3.80061775);
CQC5315;2022-06-28 18:20:00;Avenida Bezerra de Menezes;;;PRESIDENTE KENNEDY;CQC5315;Colisão Lateral;Luz do Dia;Bom;Seca;Cruz;Não informado;Longo da via;0;1;1;1;1;0;0;0;0;0;0;0;0;(-38.56893553331587 -3.736487474417298);
AEF8985;2022-06-06 11:15:00;BR 116;;;CAJAZEIRAS;AEF8985;Tombamento;Luz do Dia;Bom;Seca;Não informado;Não informado;Longo da via;0;1;0;1;0;0;0;0;0;0;0;0;0;(-38.5030142 -3.80473606);
ZCL5763;2022-06-29 10:05:00;BR-116;;;JARDIM DAS OLIVEIRAS;ZCL5763;Colisão Traseira;Não informado;Bom;Molhada;Meio de quadra;Não informado;Longo da via;0;1;1;1;1;0;0;0;0;0;0;0;0;(-38.51282373327741 -3.783378627382138);
WJA5081;2022-06-06 11:30:00;BR 116;;;AEROLANDIA;WJA5081;Queda;Luz do Dia;Bom;Seca;Não informado;Não informado;Longo da via;0;1;0;1;0;0;0;0;0;0;0;0;0;(-38.5143094 -3.78008723);
SWK5621;2022-06-05 22:30:00;BR 222;;;ANTONIO BEZERRA;SWK5621;Queda;Via Iluminada;Nublado;Seca;Não informado;Não informado;Longo da via;0;1;0;1;0;0;0;0;0;0;0;0;0;(-38.5931147 -3.73989087);
CWO3759;2022-06-29 17:00:00;BR-116;;;MESSEJANA;CWO3759;Colisão Transversal;Luz do Dia;Bom;Seca;Meio de quadra;Não informado;Longo da via;0;1;1;1;1;0;0;0;0;0;0;0;0;(-38.50243822361618 -3.818523918474134);
WGI5581;2022-06-05 01:25:00;BR 020;;;CONJUNTO PALMEIRAS;WGI5581;Tombamento;Luz do Dia;Chuva;Molhada;Não informado;Não informado;Longo da via;0;0;0;0;0;0;0;0;0;0;1;0;0;(-38.54043743 -3.859684606);
MMM1187;2022-04-19 17:00:00;Rodovia Estrada do Guarani (BR116);;;PEDRAS;MMM1187;Colisão Transversal;Não informado;Bom;Seca;Rotatória;Não informado;Longo da via;0;1;1;0;1;0;1;0;0;0;0;0;0;(-38.49797502903022 -3.871731553420383);
EEB0367;2022-04-19 18:30:00;Avenida Mister Hull;;;ANTONIO BEZERRA;EEB0367;Colisão Lateral;Luz do Dia;Bom;Seca;Meio de quadra;Não informado;Longo da via;0;1;0;1;0;0;0;0;0;0;0;0;0;(-38.59979168060345 -3.740807346878005);
AUO7383;2022-06-03 18:20:00;BR 116;;;CAJAZEIRAS;AUO7383;Colisão Lateral;Luz do Dia;Bom;Seca;Não informado;Não informado;Longo da via;0;1;1;1;1;0;0;0;0;0;0;0;0;(-38.5030142 -3.80473606);
FTQ6642;2022-04-19 10:00:00;BR-116;;;AEROLANDIA;FTQ6642;Colisão Lateral;Não informado;Nublado;Molhada;Meio de quadra;Não informado;Longo da via;0;0;0;1;0;0;0;0;0;0;0;0;0;(-38.51426139751185 -3.780118810449418);
ZGI4878;2022-06-02 03:20:00;BR 116;;;AEROLANDIA;ZGI4878;Colisão;Não informado;Chuva;Não informado;Não informado;Não informado;Longo da via;0;1;1;1;1;0;0;0;0;0;0;0;0;(-38.5143094 -3.78008723);
JRB0554;2022-04-19 18:30:00;Avenida Mister Hull;;;ANTONIO BEZERRA;JRB0554;Colisão Lateral;Luz do Dia;Bom;Seca;Meio de quadra;Não informado;Longo da via;0;0;2;0;2;0;0;0;0;0;0;0;0;(-38.59976485750095 -3.740828758832219);
YNN2258;2022-06-02 01:00:00;BR 116;;;ANCURI;YNN2258;Tombamento;Via Iluminada;Chuva;Não informado;Não informado;Não informado;Longo da via;0;1;0;1;0;0;0;0;0;0;0;0;0;(-38.50641137 -3.869239602);
HXD9282;2022-06-01 10:42:00;BR 116;;;JARDIM DAS OLIVEIRAS;HXD9282;Tombamento;Luz do Dia;Chuva;Molhada;Não informado;Não informado;Longo da via;0;1;0;1;0;0;0;0;0;0;0;0;0;(-38.5106231 -3.78833739);
JSF6889;2022-04-18 21:30:00;BR 116;;;SAO BENTO;JSF6889;Colisão Traseira;Via Iluminada;Bom;Seca;Não informado;Não informado;Longo da via;0;1;2;0;1;0;1;0;0;0;0;0;0;(-38.4960621 -3.85584941);
BWC7214;2022-04-18 12:35:00;BR 020;;;ANCURI;BWC7214;Colisão Lateral;Luz do Dia;Bom;Seca;Não informado;Não informado;Longo da via;0;1;0;1;1;0;0;0;0;0;0;0;0;(-38.49790108 -3.871691889);
VRI7620;2022-04-18 11:15:00;BR 116;;;CAJAZEIRAS;VRI7620;Colisão;Luz do Dia;Nublado;Seca;Não informado;Não informado;Longo da via;0;1;1;1;1;0;0;0;0;0;0;0;0;(-38.5030142 -3.80473606);
ZVN8236;2022-04-20 17:15:00;Rodovia Anel Viario De Fortaleza;;;ANCURI;ZVN8236;Colisão Traseira;Luz do Dia;Bom;Seca;Meio de quadra;Não informado;Longo da via;0;0;1;0;1;0;1;0;0;0;0;0;0;(-38.50591435819826 -3.869430115087162);
ECE6690;2022-04-20 18:45:00;Avenida Mister Hull;;;ANTONIO BEZERRA;ECE6690;Tombamento;Luz do Dia;Nublado;Seca;Meio de quadra;Não informado;Longo da via;0;1;1;1;1;0;0;0;0;0;0;0;0;(-38.59978095136243 -3.740812699866606);
RSH8631;2022-04-17 01:30:00;BR 116;;;AEROLANDIA;RSH8631;Queda;Via Iluminada;Bom;Seca;Não informado;Não informado;Longo da via;0;1;0;1;0;0;0;0;0;0;0;0;0;(-38.5143094 -3.78008723);
SKT0576;2022-04-20 10:00:00;Rodovia 4º Anel Viário;;;ANCURI;SKT0576;Outros;Luz do Dia;Bom;Seca;Meio de quadra;Não informado;Longo da via;0;0;1;0;0;0;1;0;0;0;0;0;0;(-38.51391269697697 -3.866427531490096);
IQE3625;2022-04-21 13:30:00;Rodovia 4º Anel Viário;;;CONJUNTO PALMEIRAS;IQE3625;Capotamento;Não informado;Chuva;Molhada;Meio de quadra;Não informado;Longo da via;0;1;0;0;1;0;0;0;0;0;0;0;0;(-38.54037538691048 -3.859699778844276);
TCG3854;2022-04-22 13:45:00;Rodovia Estrada do Guarani (BR116);;;JANGURUSSU;TCG3854;Colisão Traseira;Luz do Dia;Bom;Seca;Meio de quadra;Não informado;Longo da via;0;1;1;1;1;0;0;0;0;0;0;0;0;(-38.49712208170423 -3.847159362630232);
VDR8492;2022-04-23 05:00:00;BR-116;;;CAJAZEIRAS;VDR8492;Colisão;Não informado;Chuva;Molhada;Meio de quadra;Não informado;Longo da via;1;0;1;1;1;0;0;0;0;0;0;0;0;(-38.50301222444414 -3.804725039589762);
PAU1573;2022-04-15 13:00:00;BR 020;;;ANCURI;PAU1573;Colisão Traseira;Luz do Dia;Bom;Seca;Não informado;Não informado;Longo da via;0;4;2;0;1;1;0;0;0;0;0;0;0;(-38.5257615 -3.863054285);
UEL5061;2022-04-23 19:30:00;Rodovia Estrada do Guarani (BR116);;;JANGURUSSU;UEL5061;Queda;Luz do Dia;Chuva;Outros;Meio de quadra;Não informado;Longo da via;0;1;0;0;0;0;0;0;0;1;0;0;0;(-38.49713817556572 -3.847170067289667);
MWK5436;2022-04-13 16:55:00;BR 222;;;ANTONIO BEZERRA;MWK5436;Colisão Traseira;Luz do Dia;Bom;Seca;Não informado;Não informado;Longo da via;0;1;2;0;3;0;0;0;0;0;0;0;0;(-38.5931147 -3.73989087);
FWZ5388;2022-04-24 18:30:00;Rodovia Br116;;;CIDADE DOS FUNCIONRAIOS;FWZ5388;Choque c/ Obstáculo Fixo;Luz do Dia;Bom;Seca;Meio de quadra;Não informado;Longo da via;0;1;0;1;0;0;0;0;0;0;0;0;0;(-38.50677803537265 -3.7966158202568);
DJJ0522;2022-04-11 21:20:00;BR 116;;;PEDRAS;DJJ0522;Colisão Lateral;Via Iluminada;Chuva;Molhada;Não informado;Não informado;Longo da via;0;0;1;1;1;0;0;0;0;0;0;0;0;(-38.4992282 -3.87357517);
HSY8607;2022-04-11 12:05:00;BR 116;;;PARQUE SANTA ROSA;HSY8607;Atropelamento;Luz do Dia;Chuva;Molhada;Não informado;Não informado;Longo da via;0;2;0;1;0;0;0;0;0;0;0;0;0;(-38.4971272 -3.86116892);
SDF0578;2022-04-24 07:10:00;Rodovia Estrada do Guarani (BR116);;;PAUPINA;SDF0578;Colisão Transversal;Não informado;Nublado;Seca;Meio de quadra;Não informado;Longo da via;0;3;0;0;2;0;0;0;0;0;0;0;0;(-38.4961296690255 -3.855830092671174);
OIW0149;2022-04-25 22:30:00;Rodovia 4º Anel Viário;;;ANCURI;OIW0149;Queda;Não informado;Bom;Outros;Meio de quadra;Não informado;Longo da via;0;2;0;1;0;0;0;0;0;0;0;0;0;(-38.50721255869973 -3.869034052975851);
FDY4443;2022-04-26 10:30:00;Avenida Mister Hull;;;;FDY4443;Queda;Não informado;Bom;Seca;Meio de quadra;Não informado;Longo da via;0;1;0;1;0;0;0;0;0;0;0;0;1;(-38.58782366580122 -3.739078329847911);
KAF4901;2022-04-10 01:40:00;BR 020;;;ANCURI;KAF4901;Colisão Transversal;Não informado;Chuva;Molhada;Não informado;Não informado;Longo da via;0;3;2;0;2;0;0;0;0;0;0;0;0;(-38.5231733 -3.863656137);
RSX2828;2022-04-26 10:00:00;Rodovia Estrada do Guarani (BR116);;;COACU;RSX2828;Colisão Lateral;Luz do Dia;Bom;Seca;Meio de quadra;Não informado;Longo da via;0;3;1;3;1;0;0;0;0;0;0;0;0;(-38.49713817556572 -3.847137953310967);
LRO8891;2022-04-04 20:00:00;BR 020;;;ANCURI;LRO8891;Colisão Traseira;Luz do Dia;Bom;Seca;Não informado;Não informado;Longo da via;0;1;1;1;1;0;0;0;0;0;0;0;0;(-38.5257615 -3.863054285);
SNH5039;2022-04-26 19:30:00;Rodovia Br116;;;CAJAZEIRAS;SNH5039;Colisão Traseira;Luz do Dia;Bom;Seca;Meio de quadra;Não informado;Longo da via;0;1;1;1;1;0;0;0;0;0;0;0;0;(-38.5060221083908 -3.798248124587097);
XWG8576;2022-04-09 11:00:00;BR 222;;;ANTONIO BEZERRA;XWG8576;Choque c/ Obstáculo Fixo;Luz do Dia;Bom;Seca;Não informado;Não informado;Longo da via;0;1;0;1;0;0;0;0;0;0;0;0;0;(-38.597571 -3.74053815);
EUR2724;2022-04-26 10:30:00;Avenida Mister Hull;;;ANTONIO BEZERRA;EUR2724;Queda;Luz do Dia;Bom;Seca;Meio de quadra;Não informado;Longo da via;0;0;0;1;0;0;0;0;0;0;0;0;0;(-38.58777001959622 -3.739046211852247);
LXI8258;2022-04-27 14:20:00;BR 116;;;AEROLANDIA;LXI8258;Colisão Traseira;Não informado;Bom;Seca;Meio de quadra;Não informado;Longo da via;0;0;3;0;2;0;0;0;0;0;0;0;0;(-38.51667537934872 -3.771324202193829);
GYR5885;2022-04-29 21:35:00;Avenida Mister Hull;;;PRESIDENTE KENNEDY;GYR5885;Colisão Traseira;Anoitecer;Bom;Seca;Meio de quadra;Não informado;Longo da via;0;1;1;1;1;0;0;0;0;0;0;0;0;(-38.56957928028438 -3.736632005810224);
RLQ7028;2022-04-30 23:40:00;Rodovia Estrada do Guarani (BR116);;;ANCURI;RLQ7028;Colisão Lateral;Anoitecer;Bom;Seca;Meio de quadra;Não informado;Longo da via;0;0;2;0;1;0;0;0;0;0;1;0;0;(-38.49800185213272 -3.871683383844938);
LYD4980;2022-04-04 13:40:00;BR 020;;;ANCURI;LYD4980;Queda;Luz do Dia;Bom;Seca;Não informado;Não informado;Longo da via;0;1;0;1;0;0;0;0;0;0;0;0;0;(-38.51467886 -3.866084315);
EYI6778;2022-04-03 11:30:00;BR 116;;;PAUPINA;EYI6778;Colisão Transversal;Luz do Dia;Nublado;Molhada;Não informado;Não informado;Longo da via;0;2;0;1;0;0;0;0;0;1;0;0;0;(-38.4960621 -3.85584941);
PRX4442;2022-04-02 03:00:00;BR 116;;;CAJAZEIRAS;PRX4442;Colisão Traseira;Via Iluminada;Chuva;Molhada;Não informado;Não informado;Longo da via;0;0;2;1;1;0;0;0;0;0;0;0;0;(-38.5041261 -3.80226255);
JGC9910;2022-03-10 17:00:00;BR 222;;;ANTONIO BEZERRA;JGC9910;Queda;Luz do Dia;Bom;Seca;Não informado;Não informado;Longo da via;0;1;0;1;0;0;0;0;0;0;0;0;0;(-38.573489 -3.73720038);
DWY1983;2022-03-09 09:30:00;BR-116;;;MESSEJANA;DWY1983;Queda;Não informado;Chuva;Molhada;Meio de quadra;Não informado;Longo da via;0;2;1;2;0;0;0;0;0;0;0;0;0;(-38.50452497818038 -3.827334102986891);
GSM2129;2022-03-09 09:40:00;BR-116;;;BARROSO;GSM2129;Colisão Transversal;Amanhecer;Bom;Seca;Meio de quadra;Não informado;Longo da via;0;1;1;1;1;0;0;0;0;0;0;0;0;(-38.50294783907717 -3.821205521276575);
RND4463;2022-03-08 21:30:00;Rodovia Estrada do Guarani (BR116);;;ANCURI;RND4463;Atropelamento;Anoitecer;Bom;Seca;Meio de quadra;Não informado;Longo da via;1;0;3;0;1;0;0;0;0;0;0;0;0;(-38.49769840543703 -3.864887536658095);
LLK9564;2022-03-08 13:10:00;BR-116;;;FATIMA;LLK9564;Colisão Traseira;Luz do Dia;Bom;Seca;Rotatória;Não informado;Longo da via;0;1;3;0;2;0;0;0;0;0;0;0;0;(-38.52320388277245 -3.755394119309643);
NMO6679;2022-03-12 09:50:00;BR 116;;;PAUPINA;NMO6679;Choque c/ Obstáculo Fixo;Luz do Dia;Bom;Seca;Não informado;Não informado;Longo da via;0;0;2;0;1;0;1;0;0;0;0;0;0;(-38.4977525 -3.86472317);
XQR0588;2022-03-06 03:25:00;Rodovia 4º Anel Viário;;;CONJUNTO PALMEIRAS;XQR0588;Outros;Anoitecer;Chuva;Molhada;Meio de quadra;Não informado;Longo da via;0;0;1;0;0;0;1;0;0;0;0;0;0;(-38.54022554542281 -3.859736993712621);
KSR4756;2022-03-04 19:20:00;Avenida Mister Hull;;;ANTONIO BEZERRA;KSR4756;Colisão Traseira;Luz do Dia;Bom;Seca;Meio de quadra;Não informado;Longo da via;0;1;1;1;1;0;0;0;0;0;0;0;0;(-38.59577909551222 -3.740255988876573);
EAQ8640;2022-03-14 22:00:00;BR 116;;;PEDRAS;EAQ8640;Tombamento;Via Iluminada;Nublado;Seca;Não informado;Não informado;Longo da via;0;2;0;1;0;0;0;0;0;0;0;0;0;(-38.4992282 -3.87357517);
CBT4685;2022-03-15 20:00:00;BR 020;;;ANCURI;CBT4685;Colisão Transversal;Luz do Dia;Nublado;Seca;Não informado;Não informado;Longo da via;0;0;2;0;2;0;0;0;0;0;0;0;0;(-38.53180453 -3.86166677);
RCT9694;2022-03-17 12:00:00;BR 020;;;ANCURI;RCT9694;Queda;Luz do Dia;Bom;Seca;Não informado;Não informado;Longo da via;0;2;0;2;0;0;0;0;0;0;0;0;0;(-38.51467886 -3.866084315);
RLC1989;2022-03-18 20:35:00;BR 116;;;AEROLANDIA;RLC1989;Queda;Amanhecer;Nublado;Seca;Não informado;Não informado;Longo da via;0;1;0;1;0;0;0;0;0;0;0;0;0;(-38.5143094 -3.78008723);
ZZI4548;2022-03-21 02:30:00;BR 020;;;PAUPINA;ZZI4548;Colisão Traseira;Mal Iluminada;Nublado;Seca;Não informado;Não informado;Longo da via;0;1;1;1;1;0;0;0;0;0;0;0;0;(-38.48926552 -3.87337162);
IZZ4583;2022-03-21 11:35:00;BR 116;;;AEROLANDIA;IZZ4583;Colisão Lateral;Luz do Dia;Não informado;Seca;Não informado;Não informado;Longo da via;0;1;2;1;2;0;0;0;0;0;0;0;0;(-38.5143094 -3.78008723);
PON2228;2022-03-25 21:15:00;BR 116;;;MESSEJANA;PON2228;Atropelamento;Via Iluminada;Bom;Seca;Não informado;Não informado;Longo da via;0;1;1;0;1;0;0;0;0;0;0;0;0;(-38.5043651 -3.82643493);
ZHH8727;2022-03-04 23:57:00;Avenida Mister Hull;;;ANTONIO BEZERRA;ZHH8727;Colisão Traseira;Anoitecer;Bom;Seca;Meio de quadra;Não informado;Longo da via;0;1;1;0;0;0;1;0;0;1;0;0;0;(-38.5956771687351 -3.740234576908351);
QRF5485;2022-03-04 10:20:00;Rodovia Br116;;;CAJAZEIRAS;QRF5485;Colisão Traseira;Luz do Dia;Bom;Seca;Meio de quadra;Não informado;Longo da via;0;1;2;1;1;0;0;0;0;0;0;0;0;(-38.50678876461365 -3.796578351739767);
UEQ3632;2022-03-03 20:55:00;BR-116;;;PAUPINA;UEQ3632;Colisão Traseira;Anoitecer;Bom;Seca;Meio de quadra;Não informado;Longo da via;0;0;1;1;0;0;0;1;0;0;0;0;0;(-38.49663765602774 -3.858441915335733);