COD_ACIDENTE;DATA;LOG1;LOG2;NUMERO;BAIRRO;AMC;NATUREZA;ILUMINACAO;TEMPO;SUPERFICIEPISTA;TIPOCRUZAMENTO;CONTROLETRAFEGO;USOSOLO;MORTOS;FERIDOS;ILESOS;MOTOCICLETA;AUTOMOVEL;MICROONIBUS;CAMINHAO;ONIBUS;CICLOMOTOR;BICICLETA;OUTROS;TREM;TRACAOANIMAL;COORDENADAS
WJX4944;2022-03-27 02:30:00;BR 116;;;BARROSO;WJX4944;Colisão Frontal;Não informado;Nublado;Seca;Não informado;Não informado;Longo da via;0;1;2;0;2;0;0;0;0;0;0;0;0;(-38.5015723 -3.81501606);
LOV5425;2022-03-29 17:30:00;BR 020;;;ANCURI;LOV5425;Outros;Luz do Dia;Chuva;Molhada;Não informado;Não informado;Longo da via;0;2;0;0;1;0;1;0;0;0;0;0;0;(-38.54043743 -3.859684606);
EVB0989;2022-03-30 20:00:00;BR 116;;;MESSEJANA;EVB0989;Colisão Traseira;Luz do Dia;Bom;Seca;Não informado;Não informado;Longo da via;0;1;1;1;1;0;0;0;0;0;0;0;0;(-38.5048778 -3.83086803);
WJM3547;2022-02-17 01:30:00;BR 116;;;CAJAZEIRAS;WJM3547;Colisão Lateral Sentido Oposto;Via Iluminada;Bom;Seca;Não informado;Não informado;Longo da via;0;1;1;0;2;0;0;0;0;0;0;0;0;(-38.5030142 -3.80473606);
YRU0041;2022-03-03 08:00:00;Rodovia Estrada do Guarani (BR116);;;PAUPINA;YRU0041;Queda;Amanhecer;Chuva;Não informado;Meio de quadra;Não informado;Longo da via;0;1;0;1;0;0;0;0;0;0;0;0;0;(-38.49712208170423 -3.847196828937645);
AFQ9930;2022-02-16 11:00:00;BR-116;;;AEROLANDIA;AFQ9930;Colisão Traseira;Luz do Dia;Chuva;Molhada;Meio de quadra;Não informado;Longo da via;0;1;1;0;2;0;0;0;0;0;0;0;0;(-38.51656810192146 -3.771741720606642);
GGI6880;2022-02-15 20:30:00;BR-116;;;PEDRAS;GGI6880;Colisão Lateral;Luz do Dia;Bom;Seca;Meio de quadra;Não informado;Longo da via;0;0;2;0;1;0;1;0;0;0;0;0;0;(-38.4992732262922 -3.873289034882559);
ILI2965;2022-02-15 12:40:00;Avenida Mister Hull;;;;ILI2965;Queda;Luz do Dia;Chuva;Molhada;Meio de quadra;Não informado;Longo da via;0;1;0;1;0;0;0;0;0;0;0;0;0;(-38.58688489082378 -3.738907033857412);
AYF1163;2022-02-17 20:00:00;BR 116;;;MESSEJANA;AYF1163;Colisão Traseira;Luz do Dia;Bom;Seca;Não informado;Não informado;Longo da via;0;1;1;1;1;0;0;0;0;0;0;0;0;(-38.503469 -3.83418175);
DCY8398;2022-02-15 01:00:00;BR-116;;;AEROLANDIA;DCY8398;Queda;Luz do Dia;Bom;Seca;Meio de quadra;Não informado;Longo da via;0;1;0;1;0;0;0;0;0;0;0;0;0;(-38.51425436231904 -3.780156196042521);
CPY1489;2022-02-19 00:30:00;BR 116;;;ANCURI;CPY1489;Choque c/ Obstáculo Fixo;Via Iluminada;Chuva;Molhada;Não informado;Não informado;Longo da via;0;1;0;0;1;0;0;0;0;0;0;0;0;(-38.4987453 -3.87183232);
WYV0949;2022-02-13 07:15:00;Avenida Mister Hull;;;ANTONIO BEZERRA;WYV0949;Choque c/ Obstáculo Fixo;Luz do Dia;Bom;Seca;Meio de quadra;Não informado;Longo da via;0;1;0;0;1;0;0;0;0;0;0;0;0;(-38.58685805435832 -3.738923092857935);
KMM2398;2022-02-12 13:10:00;Rodovia 4º Anel Viário;;;CONJUNTO PALMEIRAS;KMM2398;Capotamento;Luz do Dia;Bom;Seca;Meio de quadra;Não informado;Longo da via;0;1;0;0;1;0;0;0;0;0;0;0;0;(-38.53165667573109 -3.861685377956621);
QOG7795;2022-02-19 09:10:00;BR 116;;;PEDRAS;QOG7795;Queda;Luz do Dia;Chuva;Molhada;Não informado;Não informado;Longo da via;0;1;0;1;0;0;0;0;0;0;0;0;0;(-38.5018991 -3.88867148);
TEV4561;2022-02-10 21:30:00;Rodovia Estrada do Guarani (BR116);;;PEDRAS;TEV4561;Tombamento;Luz do Dia;Bom;Seca;Meio de quadra;Não informado;Longo da via;0;2;0;1;0;0;0;0;0;0;0;0;0;(-38.50107948769712 -3.882344766026933);
WGH1517;2022-02-21 01:00:00;BR 222;;;ANTONIO BEZERRA;WGH1517;Colisão Transversal;Via Iluminada;Bom;Seca;Não informado;Não informado;Longo da via;0;1;2;0;2;0;0;0;0;0;0;0;0;(-38.5904409 -3.73950197);
FXH4280;2022-02-09 10:30:00;Avenida Mister Hull;;;PADRE ANDRADE;FXH4280;Queda;Luz do Dia;Bom;Seca;Meio de quadra;Não informado;Longo da via;0;2;0;2;0;0;0;0;0;0;0;0;0;(-38.57975021889355 -3.73791137525004);
EQZ2053;2022-02-24 10:30:00;BR 020;;;ANCURI;EQZ2053;Colisão Lateral;Luz do Dia;Bom;Seca;Não informado;Não informado;Longo da via;0;1;2;1;1;0;1;0;0;0;0;0;0;(-38.50641137 -3.869239602);
IIJ4142;2022-02-08 19:40:00;Rodovia Estrada do Guarani (BR116);;;PAUPINA;IIJ4142;Colisão Traseira;Luz do Dia;Bom;Seca;Meio de quadra;Não informado;Longo da via;0;1;0;1;0;0;0;0;0;0;0;0;0;(-38.49792678328275 -3.871624509915684);
YLJ2284;2022-02-24 19:45:00;Rodovia Estrada do Guarani (BR116);;;CAJAZEIRAS;YLJ2284;Queda;Luz do Dia;Bom;Seca;Não informado;Não informado;Longo da via;0;1;0;0;0;0;0;0;0;1;0;0;0;(-38.5034701 -3.82242);
TRB3774;2022-02-07 15:15:00;BR-116;;;CAJAZEIRAS;TRB3774;Colisão Lateral;Luz do Dia;Bom;Seca;Meio de quadra;Não informado;Longo da via;0;1;1;1;1;0;0;0;0;0;0;0;0;(-38.50316092603092 -3.804446620978305);
UKE2738;2022-02-26 16:00:00;Rodovia Estrada do Guarani (BR116);;;BARROSO;UKE2738;Tombamento;Luz do Dia;Bom;Seca;Não informado;Não informado;Longo da via;0;2;0;1;0;0;0;0;0;0;0;0;0;(-38.5034701 -3.82242);
ACU5987;2022-02-07 22:45:00;Rodovia 4º Anel Viário;;;CONJUNTO PALMEIRAS;ACU5987;Queda;Anoitecer;Nublado;Seca;Meio de quadra;Não informado;Longo da via;0;1;0;1;0;0;0;0;0;0;0;0;0;(-38.53174400003389 -3.861674757108618);
TXO1848;2022-02-06 22:04:00;Rodovia 4º Anel Viário;;;CONJUNTO PALMEIRAS;TXO1848;Atropelamento;Anoitecer;Bom;Seca;Meio de quadra;Não informado;Longo da via;0;2;0;1;0;0;0;0;0;0;0;0;0;(-38.5315723763162 -3.861717575014691);
DOA1028;2022-02-27 00:25:00;Rodovia Estrada do Guarani (BR116);;;ANCURI;DOA1028;Colisão Traseira;Anoitecer;Não informado;Seca;Não informado;Não informado;Longo da via;0;1;2;0;2;0;0;0;0;0;0;0;0;(-38.4977674 -3.8637865);
AGO1314;2022-02-05 15:25:00;BR-116;;;JARDIM DAS OLIVEIRAS;AGO1314;Queda;Luz do Dia;Bom;Seca;Meio de quadra;Não informado;Longo da via;0;1;1;1;1;0;0;0;0;0;0;0;0;(-38.51068168704207 -3.788356565639876);
YPY1396;2022-02-27 00:25:00;BR 116;;;ANCURI;YPY1396;Colisão Traseira;Anoitecer;Não informado;Seca;Não informado;Não informado;Longo da via;0;0;2;0;2;0;0;0;0;0;0;0;0;(-38.4977525 -3.86472317);
OOR5643;2022-02-27 21:15:00;BR 020;;;ANCURI;OOR5643;Choque c/ Obstáculo Fixo;Anoitecer;Bom;Seca;Não informado;Não informado;Longo da via;0;0;1;0;1;0;0;0;0;0;0;0;0;(-38.54043743 -3.859684606);
OOR9540;2022-02-04 09:20:00;QUARTO ANEL VIARIO;;;PAUPINA;OOR9540;Colisão Transversal;Luz do Dia;Chuva;Molhada;Meio de quadra;Não informado;Longo da via;0;1;1;0;1;0;0;0;0;1;0;0;0;(-38.4890593767931 -3.87333720436662);
BZU2816;2022-02-25 20:00:00;Rodovia Estrada do Guarani (BR116);;;BARROSO;BZU2816;Queda;Luz do Dia;Bom;Seca;Não informado;Não informado;Longo da via;0;1;0;0;0;0;0;0;0;1;0;0;0;(-38.5034701 -3.82242);
URE7354;2022-02-05 09:30:00;BR 222;;;PRESIDENTE KENNEDY;URE7354;Colisão Lateral;Luz do Dia;Chuva;Molhada;Cruz;Não informado;Longo da via;0;0;2;0;2;0;0;0;0;0;0;0;0;(-38.56915012785434 -3.736551710594881);
VIK3955;2022-02-05 10:10:00;BR-116;;;MESSEJANA;VIK3955;Queda;Não informado;Nublado;Molhada;Meio de quadra;Não informado;Longo da via;0;1;0;1;0;0;0;0;0;0;0;0;0;(-38.50221827802264 -3.836599150652281);
UOC0918;2022-02-04 21:15:00;QUARTO ANEL VIARIO;;;ANCURI;UOC0918;Colisão Traseira;Luz do Dia;Bom;Seca;Meio de quadra;Não informado;Longo da via;0;0;1;0;1;0;1;0;0;0;0;0;0;(-38.51451353993949 -3.866079637872346);
HKA6518;2022-02-03 09:20:00;BR-116;;;PAUPINA;HKA6518;Tombamento;Luz do Dia;Bom;Seca;Meio de quadra;Não informado;Longo da via;0;1;0;1;0;0;0;0;0;0;0;0;0;(-38.49778186685523 -3.864661300876576);
QCP4517;2022-01-23 15:50:00;Rodovia 4º Anel Viário;;;ANCURI;QCP4517;Colisão Traseira;Luz do Dia;Bom;Seca;Meio de quadra;Não informado;Longo da via;0;1;3;0;3;0;0;0;0;0;0;0;0;(-38.51409510237516 -3.866218795336573);
EXT7054;2022-01-14 10:30:00;Rodovia Anel Viario De Fortaleza;;;ANCURI;EXT7054;Colisão Traseira;Luz do Dia;Bom;Seca;Cruz;Não informado;Longo da via;0;0;3;0;3;0;0;0;0;0;0;0;0;(-38.52321467052701 -3.863622969647574);
CYN0129;2022-01-10 11:00:00;Avenida Quarto Anel Viário;;;PEDRAS;CYN0129;Colisão Transversal;Luz do Dia;Bom;Seca;Meio de quadra;Não informado;Longo da via;0;2;0;2;0;0;0;0;0;0;0;0;0;(-38.53059068984144 -3.862172515133236);
QOP6023;2022-01-05 11:20:00;Rodovia Estrada do Guarani (BR116);;;PAUPINA;QOP6023;Colisão Traseira;Luz do Dia;Chuva;Molhada;Meio de quadra;Não informado;Longo da via;0;4;1;0;1;0;1;0;0;0;0;0;0;(-38.49813058156296 -3.871576340334145);
BXQ9276;2022-01-14 22:33:00;BR 222;;;ANTONIO BEZERRA;BXQ9276;Atropelamento;Anoitecer;Bom;Seca;Não informado;Não informado;Longo da via;0;2;0;1;0;0;0;0;0;0;0;0;0;(-38.6011134 -3.7411352);
PIL7909;2022-01-06 09:45:00;BR 116,KM 3;;KM 3 ;AEROLANDIA;PIL7909;Colisão Traseira;Luz do Dia;Bom;Seca;Meio de quadra;Não informado;Longo da via;0;1;1;1;1;0;0;0;0;0;0;0;0;(-38.5143094 -3.78008723);
GDE8340;2022-01-19 22:00:00;Rodovia Estrada do Guarani (BR116);;;BARROSO;GDE8340;Colisão Lateral;Anoitecer;Bom;Seca;Não informado;Não informado;Longo da via;0;1;1;0;1;0;0;0;0;1;0;0;0;(-38.5034701 -3.82242);
JLF8244;2022-01-05 15:45:00;Avenida Mister Hull;;;ANTONIO BEZERRA;JLF8244;Colisão Traseira;Não informado;Chuva;Molhada;Meio de quadra;Não informado;Longo da via;0;2;1;0;2;0;0;0;0;0;0;0;0;(-38.58773619410092 -3.739206718178228);
AQL6870;2022-01-22 20:00:00;BR 222;;;ANTONIO BEZERRA;AQL6870;Colisão Traseira;Luz do Dia;Bom;Seca;Não informado;Não informado;Longo da via;0;1;1;1;1;0;0;0;0;0;0;0;0;(-38.6011134 -3.7411352);
XYN0321;2022-01-04 21:15:00;Avenida Mister Hull;;;PADRE ANDRADE;XYN0321;Queda;Luz do Dia;Bom;Seca;Meio de quadra;Não informado;Longo da via;0;1;1;1;0;0;0;0;0;1;0;0;0;(-38.57885435662825 -3.737793609103432);
GDJ0155;2022-01-29 19:00:00;Rodovia Estrada do Guarani (BR116);;;BARROSO;GDJ0155;Atropelamento;Luz do Dia;Nublado;Seca;Não informado;Não informado;Longo da via;0;1;1;0;1;0;0;0;0;0;0;0;0;(-38.5034701 -3.82242);
LJT5186;2022-01-31 20:10:00;Rodovia Estrada do Guarani (BR116);;;CAJAZEIRAS;LJT5186;Colisão Lateral;Luz do Dia;Bom;Seca;Não informado;Não informado;Longo da via;0;1;1;1;1;0;0;0;0;0;0;0;0;(-38.5034701 -3.82242);
QQR3563;2022-07-14 21:23:00;Rua Mario Mamede;RUA NAPOLEAO LAUREANO;;FATIMA;970886;Colisão Transversal;Mal Iluminada;Bom;Seca;Cruz;Pare;Cruzamento;0;1;2;0;2;0;0;0;0;0;0;0;0;(-38.5296792 -3.7508079);
FOO6689;2022-07-15 01:00:00;Avenida Domingos Olímpio;;;CENTRO;971179;Queda;Via Iluminada;Chuva;Molhada;Meio de quadra;Gesto;Longo da via;0;1;1;1;0;0;0;0;0;0;0;0;0;(-38.53810087447573 -3.734340912779292);
CLT9073;2022-07-14 11:10:00;Avenida Professor José Arthur de Carvalho;;;LAGOA REDONDA;970713;Atropelamento;Luz do Dia;Bom;Seca;Meio de quadra;Não há Controle;Longo da via;0;3;0;1;0;0;0;0;0;1;0;0;0;(-38.46279517298112 -3.825521626344054);
MQR7639;2022-07-14 19:00:00;Avenida do Contorno;RUA INES BRASIL;;CASTELAO;971206;Colisão Lateral;Luz do Dia;Nublado;Seca;T;Pare;Longo da via;0;1;1;1;1;0;0;0;0;0;0;0;0;(-38.5203032 -3.8051412);
PIF6073;2022-07-13 11:30:00;Avenida Visconde do Rio Branco;;;SAO JOAO DO TAUAPE;971204;Atropelamento;Luz do Dia;Bom;Seca;Meio de quadra;Semáforo;Longo da via;0;1;1;0;1;0;0;0;0;0;0;0;0;(-38.51994806909934 -3.756119185952509);
BYK0317;2022-07-13 22:40:00;Avenida Presidente Juscelino Kubitschek;;;PASSARE;970888;Colisão Lateral;Mal Iluminada;Bom;Seca;Meio de quadra;Não há Controle;Longo da via;0;2;1;1;1;0;0;0;0;0;0;0;0;(-38.53541867834306 -3.821753482494574);
KTN2090;2022-07-13 10:00:00;Avenida Deputado Paulino Rocha;;;CAJAZEIRAS;970714;Atropelamento;Luz do Dia;Bom;Seca;Não informado;Não há Controle;Longo da via;1;1;0;1;0;0;0;0;0;0;0;0;0;(-38.50933715084991 -3.810426565691888);
DCA3537;2022-07-14 10:44:00;Rua Senador Almino;RUA DRAGAO DO MAR;;PRAIA DE IRACEMA;971240;Capotamento;Luz do Dia;Bom;Seca;Cruz;Pare;Longo da via;0;0;2;0;2;0;0;0;0;0;0;0;0;(-38.51789847475827 -3.721766559845493);
UMF4535;2022-07-12 23:00:00;Avenida Presidente Costa e Silva;RUA PAU BRASIL;;PREFEITO JOSE VALTER;971227;Colisão Lateral;Via Iluminada;Bom;Seca;T;Semáforo;Cruzamento;0;1;1;0;0;0;0;1;0;1;0;0;0;(-38.5483579 -3.8238203);
DSS5743;2022-07-14 13:20:00;Rua Coronel Manuel Jesuíno;;;MUCURIPE;971244;Colisão Lateral;Luz do Dia;Bom;Seca;Cruz;Não há Controle;Longo da via;0;0;1;1;0;0;1;0;0;0;0;0;0;(-38.48507896504957 -3.730294014220516);
HIH7360;2022-07-12 10:50:00;Avenida Rogaciano Leite;RUA VALE FORMOSO;;JARDIM DAS OLIVEIRAS;970962;Colisão Transversal;Luz do Dia;Bom;Seca;T;Pare;Cruzamento;0;3;0;2;0;0;0;0;0;0;0;0;0;(-38.5029814 -3.7854655);
EET9346;2022-07-12 00:55:00;RUA FACUNDES VARELA;RUA ANTONIO BANDEIRA D41;;ITAPERI;971225;Colisão Transversal;Via Iluminada;Bom;Seca;Cruz;Pare;Cruzamento;0;1;2;1;0;0;0;1;0;0;0;0;0;(-38.5631245 -3.7841362);
KAD5023;2022-07-16 00:31:00;Avenida Tristão Gonçalves;RUA PEDRO PEREIRA;;CENTRO;968869;Colisão Transversal;Via Iluminada;Bom;Seca;Cruz;Semáforo;Longo da via;0;0;1;1;1;0;0;0;0;0;0;0;0;(-38.5335279 -3.7280666);
ZFD8288;2022-07-15 12:00:00;Rua Professor Lino Encarnação;RUA ABILIO MARTINS;;AMADEU FURTADO;970164;Colisão Transversal;Luz do Dia;Bom;Seca;Cruz;Pare;Longo da via;0;0;0;0;1;0;0;1;0;0;0;0;0;(-38.56045440278608 -3.742209828774324);
VSU1976;2022-07-15 10:50:00;Avenida General Osório de Paiva;RUA IGUAPE;;PARANGABA;971035;Choque c/ Obstáculo Fixo;Luz do Dia;Bom;Seca;T;Pare;Longo da via;0;0;0;1;0;0;0;0;0;1;0;0;0;(-38.5686484 -3.7769465);
IEQ7114;2022-07-15 19:20:00;Rua Eudes Cardoso;RUA BARTOLOMEU DIAS;;MESSEJANA;971086;Colisão Transversal;Luz do Dia;Bom;Seca;Cruz;Pare;Longo da via;0;0;1;1;1;0;0;0;0;0;0;0;0;(-38.4904436 -3.8257375);
GLL2160;2022-07-11 16:20:00;AV JOSE BASTOS;;;BENFICA;971184;Colisão Lateral;Luz do Dia;Bom;Seca;Meio de quadra;Não há Controle;Longo da via;0;1;2;1;1;0;0;1;0;0;0;0;0;(-38.5445158 -3.7440638);
BYD7658;2022-07-15 20:59:00;Avenida Oliveira Paiva;;;CIDADE DOS FUNCIONRAIOS;971261;Choque c/ Obstáculo Fixo;Via Iluminada;Bom;Seca;Meio de quadra;Não há Controle;Longo da via;0;1;0;1;0;0;0;0;0;0;0;0;0;(-38.492164 -3.795765);
DHA3700;2022-07-11 08:30:00;AV PRE COSTA E SILVA;;;MONDUBIM;971160;Colisão Lateral;Amanhecer;Bom;Seca;Meio de quadra;Semáforo;Longo da via;0;2;1;1;0;0;0;1;0;0;0;0;0;(-38.56929497350958 -3.814779161223712);
XQT4546;2022-07-16 08:00:00;Rua Doutor Waldemar de Alcântara;;;CAMBEBA;971203;Choque c/ Obstáculo Fixo;Luz do Dia;Bom;Seca;Meio de quadra;Outros;Longo da via;0;0;1;0;1;0;0;0;0;0;0;0;0;(-38.47260135584314 -3.798831812515429);
SDM2581;2022-07-18 00:00:00;Rua Tereza Hinko;RUA DA PAZ;;MUCURIPE;967811;Colisão Transversal;Via Iluminada;Não informado;Seca;T;Pare;Longo da via;0;0;1;1;1;0;0;0;0;0;0;0;0;(-38.48447815043271 -3.724908826660336);
VTV2642;2022-07-11 12:20:00;AV DA ABOLIÇÃO;;;MEIRELES;970711;Colisão Transversal;Luz do Dia;Bom;Seca;Meio de quadra;Não há Controle;Longo da via;1;0;1;0;1;0;0;0;0;1;0;0;0;(-38.49192437400144 -3.726720983595407);
UCB9857;2022-07-18 01:00:00;Rua Padre Valdevino;RUA ANTONIO AUGUSTO;;ALDEOTA;969334;Colisão Transversal;Via Iluminada;Bom;Seca;Cruz;Pare;Longo da via;0;2;0;0;2;0;0;0;0;0;0;0;0;(-38.5164862 -3.739250199999999);
TJZ2073;2022-07-11 17:20:00;Avenida Doutor Valmir Pontes;;;EDSON QUEIROZ;968630;Colisão Lateral;Luz do Dia;Bom;Seca;Outros;Outros;Longo da via;0;1;1;1;1;0;0;0;0;0;0;0;0;(-38.4776052 -3.7710502);
FBB2903;2022-07-17 11:50:00;Avenida Dom Manuel;;;CENTRO;969485;Atropelamento;Luz do Dia;Bom;Seca;Meio de quadra;Semáforo;Longo da via;0;0;0;0;1;0;0;0;0;0;0;0;0;(-38.52140144013666 -3.72923410913657);
USV4019;2022-07-10 10:30:00;Avenida General Osório de Paiva;;;CANINDEZINHO;971161;Colisão Transversal;Luz do Dia;Bom;Seca;Meio de quadra;Não há Controle;Longo da via;0;1;1;0;1;0;0;0;0;1;0;0;0;(-38.60490933354955 -3.807606738021358);
QAT6587;2022-07-17 13:10:00;Avenida dos Expedicionários;RUA RAUL CABRAL;;MONTESE;970430;Colisão Transversal;Luz do Dia;Bom;Seca;Cruz;Semáforo;Longo da via;0;0;0;1;1;0;0;0;0;0;0;0;0;(-38.5425846 -3.7696108);
HRK1325;2022-07-17 04:16:00;Avenida Pontes Vieira;RUA OSVALDO CRUZ;;DIONISIO TORRES;970768;Colisão Transversal;Via Iluminada;Bom;Seca;Cruz;Semáforo;Longo da via;0;0;0;1;1;0;0;0;0;0;0;0;0;(-38.50544766051114 -3.751818375226075);
MKK3879;2022-07-10 15:00:00;RUA NEWTON CRAVEIRO;RUA EVARISTO DA VEIGA;;PARQUE IRACEMA;971125;Colisão Transversal;Luz do Dia;Bom;Seca;Cruz;Pare;Cruzamento;0;0;2;0;2;0;0;0;0;0;0;0;0;(-38.4951278 -3.8085504);
AMX9898;2022-07-17 22:15:00;Avenida Godofredo Maciel;;;MARAPONGA;971180;Colisão;Via Iluminada;Bom;Seca;Meio de quadra;Não há Controle;Longo da via;0;0;0;0;1;0;0;0;0;0;1;0;0;(-38.56887118155877 -3.793703976372087);
BYV0061;2022-06-18 16:05:00;Rua Tipógrafo Sales;RUA DAMIAO FERNANDES;;PARQUELANDIA;970816;Colisão Lateral;Não informado;Bom;Seca;Cruz;Pare;Longo da via;0;0;1;1;1;0;0;0;0;0;0;0;0;(-38.56327072468136 -3.744977315088756);
KJF2047;2022-07-18 18:00:00;Avenida General Murilo Borges;;;ENGENHEIRO LUCIANO CAVALCANTE;970429;Colisão Traseira;Luz do Dia;Bom;Seca;Meio de quadra;Não há Controle;Longo da via;0;0;0;1;1;0;0;0;0;0;0;0;0;(-38.49762634590767 -3.767486235083934);
RNQ8237;2022-07-10 04:00:00;AV 13 DE MAIO;AV LUCIANO CARNEIRO;;FATIMA;971088;Colisão Lateral;Via Iluminada;Bom;Seca;Cruz;Semáforo;Cruzamento;0;0;2;0;2;0;0;0;0;0;0;0;0;(-38.5313347 -3.7475788);
PES3220;2022-07-18 16:00:00;Avenida da Abolição;RUA JOAQUIM NABUCO;;MEIRELES;971185;Colisão Transversal;Luz do Dia;Bom;Seca;Cruz;Semáforo;Longo da via;0;1;0;1;1;0;0;0;0;0;0;0;0;(-38.49836126145922 -3.726407689332507);
UOI4317;2022-07-10 23:00:00;Avenida Presidente Castelo Branco;;;MOURA BRASIL;970943;Atropelamento;Mal Iluminada;Bom;Seca;Meio de quadra;Não há Controle;Longo da via;0;1;1;1;0;0;0;0;0;0;0;0;0;(-38.54337254306265 -3.714897077908003);
SWP5765;2022-07-19 23:32:00;Avenida João Pessoa;;;MONTESE;967133;Colisão Transversal;Via Iluminada;Bom;Seca;Meio de quadra;Não há Controle;Longo da via;0;0;1;1;0;0;0;1;0;0;0;0;0;(-38.55839446626264 -3.763814189337822);
EWY0516;2022-07-19 18:00:00;Avenida Oliveira Paiva;RUA PDE JANUARIO CAMPOS;;PARQUE MANIBURA;970056;Colisão Transversal;Luz do Dia;Bom;Seca;T;Semáforo;Longo da via;0;1;0;1;1;0;0;0;0;0;0;0;0;(-38.48960118868325 -3.796016323788955);
LOH2700;2022-07-11 00:30:00;AV DOM MANUEL;AV SANTOS DUMONT;;CENTRO;970753;Colisão Transversal;Via Iluminada;Bom;Seca;Cruz;Semáforo;Cruzamento;0;0;2;0;2;0;0;0;0;0;0;0;0;(-38.5212775 -3.7287794);
PIT2062;2022-07-09 10:30:00;AV VIS RIO BRANCO;RUA GUILHERME MOREIRA;;JOAQUIM TVORA;971017;Colisão Transversal;Luz do Dia;Bom;Seca;T;Pare;Cruzamento;0;0;2;1;1;0;0;0;0;0;0;0;0;(-38.5213276 -3.7493842);
TBE9572;2022-07-19 16:10:00;Avenida Doutor Valmir Pontes;;;EDSON QUEIROZ;970641;Colisão Lateral;Luz do Dia;Bom;Seca;Meio de quadra;Não há Controle;Longo da via;0;0;0;1;1;0;0;0;0;0;0;0;0;(-38.4783434 -3.7711941);
SMQ4728;2022-07-09 09:50:00;AV VALPARAISO;RUA VERDE 3  ST SAO JOAO;;CONJUNTO PALMEIRAS;970767;Colisão Transversal;Luz do Dia;Bom;Seca;Cruz;Pare;Cruzamento;0;1;0;1;1;0;0;0;0;0;0;0;0;(-38.5183616 -3.8464811);
DTT1915;2022-07-09 21:10:00;AV ENG AGRONOMO JOSE GUIMARAES DUQUE;RUA PEDRO LAZAR;;CAMBEBA;969750;Colisão Transversal;Via Iluminada;Bom;Seca;Cruz;Pare;Cruzamento;0;2;0;0;2;0;0;0;0;0;0;0;0;(-38.48842675532451 -3.805107499133729);
PWD5755;2022-07-19 17:40:00;Avenida General Osório de Paiva;;;CANINDEZINHO;970817;Colisão Transversal;Luz do Dia;Bom;Seca;Meio de quadra;Não há Controle;Longo da via;0;0;0;1;0;0;0;0;0;0;0;0;0;(-38.60277429378851 -3.805345940368568);
IXZ9575;2022-07-19 10:00:00;Rua Vitória;;;HENRIQUE JORGE;971019;Choque c/ Obstáculo Fixo;Luz do Dia;Bom;Seca;Meio de quadra;Não informado;Longo da via;0;0;0;1;0;0;0;0;0;0;0;0;0;(-38.58871246513544 -3.765553779449077);
WVN0408;2022-07-08 20:00:00;AV I;AV D CJ JOSE WALTER;;PREFEITO JOSE VALTER;971226;Colisão Lateral;Anoitecer;Bom;Não informado;Cruz;Semáforo;Cruzamento;0;1;1;1;0;0;1;0;0;0;0;0;0;(-38.5530154 -3.8325173);
FKB8193;2022-07-19 11:20:00;Rua Gomes Brasil;AV AUGUSTO DOS ANJOS;;PARANGABA;971047;Colisão Lateral;Luz do Dia;Bom;Seca;Cruz;Semáforo;Longo da via;0;1;1;1;1;0;0;0;0;0;0;0;0;(-38.57044831256324 -3.770028823277817);
FJJ8102;2022-07-08 18:45:00;RUA RAIMUNDO ARRUDA;AV JOVITA FEITOSA;;PARQUE ARAXA;971215;Colisão;Não informado;Nublado;Molhada;Cruz;Semáforo;Cruzamento;0;1;1;1;0;0;1;0;0;0;0;0;0;(-38.55098960000001 -3.7388143);
HGC4264;2022-07-08 10:40:00;RUA ANTONIO NERY;RUA HUMBERTO LOMEU;;GRANJA PORTUGAL;971186;Colisão Transversal;Luz do Dia;Bom;Material Derrapante;Cruz;Pare;Cruzamento;0;3;0;2;0;0;0;0;0;0;0;0;0;(-38.6013429 -3.7823399);
HGC4264;2022-07-08 23:30:00;RUA RAIMUNDO ARRUDA;AV JOVITA FEITOSA;;PARQUE ARAXA;971178;Colisão Transversal;Via Iluminada;Nublado;Molhada;Cruz;Semáforo;Cruzamento;0;1;1;1;1;0;0;0;0;0;0;0;0;(-38.5509896 -3.7388143);
PVL1086;2022-07-08 18:52:00;RUA OSVALDO CRUZ;RUA PEREIRA VALENTE;;ALDEOTA;971124;Colisão Transversal;Luz do Dia;Bom;Seca;Não informado;Pare;Cruzamento;0;1;1;1;1;0;0;0;0;0;0;0;0;(-38.49905 -3.7316153);
GOK6152;2022-07-08 14:20:00;RUA DA PAZ ;RUA MANUEL JACARE;;MEIRELES;971123;Colisão Transversal;Luz do Dia;Bom;Seca;Cruz;Pare;Cruzamento;0;1;0;1;1;0;0;0;0;0;0;0;0;(-38.4875434 -3.7247439);