COD_ACIDENTE;DATA;LOG1;LOG2;NUMERO;BAIRRO;AMC;NATUREZA;ILUMINACAO;TEMPO;SUPERFICIEPISTA;TIPOCRUZAMENTO;CONTROLETRAFEGO;USOSOLO;MORTOS;FERIDOS;ILESOS;MOTOCICLETA;AUTOMOVEL;MICROONIBUS;CAMINHAO;ONIBUS;CICLOMOTOR;BICICLETA;OUTROS;TREM;TRACAOANIMAL;COORDENADAS
YUE8300;2022-07-08 11:25:00;RUA PINHO PESSOA;RUA ANTONIO AUGUSTO;;JOAQUIM TVORA;971062;Colisão Transversal;Luz do Dia;Bom;Seca;Cruz;Pare;Cruzamento;0;2;1;1;1;0;0;0;0;0;0;0;0;(-38.5181362 -3.7444399);
FVR4245;2022-07-09 01:00:00;AV PRE COSTA E SILVA;;;MESSEJANA;970467;Atropelamento;Via Iluminada;Chuva;Molhada;Meio de quadra;Semáforo;Longo da via;0;1;0;1;0;0;0;0;0;0;0;0;0;(-38.51935220388515 -3.828411952726611);
RNV2291;2022-07-19 18:30:00;Rua Conselheiro Lafayette;RUA ALBERTO FERREIRA;;JARDIM IRACEMA;971107;Colisão Transversal;Luz do Dia;Bom;Seca;Cruz;Pare;Longo da via;0;0;0;1;1;0;0;0;0;0;0;0;0;(-38.5828428 -3.7179462);
YJO3745;2022-07-08 21:15:00;Avenida Beira Mar;RUA PAULA BARROS;;MEIRELES;970195;Colisão Traseira;Via Iluminada;Nublado;Seca;T;Não há Controle;Cruzamento;0;0;2;0;1;1;0;0;0;0;0;0;0;(-38.4925098 -3.7257466);
LGH5337;2022-07-08 23:00:00;AV DES MOREIRA;AV PONTES VIEIRA;;DIONISIO TORRES;970194;Colisão Transversal;Via Iluminada;Bom;Seca;Cruz;Semáforo;Cruzamento;0;2;1;2;0;0;0;0;0;0;0;0;0;(-38.5033154 -3.7514758);
HXI1676;2022-07-20 23:00:00;Rua Tarcísio Bonfim;;;PAPICU;970947;Colisão Transversal;Via Iluminada;Bom;Seca;Cruz;Pare;Longo da via;0;0;2;0;2;0;0;0;0;0;0;0;0;(-38.47601308967059 -3.736696241977222);
EOV3412;2022-07-20 17:35:00;Rua Guilherme Rocha;RUA OTO DE ALENCAR;;JACARECANGA;971061;Engavetamento;Luz do Dia;Bom;Seca;Cruz;Semáforo;Longo da via;0;0;2;0;1;0;0;1;0;0;0;0;0;(-38.5400922 -3.7230772);
FYT4157;2022-07-07 04:15:00;Rua Walter Porto;;;PARQUE IRACEMA;971089;Choque c/ Obstáculo Fixo;Via Iluminada;Nublado;Molhada;T;Não há Controle;Longo da via;0;1;0;0;4;0;0;0;0;0;0;0;0;(-38.494388 -3.8022442);
MTP9457;2022-07-07 10:15:00;Avenida General Osório de Paiva;;;PARANGABA;970715;Colisão Lateral;Luz do Dia;Nublado;Molhada;Meio de quadra;Semáforo;Longo da via;0;1;1;1;1;0;0;0;0;0;0;0;0;(-38.5774264 -3.7826553);
SHY6608;2022-07-20 17:30:00;Avenida Bernardo Manuel;;;SERRINHA;971097;Colisão Transversal;Não informado;Bom;Seca;Meio de quadra;Não há Controle;Longo da via;0;1;1;1;1;0;0;0;0;0;0;0;0;(-38.547317 -3.78537);
OSB7079;2022-07-07 20:30:00;RUA GERMANO FRANKLIN;RUA MUNDICA PAULA;;MONTESE;960596;Colisão Lateral;Luz do Dia;Bom;Seca;Meio de quadra;Semáforo;Cruzamento;0;1;2;1;1;0;0;0;0;0;0;0;0;(-38.5574654 -3.7732481);
OMK5780;2022-07-06 11:45:00;Avenida Borges de Melo;;;PARREAO;970707;Colisão Traseira;Luz do Dia;Nublado;Seca;Meio de quadra;Não há Controle;Longo da via;0;0;2;0;2;0;0;0;0;0;0;0;0;(-38.53178159283198 -3.758543625778024);
GFW5831;2022-07-21 14:44:00;Rua H;;;PARQUE DOIS IRMAOS;969973;Atropelamento;Luz do Dia;Bom;Seca;Meio de quadra;Não informado;Longo da via;1;0;0;1;0;0;0;0;0;0;0;0;0;(-38.54681305193732 -3.804128364393483);
WQZ6549;2022-07-21 22:20:00;Avenida José Jatahy;AV FRANCISCO SA;;JACARECANGA;970188;Colisão Transversal;Não informado;Não informado;Seca;Cruz;Semáforo;Longo da via;0;2;1;1;0;0;0;0;0;1;0;0;0;(-38.54682878180031 -3.721092068403111);
XCA4694;2022-07-06 22:35:00;Rua Santa Luzia;AV DOS EXPEDICIONARIOS;;JARDIM AMERICA;970038;Colisão Transversal;Via Iluminada;Nublado;Seca;Cruz;Pare;Cruzamento;0;1;1;1;1;0;0;0;0;0;0;0;0;(-38.53979066777755 -3.760154841176404);
KTV9828;2022-07-21 18:40:00;Estrada Barão de Aquiraz;;;MESSEJANA;971057;Colisão Transversal;Luz do Dia;Bom;Seca;Meio de quadra;Não há Controle;Longo da via;0;1;0;1;1;0;0;0;0;0;0;0;0;(-38.48486439156789 -3.840972046986402);
UZA7984;2022-07-06 22:21:00;AV GOV RAUL BARBOSA;;;AEROLANDIA;969749;Colisão Transversal;Via Iluminada;Bom;Seca;Não informado;Outros;Longo da via;0;1;1;0;1;0;0;0;0;1;0;0;0;(-38.50811913809983 -3.762531512274694);
KTV9828;2022-07-21 19:00:00;Rua Professor Mozart Solon;RUA DR MIRANDA LEAO;;DE LOURDES;971126;Colisão Lateral;Luz do Dia;Bom;Seca;T;Não há Controle;Longo da via;0;1;1;1;1;0;0;0;0;0;0;0;0;(-38.46237145338133 -3.741936826749102);
QVD1305;2022-07-05 19:40:00;RUA DEMETRIOS MENEZES;;;PADRE ANDRADE;971183;Colisão Traseira;Luz do Dia;Bom;Seca;Meio de quadra;Semáforo;Longo da via;0;1;1;1;0;0;0;1;0;0;0;0;0;(-38.5842245 -3.7361245);
DFZ8991;2022-07-05 16:00:00;Avenida Castelo de Castro;RUA PAISAGISTA;;CONJUNTO PALMEIRAS;971096;Colisão Transversal;Não informado;Nublado;Molhada;T;Não há Controle;Cruzamento;0;1;1;1;0;0;1;0;0;0;0;0;0;(-38.5215033648374 -3.83043517538948);
UZD6995;2022-07-05 10:00:00;AV AMERICO BARREIRA;AV AUGUSTO DOS ANJOS;;PARANGABA;971016;Colisão Traseira;Luz do Dia;Bom;Seca;Cruz;Semáforo;Cruzamento;0;0;3;0;3;0;0;0;0;0;0;0;0;(-38.5704451 -3.7702252);
ZKQ5022;2022-07-21 22:00:00;Rua Antenor Rocha Alexandre;RUA LIDIA BRIGIDO;;PARQUE MANIBURA;971233;Colisão Frontal;Via Iluminada;Bom;Seca;Duplo T;Pare;Longo da via;0;0;1;1;1;0;0;0;0;0;0;0;0;(-38.48440841097364 -3.792339046172741);
KIC0656;2022-07-22 09:40:00;Rua Anselmo Nogueira;RUA RAIMUNDO NERY;;SIQUEIRA;970143;Colisão Traseira;Luz do Dia;Bom;Seca;Cruz;Semáforo;Longo da via;0;1;1;1;0;0;0;1;0;0;0;0;0;(-38.5880634 -3.7902552);
JUN9589;2022-07-06 00:30:00;Rua Paulo Setúbal;RUA MAD ANA COUTO;;MESSEJANA;970946;Colisão Transversal;Mal Iluminada;Bom;Seca;Cruz;Pare;Cruzamento;0;1;0;1;1;0;0;0;0;0;0;0;0;(-38.4973604 -3.820545);
BVC4042;2022-07-22 10:30:00;Avenida Américo Barreira;;;DAMAS;970980;Colisão Traseira;Luz do Dia;Bom;Seca;Meio de quadra;Outros;Longo da via;0;1;1;1;1;0;0;0;0;0;0;0;0;(-38.54809478688496 -3.747584204252636);
HJU0235;2022-07-22 11:40:00;Rua José Vilar;RUA PEREIRA FILGUEIRAS;;ALDEOTA;971243;Colisão Transversal;Luz do Dia;Bom;Seca;Cruz;Semáforo;Longo da via;0;2;0;1;1;0;0;0;0;0;0;0;0;(-38.50329116507059 -3.731525215490833);
TSC2229;2022-07-23 23:00:00;Avenida Heróis do Acre;;;PASSARE;970239;Atropelamento;Via Iluminada;Bom;Seca;Meio de quadra;Não há Controle;Longo da via;0;0;0;1;1;0;0;0;0;0;0;0;0;(-38.52952316822388 -3.80308714400914);
IET7636;2022-07-23 07:00:00;Avenida Padre Antônio Tomás;RUA BARBOSA DE FREITAS;;ALDEOTA;970317;Colisão Transversal;Não informado;Bom;Seca;Cruz;Semáforo;Longo da via;0;0;1;0;1;0;1;0;0;0;0;0;0;(-38.49847391302304 -3.740571815347014);
SCP4554;2022-07-23 18:00:00;Rua General Piragibe;RUA NESTOR BARBOSA;;AMADEU FURTADO;970463;Colisão Transversal;Luz do Dia;Bom;Seca;Cruz;Pare;Longo da via;0;0;1;1;1;0;0;0;0;0;0;0;0;(-38.556638 -3.7442768);
LPS9473;2022-07-05 21:20:00;AV PDE ANTONIO TOMAS;RUA MON CATAO;;ALDEOTA;970121;Colisão Traseira;Via Iluminada;Bom;Seca;Cruz;Semáforo;Cruzamento;0;0;1;0;2;0;0;0;0;0;0;0;0;(-38.49187035435848 -3.742800663748353);
TFH5853;2022-07-23 22:00:00;Avenida Bernardo Manuel;;;ITAPERI;970527;Colisão Transversal;Via Iluminada;Bom;Seca;Meio de quadra;Não há Controle;Longo da via;0;0;0;2;0;0;0;0;0;0;0;0;0;(-38.55539575962104 -3.812063415855572);
ICN1564;2022-07-06 00:00:00;Avenida Doutor Silas Munguba;;;SERRINHA;970039;Colisão Traseira;Via Iluminada;Bom;Seca;Meio de quadra;Semáforo;Longo da via;0;1;1;1;1;0;0;0;0;0;0;0;0;(-38.547595 -3.7876444);
WHQ5032;2022-07-23 18:00:00;Avenida Jornalista Tomaz Coelho;;;JANGURUSSU;970770;Atropelamento;Luz do Dia;Bom;Seca;Meio de quadra;Não há Controle;Longo da via;0;1;0;0;1;0;0;0;0;0;0;0;0;(-38.5185636629989 -3.828217257436413);
ZXS4786;2022-07-23 15:55:00;Avenida Dioguinho;RUA JAMAICA;;PRAIA DO FUTURO II;971018;Colisão Transversal;Luz do Dia;Bom;Seca;Outros;Não há Controle;Longo da via;0;1;3;0;3;0;0;0;0;0;0;0;0;(-38.44010904607379 -3.771822012586114);
ZNM9673;2022-07-24 17:50:00;Rua Afonso Lopes;RUA ACAPULCO;;ITAPERI;968942;Colisão Lateral;Luz do Dia;Bom;Seca;Cruz;Pare;Longo da via;0;1;0;0;2;0;0;0;0;0;0;0;0;(-38.5478954 -3.7920134);
RYM9364;2022-07-24 16:00:00;Rua Professor Otávio Lobo;RUA PEREIRA DE MIRANDA;;PAPICU;968943;Colisão Lateral;Luz do Dia;Bom;Seca;Cruz;Pare;Longo da via;0;0;0;1;1;0;0;0;0;0;0;0;0;(-38.47700551733202 -3.741530000043869);
DLN0488;2022-07-24 23:50:00;Avenida Dom Luís;AV SEN VIRGILIO TAVORA;;ALDEOTA;970755;Colisão Lateral;Via Iluminada;Bom;Seca;Cruz;Semáforo;Longo da via;0;1;0;1;0;0;0;0;0;0;0;0;0;(-38.4925164 -3.7348276);
VRB5424;2022-07-05 16:30:00;RUA FRANCISCO PITA;RUA DAS GAIVOTAS;;JARDIM DAS OLIVEIRAS;969800;Colisão Transversal;Luz do Dia;Bom;Seca;Cruz;Pare;Cruzamento;0;0;2;0;2;0;0;0;0;0;0;0;0;(-38.4990558 -3.781772);
LES9740;2022-07-24 18:30:00;Rua Canuto de Aguiar;RUA CEL LINHARES;;MEIRELES;971298;Colisão Transversal;Luz do Dia;Bom;Seca;Cruz;Pare;Longo da via;0;0;2;0;2;0;0;0;0;0;0;0;0;(-38.49263743349552 -3.731557333761756);
QXC4526;2022-07-25 11:30:00;Avenida General Osório de Paiva;;;SIQUEIRA;970116;Colisão Lateral;Luz do Dia;Bom;Seca;T;Não há Controle;Longo da via;0;1;1;1;1;0;0;0;0;0;0;0;0;(-38.5949496 -3.7975027);
UXS2004;2022-07-25 03:30:00;Avenida Chanceler Edson Queiroz;AV ROGACIANO LEITE;;GUARARAPES;970175;Colisão Traseira;Via Iluminada;Bom;Seca;T;Semáforo;Longo da via;0;0;2;0;2;0;0;0;0;0;0;0;0;(-38.49420383465159 -3.764510059254641);
HSN8880;2022-07-25 17:45:00;Rua Marcos Macêdo;RUA PRO DIAS DA ROCHA;;VARJOTA;970818;Colisão Transversal;Luz do Dia;Bom;Seca;Cruz;Pare;Longo da via;0;0;2;1;1;0;0;0;0;0;0;0;0;(-38.49181667288016 -3.736176999492721);
ZYC2433;2022-07-25 18:00:00;Rua Cônego Braveza;RUA ULISSES BEZERRA;;CIDADE DOS FUNCIONRAIOS;971098;Colisão Lateral;Luz do Dia;Bom;Seca;Cruz;Pare;Longo da via;0;0;1;1;1;0;0;0;0;0;0;0;0;(-38.4980008 -3.7974623);
UOO7550;2022-07-25 19:30:00;Avenida da Abolição;RUA FRE MANSUETO;;MUCURIPE;971127;Colisão Lateral;Luz do Dia;Bom;Seca;Cruz;Semáforo;Longo da via;0;0;2;0;1;0;1;0;0;0;0;0;0;(-38.4893915 -3.7263471);
DHS1002;2022-07-25 21:20:00;Rua Frei Odilon;;;PRESIDENTE KENNEDY;971228;Atropelamento;Via Iluminada;Bom;Seca;Meio de quadra;Pare;Longo da via;0;0;1;0;1;0;0;0;0;0;0;0;1;(-38.57246532949058 -3.733880552243076);
EDF3638;2022-07-25 11:00:00;Avenida Sargento Hermínio Sampaio;;;PRESIDENTE KENNEDY;971267;Colisão Transversal;Luz do Dia;Bom;Seca;Meio de quadra;Não há Controle;Longo da via;0;1;1;2;0;0;0;0;0;0;0;0;0;(-38.57704117968976 -3.73066872783324);
LAT7619;2022-07-25 13:15:00;Avenida L;RUA 56 CJ JOSE WALTER;;PREFEITO JOSE VALTER;971301;Colisão Transversal;Luz do Dia;Bom;Seca;Cruz;Pare;Longo da via;0;1;1;1;1;0;0;0;0;0;0;0;0;(-38.55791703224812 -3.832461738532648);
SUH4086;2022-07-04 06:22:00;Avenida Padre Antônio Tomás;;;COCO;971174;Choque c/ Obstáculo Fixo;Não informado;Chuva;Molhada;Meio de quadra;Não informado;Longo da via;0;0;1;0;1;0;0;0;0;0;0;0;0;(-38.48640397696477 -3.743780257889329);
SON0391;2022-07-26 21:28:00;Avenida Senador Virgílio Távora;;;MEIRELES;969164;Colisão Traseira;Via Iluminada;Bom;Seca;Meio de quadra;Não há Controle;Longo da via;0;0;0;1;1;0;0;0;0;0;0;0;0;(-38.49088862471412 -3.729630235428637);
EBF7929;2022-07-04 11:45:00;RUA AUGUSTO CALHEIROS;RUA FRANCISCO NEPOMUCENO;;BARROSO;971159;Colisão Transversal;Luz do Dia;Bom;Seca;Não informado;Pare;Cruzamento;0;4;0;0;1;0;1;0;0;0;0;0;0;(-38.5074006 -3.8271644);
BZZ3583;2022-07-26 18:30:00;Rua Wenefrido Melo;RUA DNA LIBANIA R. MELO NUNES;;MONDUBIM;971214;Colisão Transversal;Luz do Dia;Bom;Seca;T;Semáforo;Longo da via;0;1;1;1;1;0;0;0;0;0;0;0;0;(-38.57608095270932 -3.810746687740807);
HMM1199;2022-07-04 19:25:00;RUA MANUEL CASTELO BRANCO;RUA CEL DIONISIO ALENCAR;;MESSEJANA;971153;Colisão Transversal;Não informado;Bom;Seca;Cruz;Semáforo;Cruzamento;0;2;0;1;0;0;0;0;0;1;0;0;0;(-38.4882905 -3.83304);
VFE9448;2022-07-26 12:20:00;Rua dos Tabajaras;;;PRAIA DE IRACEMA;971287;Colisão Frontal;Luz do Dia;Bom;Seca;Meio de quadra;Não há Controle;Longo da via;0;1;1;0;2;0;0;0;0;0;0;0;0;(-38.51663783935584 -3.719293422032369);
UQX9040;2022-07-26 12:50:00;Avenida General Osório de Paiva;RUA PERDIGAO DE OLIVEIRA;;PARANGABA;971302;Colisão Transversal;Luz do Dia;Bom;Seca;Duplo T;Pare;Longo da via;0;2;1;0;0;0;0;1;1;0;0;0;0;(-38.5701006 -3.7778718);
FSD8171;2022-07-26 23:30:00;Avenida Presidente Castelo Branco;;;PIRAMBU;971321;Colisão Traseira;Via Iluminada;Bom;Seca;Meio de quadra;Outros;Longo da via;0;0;2;0;2;0;0;0;0;0;0;0;0;(-38.55340391425598 -3.712302136402061);
KUH2551;2022-07-04 16:00:00;Avenida General Osório de Paiva;;;CANINDEZINHO;971094;Colisão Transversal;Luz do Dia;Bom;Seca;Meio de quadra;Semáforo;Longo da via;0;0;3;0;2;0;0;1;0;0;0;0;0;(-38.60726967114904 -3.81003145195967);
QEG1328;2022-07-28 00:22:00;Rua Padre Cícero;AV JOAO PESSOA;;BENFICA;960931;Colisão Lateral;Via Iluminada;Bom;Seca;Cruz;Semáforo;Longo da via;0;0;0;2;0;0;0;0;0;0;0;0;0;(-38.54328826326856 -3.745962259751368);
BYQ1882;2022-07-04 12:45:00;Avenida Treze de Maio;;;BENFICA;970975;Colisão Transversal;Luz do Dia;Nublado;Molhada;Meio de quadra;Semáforo;Longo da via;0;1;1;0;1;0;0;0;0;1;0;0;0;(-38.5374927 -3.742407);
FGS4794;2022-07-27 11:55:00;Rua General Clarindo de Queiroz;;;CENTRO;968757;Colisão Transversal;Luz do Dia;Bom;Seca;Meio de quadra;Outros;Longo da via;0;1;0;1;0;0;0;0;0;0;0;0;0;(-38.52996304625047 -3.732788533261572);
QVB6406;2022-07-27 12:05:00;Rua Antônio Bandeira;RUA FAGUNDES VARELA;;ITAPERI;971034;Colisão Transversal;Amanhecer;Bom;Seca;Cruz;Pare;Longo da via;0;0;1;1;0;0;0;1;0;0;0;0;0;(-38.5631245 -3.7841362);
SLU5919;2022-07-27 11:20:00;Rua Cônego de Castro;;;PARANGABA;971202;Colisão Lateral;Luz do Dia;Bom;Seca;Meio de quadra;Não há Controle;Longo da via;0;0;2;1;1;0;0;0;0;0;0;0;0;(-38.56761590227313 -3.778609334417707);
CXG6913;2022-07-04 03:10:00;Rua Padre Pedro de Alencar;RUA EDUARDO PORTO;;MESSEJANA;970908;Colisão Transversal;Via Iluminada;Bom;Seca;Cruz;Semáforo;Cruzamento;0;1;1;1;1;0;0;0;0;0;0;0;0;(-38.4941088 -3.8327354);
SBS3907;2022-07-27 19:30:00;Rua Guilherme Rocha;;;CENTRO;971251;Colisão Lateral;Luz do Dia;Bom;Seca;Cruz;Não há Controle;Longo da via;0;0;0;1;1;0;0;0;0;0;0;0;0;(-38.53714600098002 -3.72399344855851);
DTF9287;2022-07-28 23:50:00;Avenida Governador Raul Barbosa;;;AEROLANDIA;970942;Colisão Traseira;Via Iluminada;Bom;Seca;Meio de quadra;Não há Controle;Longo da via;0;3;0;1;2;0;0;0;0;0;0;0;0;(-38.51305977111269 -3.775188916245961);
VVW5223;2022-07-04 19:10:00;AV H;AV J CJ CEARA;;CONJUNTO CEARA I;970805;Colisão Lateral;Via Iluminada;Bom;Seca;T;Semáforo;Cruzamento;0;1;1;1;0;0;0;1;0;0;0;0;0;(-38.6214136 -3.7769905);
RWT2864;2022-07-28 16:50:00;Rua Barbosa de Freitas;AV PDE ANTONIO TOMAS;;ALDEOTA;971128;Colisão Lateral;Luz do Dia;Bom;Seca;Cruz;Semáforo;Longo da via;0;0;1;1;1;0;0;0;0;0;0;0;0;(-38.4986088 -3.740471);
ZVH4903;2022-07-04 22:40:00;Avenida Monsenhor Tabosa;;;PRAIA DE IRACEMA;970754;Atropelamento;Via Iluminada;Bom;Seca;Meio de quadra;Semáforo;Longo da via;0;1;1;0;1;0;0;0;0;0;0;0;0;(-38.51250186504981 -3.724097164692431);
STM5868;2022-07-29 22:00:00;Avenida Humberto Monte;;;BELA VISTA;970887;Colisão Lateral;Via Iluminada;Bom;Seca;Meio de quadra;Semáforo;Longo da via;0;0;1;1;1;0;0;0;0;0;0;0;0;(-38.55593756078032 -3.754484125946788);
OJF5513;2022-07-29 13:00:00;Avenida Deputado Paulino Rocha;;;CAJAZEIRAS;971100;Colisão Lateral;Luz do Dia;Bom;Seca;Outros;Não há Controle;Longo da via;0;1;1;1;1;0;0;0;0;0;0;0;0;(-38.51321533619853 -3.811747615393927);
ZUQ2778;2022-07-04 22:00:00;Avenida Governador Raul Barbosa;;;AEROLANDIA;970498;Atropelamento;Via Iluminada;Bom;Não informado;Meio de quadra;Semáforo;Longo da via;0;1;0;1;0;0;0;0;0;0;0;0;0;(-38.51295248367082 -3.775271215198235);
YCH1031;2022-07-30 20:00:00;Avenida Alberto Craveiro;;;CASTELAO;970819;Colisão Transversal;Luz do Dia;Nublado;Seca;Meio de quadra;Não há Controle;Longo da via;0;0;1;1;1;0;0;0;0;0;0;0;0;(-38.51691678949833 -3.789459304015715);
RHN7673;2022-07-30 11:15:00;Avenida Tristão Gonçalves;RUA LIBERATO BARROSO;;CENTRO;971193;Colisão Transversal;Não informado;Bom;Seca;Cruz;Semáforo;Longo da via;0;0;0;1;0;0;0;0;0;0;0;0;0;(-38.53317097410388 -3.72699652754077);
QEX4064;2022-07-04 06:30:00;Avenida Almirante Henrique Sabóia;;;PAPICU;970450;Colisão Transversal;Mal Iluminada;Bom;Seca;Meio de quadra;Não há Controle;Longo da via;0;1;1;0;1;0;2;0;0;0;0;0;0;(-38.48460153719834 -3.73536534793168);
PGL4538;2022-07-04 11:20:00;RUA JOSE VILAR;RUA TORRES CAMARA;;ALDEOTA;970330;Colisão Transversal;Luz do Dia;Bom;Seca;Cruz;Semáforo Danificado;Cruzamento;0;2;1;1;1;0;0;0;0;0;0;0;0;(-38.5048337 -3.736315399999999);
PEN2473;2022-07-03 20:20:00;Avenida General Osório de Paiva;;;CANINDEZINHO;970979;Choque c/ Obstáculo Fixo;Anoitecer;Bom;Seca;Meio de quadra;Não há Controle;Longo da via;2;1;0;0;1;0;0;0;0;0;0;0;0;(-38.61214057515274 -3.815303709229363);
YMK5140;2022-07-03 00:30:00;Rua Hílton Santos;RUA TAVARES COUTINHO;;VARJOTA;971182;Colisão Traseira;Via Iluminada;Bom;Seca;Cruz;Pare;Cruzamento;0;1;1;1;1;0;0;0;0;0;0;0;0;(-38.4855277 -3.732553999999999);
SWJ7286;2022-07-30 12:30:00;Avenida dos Expedicionários;RUA STA LUZIA;;PARREAO;971195;Colisão Transversal;Luz do Dia;Nublado;Molhada;Cruz;Pare;Longo da via;0;1;1;1;1;0;0;0;0;0;0;0;0;(-38.53977456966151 -3.760340184285031);
OZD0745;2022-07-02 11:40:00;Avenida João Pessoa;;;DAMAS;971015;Atropelamento;Luz do Dia;Bom;Seca;Meio de quadra;Outros;Longo da via;1;0;1;0;0;0;0;1;0;0;0;0;0;(-38.54850785294042 -3.751440325080197);
ATJ8733;2022-07-30 22:00:00;Rua Juvenal Galeno;;;BENFICA;971252;Queda;Via Iluminada;Nublado;Molhada;Meio de quadra;Semáforo;Longo da via;0;0;0;1;0;0;0;0;0;0;0;0;0;(-38.53999451444518 -3.738318203634797);
OQG9710;2022-07-30 11:30:00;Rua Vicente Leite;RUA HENRIQUETA GALENO;;DIONISIO TORRES;971299;Colisão Transversal;Luz do Dia;Nublado;Molhada;Cruz;Pare;Longo da via;0;0;1;1;1;0;0;0;0;0;0;0;0;(-38.49817660000001 -3.7457393);
XAO9401;2022-07-30 09:09:00;Avenida Castelo de Castro;;;JANGURUSSU;971300;Atropelamento;Luz do Dia;Nublado;Molhada;Meio de quadra;Outros;Longo da via;1;2;0;1;0;0;0;0;0;0;0;0;0;(-38.52149799257478 -3.83064726558347);
AFJ4793;2022-07-02 11:00:00;Avenida Sargento Hermínio Sampaio;;;MONTE CASTELO;971014;Colisão Transversal;Luz do Dia;Chuva;Molhada;Meio de quadra;Outros;Longo da via;0;1;1;2;0;0;0;0;0;0;0;0;0;(-38.5477831 -3.724774499999999);
PJJ2671;2022-07-02 04:00:00;Avenida Senador Fernandes Távora;RUA JOSE MENDONCA;;GENIBAU;970174;Colisão Transversal;Não informado;Bom;Molhada;Cruz;Semáforo;Cruzamento;0;1;1;1;0;0;0;1;0;0;0;0;0;(-38.60170189999999 -3.7545021);
WIR4894;2022-07-01 11:30:00;RUA ROMEU MARTINS;RUA JOAO FIRMINO;;MONTESE;971158;Colisão Transversal;Luz do Dia;Bom;Seca;Cruz;Pare;Cruzamento;0;1;1;1;1;0;0;0;0;0;0;0;0;(-38.5555606 -3.7642744);
IFG9969;2022-07-31 05:50:00;Avenida Rui Barbosa;RUA TEN BENEVOLO;;ALDEOTA;965130;Colisão Lateral;Não informado;Bom;Seca;Cruz;Semáforo;Longo da via;0;0;1;0;2;0;0;0;0;0;0;0;0;(-38.5070686 -3.7286654);
CTX6147;2022-07-01 15:25:00;Rua Alexandre Antônio;RUA ENG LUIS T DE ALCANTARA;;DE LOURDES;971120;Colisão Transversal;Luz do Dia;Bom;Seca;Não informado;Pare;Cruzamento;1;2;0;1;1;0;0;0;0;0;0;0;0;(-38.4649163 -3.7405294);
XHN3188;2022-08-01 00:00:00;Rua XXIX;RUA 21 UI 412;;QUINTINO CUNHA;966641;Colisão Traseira;Via Iluminada;Bom;Seca;Cruz;Outros;Longo da via;0;0;1;0;2;0;0;0;0;0;0;0;0;(-38.5948829 -3.7320666);
MNL2823;2022-07-01 03:20:00;AV MON TABOSA;AV RUI BARBOSA;;MEIRELES;970960;Colisão Transversal;Via Iluminada;Bom;Seca;Cruz;Semáforo;Cruzamento;0;0;2;0;2;0;0;0;0;0;0;0;0;(-38.5056957 -3.7244353);
GDL4225;2022-07-31 07:00:00;Rua Guilherme Rocha;;;JACARECANGA;970412;Choque c/ Obstáculo Fixo;Via Iluminada;Bom;Seca;Meio de quadra;Não há Controle;Longo da via;0;0;1;0;1;0;0;0;0;0;0;0;0;(-38.53900209528744 -3.723404608340772);
ECC0833;2022-07-02 00:30:00;AV DR SILAS MUNGUBA;;;PASSARE;970949;Colisão Lateral;Mal Iluminada;Bom;Seca;Meio de quadra;Outros;Longo da via;0;1;1;0;1;0;0;0;1;0;0;0;0;(-38.52831079677333 -3.803410307476819);
MBA5739;2022-07-31 21:20:00;Rua Eduardo Garcia;;;ALDEOTA;970671;Colisão Transversal;Via Iluminada;Bom;Seca;Meio de quadra;Não há Controle;Longo da via;0;0;1;1;1;0;0;0;0;0;0;0;0;(-38.49680022188664 -3.738923092857935);
CWJ8784;2022-07-01 14:30:00;RUA ANTONIO CANDEIA;RUA PRO JOSE HENRIQUE;;GUAJERU;969972;Colisão Transversal;Luz do Dia;Bom;Seca;Cruz;Pare;Cruzamento;0;0;2;0;2;0;0;0;0;0;0;0;0;(-38.4805158 -3.8304993);
SKU4289;2022-07-31 17:00:00;Avenida Tristão Gonçalves;RUA PEDRO PEREIRA;;CENTRO;970920;Colisão Transversal;Não informado;Bom;Seca;Cruz;Semáforo;Longo da via;0;0;1;1;1;0;0;0;0;0;0;0;0;(-38.5335279 -3.7280666);
IMN0674;2022-06-16 23:05:00;Rua Benjamim Brasil;;;JARDIM CEARENSE;969837;Colisão Lateral;Via Iluminada;Bom;Seca;Não informado;Pare;Longo da via;0;1;1;1;1;0;0;0;0;0;0;0;0;(-38.55811015311942 -3.808514668405926);
EIU1684;2022-06-16 10:00:00;Avenida Bernardo Manuel;;;ITAPERI;970329;Colisão Lateral;Luz do Dia;Bom;Seca;Meio de quadra;Não há Controle;Longo da via;0;1;1;1;1;0;0;0;0;0;0;0;0;(-38.54910329018567 -3.791343448667858);