COD_ACIDENTE;DATA;LOG1;LOG2;NUMERO;BAIRRO;AMC;NATUREZA;ILUMINACAO;TEMPO;SUPERFICIEPISTA;TIPOCRUZAMENTO;CONTROLETRAFEGO;USOSOLO;MORTOS;FERIDOS;ILESOS;MOTOCICLETA;AUTOMOVEL;MICROONIBUS;CAMINHAO;ONIBUS;CICLOMOTOR;BICICLETA;OUTROS;TREM;TRACAOANIMAL;COORDENADAS
FZR1795;2022-06-25 05:15:00;Avenida Alanis Maria Laurindo de Oliveira;RUA MIN ALBUQUERQUE LIMA;;CONJUNTO CEARA I;971111;Colisão Transversal;Via Iluminada;Bom;Seca;Cruz;Semáforo;Longo da via;0;0;0;1;1;0;0;0;0;0;0;0;0;(-38.6074244 -3.768702599999999);
CXM1398;2022-06-09 10:05:00;Avenida Borges de Melo;;;VILA UNIAO;969901;Colisão Traseira;Luz do Dia;Chuva;Molhada;Outros;Semáforo;Longo da via;0;1;1;1;1;0;0;0;0;0;0;0;0;(-38.5282051 -3.7605089);
AID5431;2022-06-26 04:45:00;Avenida Engenheiro Luiz Vieira;;;VICENTE PINZON;960888;Colisão Traseira;Via Iluminada;Bom;Seca;Não informado;Não há Controle;Longo da via;0;0;1;0;1;0;1;0;0;0;0;0;0;(-38.46773044564496 -3.732911653116618);
OXF0734;2022-06-26 18:40:00;Avenida Humberto Monte;RUA PDE GUERRA;;PICI;960915;Colisão Traseira;Luz do Dia;Bom;Seca;Cruz;Semáforo;Longo da via;0;1;3;1;2;0;0;1;0;0;0;0;0;(-38.56731012842075 -3.741069643281178);
PJM2379;2022-06-26 03:13:00;Avenida Engenheiro Luiz Vieira;RUA ROBERTO PEDROSA;;VICENTE PINZON;970390;Colisão Frontal;Via Iluminada;Bom;Seca;Meio de quadra;Não há Controle;Longo da via;0;0;1;0;2;0;0;0;0;0;0;0;0;(-38.468769 -3.733277);
OEC3205;2022-06-26 22:00:00;Rua Tenente Queiroz;;;ANTONIO BEZERRA;970804;Choque c/ Obstáculo Fixo;Via Iluminada;Bom;Seca;Não informado;Pare;Longo da via;0;0;0;0;1;0;0;0;0;0;0;0;0;(-38.59735087019742 -3.74609608366891);
CCD7266;2022-06-08 09:40:00;RUA JAIME BENEVOLO;RUA SALDANHA MARINHO;;JOSE BONIFACIO;970639;Colisão Transversal;Luz do Dia;Bom;Seca;Cruz;Semáforo;Cruzamento;0;1;1;1;1;0;0;0;0;0;0;0;0;(-38.52898137412695 -3.74306831252955);
FMY5745;2022-06-08 19:10:00;AV H;AV A CJ CEARA;;CONJUNTO CEARA II;970037;Colisão Frontal;Luz do Dia;Bom;Seca;Cruz;Semáforo;Cruzamento;0;1;1;1;0;0;0;1;0;0;0;0;0;(-38.6059627 -3.7750933);
FSU7999;2022-06-08 07:00:00;RUA CONEGO DE CASTRO;RUA EDUARDO PERDIGAO;;PARANGABA;969212;Colisão Transversal;Via Iluminada;Bom;Seca;Cruz;Pare;Cruzamento;0;2;0;0;1;0;0;0;1;0;0;0;0;(-38.5647807 -3.7755704);
LJT3749;2022-06-07 11:00:00;RUA MARAJA;RUA SILVIA SANTOS;;PLANALTO AYRTON SENNA;971012;Choque c/ Obstáculo Fixo;Luz do Dia;Bom;Molhada;T;Outros;Cruzamento;0;2;1;0;0;0;1;0;0;0;0;0;0;(-38.5667141 -3.8428778);
CQR9100;2022-06-07 10:25:00;AV BERNARDO MANUEL;;;ITAPERI;971011;Colisão Lateral;Luz do Dia;Nublado;Seca;Meio de quadra;Outros;Longo da via;0;1;1;1;1;0;0;0;0;0;0;0;0;(-38.5482911 -3.7882912);
ASD0961;2022-06-07 19:20:00;AV JUSCELINO KUBITSCHEK;;;CASTELAO;970935;Colisão Lateral;Luz do Dia;Bom;Seca;Rotatória;Dê Preferência;Longo da via;0;1;1;1;1;0;0;0;0;0;0;0;0;(-38.52483361838259 -3.808134050322423);
EGT0508;2022-06-07 15:15:00;Rua Bento Albuquerque;;;COCO;970922;Colisão Lateral;Luz do Dia;Bom;Seca;Meio de quadra;Não informado;Longo da via;0;1;1;1;1;0;0;0;0;0;0;0;0;(-38.48580150649079 -3.742989941629277);
WDA1271;2022-06-26 15:30:00;Rua Dona Libânia;AV WENEFRIDO MELO;;MONDUBIM;971121;Colisão Transversal;Luz do Dia;Bom;Seca;T;Semáforo;Longo da via;0;1;1;0;2;0;0;0;0;0;0;0;0;(-38.57642964129855 -3.811726205188954);
CWZ3465;2022-06-27 16:10:00;Rua Professor Edgard de Arruda;;;HENRIQUE JORGE;968689;Colisão Frontal;Luz do Dia;Bom;Seca;Meio de quadra;Não informado;Longo da via;0;0;0;1;1;0;0;0;0;0;0;0;0;(-38.58443334935454 -3.758439913721408);
FBQ2883;2022-06-27 22:32:00;Rua Visconde de Mauá;;;ALDEOTA;969747;Colisão Lateral;Via Iluminada;Bom;Seca;Meio de quadra;Não há Controle;Longo da via;0;0;1;1;1;0;0;0;0;0;0;0;0;(-38.50078061601535 -3.740379107683677);
HZW2971;2022-06-27 11:00:00;Rua Francisco Calaça;;;FLORESTA;970162;Colisão Lateral;Luz do Dia;Bom;Seca;Cruz;Semáforo;Longo da via;0;1;1;1;1;0;0;0;0;0;0;0;0;(-38.57233122268428 -3.712419989603174);
IOK3535;2022-06-27 11:40:00;Rua Osvaldo Cruz;RUA GAL TERTULIANO POTYGUARA;;ALDEOTA;971132;Colisão Lateral;Luz do Dia;Bom;Seca;Cruz;Pare;Longo da via;0;1;0;0;2;0;0;0;0;0;0;0;0;(-38.5025399 -3.742491299999999);
KXY7054;2022-06-28 16:40:00;Avenida Bezerra de Menezes;;;PARQUELANDIA;968040;Colisão Traseira;Luz do Dia;Bom;Seca;Meio de quadra;Outros;Longo da via;0;1;1;1;1;0;0;0;0;0;0;0;0;(-38.56277183258977 -3.735459694936521);
FCG3378;2022-06-28 14:00:00;Avenida Jornalista Tomaz Coelho;;;MESSEJANA;970389;Colisão Lateral;Não informado;Nublado;Seca;Meio de quadra;Semáforo;Longo da via;0;0;0;1;0;0;0;1;0;0;0;0;0;(-38.49936978925869 -3.832424271578514);
DMA9526;2022-06-07 09:00:00;AV CAMBARA;;;MARAPONGA;970912;Choque c/ Obstáculo Fixo;Não informado;Nublado;Molhada;Meio de quadra;Não há Controle;Longo da via;0;1;0;0;1;0;0;0;0;0;0;0;0;(-38.5654372 -3.788198299999999);
UHN1841;2022-06-07 10:30:00;Rua Crisanto Moreira da Rocha;RUA LINO CONDE D61;;EDSON QUEIROZ;970806;Colisão Lateral;Luz do Dia;Nublado;Molhada;Cruz;Não informado;Cruzamento;0;2;1;1;1;0;0;0;0;0;0;0;0;(-38.4809516 -3.8000036);
IJM2389;2022-06-07 13:30:00;RUA BATISTA DE OLIVEIRA;RUA PEREIRA DE MIRANDA;;PAPICU;970709;Colisão Lateral;Luz do Dia;Bom;Seca;Cruz;Pare;Cruzamento;0;1;1;0;2;0;0;0;0;0;0;0;0;(-38.4787798 -3.7408134);
HIG7871;2022-06-07 11:20:00;RUA GUSTAVO SAMPAIO;RUA JOSE SOMBRA;;PARQUE ARAXA;970159;Colisão Lateral;Luz do Dia;Nublado;Seca;Cruz;Pare;Cruzamento;0;2;1;1;1;0;0;0;0;0;0;0;0;(-38.5472693 -3.7333309);
DLP9333;2022-06-07 20:20:00;Avenida Visconde do Rio Branco;;;JOAQUIM TVORA;969969;Colisão Lateral;Anoitecer;Bom;Seca;Meio de quadra;Não há Controle;Longo da via;0;1;1;0;1;0;0;0;0;1;0;0;0;(-38.52236704106633 -3.744267378065142);
BJE5497;2022-06-07 18:00:00;Avenida Bernardo Manuel;RUA C UI 801;;PREFEITO JOSE VALTER;969141;Colisão Lateral;Luz do Dia;Bom;Seca;T;Pare;Cruzamento;0;1;1;1;1;0;0;0;0;0;0;0;0;(-38.5578595 -3.8200266);
DCY4798;2022-06-07 16:00:00;Avenida Presidente Costa e Silva;RUA PAU BRASIL;;PREFEITO JOSE VALTER;969140;Colisão Traseira;Luz do Dia;Bom;Seca;T;Semáforo;Cruzamento;0;1;1;0;1;0;1;0;0;0;0;0;0;(-38.54829860005519 -3.824065754547499);
HVS7810;2022-06-06 22:30:00;Rua Izabel Bezerra;RUA HONORATO SILVA;;PARQUE SANTA ROSA;970921;Colisão Transversal;Anoitecer;Bom;Seca;Cruz;Pare;Cruzamento;0;1;1;0;1;0;0;0;0;0;1;0;0;(-38.4991962 -3.855352);
OKU3222;2022-06-06 21:00:00;Rua Major Montenegro;RUA ALBANO AMARAL;;MANOEL SATIRO;970795;Atropelamento;Via Iluminada;Bom;Seca;Cruz;Pare;Cruzamento;0;2;0;1;0;0;0;0;0;0;0;0;0;(-38.5806315 -3.7980538);
FNM7086;2022-06-06 12:00:00;Avenida Coronel Carvalho;RUA DEP MATOSO FILHO;;PADRE ANDRADE;970638;Colisão Traseira;Luz do Dia;Bom;Seca;T;Semáforo;Cruzamento;0;2;1;1;1;0;0;0;0;0;0;0;0;(-38.5848246 -3.7299767);
YDM9833;2022-06-28 05:30:00;Rua Equador;RUA TRES MARIAS D39 (MONTESE);;MONTESE;971087;Colisão Lateral;Via Iluminada;Chuva;Molhada;Cruz;Semáforo;Longo da via;0;0;0;0;2;0;0;0;0;0;0;0;0;(-38.5507607 -3.7690014);
IBI0862;2022-06-28 16:30:00;Avenida Prefeito Evandro Ayres de Moura;;;PREFEITO JOSE VALTER;971093;Colisão Traseira;Não informado;Bom;Seca;Meio de quadra;Não há Controle;Longo da via;0;1;1;1;1;0;0;0;0;0;0;0;0;(-38.56706336336916 -3.822757742621507);
QEN1677;2022-06-28 18:45:00;Avenida Coronel Carvalho;;;BARRA DO CEARA;971162;Colisão Lateral;Luz do Dia;Bom;Seca;Meio de quadra;Não há Controle;Longo da via;0;0;2;0;1;0;1;0;0;0;0;0;0;(-38.5892023163756 -3.712639469191992);
BBE5241;2022-06-06 10:20:00;Rua Padre Pedro de Alencar;RUA EDUARDO PORTO;;MESSEJANA;970256;Colisão Transversal;Luz do Dia;Bom;Seca;Cruz;Semáforo;Cruzamento;0;1;2;2;1;0;0;0;0;0;0;0;0;(-38.4941088 -3.8327354);
QBS0502;2022-06-06 12:00:00;Avenida Santos Dumont;;;ALDEOTA;970008;Colisão Lateral;Luz do Dia;Bom;Seca;Meio de quadra;Semáforo;Longo da via;0;0;2;0;1;0;0;1;0;0;0;0;0;(-38.50659564173732 -3.733614908044761);
PVO8719;2022-06-29 22:15:00;Avenida A;;;CONJUNTO CEARA I;970729;Colisão Lateral;Mal Iluminada;Bom;Seca;Meio de quadra;Não há Controle;Longo da via;0;0;0;0;1;0;0;1;0;1;0;0;0;(-38.603386 -3.7679918);
DCK7263;2022-06-07 01:00:00;AV ADEMAR PAULA;AV ALBERTO CRAVEIRO;;CASTELAO;969672;Colisão Transversal;Via Iluminada;Chuva;Molhada;Não informado;Semáforo;Cruzamento;0;0;1;0;2;0;0;0;0;0;0;0;0;(-38.51982967039994 -3.801317437156869);
WGS9816;2022-06-05 09:45:00;RUA FREI MANSUETO;RUA TAVARES COUTINHO;;MEIRELES;970976;Colisão Transversal;Luz do Dia;Bom;Seca;Cruz;Semáforo;Cruzamento;0;1;0;0;1;0;0;0;0;0;1;0;0;(-38.488744 -3.7326506);
JXP9764;2022-06-29 11:00:00;Avenida Dioguinho;RUA FRANCISCO MOREIRA;;PRAIA DO FUTURO I;970813;Colisão Lateral;Luz do Dia;Nublado;Seca;Cruz;Não informado;Longo da via;0;1;1;1;1;0;0;0;0;0;0;0;0;(-38.45123485453423 -3.745512611238564);
RRW7062;2022-06-05 03:30:00;RUA VEREADOR NARCILIO ANDRADE;RUA TRES MARIAS D39 (MONTESE);;MONTESE;969211;Choque c/ Obstáculo Fixo;Via Iluminada;Chuva;Molhada;Y;Não há Controle;Cruzamento;0;0;1;0;0;0;0;1;0;0;0;0;0;(-38.54983292096177 -3.769634722594541);
ZBL4548;2022-06-06 01:15:00;Rua Raimundo Neri;;;PARQUE SAO JOSE;968830;Colisão Traseira;Via Iluminada;Nublado;Seca;Cruz;Semáforo;Longo da via;0;1;1;1;1;0;0;0;0;0;0;0;0;(-38.58669547704174 -3.793488448015191);
YQN3375;2022-06-29 23:37:00;Rua Raul Cabral;;;MONTESE;970950;Choque c/ Obstáculo Fixo;Via Iluminada;Bom;Seca;Meio de quadra;Não há Controle;Longo da via;0;0;1;0;1;0;0;0;0;0;0;0;0;(-38.54467228251283 -3.7689154382045);
MTC7443;2022-06-30 17:40:00;Avenida Alberto Craveiro;;;CASTELAO;968858;Atropelamento;Luz do Dia;Bom;Seca;Rotatória;Dê Preferência;Longo da via;0;2;0;1;0;0;0;0;0;0;0;0;0;(-38.52441631757801 -3.80693565842601);
QBP0894;2022-06-04 19:00:00;Avenida Pontes Vieira;RUA BARBOSA DE FREITAS;;DIONISIO TORRES;970915;Colisão Transversal;Luz do Dia;Bom;Seca;Cruz;Semáforo;Cruzamento;0;1;1;1;1;0;0;0;0;0;0;0;0;(-38.50207344296808 -3.751392148766671);
VYH9813;2022-06-30 22:30:00;Rua José Vilar;;;ALDEOTA;969748;Colisão Transversal;Via Iluminada;Bom;Seca;Cruz;Pare;Longo da via;0;0;1;1;1;0;0;0;0;0;0;0;0;(-38.50509361216069 -3.737188719101236);
OYE6262;2022-06-05 00:00:00;Avenida General Osório de Paiva;;;;970794;Colisão Transversal;Via Iluminada;Bom;Seca;Meio de quadra;Não há Controle;Longo da via;0;2;0;1;0;0;0;0;0;1;0;0;0;(-38.5968812 -3.7992576);
LKR0629;2022-07-01 01:00:00;Rua Coronel Matos Dourado;;;ANTONIO BEZERRA;970945;Colisão Transversal;Não informado;Nublado;Seca;Cruz;Semáforo;Longo da via;0;1;1;1;1;0;0;0;0;0;0;0;0;(-38.58515217590386 -3.74202247445244);
LOK4348;2022-06-30 10:10:00;Rua General Mário Hermes;RUA CESAR CORREIA;;ALVARO WEYNE;971013;Colisão Transversal;Não informado;Bom;Seca;Cruz;Pare;Longo da via;0;1;1;0;2;0;0;0;0;0;0;0;0;(-38.57450917944141 -3.715117978810057);
HVM7338;2022-06-04 16:25:00;AV ALANIS MARIA LAURINDO DE OLIVEIRA;AV G CJ CEARA;;CONJUNTO CEARA I;970591;Colisão Transversal;Luz do Dia;Nublado;Seca;Cruz;Não informado;Cruzamento;0;1;1;1;1;0;0;0;0;0;0;0;0;(-38.611783 -3.7727959);
QPB1449;2022-06-05 01:05:00;Avenida Presidente Costa e Silva;;;PREFEITO JOSE VALTER;960904;Colisão Traseira;Mal Iluminada;Bom;Seca;Meio de quadra;Semáforo;Longo da via;0;0;2;0;2;0;0;0;0;0;0;0;0;(-38.5503326 -3.8234508);
LJE0186;2022-06-03 19:20:00;Avenida Duque de Caxias;;;CENTRO;970871;Atropelamento;Luz do Dia;Nublado;Seca;Meio de quadra;Outros;Longo da via;0;1;0;1;0;0;0;0;0;0;0;0;0;(-38.5266805 -3.7329464);
LZF7550;2022-06-03 12:35:00;Rua Vicente Leite;RUA HENRIQUETA GALENO;;ALDEOTA;970857;Colisão Transversal;Luz do Dia;Bom;Seca;Cruz;Pare;Cruzamento;0;1;1;1;1;0;0;0;0;0;0;0;0;(-38.49817660000001 -3.7457393);
VCY2589;2022-06-03 20:30:00;Rua Crisanto Moreira da Rocha;RUA DOS AMIGOS (CAMBEBA);;CAMBEBA;970603;Choque c/ Obstáculo Fixo;Luz do Dia;Bom;Seca;T;Não há Controle;Cruzamento;0;2;0;0;1;0;0;0;0;0;0;0;0;(-38.48209660317893 -3.804850574656701);
MVQ9524;2022-06-03 16:50:00;RUA SOLON ONOFRE;RUA CARLOS BARBOSA;;PAPICU;970601;Colisão Transversal;Luz do Dia;Bom;Seca;Cruz;Não há Controle;Cruzamento;0;1;1;1;1;0;0;0;0;0;0;0;0;(-38.4739397 -3.7365627);
MXA7288;2022-06-03 09:15:00;AV DR SILAS MUNGUBA;RUA DES OTACILIO PEIXOTO;;PASSARE;970327;Queda;Luz do Dia;Bom;Seca;T;Semáforo;Cruzamento;0;1;0;1;0;0;0;0;0;0;0;0;0;(-38.5303616 -3.8004015);
UER8123;2022-06-03 13:00:00;Avenida Heráclito Graça;;;CENTRO;970161;Colisão Lateral;Luz do Dia;Bom;Seca;Meio de quadra;Não há Controle;Longo da via;0;2;1;1;1;0;0;0;0;0;0;0;0;(-38.51030617039663 -3.738268604707366);
WTR7216;2022-06-03 16:30:00;Rua Mozart Firmeza;RUA MOZART FIRMEZA;;;969472;Colisão Transversal;Luz do Dia;Bom;Seca;T;Não há Controle;Cruzamento;0;1;1;1;1;0;0;0;0;0;0;0;0;(-38.57657452372818 -3.767461478267609);
OSZ7916;2022-06-02 17:30:00;Rua Guimarães Passos;;;PICI;970352;Choque c/ Obstáculo Fixo;Luz do Dia;Nublado;Seca;Meio de quadra;Não há Controle;Longo da via;0;0;1;0;0;0;1;0;0;0;0;0;0;(-38.58315661890794 -3.746788622115152);
FMN7687;2022-06-02 16:30:00;AV FREI CIRILO;;;MESSEJANA;969646;Engavetamento;Luz do Dia;Bom;Seca;Meio de quadra;Semáforo;Longo da via;0;0;3;0;3;0;0;0;0;0;0;0;0;(-38.49556102446692 -3.821683900137093);
IOB3632;2022-06-01 14:25:00;Rua Frei Humberto;;;FARIAS BRITO;970870;Colisão Lateral;Luz do Dia;Bom;Molhada;Meio de quadra;Não há Controle;Longo da via;0;0;0;0;0;0;0;1;0;0;1;0;0;(-38.54297176532343 -3.730526202852944);
HEC9606;2022-06-01 16:10:00;AV PRE CASTELO BRANCO;;;PIRAMBU;970825;Atropelamento;Luz do Dia;Nublado;Seca;Meio de quadra;Semáforo;Longo da via;0;1;0;1;1;0;0;0;0;0;0;0;0;(-38.55842665648219 -3.711260360260455);
GAM5396;2022-06-01 21:11:00;RUA ANTENOR ROCHA ALEXANDRE;RUA JOAO REGINO;;PARQUE MANIBURA;970565;Colisão Transversal;Via Iluminada;Nublado;Molhada;Cruz;Pare;Cruzamento;0;2;0;1;1;0;0;0;0;0;0;0;0;(-38.48281739999999 -3.7921514);
IND9409;2022-06-01 10:20:00;RUA PDE PEDRO DE ALENCAR;;;MESSEJANA;970637;Colisão Lateral;Luz do Dia;Chuva;Molhada;Meio de quadra;Não há Controle;Longo da via;0;1;1;1;1;0;0;0;0;0;0;0;0;(-38.49468127562678 -3.847798296754464);
GCL4384;2022-06-01 12:00:00;Avenida General Murilo Borges;;;ENGENHEIRO LUCIANO CAVALCANTE;970326;Colisão Lateral;Luz do Dia;Chuva;Molhada;Meio de quadra;Não há Controle;Longo da via;0;2;0;0;2;0;0;0;0;0;0;0;0;(-38.4980672 -3.7672671);
NVS0410;2022-06-01 07:10:00;Rua Vitória;RUA PORTO ALEGRE;;HENRIQUE JORGE;969581;Colisão Transversal;Amanhecer;Chuva;Molhada;Cruz;Pare;Cruzamento;0;1;1;0;2;0;0;0;0;0;0;0;0;(-38.5869471 -3.7621938);
WQK1227;2022-06-01 23:20:00;Avenida Deputado Paulino Rocha;;;CASTELAO;967545;Atropelamento;Anoitecer;Bom;Seca;Meio de quadra;Não há Controle;Longo da via;0;1;0;0;1;0;0;0;0;0;0;0;0;(-38.52300839999999 -3.809426);
GTK4225;2022-05-18 08:10:00;AV GAL OSORIO DE PAIVA;RUA LEONEL CHAVES;;PARANGABA;970681;Colisão Transversal;Não informado;Nublado;Molhada;T;Pare;Cruzamento;0;1;0;2;0;0;0;0;0;0;0;0;0;(-38.5672056 -3.7760666);
KBA2956;2022-05-18 17:00:00;RUA JUVENCIO VASCONCELOS;AV ALM HENRIQUE SABOIA;;MUCURIPE;970428;Colisão Lateral;Luz do Dia;Bom;Seca;Cruz;Semáforo;Cruzamento;0;1;1;1;1;0;0;0;0;0;0;0;0;(-38.4805039 -3.7243496);
HKE2782;2022-05-18 09:20:00;RUA AZEVEDO BOLAO;RUA ERICO MOTA;;PARQUELANDIA;970309;Colisão Transversal;Luz do Dia;Nublado;Não informado;Cruz;Semáforo;Cruzamento;0;1;0;1;1;0;0;0;0;0;0;0;0;(-38.5625234 -3.737647299999999);
EIU0077;2022-05-18 08:50:00;Rua 15 de Novembro;RUA BAR CANINDE;;MONTESE;970248;Colisão Transversal;Amanhecer;Chuva;Molhada;Não informado;Semáforo Danificado;Cruzamento;0;3;0;2;1;0;0;0;0;0;0;0;0;(-38.5567768 -3.7686194);
FZU4195;2022-05-19 00:10:00;RUA FRANCISCO HOLANDA;RUA LEONARDO MOTA;;ALDEOTA;960886;Colisão Traseira;Via Iluminada;Bom;Seca;T;Pare;Cruzamento;0;0;2;0;2;0;0;0;0;0;0;0;0;(-38.5006138 -3.7499637);
AAS7045;2022-05-17 12:25:00;AV DA UNIVERSIDADE;;;BENFICA;970682;Colisão Transversal;Não informado;Bom;Seca;Meio de quadra;Semáforo;Longo da via;0;1;1;1;1;0;0;0;0;0;0;0;0;(-38.54319172945134 -3.745477147878757);
RTG6653;2022-05-17 22:20:00;Avenida Governador Raul Barbosa;;;SAO JOAO DO TAUAPE;968467;Colisão Traseira;Via Iluminada;Bom;Seca;Meio de quadra;Não há Controle;Longo da via;0;2;0;0;2;0;0;0;0;0;0;0;0;(-38.5043730977829 -3.756896860867859);
DCZ8065;2022-05-17 18:30:00;Avenida Sargento Hermínio Sampaio;;;PRESIDENTE KENNEDY;967686;Colisão Traseira;Luz do Dia;Bom;Seca;Meio de quadra;Não há Controle;Longo da via;0;0;2;0;2;0;0;0;0;0;0;0;0;(-38.57007648418184 -3.728151368603656);
ZMH9452;2022-05-17 12:00:00;Avenida Rogaciano Leite;;;GUARARAPES;966677;Queda;Luz do Dia;Bom;Seca;Meio de quadra;Não há Controle;Longo da via;0;1;1;1;1;0;0;0;0;0;0;0;0;(-38.49466517345872 -3.763666316908878);
CRV1643;2022-05-17 19:40:00;RUA ADELIA FEIJO;RUA INES BRASIL;;CASTELAO;965698;Colisão Transversal;Não informado;Bom;Seca;Cruz;Pare;Cruzamento;0;1;1;1;1;0;0;0;0;0;0;0;0;(-38.5189931 -3.8035384);
ZVX2536;2022-05-16 13:30:00;Avenida Jornalista Tomaz Coelho;RUA MUCAMBINHO (MESSEJANA);;BARROSO;970777;Colisão Lateral;Luz do Dia;Bom;Seca;T;Semáforo;Cruzamento;0;0;3;0;2;1;0;0;0;0;0;0;0;(-38.5072284 -3.8304872);
KRH7108;2022-05-16 23:29:00;Rua Silva Paulet;RUA AFONSO CELSO;;ALDEOTA;970573;Colisão Transversal;Via Iluminada;Bom;Seca;Cruz;Pare;Cruzamento;0;2;0;2;0;0;0;0;0;0;0;0;0;(-38.5062692 -3.7371241);
GPC6647;2022-05-16 15:50:00;RUA ALEXANDRE BARAUNA;;;RODOLFO TEOFILO;970502;Colisão;Luz do Dia;Bom;Seca;Meio de quadra;Não há Controle;Longo da via;0;1;1;1;1;0;0;0;0;0;0;0;0;(-38.55358257972938 -3.746338974026953);
TYW3987;2022-05-16 03:01:00;AV JOR TOMAS COELHO;;;MESSEJANA;TYW3987;Colisão Frontal;Via Iluminada;Bom;Seca;Outros;Não há Controle;Longo da via;0;0;1;0;1;0;0;1;0;0;0;0;0;(-38.50491998223625 -3.831148972422204);
ZFG7479;2022-05-16 23:00:00;RUA MAXIMINIANO DA FONSECA;RUA JOSE B PARENTE D59;;ENGENHEIRO LUCIANO CAVALCANTE;969948;Colisão Transversal;Via Iluminada;Bom;Seca;T;Pare;Cruzamento;0;1;0;1;1;0;0;0;0;0;0;0;0;(-38.4851014 -3.771302);
LER9664;2022-05-16 22:00:00;Avenida Frei Cirilo;;;MESSEJANA;969947;Colisão Lateral;Via Iluminada;Bom;Seca;Meio de quadra;Semáforo;Longo da via;0;1;1;1;1;0;0;0;0;0;0;0;0;(-38.49733490157116 -3.817607217191372);
JNC2967;2022-05-17 01:00:00;Rua Cônego de Castro;;;PARQUE SANTA ROSA;969714;Choque c/ Obstáculo Fixo;Não informado;Bom;Seca;Meio de quadra;Não há Controle;Longo da via;0;0;1;0;1;0;0;0;0;0;0;0;0;(-38.6004246840645 -3.816941581552968);
CWK4530;2022-05-16 10:00:00;Rua João Cordeiro;;;ALDEOTA;967202;Colisão Lateral;Luz do Dia;Nublado;Seca;Meio de quadra;Não há Controle;Longo da via;0;1;2;1;1;0;0;0;0;0;0;0;0;(-38.51532892062342 -3.732624596471242);
NRC1506;2022-05-15 08:10:00;Rua Maranhão;;;PAN AMERICANO;970815;Colisão Transversal;Luz do Dia;Bom;Molhada;Meio de quadra;Não há Controle;Longo da via;0;0;2;0;2;0;0;0;0;0;0;0;0;(-38.5671449 -3.75462);
CQV7480;2022-06-15 14:05:00;RUA PDE PEDRO ALENCAR;;;MESSEJANA;970811;Colisão Transversal;Luz do Dia;Bom;Não informado;Duplo T;Semáforo;Longo da via;0;0;1;1;1;0;0;0;0;0;0;0;0;(-38.49418774259986 -3.835370105837667);
EHC9748;2022-05-15 08:00:00;Avenida Francisco Sá;;;CARLITO PAMPLONA;970760;Colisão Traseira;Amanhecer;Chuva;Molhada;Meio de quadra;Não há Controle;Longo da via;0;0;0;0;2;0;0;0;0;0;0;0;0;(-38.55257943707647 -3.718984948457907);
DKL8064;2022-05-15 07:45:00;Rua Costa Barros;;;ALDEOTA;970587;Choque c/ Obstáculo Fixo;Amanhecer;Nublado;Molhada;Meio de quadra;Outros;Longo da via;0;0;0;0;1;0;0;0;0;0;0;0;0;(-38.50648832123947 -3.73203040899111);
EGK4811;2022-05-15 10:40:00;Avenida A;;;CONJUNTO CEARA I;970583;Choque c/ Obstáculo Fixo;Luz do Dia;Nublado;Molhada;Meio de quadra;Não há Controle;Longo da via;0;1;0;0;1;0;0;0;0;0;0;0;0;(-38.60349848761989 -3.768044936021539);
NBW4600;2022-05-15 16:00:00;Rua Mozart Pinto;RUA DEMOCRITO ROCHA;;MONTE CASTELO;969713;Colisão Lateral;Luz do Dia;Bom;Seca;T;Pare;Cruzamento;0;0;1;0;2;0;0;0;0;0;0;0;0;(-38.5519161 -3.7259928);
XPO4878;2022-05-15 03:35:00;AV DOM LUIS;;;ALDEOTA;967606;Colisão Frontal;Via Iluminada;Bom;Não informado;Não informado;Não há Controle;Longo da via;0;1;0;1;1;0;0;0;0;0;0;0;0;(-38.49494413257941 -3.734096680838845);
ZHM7997;2022-05-14 13:30:00;AV ROGACIANO LEITE;AV JOSE LEON;;CIDADE DOS FUNCIONRAIOS;970776;Colisão Lateral;Luz do Dia;Bom;Seca;Cruz;Semáforo;Cruzamento;0;0;2;0;2;0;0;0;0;0;0;0;0;(-38.50352850000001 -3.7873774);
ZJN6266;2022-05-14 12:40:00;Avenida General Osório de Paiva;;;VILA PERY;970586;Colisão Lateral;Luz do Dia;Bom;Seca;Outros;Outros;Longo da via;0;1;1;1;1;0;0;0;0;0;0;0;0;(-38.58690098597683 -3.789022390624842);
MYV8472;2022-05-14 07:50:00;AV PDE ANTONIO TOMAS;AV SEN VIRGILIO TAVORA;;ALDEOTA;970324;Colisão Transversal;Amanhecer;Bom;Molhada;Cruz;Semáforo;Cruzamento;0;1;1;0;2;0;0;0;0;0;0;0;0;(-38.4947063 -3.7417463);
CVH9835;2022-05-13 11:20:00;AV ALM MAXIMINIANO DA FONSECA;RUA JOSE B PARENTE D59;;ENGENHEIRO LUCIANO CAVALCANTE;970759;Colisão Lateral;Luz do Dia;Chuva;Molhada;T;Pare;Cruzamento;0;2;0;1;1;0;0;0;0;0;0;0;0;(-38.48506114126842 -3.771424483577706);