COD_ACIDENTE;DATA;LOG1;LOG2;NUMERO;BAIRRO;AMC;NATUREZA;ILUMINACAO;TEMPO;SUPERFICIEPISTA;TIPOCRUZAMENTO;CONTROLETRAFEGO;USOSOLO;MORTOS;FERIDOS;ILESOS;MOTOCICLETA;AUTOMOVEL;MICROONIBUS;CAMINHAO;ONIBUS;CICLOMOTOR;BICICLETA;OUTROS;TREM;TRACAOANIMAL;COORDENADAS
IRN2845;2022-05-13 10:30:00;Rua Ataúlfo Alves;RUA MON JOAO LUIS SANTIAGO;;JARDIM DAS OLIVEIRAS;970727;Colisão Transversal;Luz do Dia;Bom;Molhada;Cruz;Pare;Cruzamento;0;0;2;0;2;0;0;0;0;0;0;0;0;(-38.4981938 -3.786758399999999);
BLO3389;2022-05-13 09:30:00;Rua Luiza Miranda Coelho;RUA MARIA ALICE FERRAZ;;ENGENHEIRO LUCIANO CAVALCANTE;970726;Colisão Transversal;Luz do Dia;Nublado;Molhada;Cruz;Pare;Cruzamento;0;1;1;1;1;0;0;0;0;0;0;0;0;(-38.4912583 -3.773766599999999);
YIT8347;2022-05-13 04:40:00;Avenida Américo Barreira;;;DAMAS;968972;Choque c/ Obstáculo Fixo;Via Iluminada;Bom;Seca;Meio de quadra;Não há Controle;Longo da via;0;0;1;0;1;0;0;0;0;0;0;0;0;(-38.55676368431261 -3.756204414071794);
KLP7200;2022-05-12 21:40:00;RUA ARMANDO MONTEIRO;RUA ALBERTO MONTEZUMA;;VILA UNIAO;970801;Colisão Frontal;Via Iluminada;Bom;Seca;Cruz;Pare;Cruzamento;0;1;1;1;1;0;0;0;0;0;0;0;0;(-38.5327846 -3.7647795);
BVZ9554;2022-05-12 20:00:00;RUA MARIA ALMEIDA;RUA AQUIRAZ;;MESSEJANA;970765;Colisão Lateral;Via Iluminada;Bom;Seca;Cruz;Pare;Cruzamento;0;1;1;1;1;0;0;0;0;0;0;0;0;(-38.4850852 -3.8407438);
HTG5489;2022-05-12 17:30:00;RUA JOAO LUIS SANTIAGO;RUA ATAULFO ALVES;;JARDIM DAS OLIVEIRAS;970507;Colisão Transversal;Luz do Dia;Bom;Seca;Cruz;Pare;Cruzamento;0;1;1;1;1;0;0;0;0;0;0;0;0;(-38.4981938 -3.786758399999999);
ELU9836;2022-05-12 11:12:00;RUA MAJ WEYNE;RUA CARLOS CAMARA;;JARDIM AMERICA;970323;Colisão Transversal;Luz do Dia;Bom;Seca;Cruz;Pare;Cruzamento;0;1;2;0;3;0;0;0;0;0;0;0;0;(-38.5444969 -3.748592399999999);
NBD8989;2022-05-12 15:45:00;Rua Francisco Lorda;RUA JOAO ARARIPE;;VILA UNIAO;970187;Colisão Traseira;Luz do Dia;Bom;Seca;Cruz;Semáforo;Cruzamento;0;1;1;1;1;0;0;0;0;0;0;0;0;(-38.533311 -3.7614871);
QZU7910;2022-05-12 19:10:00;AV PONTES VIEIRA;AV DES MOREIRA;;ALDEOTA;969711;Colisão Lateral;Luz do Dia;Bom;Seca;Cruz;Semáforo;Cruzamento;0;1;1;1;1;0;0;0;0;0;0;0;0;(-38.5032459 -3.7514672);
BFV1435;2022-05-13 00:00:00;Avenida Frei Cirilo;;;MESSEJANA;969553;Colisão Traseira;Mal Iluminada;Bom;Seca;Meio de quadra;Não há Controle;Longo da via;0;2;0;1;0;0;0;0;0;1;0;0;0;(-38.4979833 -3.8161503);
MHB6276;2022-05-11 23:30:00;Rua Urucutuba;;;GRANJA LISBOA;970791;Colisão Lateral;Via Iluminada;Nublado;Molhada;Meio de quadra;Não há Controle;Longo da via;0;1;1;1;0;0;1;0;0;0;0;0;0;(-38.60881999312038 -3.797683003229208);
VZD2044;2022-05-11 13:40:00;Avenida Monsenhor Tabosa;;;MEIRELES;970786;Colisão Lateral;Luz do Dia;Nublado;Seca;Meio de quadra;Semáforo;Longo da via;0;1;1;1;1;0;0;0;0;0;0;0;0;(-38.5050968 -3.7247035);
UIC1380;2022-05-11 20:30:00;RUA LEAO DO NORTE;;;VILA PERY;969204;Queda;Luz do Dia;Chuva;Molhada;Meio de quadra;Não há Controle;Longo da via;0;1;0;1;0;0;0;0;0;0;0;0;0;(-38.57616142530361 -3.784756284423375);
DXW6918;2022-05-11 23:00:00;Avenida General Osório de Paiva;;;PARANGABA;968829;Atropelamento;Via Iluminada;Nublado;Seca;Meio de quadra;Não há Controle;Longo da via;0;1;1;0;0;0;0;1;0;0;0;0;0;(-38.59062389208948 -3.792833499077297);
LEX8855;2022-05-11 05:00:00;Rua M;;;CAJAZEIRAS;960893;Colisão Frontal;Via Iluminada;Bom;Seca;Meio de quadra;Pare;Longo da via;0;0;2;0;1;0;1;0;0;0;0;0;0;(-38.5168723 -3.8100836);
EMV7814;2022-05-19 16:15:00;Avenida Almirante Henrique Sabóia;RUA JUVENCIO VASCONCELOS;;VICENTE PINZON;964626;Colisão Transversal;Luz do Dia;Bom;Seca;Cruz;Semáforo Danificado;Longo da via;0;0;1;1;1;0;0;0;0;0;0;0;0;(-38.4805039 -3.7243496);
VHC3968;2022-05-10 16:20:00;AV DOMINGOS OLIMPIO;;;CENTRO;970731;Colisão Traseira;Luz do Dia;Nublado;Seca;Meio de quadra;Semáforo;Longo da via;0;1;0;0;1;0;0;1;0;0;0;0;0;(-38.5325004246134 -3.736162947823283);
ASS5944;2022-05-19 19:20:00;Rua Costa Barros;RUA ISAC MEYER;;ALDEOTA;969554;Colisão Transversal;Via Iluminada;Bom;Seca;Cruz;Pare;Longo da via;0;1;1;1;1;0;0;0;0;0;0;0;0;(-38.5116856 -3.7303207);
PLJ5158;2022-05-10 10:00:00;Avenida A;AV F CJ ESPERANCA;;CONJUNTO ESPERANCA;970664;Colisão Transversal;Luz do Dia;Nublado;Seca;Cruz;Não há Controle;Cruzamento;0;2;0;1;1;0;0;0;0;0;0;0;0;(-38.5888593 -3.817864699999999);
WNB8732;2022-05-19 10:40:00;Avenida Alberto Craveiro;;;CASTELAO;969582;Colisão Lateral;Luz do Dia;Bom;Seca;Rotatória;Pare;Longo da via;0;0;2;0;2;0;0;0;0;0;0;0;0;(-38.5243277 -3.8071117);
PSE3177;2022-05-10 15:10:00;Avenida João Pessoa;RUA OSCAR BEZERRA ARAUJO;;DAMAS;970083;Colisão Transversal;Luz do Dia;Nublado;Seca;T;Pare;Cruzamento;0;1;1;0;0;0;0;1;1;0;0;0;0;(-38.557493 -3.7616558);
FBS8183;2022-05-19 11:03:00;Avenida da Abolição;AV BAR STUDART;;MEIRELES;969699;Colisão Traseira;Luz do Dia;Bom;Seca;Cruz;Semáforo;Longo da via;0;0;2;0;2;0;0;0;0;0;0;0;0;(-38.50315705178527 -3.724967710599216);
OVH8391;2022-05-10 20:30:00;Avenida Coronel Carvalho;;;JARDIM IRACEMA;960885;Colisão Traseira;Mal Iluminada;Bom;Seca;Meio de quadra;Semáforo;Longo da via;0;0;2;0;2;0;0;0;0;0;0;0;0;(-38.58779683487382 -3.718203392367364);
TKV7150;2022-05-19 18:25:00;Avenida Frei Cirilo;;;MESSEJANA;970515;Colisão Lateral;Luz do Dia;Bom;Seca;Meio de quadra;Não há Controle;Longo da via;0;2;0;2;0;0;0;0;0;0;0;0;0;(-38.49695045575935 -3.81850250843801);
SBB8794;2022-05-08 17:20:00;Rua Padre Pedro de Alencar;;;MESSEJANA;970427;Colisão Lateral;Luz do Dia;Bom;Seca;Meio de quadra;Não há Controle;Longo da via;0;1;1;1;1;0;0;0;0;0;0;0;0;(-38.49420920754389 -3.841086453857262);
CBB1003;2022-05-21 01:15:00;Avenida Barão de Studart;RUA DOM EXPEDITO LOPES;;ALDEOTA;966704;Colisão Transversal;Via Iluminada;Bom;Seca;Cruz;Semáforo;Longo da via;0;0;1;1;1;0;0;0;0;0;0;0;0;(-38.5091275 -3.7425206);
HSE0981;2022-05-09 23:30:00;Rua Professor Heribaldo Costa;;;HENRIQUE JORGE;968859;Colisão Lateral;Via Iluminada;Bom;Seca;Meio de quadra;Não há Controle;Cruzamento;0;1;1;1;1;0;0;0;0;0;0;0;0;(-38.58322635868811 -3.758939738809747);
HDQ3702;2022-05-20 18:10:00;Rua Érico Mota;;;PARQUELANDIA;968824;Colisão Traseira;Luz do Dia;Bom;Seca;Meio de quadra;Outros;Longo da via;0;0;0;0;2;0;0;0;0;0;0;0;0;(-38.56248751074037 -3.73782037413814);
IQI3711;2022-05-09 21:48:00;Avenida Edilson Brasil Soares;RUA 30 DE JUNHO UI 301;;EDSON QUEIROZ;968466;Colisão Traseira;Via Iluminada;Bom;Seca;Outros;Não há Controle;Cruzamento;0;1;0;0;2;0;0;0;0;0;0;0;0;(-38.4734341 -3.7888626);
ZGF6539;2022-05-09 10:55:00;RUA SEN ALENCAR;RUA PRC ISABEL;;CENTRO;960535;Colisão Lateral;Não informado;Bom;Seca;Cruz;Pare;Cruzamento;0;0;2;0;1;0;1;0;0;0;0;0;0;(-38.5343832 -3.722819799999999);
SJY7424;2022-05-20 11:00:00;Avenida Godofredo Maciel;;;MARAPONGA;969268;Colisão Lateral;Não informado;Bom;Não informado;Meio de quadra;Não informado;Longo da via;0;0;0;2;0;0;0;0;0;0;1;0;0;(-38.57198789810815 -3.80348323668983);
NEK0763;2022-05-08 19:00:00;Rua Diogo Correia;;;JOAO XXIII;970740;Choque c/ Obstáculo Fixo;Via Iluminada;Bom;Seca;Duplo T;Não informado;Longo da via;1;0;0;1;0;0;0;0;0;0;0;0;0;(-38.59069899488022 -3.769795306935268);
XXG1408;2022-05-08 12:07:00;Rua Ildefonso Albano;RUA PEREIRA FILGUEIRAS;;ALDEOTA;970574;Colisão Transversal;Luz do Dia;Nublado;Molhada;Cruz;Semáforo;Cruzamento;0;0;2;0;2;0;0;0;0;0;0;0;0;(-38.51173325853771 -3.728804442388657);
VIG5686;2022-05-20 07:30:00;Rua 25 de Maio;RUA AMELIA CONDE;;MONDUBIM;970620;Colisão Transversal;Via Iluminada;Bom;Seca;Cruz;Não há Controle;Longo da via;0;0;1;0;0;0;1;0;1;0;0;0;0;(-38.587185 -3.8221631);
SLE4762;2022-05-08 17:00:00;Via Expressa;;;PAPICU;969967;Colisão Traseira;Luz do Dia;Bom;Seca;Meio de quadra;Não há Controle;Longo da via;0;1;1;1;1;0;0;0;0;0;0;0;0;(-38.49094227063015 -3.745691266255688);
CWF3130;2022-05-20 10:35:00;Rua Gomes Brasil;;;PARANGABA;970762;Colisão Lateral;Luz do Dia;Bom;Seca;Meio de quadra;Semáforo;Longo da via;0;0;0;0;0;0;0;1;0;1;0;0;0;(-38.56959535875824 -3.771152912530559);
GMK9770;2022-05-08 05:45:00;Avenida Francisco Sá;AV PASTEUR;;CARLITO PAMPLONA;969437;Colisão Transversal;Via Iluminada;Chuva;Molhada;Cruz;Semáforo;Cruzamento;0;1;1;1;1;0;0;0;0;0;0;0;0;(-38.5605801 -3.7163231);
XHC1728;2022-05-21 18:50:00;Rua Doutor Miguel Couto;RUA COPERNICO;;PAUPINA;970457;Colisão Transversal;Luz do Dia;Bom;Seca;Cruz;Pare;Longo da via;0;1;1;1;1;0;0;0;0;0;0;0;0;(-38.49053994422366 -3.839157592107113);
OHY6780;2022-05-21 15:05:00;Avenida Sargento Hermínio Sampaio;RUA ERETIDES MARTINS;;VILA ELLERY;970503;Colisão Transversal;Luz do Dia;Bom;Seca;Cruz;Semáforo;Longo da via;0;0;0;1;1;0;0;0;0;0;0;0;0;(-38.5604807 -3.7263496);
HUO0642;2022-05-21 11:30:00;Rua 15 de Novembro;RUA BAR CANINDE;;MONTESE;970589;Colisão Transversal;Luz do Dia;Chuva;Molhada;Cruz;Semáforo;Longo da via;0;0;1;1;1;0;0;0;0;0;0;0;0;(-38.5567768 -3.7686194);
ENT5718;2022-05-21 09:40:00;Avenida General Osório de Paiva;RUA NAPOLEAO QUEZADO;;PARANGABA;970763;Colisão Traseira;Luz do Dia;Nublado;Molhada;Cruz;Semáforo;Longo da via;0;3;1;1;3;0;0;0;0;0;0;0;0;(-38.56818989621714 -3.776693045459245);
TVK5955;2022-05-21 21:50:00;Rua Almirante Jaceguai;;;PRAIA DE IRACEMA;970803;Colisão Lateral;Não informado;Bom;Seca;Meio de quadra;Não informado;Longo da via;0;0;2;0;1;0;0;1;0;0;0;0;0;(-38.51932004553617 -3.722055627448409);
RVE0478;2022-05-22 14:45:00;Rua Eduardo Bezerra;RUA CAP GUSTAVO;;SAO JOAO DO TAUAPE;966707;Colisão Transversal;Luz do Dia;Bom;Seca;Cruz;Semáforo Danificado;Longo da via;0;0;1;1;1;0;0;0;0;0;0;0;0;(-38.5169582 -3.7541403);
OCQ2710;2022-05-22 15:08:00;Avenida Lineu Machado;;;JOQUEI CLUBE;969697;Colisão Transversal;Luz do Dia;Bom;Seca;Meio de quadra;Não há Controle;Longo da via;0;0;2;0;2;0;0;0;0;0;0;0;0;(-38.57456818257306 -3.761325111623455);
UYI4042;2022-05-23 10:00:00;Rua Dona Leopoldina;RUA PINTO MADEIRA;;CENTRO;967284;Colisão Transversal;Luz do Dia;Bom;Seca;Cruz;Semáforo;Longo da via;0;0;0;0;2;0;0;0;0;0;0;0;0;(-38.5196795070997 -3.73172327814278);
FQO4446;2022-05-23 15:30:00;Avenida da Abolição;RUA OSVALDO CRUZ;;MEIRELES;970504;Colisão Lateral;Luz do Dia;Nublado;Molhada;Cruz;Semáforo;Longo da via;0;0;1;1;1;0;0;0;0;0;0;0;0;(-38.49730983593032 -3.726718167709627);
WEE2687;2022-05-23 23:11:00;Rua Álvaro Garrido;;;BARRA DO CEARA;970694;Colisão Lateral;Via Iluminada;Nublado;Molhada;Meio de quadra;Outros;Longo da via;0;0;0;1;0;0;0;1;0;0;0;0;0;(-38.58381644391321 -3.712826829773424);
KCN7982;2022-05-23 21:40:00;Rua Capitão Vasconcelos;;;ALTO DA BALANCA;970758;Colisão Traseira;Via Iluminada;Bom;Seca;Meio de quadra;Outros;Longo da via;0;0;1;1;1;0;0;0;0;0;0;0;0;(-38.51758197915625 -3.762518799242708);
KMK9268;2022-05-23 17:00:00;Rua Benjamim Brasil;;;MARAPONGA;970826;Colisão Lateral;Luz do Dia;Bom;Seca;Meio de quadra;Semáforo;Longo da via;0;0;2;0;2;0;0;0;0;0;0;0;0;(-38.57164458021349 -3.803333363805041);
NDP4051;2022-05-23 13:40:00;Rua Barbosa de Freitas;RUA REPUBLICA DO LIBANO;;ALDEOTA;970851;Colisão Transversal;Luz do Dia;Bom;Seca;Cruz;Pare;Longo da via;0;0;0;1;1;0;0;0;0;0;0;0;0;(-38.4957763 -3.7315885);
EQH8753;2022-05-24 08:20:00;Rua Benjamim Brasil;;;PARQUE DOIS IRMAOS;969409;Choque c/ Obstáculo Fixo;Amanhecer;Chuva;Molhada;Meio de quadra;Semáforo;Longo da via;0;0;1;0;1;0;0;0;0;0;0;0;0;(-38.55571762348801 -3.809494188395298);
LDX4775;2022-05-24 14:45:00;Rua Alberto Magno;;;JARDIM AMERICA;969821;Colisão Traseira;Luz do Dia;Nublado;Seca;Meio de quadra;Não informado;Longo da via;0;0;2;0;2;0;0;0;0;0;0;0;0;(-38.54082063542918 -3.754425243990641);
PVJ5885;2022-05-24 08:30:00;Rua Benjamim Brasil;;;JARDIM CEARENSE;970031;Queda;Não informado;Chuva;Molhada;Meio de quadra;Semáforo;Longo da via;0;0;0;1;0;0;0;0;0;0;0;0;0;(-38.5556786 -3.8094858);
ABM4269;2022-05-24 23:45:00;Avenida Presidente Castelo Branco;;;MOURA BRASIL;970217;Colisão Lateral;Via Iluminada;Bom;Seca;Meio de quadra;Não há Controle;Longo da via;0;0;1;1;1;0;0;0;0;0;0;0;0;(-38.53998912269383 -3.716975518171804);
QKR6588;2022-05-25 00:20:00;Avenida Tristão Gonçalves;RUA SEN ALENCAR;;CENTRO;970590;Colisão Lateral;Via Iluminada;Nublado;Seca;Cruz;Semáforo;Longo da via;0;1;1;1;1;0;0;0;0;0;0;0;0;(-38.53216246270441 -3.723597319728106);
CFU8919;2022-05-24 22:00:00;Avenida Augusto dos Anjos;RUA SEIXAS CORREIA;;PARANGABA;970792;Colisão Transversal;Via Iluminada;Bom;Seca;Cruz;Semáforo;Longo da via;0;1;1;1;1;0;0;0;0;0;0;0;0;(-38.578429 -3.7793644);
FGN2125;2022-05-07 10:00:00;Avenida Presidente Costa e Silva;;;JANGURUSSU;970286;Choque c/ Obstáculo Fixo;Luz do Dia;Bom;Seca;Meio de quadra;Não há Controle;Longo da via;0;0;0;0;1;0;0;0;0;0;0;0;0;(-38.5503326 -3.8234508);
MUV0184;2022-05-07 23:30:00;Avenida Deputado Paulino Rocha;;;CAJAZEIRAS;970014;Engavetamento;Via Iluminada;Bom;Seca;Não informado;Semáforo;Longo da via;0;0;4;0;4;0;0;0;0;0;0;0;0;(-38.50812450650569 -3.805931379809331);
HST0869;2022-05-07 11:00:00;Rua Marcos Macêdo;AV SEN VIRGILIO TAVORA;;VARJOTA;969913;Colisão Transversal;Luz do Dia;Bom;Seca;Cruz;Semáforo;Cruzamento;0;1;0;1;1;0;0;0;0;0;0;0;0;(-38.492822 -3.7358345);
TPM3166;2022-05-08 01:28:00;Avenida Castelo de Castro;;;CONJUNTO PALMEIRAS;960903;Choque c/ Obstáculo Fixo;Via Iluminada;Nublado;Seca;Não informado;Semáforo;Longo da via;0;0;0;0;1;0;1;0;0;0;0;0;0;(-38.521557 -3.8293873);
TPM3166;2022-05-06 21:30:00;AV GODOFREDO MACIEL;RUA MOREIRA DA ROCHA;;MARAPONGA;970693;Colisão Transversal;Via Iluminada;Bom;Seca;Não informado;Pare;Cruzamento;0;1;0;0;3;0;0;0;0;0;0;0;0;(-38.5737398 -3.8084944);
IEH7621;2022-05-06 19:18:00;Rua Rosinha Sampaio;;;QUINTINO CUNHA;970582;Colisão Lateral;Luz do Dia;Nublado;Seca;Meio de quadra;Não há Controle;Longo da via;0;0;1;0;4;0;0;0;0;0;0;0;0;(-38.59294131974004 -3.725558557176823);
HJW8897;2022-05-06 18:32:00;RUA ANTONIO POMPEU;RUA RUBIA SAMPAIO;;FARIAS BRITO;970581;Colisão Lateral;Luz do Dia;Nublado;Seca;Não informado;Pare;Cruzamento;0;0;2;0;2;0;0;0;0;0;0;0;0;(-38.5405808 -3.7316428);
EKC3370;2022-05-06 12:14:00;Avenida Duque de Caxias;;;CENTRO;970308;Colisão Traseira;Luz do Dia;Nublado;Molhada;Meio de quadra;Semáforo;Longo da via;0;1;0;0;3;0;0;0;0;0;0;0;0;(-38.5349657 -3.7301613);
JDS7749;2022-05-06 04:15:00;Avenida Humberto Monte;;;PARQUELANDIA;969436;Capotamento;Via Iluminada;Chuva;Molhada;Meio de quadra;Semáforo;Longo da via;0;1;0;0;1;0;0;0;0;0;0;0;0;(-38.5679321 -3.7400837);
ZKH2712;2022-05-06 15:00:00;AV BR DE STUDART;RUA EDUARDO SALGADO;;ALDEOTA;968732;Colisão Transversal;Luz do Dia;Bom;Seca;Cruz;Não há Controle;Cruzamento;0;2;0;1;1;0;0;0;0;0;0;0;0;(-38.5066742 -3.7346642);
DVN9208;2022-05-06 16:53:00;AV RUI BARBOSA;RUA JULIO SIQUEIRA;;JOAQUIM TVORA;968628;Colisão Transversal;Não informado;Nublado;Seca;Cruz;Pare;Cruzamento;0;1;1;0;1;0;1;0;0;0;0;0;0;(-38.5133457 -3.7480984);
NSY5121;2022-05-24 16:15:00;Rua Belos Portos;RUA SAO TOMAZ DE AQUINO;;PASSARE;970821;Colisão Transversal;Luz do Dia;Nublado;Molhada;Cruz;Pare;Longo da via;0;1;1;0;1;0;0;1;0;0;0;0;0;(-38.52621868671753 -3.815847659820439);
NBP0573;2022-05-06 08:30:00;Avenida Alberto Craveiro;;;CASTELAO;955103;Choque c/ Obstáculo Fixo;Amanhecer;Chuva;Molhada;Meio de quadra;Não há Controle;Longo da via;0;1;0;0;1;0;0;0;0;0;0;0;0;(-38.51973847224392 -3.80074470705356);
QHJ1379;2022-05-05 11:00:00;Rua Vicente Linhares;;;ALDEOTA;970706;Colisão Traseira;Luz do Dia;Bom;Seca;Meio de quadra;Não há Controle;Longo da via;0;0;0;0;3;0;0;0;0;0;0;0;0;(-38.50111320721462 -3.741922775171976);
IOA7974;2022-05-06 02:11:00;RUA JOSE HIPOLITO;RUA CEL GUILHERME ALENCAR;;MESSEJANA;970692;Colisão Traseira;Via Iluminada;Nublado;Molhada;Cruz;Semáforo;Cruzamento;0;0;2;0;1;0;1;0;0;0;0;0;0;(-38.4920274 -3.8330246);
ASE5862;2022-05-05 08:50:00;Avenida Engenheiro Santana Júnior;;;COCO;970636;Choque c/ Obstáculo Fixo;Amanhecer;Bom;Seca;Meio de quadra;Não há Controle;Longo da via;0;1;0;0;1;0;0;0;0;0;0;0;0;(-38.4859428 -3.741689);
HXW6309;2022-05-05 09:30:00;AV FRANCISCO SA;;;JACARECANGA;970568;Colisão Traseira;Luz do Dia;Bom;Seca;T;Não há Controle;Longo da via;0;1;1;1;0;0;0;1;0;0;0;0;0;(-38.54743496135881 -3.720681886350814);
IOQ8988;2022-05-05 11:00:00;Avenida Padre Antônio Tomás;;;PAPICU;970566;Colisão;Luz do Dia;Bom;Seca;Y;Não há Controle;Longo da via;0;1;1;0;1;0;0;0;0;1;0;0;0;(-38.47824469456111 -3.747077681478383);
AOU0576;2022-05-05 14:10:00;AV PONTES VIEIRA;;;SAO JOAO DO TAUAPE;970255;Colisão Traseira;Luz do Dia;Nublado;Seca;Meio de quadra;Outros;Longo da via;0;1;1;1;1;0;0;0;0;0;0;0;0;(-38.51341918991604 -3.752778554949733);
LSU4370;2022-05-05 22:10:00;AV JOAO PESSOA;;;DAMAS;970036;Atropelamento;Via Iluminada;Bom;Seca;Meio de quadra;Não informado;Longo da via;0;1;0;0;0;0;0;1;0;0;0;0;0;(-38.5549666056801 -3.758500802736792);
TRU9736;2022-05-25 04:00:00;Rua Rocha Lima;AV DOM MANUEL;;CENTRO;965987;Colisão Transversal;Via Iluminada;Nublado;Seca;Cruz;Semáforo;Longo da via;0;0;0;1;0;0;1;0;0;0;0;0;0;(-38.523596 -3.7359658);
KNX3793;2022-05-05 12:00:00;Avenida Américo Barreira;;;BELA VISTA;969267;Colisão Traseira;Luz do Dia;Bom;Seca;Meio de quadra;Semáforo;Longo da via;0;1;0;1;1;0;0;0;0;0;0;0;0;(-38.5563171 -3.7558964);
LYX4305;2022-05-25 23:15:00;Rua Melo de Oliveira;;;JOQUEI CLUBE;970695;Colisão Frontal;Via Iluminada;Bom;Seca;Meio de quadra;Outros;Longo da via;0;1;1;1;1;0;0;0;0;0;0;0;0;(-38.5771699228879 -3.770462400733213);
IUB0991;2022-05-05 20:13:00;Avenida Historiador Raimundo Girão;RUA HIS GUARINO ALVES;;PRAIA DE IRACEMA;968973;Colisão Lateral;Via Iluminada;Bom;Seca;T;Pare;Cruzamento;0;1;0;1;0;0;0;1;0;0;0;0;0;(-38.5146138 -3.7203951);
MUZ2408;2022-05-26 04:00:00;Avenida Bernardo Manuel;RUA JOAO FRANCA (PQ. 2 IRMÃOS);;PARQUE DOIS IRMAOS;965047;Colisão;Via Iluminada;Bom;Seca;Cruz;Semáforo;Longo da via;0;0;2;0;2;0;0;0;0;0;0;0;0;(-38.55036929243577 -3.795406121599636);
SNG4877;2022-05-05 10:58:00;RUA BADY MIGUEL;AV FRE CIRILO;;MESSEJANA;966038;Colisão Traseira;Luz do Dia;Bom;Molhada;T;Semáforo;Cruzamento;0;1;0;1;0;0;0;1;0;0;0;0;0;(-38.4934213 -3.8277715);
MVC3712;2022-05-04 10:20:00;Avenida Deputado Paulino Rocha;RUA POMPILIO GOMES;;CASTELAO;970914;Colisão;Luz do Dia;Nublado;Seca;Meio de quadra;Semáforo;Cruzamento;0;1;0;2;1;0;0;0;0;0;0;0;0;(-38.51956819999999 -3.8100305);
QZS5473;2022-05-27 18:00:00;Rua Tibúrcio Cavalcante;;;ALDEOTA;970660;Colisão Transversal;Luz do Dia;Bom;Seca;Meio de quadra;Não há Controle;Longo da via;0;0;0;1;1;0;0;0;0;0;0;0;0;(-38.50109711242726 -3.731353918026108);
GBU9632;2022-05-04 13:00:00;Avenida Santos Dumont;RUA RODRIGUES JUNIOR;;CENTRO;970680;Colisão Transversal;Não informado;Nublado;Seca;Cruz;Não informado;Cruzamento;0;1;0;1;1;0;0;0;0;0;0;0;0;(-38.5201391 -3.7291398);
UIA6937;2022-05-27 15:40:00;Rua Doutor José Teles;RUA ALBERTO FEITOSA LIMA;;GUARARAPES;970662;Colisão Transversal;Não informado;Nublado;Seca;Cruz;Pare;Longo da via;0;0;0;1;1;0;0;0;0;0;0;0;0;(-38.4842463 -3.7695038);
UTX9611;2022-05-04 22:32:00;Avenida Augusto dos Anjos;;;BONSUCESSO;970550;Colisão Traseira;Via Iluminada;Bom;Seca;Meio de quadra;Não há Controle;Longo da via;0;0;0;0;2;0;0;0;0;0;0;0;0;(-38.58257726434108 -3.784092547064582);
NYS4126;2022-05-27 16:15:00;Avenida Luciano Carneiro;RUA ALM RUFINO;;VILA UNIAO;970856;Queda;Luz do Dia;Chuva;Molhada;Cruz;Semáforo;Longo da via;0;0;1;1;0;0;0;0;0;0;0;0;0;(-38.53722647314439 -3.76674419939178);
JQJ6520;2022-05-04 13:00:00;AV DR SILAS MUNGUBA;;;ITAPERI;970080;Colisão Traseira;Luz do Dia;Nublado;Seca;Meio de quadra;Pare;Longo da via;0;2;0;1;1;0;0;0;0;0;0;0;0;(-38.55212344723466 -3.785521722842734);
ROT4184;2022-05-04 09:00:00;Rua Joaquim Magalhães;RUA SOLON PINHEIRO;;JOSE BONIFACIO;969428;Colisão Transversal;Luz do Dia;Bom;Seca;Cruz;Pare;Cruzamento;0;1;1;1;1;0;0;0;0;0;0;0;0;(-38.5293176 -3.7394754);
FDV8371;2022-05-28 01:00:00;Rua Manuel Castelo Branco;;;MESSEJANA;970901;Colisão Traseira;Via Iluminada;Bom;Seca;Cruz;Semáforo;Longo da via;0;0;0;1;1;0;0;0;0;0;0;0;0;(-38.49259451419827 -3.8318535693778);
UNJ4074;2022-05-03 16:30:00;Rua Antônio Pompeu;;;CENTRO;970506;Colisão Lateral;Luz do Dia;Bom;Seca;Meio de quadra;Semáforo;Longo da via;0;1;2;1;2;0;0;0;0;0;0;0;0;(-38.527396 -3.735854999999999);
BDV9518;2022-05-28 08:40:00;Avenida Presidente Costa e Silva;;;PREFEITO JOSE VALTER;970307;Colisão Lateral;Amanhecer;Nublado;Molhada;T;Semáforo;Longo da via;0;1;0;1;0;0;1;0;0;0;0;0;0;(-38.53979603172644 -3.825532331274561);
VTM3437;2022-05-29 10:20:00;Avenida Pedro Lazar;AV ENG JOSÉ GUIMARÃES;;CIDADE DOS FUNCIONRAIOS;970348;Colisão Transversal;Luz do Dia;Bom;Seca;Cruz;Pare;Longo da via;0;1;1;0;2;0;0;0;0;0;0;0;0;(-38.48841562129329 -3.80501073429249);
BGU0171;2022-05-03 11:00:00;Rua Sabino Batista;RUA GERSON FARIAS;;MONTE CASTELO;970157;Colisão Traseira;Luz do Dia;Bom;Seca;Cruz;Pare;Cruzamento;0;1;0;1;1;0;0;0;0;0;0;0;0;(-38.5526315 -3.7233582);
BGU0171;2022-05-04 00:00:00;Rua Newton Craveiro;RUA FARIAS LEMOS;;PARQUE IRACEMA;969949;Colisão Transversal;Via Iluminada;Bom;Seca;Cruz;Pare;Cruzamento;0;1;1;1;1;0;0;0;0;0;0;0;0;(-38.4961533 -3.8089918);