COD_ACIDENTE;DATA;LOG1;LOG2;NUMERO;BAIRRO;AMC;NATUREZA;ILUMINACAO;TEMPO;SUPERFICIEPISTA;TIPOCRUZAMENTO;CONTROLETRAFEGO;USOSOLO;MORTOS;FERIDOS;ILESOS;MOTOCICLETA;AUTOMOVEL;MICROONIBUS;CAMINHAO;ONIBUS;CICLOMOTOR;BICICLETA;OUTROS;TREM;TRACAOANIMAL;COORDENADAS
DBH8862;2022-04-07 19:00:00;Rua Salvador Mendonça;RUA DR JOSE PERDIGAO;;CIDADE DOS FUNCIONRAIOS;970453;Colisão Transversal;Luz do Dia;Bom;Seca;Cruz;Não há Controle;Longo da via;0;2;1;1;1;0;0;0;0;0;0;0;0;(-38.4900059 -3.7888284);
FHU5400;2022-04-08 01:40:00;Avenida Alberto Craveiro;;;CASTELAO;970452;Colisão Traseira;Via Iluminada;Bom;Seca;Meio de quadra;Não há Controle;Longo da via;0;0;2;0;2;0;0;0;0;0;0;0;0;(-38.51884261302546 -3.799122861800571);
JQI2886;2022-04-22 05:30:00;Avenida Duque de Caxias;AV TRISTAO GONCALVES;;CENTRO;968974;Colisão Lateral;Via Iluminada;Bom;Molhada;Cruz;Semáforo;Cruzamento;0;1;0;1;0;0;0;1;0;0;0;0;0;(-38.5342362 -3.7304373);
AEK1860;2022-04-08 01:35:00;Rua Benjamim Brasil;;;JARDIM CEARENSE;970448;Colisão Lateral;Via Iluminada;Nublado;Seca;Meio de quadra;Não há Controle;Longo da via;0;0;1;1;1;0;0;0;0;0;0;0;0;(-38.55776146465867 -3.808629079609732);
RSS9184;2022-04-22 04:00:00;RUA PDE PEDRO DE ALENCAR;RUA TEN JURANDIR ALENCAR;;MESSEJANA;968975;Colisão Lateral;Via Iluminada;Bom;Seca;Cruz;Semáforo;Cruzamento;0;0;2;0;1;0;1;0;0;0;0;0;0;(-38.4940409 -3.8317226);
GTL1310;2022-04-22 14:15:00;AV DOMINGOS OLIMPIO;;;BENFICA;969958;Colisão Traseira;Luz do Dia;Chuva;Molhada;Meio de quadra;Outros;Longo da via;0;0;0;0;2;0;0;0;0;0;0;0;0;(-38.54182377916132 -3.733031427306883);
FXC1264;2022-04-07 18:00:00;Avenida Presidente Costa e Silva;RUA BERNARDO MANUEL;;PREFEITO JOSE VALTER;969953;Colisão Lateral;Luz do Dia;Bom;Seca;Cruz;Semáforo Intermitente;Longo da via;0;0;0;1;1;0;0;0;0;0;0;0;0;(-38.55814 -3.8210641);
JZC8213;2022-04-22 11:00:00;RUA PDE VALDEVINO;AV DES MOREIRA;;ALDEOTA;970456;Engavetamento;Luz do Dia;Chuva;Seca;Cruz;Semáforo;Cruzamento;0;1;0;1;2;0;0;0;0;0;0;0;0;(-38.5008975 -3.744083799999999);
HWB7306;2022-04-07 18:10:00;Rua Eduardo Perdigão;RUA PEDRO II;;PARANGABA;969606;Choque c/ Obstáculo Fixo;Luz do Dia;Bom;Seca;Duplo T;Semáforo;Longo da via;0;0;0;0;1;0;0;0;0;0;0;0;0;(-38.56441 -3.7760126);
TFB2093;2022-04-23 18:00:00;Avenida Presidente Castelo Branco;;;MOURA BRASIL;966636;Colisão Transversal;Luz do Dia;Chuva;Molhada;Meio de quadra;Não há Controle;Longo da via;0;1;0;1;1;0;0;0;0;0;0;0;0;(-38.5308750024317 -3.719900331765029);
UEG5448;2022-04-07 16:45:00;Avenida General Osório de Paiva;;;PARANGABA;969203;Colisão Transversal;Luz do Dia;Bom;Seca;Meio de quadra;Não há Controle;Longo da via;0;1;1;1;1;0;0;0;0;0;0;0;0;(-38.57203619745641 -3.779114500669358);
TTN9597;2022-04-07 13:40:00;Avenida Imperador;AV DUQ CAXIAS;;CENTRO;967909;Colisão Transversal;Luz do Dia;Bom;Molhada;Cruz;Semáforo;Longo da via;0;0;2;0;2;0;0;0;0;0;0;0;0;(-38.5353476 -3.7300665);
JRW2269;2022-04-23 16:00:00;Avenida Pontes Vieira;RUA VIS MAUA;;ALDEOTA;969795;Colisão Transversal;Via Iluminada;Chuva;Molhada;Cruz;Semáforo;Cruzamento;0;2;0;1;1;0;0;0;0;0;0;0;0;(-38.5044201 -3.7516933);
SXG6604;2022-04-06 19:00:00;Avenida dos Expedicionários;RUA RAUL CABRAL;;VILA UNIAO;970320;Colisão Transversal;Luz do Dia;Bom;Seca;Cruz;Semáforo;Longo da via;0;2;0;2;0;0;0;0;0;0;0;0;0;(-38.5425846 -3.7696108);
DNX4314;2022-04-06 20:51:00;Avenida Padre Antônio Tomás;;;COCO;970260;Choque c/ Obstáculo Fixo;Via Iluminada;Nublado;Seca;Meio de quadra;Não há Controle;Longo da via;0;1;0;0;1;0;0;0;0;0;0;0;0;(-38.47828761178197 -3.747088387378897);
LND1050;2022-04-06 13:00:00;Rua Carlos Gondin;RUA GEORGE CAVALCANTE;;JARDIM GUANABARA;970047;Colisão Transversal;Luz do Dia;Nublado;Seca;Cruz;Pare;Longo da via;0;0;0;1;1;0;0;0;0;0;0;0;0;(-38.5919171 -3.7205411);
RRE2427;2022-04-23 12:25:00;AV DOS EXPEDICIONARIOS;RUA ANDRE CHAVES;;PARREAO;970158;Colisão;Luz do Dia;Chuva;Molhada;Cruz;Semáforo;Cruzamento;0;0;2;0;2;0;0;0;0;0;0;0;0;(-38.5388551 -3.7573507);
QSM3498;2022-04-23 22:15:00;Avenida Aguanambi;;;JOAQUIM TVORA;970544;Colisão;Via Iluminada;Chuva;Molhada;Não informado;Não há Controle;Longo da via;0;1;0;1;0;0;0;0;0;0;1;0;0;(-38.52329880963106 -3.751747365377079);
SHC2027;2022-04-06 10:15:00;Rua Holanda;RUA FRANCISCO GLICERIO;;MARAPONGA;969866;Colisão Transversal;Luz do Dia;Chuva;Não informado;T;Pare;Longo da via;0;1;1;1;1;0;0;0;0;0;0;0;0;(-38.5622117 -3.798225399999999);
UJD1128;2022-04-23 20:45:00;Rua 8 de Setembro;RUA TAVARES COUTINHO;;VARJOTA;970545;Colisão;Via Iluminada;Chuva;Molhada;Cruz;Pare;Cruzamento;0;1;0;1;1;0;0;0;0;0;0;0;0;(-38.4871498 -3.7325999);
KPZ6090;2022-04-06 19:00:00;Rua 15 de Novembro;RUA ZACARIAS GONDIM;;MONTESE;969475;Colisão Transversal;Luz do Dia;Bom;Seca;Cruz;Pare;Longo da via;0;0;0;1;1;0;0;0;0;0;0;0;0;(-38.5584587 -3.768023399999999);
YFT8153;2022-04-05 13:40:00;Rua Eduardo Bezerra;RUA PRO CARVALHO;;SAO JOAO DO TAUAPE;970395;Colisão Transversal;Luz do Dia;Bom;Seca;Cruz;Cancela Danificada;Longo da via;0;0;1;1;1;0;0;0;0;0;0;0;0;(-38.5147614 -3.7539052);
BYL3847;2022-04-24 19:00:00;Rua Pereira Filgueiras;;;CENTRO;964395;Choque c/ Obstáculo Fixo;Luz do Dia;Bom;Seca;Meio de quadra;Semáforo;Longo da via;0;0;1;0;1;0;0;0;0;0;0;0;0;(-38.52149809284327 -3.725585322584306);
IKW6201;2022-04-05 11:00:00;Rua Senador Pompeu;RUA PEDRO I;;CENTRO;970368;Colisão Transversal;Luz do Dia;Bom;Seca;Cruz;Cancela Danificada;Longo da via;0;0;0;1;1;0;0;0;0;0;0;0;0;(-38.53076235106054 -3.730708206579556);
OPD7587;2022-04-24 14:00:00;Rua Vicente Spíndola;;;MONTESE;969673;Colisão Frontal;Via Iluminada;Bom;Seca;Meio de quadra;Não há Controle;Longo da via;0;0;2;0;2;0;0;0;0;0;0;0;0;(-38.5437418 -3.7675687);
QMS3762;2022-04-05 18:00:00;Avenida Presidente Costa e Silva;;;MONDUBIM;970267;Engavetamento;Luz do Dia;Bom;Seca;Meio de quadra;Não há Controle;Longo da via;0;1;2;1;2;0;0;0;0;0;0;0;0;(-38.57348993738368 -3.812274172455058);
TFL3906;2022-04-06 01:00:00;Rua Stela Cochrane;AV DR SILAS MUNGUBA;;SERRINHA;970261;Colisão Transversal;Via Iluminada;Bom;Seca;T;Não informado;Longo da via;0;1;1;2;0;0;0;0;0;0;0;0;0;(-38.53513435527348 -3.793176069800638);
XLX7887;2022-04-24 07:00:00;Avenida Oliveira Paiva;;;CIDADE DOS FUNCIONRAIOS;970536;Choque c/ Obstáculo Fixo;Via Iluminada;Bom;Não informado;Meio de quadra;Não há Controle;Longo da via;0;0;0;0;1;0;0;0;0;0;0;0;0;(-38.48331238743723 -3.796143365555674);
HZP8528;2022-04-05 23:30:00;Avenida Porto Velho;RUA VITORIA;;JOAO XXIII;970215;Colisão Traseira;Mal Iluminada;Bom;Seca;Cruz;Semáforo;Longo da via;0;0;1;1;0;0;0;1;0;0;0;0;0;(-38.5885357 -3.7651989);
HUM5176;2022-04-25 01:15:00;Rua Joaquim Nabuco;RUA CANUTO DE AGUIAR;;ALDEOTA;970561;Colisão Transversal;Via Iluminada;Chuva;Molhada;Cruz;Pare;Cruzamento;0;4;0;0;2;0;0;0;0;0;0;0;0;(-38.49939180000001 -3.7293073);
LVD4821;2022-04-24 11:30:00;AV ANTONIO JUSTA ;RUA BARBOSA DE FREITAS;;MEIRELES;970588;Atropelamento;Luz do Dia;Bom;Seca;T;Pare;Cruzamento;0;1;0;0;1;0;0;0;0;0;0;0;0;(-38.49450119999999 -3.7277002);
XKY9417;2022-04-05 19:30:00;Avenida Jovita Feitosa;RUA JOSE SOMBRA;;PARQUE ARAXA;970181;Colisão Transversal;Via Iluminada;Bom;Seca;T;Semáforo;Longo da via;0;1;1;1;1;0;0;0;0;0;0;0;0;(-38.5463084 -3.737707099999999);
COQ0057;2022-04-05 19:20:00;Rua Amadeu Furtado;RUA GUSTAVO SAMPAIO;;PARQUELANDIA;969483;Colisão Transversal;Luz do Dia;Bom;Seca;Cruz;Pare;Longo da via;0;0;0;2;0;0;0;0;0;0;0;0;0;(-38.5638391 -3.736789);
POA4409;2022-04-05 10:55:00;Rua Soriano Albuquerque;RUA JOAO CORDEIRO;;JOAQUIM TVORA;969444;Colisão Transversal;Luz do Dia;Bom;Seca;Outros;Pare;Longo da via;0;0;1;1;0;0;1;0;0;0;0;0;0;(-38.5194626 -3.7479064);
JAJ1951;2022-04-04 04:50:00;Rua Verbena;;;BONSUCESSO;970420;Colisão Traseira;Via Iluminada;Chuva;Molhada;Meio de quadra;Outros;Longo da via;0;2;0;1;0;0;0;0;0;0;1;0;0;(-38.58873563852422 -3.780966551377152);
UBQ2174;2022-04-04 12:16:00;Avenida Jovita Feitosa;RUA JOSE SOMBRA;;PARQUE ARAXA;970367;Colisão Lateral;Luz do Dia;Chuva;Molhada;T;Semáforo;Longo da via;0;0;2;1;1;0;0;0;0;0;0;0;0;(-38.5463084 -3.737707099999999);
YNZ4028;2022-04-04 21:00:00;Estrada Barão de Aquiraz;RUA LUIZ FCO XAVIER;;MESSEJANA;970241;Colisão Transversal;Via Iluminada;Nublado;Seca;T;Pare;Longo da via;0;0;1;1;1;0;0;0;0;0;0;0;0;(-38.48600701120348 -3.839882170237186);
AON7264;2022-04-25 12:55:00;Rua Eduardo Perdigão;;;PARANGABA;969408;Colisão Transversal;Luz do Dia;Nublado;Seca;Meio de quadra;Pare;Longo da via;0;0;2;0;2;0;0;0;0;0;0;0;0;(-38.5649901 -3.7754063);
GMX8309;2022-04-05 02:05:00;Avenida Senador Fernandes Távora;;;HENRIQUE JORGE;969791;Choque c/ Obstáculo Fixo;Via Iluminada;Bom;Seca;Não informado;Não há Controle;Longo da via;0;0;0;1;0;0;0;0;0;0;0;0;0;(-38.5910691362056 -3.757499813549035);
OIM6431;2022-04-25 20:25:00;AV ANTONIO SALES;RUA NUNES VALENTE;;ALDEOTA;969927;Colisão Transversal;Anoitecer;Bom;Seca;Cruz;Pare;Longo da via;0;1;0;1;1;0;0;0;0;0;0;0;0;(-38.5063308 -3.7442374);
WAV7682;2022-04-04 20:00:00;Rua César Fontenele;;;AMADEU FURTADO;969323;Choque c/ Obstáculo Fixo;Luz do Dia;Nublado;Seca;Meio de quadra;Pare;Longo da via;0;1;0;0;1;0;0;0;0;0;0;0;0;(-38.55794385721747 -3.746017796679634);
OVM5001;2022-04-04 17:00:00;Rua José Vilar;RUA COSTA BARROS;;ALDEOTA;969029;Colisão Lateral;Luz do Dia;Nublado;Seca;Cruz;Semáforo;Longo da via;0;0;0;0;2;0;0;0;0;0;0;0;0;(-38.50369885834702 -3.732865483173);
LSM7597;2022-04-04 19:00:00;Avenida Doutor Theberge;;;CARLITO PAMPLONA;968607;Colisão Lateral;Luz do Dia;Bom;Seca;Meio de quadra;Pare;Longo da via;0;1;1;1;1;0;0;0;0;0;0;0;0;(-38.56358721653998 -3.710553741749444);
JTZ5483;2022-04-04 23:00:00;Avenida Duque de Caxias;RUA PDE MORORO;;CENTRO;952312;Colisão Transversal;Via Iluminada;Bom;Seca;Cruz;Semáforo;Longo da via;0;1;2;0;2;0;0;0;0;0;0;0;0;(-38.5385364 -3.7289438);
CKI3211;2022-04-25 16:50:00;AV JOSE BASTOS;RUA ALEXANDRE BARAUNA;;RODOLFO TEOFILO;970521;Colisão Lateral;Luz do Dia;Bom;Seca;Meio de quadra;Pare;Cruzamento;0;1;0;1;1;0;0;0;0;0;0;0;0;(-38.5500407 -3.7494688);
CBZ0282;2022-04-25 21:00:00;Rua Cuiabá;RUA MACEIO;;HENRIQUE JORGE;970543;Colisão Transversal;Via Iluminada;Bom;Seca;Cruz;Não há Controle;Cruzamento;0;1;0;1;1;0;0;0;0;0;0;0;0;(-38.5902279 -3.7629821);
IVE5329;2022-04-03 04:30:00;Rua Leon Gradvohl;;;JARDIM CEARENSE;970416;Capotamento;Via Iluminada;Bom;Seca;Meio de quadra;Gesto;Longo da via;0;0;0;0;1;0;0;0;0;0;0;0;0;(-38.5670383 -3.7987992);
VMS5078;2022-04-25 12:00:00;Avenida Governador Raul Barbosa;;;AEROLANDIA;970622;Colisão Lateral;Luz do Dia;Bom;Seca;Meio de quadra;Não há Controle;Longo da via;0;0;2;0;1;0;1;0;0;0;0;0;0;(-38.50942805985235 -3.767563181940948);
SQU8359;2022-04-26 18:00:00;Rua Frei Mansueto;RUA BARBALHA D19;;MEIRELES;969473;Colisão Transversal;Luz do Dia;Bom;Seca;Cruz;Pare;Cruzamento;0;1;0;1;1;0;0;0;0;0;0;0;0;(-38.4889967 -3.7281206);
ZAD3371;2022-04-26 23:40:00;AV ALBERTO MAGNO;RUA BAR SOBRAL;;MONTESE;969796;Colisão Transversal;Via Iluminada;Bom;Seca;Cruz;Semáforo;Cruzamento;0;1;0;1;1;0;0;0;0;0;0;0;0;(-38.5524475 -3.767993199999999);
XSJ8348;2022-04-26 19:55:00;Avenida Deputado Paulino Rocha;;;PASSARE;969928;Colisão Traseira;Luz do Dia;Bom;Seca;Meio de quadra;Semáforo;Longo da via;0;1;0;1;0;0;0;1;0;0;0;0;0;(-38.51618819999999 -3.8111027);
DOB8870;2022-04-03 12:40:00;Rua Atilano de Moura;;;GUARARAPES;970180;Colisão Traseira;Luz do Dia;Bom;Seca;Meio de quadra;Não há Controle;Longo da via;0;0;0;0;2;0;0;0;0;0;0;0;0;(-38.48918274784999 -3.762515453707935);
CTZ7888;2022-04-04 01:20:00;Avenida Alberto Craveiro;;;CASTELAO;969790;Colisão Traseira;Via Iluminada;Chuva;Molhada;Meio de quadra;Não há Controle;Longo da via;0;0;2;0;2;0;0;0;0;0;0;0;0;(-38.51869241049353 -3.799154977577749);
ZBE2184;2022-04-03 22:20:00;Rua Rio Araguaia;;;JARDIM IRACEMA;969789;Colisão Transversal;Via Iluminada;Chuva;Molhada;Meio de quadra;Pare;Longo da via;0;0;2;0;1;0;1;0;0;0;0;0;0;(-38.58166530342373 -3.720767536126284);
BPY6012;2022-04-03 10:30:00;Rua Alberto Magno;RUA BAR SOBRAL;;MONTESE;969766;Colisão Transversal;Luz do Dia;Chuva;Molhada;Cruz;Semáforo;Longo da via;0;0;1;1;1;0;0;0;0;0;0;0;0;(-38.5524475 -3.767993199999999);
FXY6663;2022-04-26 16:26:00;Avenida Bezerra de Menezes;;;PARQUE ARAXA;970525;Atropelamento;Luz do Dia;Bom;Seca;Não informado;Não há Controle;Longo da via;0;1;0;0;0;0;0;1;0;0;0;0;0;(-38.546472 -3.731699);
NRL0906;2022-04-03 18:00:00;Avenida Major Assis;;;VILA VELHA;969332;Colisão Lateral;Luz do Dia;Bom;Seca;Cruz;Não há Controle;Longo da via;0;1;1;0;2;0;0;0;0;0;0;0;0;(-38.60118642907892 -3.720408877635931);
KAC8687;2022-05-22 00:30:00;Avenida Presidente Costa e Silva;;;PREFEITO JOSE VALTER;KAC8687;Choque c/ Obstáculo Fixo;Não informado;Não informado;Não informado;Não informado;Não informado;Longo da via;1;0;0;1;0;0;0;0;0;0;0;0;0;(-38.53031565183627 -3.828638400188407);
KAC8687;2022-05-22 22:30:00;AV. CORONEL CARVALHO;;;BARRA DO CEARA;KAC8687;Choque;Não informado;Não informado;Não informado;Não informado;Não informado;Longo da via;1;0;0;1;0;0;0;0;0;0;0;0;0;(-38.5899797 -3.7097209);
KAC8687;2022-06-01 00:15:00;Avenida Washington Soares;;;EDSON QUEIROZ;KAC8687;Atropelamento;Não informado;Não informado;Não informado;Não informado;Não informado;Longo da via;1;0;0;0;1;0;0;0;0;0;0;0;0;(-38.48020127578534 -3.793991319498089);
DGZ9674;2022-05-17 02:15:00;Rua Banvarth Bezerra;;;PADRE ANDRADE;DGZ9674;Atropelamento;Não informado;Não informado;Não informado;Não informado;Não informado;Longo da via;1;0;0;1;0;0;0;0;0;0;0;0;0;(-38.5780054 -3.7375821);
YTK7586;2022-05-30 18:20:00;Rua Bragança;;;GRANJA PORTUGAL;YTK7586;Colisão Transversal;Luz do Dia;Não informado;Não informado;Não informado;Não informado;Longo da via;1;0;0;1;0;0;1;0;0;0;0;0;0;(-38.59692517488627 -3.782003895427628);
VRF2359;2022-04-03 20:30:00;Avenida Porto Velho;RUA PRO HERIBALDO COSTA;;JOAO XXIII;960901;Colisão Frontal;Luz do Dia;Bom;Seca;Cruz;Semáforo;Longo da via;0;1;1;1;1;0;0;0;0;0;0;0;0;(-38.58683124690039 -3.766144682265888);
WVA3277;2022-04-26 10:30:00;Rua Comendador Garcia;;;PARQUE SAO JOSE;970559;Colisão Traseira;Luz do Dia;Bom;Seca;Meio de quadra;Não há Controle;Longo da via;0;1;0;1;2;0;0;0;0;0;0;0;0;(-38.58347849149624 -3.793556109037947);
GDI2827;2022-04-02 18:40:00;Rua Francisco Lorda;RUA ENG EDMUNDO ALMEIDA FILHO;;VILA UNIAO;970231;Colisão Transversal;Luz do Dia;Bom;Seca;T;Pare;Longo da via;0;0;0;1;1;0;0;0;0;0;0;0;0;(-38.5298289430271 -3.762558276551947);
BTM7751;2022-04-27 09:50:00;Avenida José Leon;RUA MANUEL MONTEIRO;;CIDADE DOS FUNCIONRAIOS;969607;Colisão Lateral;Luz do Dia;Bom;Não informado;Cruz;Pare;Cruzamento;0;1;0;0;1;0;0;0;0;1;0;0;0;(-38.49396244595657 -3.789798530646335);
PSU2367;2022-04-27 10:30:00;Avenida Professor José Arthur de Carvalho;;;LAGOA REDONDA;970078;Engavetamento;Luz do Dia;Bom;Seca;Meio de quadra;Semáforo;Longo da via;0;0;4;0;4;0;0;0;0;0;0;0;0;(-38.4621738 -3.8252848);
PPD4103;2022-04-02 11:50:00;Avenida Godofredo Maciel;;;MARAPONGA;970156;Atropelamento;Luz do Dia;Nublado;Molhada;Meio de quadra;Outros;Longo da via;0;0;1;0;0;0;0;1;0;0;0;0;0;(-38.56646793036862 -3.78564483525261);
BDK9745;2022-04-27 12:00:00;Avenida Deputado Paulino Rocha;;;CASTELAO;970647;Choque c/ Obstáculo Fixo;Luz do Dia;Bom;Seca;Meio de quadra;Não informado;Longo da via;0;0;0;0;1;0;0;0;0;0;0;0;0;(-38.51965264132086 -3.810026099397797);
IWL6975;2022-04-02 22:00:00;Avenida Deputado Paulino Rocha;;;CASTELAO;969954;Atropelamento;Via Iluminada;Bom;Seca;Meio de quadra;Não há Controle;Longo da via;0;2;1;0;1;0;0;0;0;0;0;0;0;(-38.52283373722469 -3.809330266070385);
GAN7958;2022-04-28 15:30:00;AV PRES COSTA E SILVA;;;PREFEITO JOSE VALTER;970501;Colisão Traseira;Luz do Dia;Bom;Seca;Meio de quadra;Não há Controle;Longo da via;0;1;0;1;1;0;0;0;0;0;0;0;0;(-38.5640274 -3.8182754);
ABP7332;2022-04-02 09:30:00;Rua Jaime Benévolo;RUA METON DE ALENCAR;;CENTRO;969788;Colisão Transversal;Amanhecer;Nublado;Molhada;Cruz;Semáforo;Longo da via;0;1;1;0;2;0;0;0;0;0;0;0;0;(-38.52636030000001 -3.7350302);
OMB3192;2022-04-03 02:30:00;Rua Reverendo Bolivar Pinto Bandeira,74;;74 ;ENGENHEIRO LUCIANO CAVALCANTE;969614;Colisão Traseira;Via Iluminada;Bom;Seca;Meio de quadra;Não há Controle;Longo da via;0;0;1;0;1;0;0;0;0;0;1;0;0;(-38.49226728117976 -3.770635697834675);
TOZ1056;2022-04-28 13:30:00;Rua Vicente Leite;RUA HENRIQUETA GALENO;;ALDEOTA;970579;Colisão Transversal;Luz do Dia;Bom;Seca;Cruz;Pare;Cruzamento;0;1;0;1;1;0;0;0;0;0;0;0;0;(-38.49817660000001 -3.7457393);
JYH6033;2022-04-28 11:00:00;Avenida Antônio Sales;AV DES MOREIRA;;ALDEOTA;970596;Atropelamento;Luz do Dia;Bom;Seca;Cruz;Semáforo;Cruzamento;0;1;0;0;1;0;0;0;0;0;0;0;0;(-38.5013685 -3.7457558);
BXF8813;2022-04-28 17:00:00;AV FREI CIRILO,4340;;4340 ;MESSEJANA;970658;Engavetamento;Não informado;Bom;Seca;Meio de quadra;Semáforo;Longo da via;0;1;0;1;3;0;0;0;0;0;0;0;0;(-38.49553420120387 -3.821667842669177);
ZGE6845;2022-04-29 23:10:00;Avenida Bezerra de Menezes;;;FARIAS BRITO;960522;Colisão Lateral;Anoitecer;Bom;Seca;T;Semáforo;Longo da via;0;0;2;0;1;1;0;0;0;0;0;0;0;(-38.54133025481379 -3.73097050600161);
OPC8636;2022-04-02 03:10:00;Avenida Santos Dumont;;;PAPICU;966907;Colisão Traseira;Via Iluminada;Chuva;Molhada;Meio de quadra;Não há Controle;Longo da via;0;1;1;0;2;0;0;0;0;0;0;0;0;(-38.48096981352494 -3.74189601026253);
JXH7943;2022-04-29 22:20:00;Rua Maria Alice Ferraz;AV ALM MAXIMIANO DA FONSECA;;ENGENHEIRO LUCIANO CAVALCANTE;968867;Colisão Lateral;Mal Iluminada;Chuva;Molhada;Cruz;Pare;Cruzamento;0;1;0;1;1;0;0;0;0;0;0;0;0;(-38.491673 -3.7740998);
WPP5866;2022-04-02 00:30:00;Avenida Doutor Silas Munguba;;;SERRINHA;970526;Atropelamento;Via Iluminada;Bom;Seca;Meio de quadra;Não há Controle;Longo da via;0;0;0;1;0;0;0;0;0;0;0;0;0;(-38.54460625693329 -3.78891726039813);
ISM3902;2022-04-01 12:00:00;Avenida Governador Raul Barbosa;;;SAO JOAO DO TAUAPE;970393;Colisão Lateral;Luz do Dia;Nublado;Molhada;Outros;Não há Controle;Longo da via;0;0;1;1;1;0;0;0;0;0;0;0;0;(-38.5045947170963 -3.756712938889256);
COB5968;2022-04-01 12:00:00;Rua Antero de Quental;RUA A UI 608;;PAUPINA;970240;Colisão Lateral;Via Iluminada;Bom;Seca;T;Não há Controle;Longo da via;0;0;2;0;1;1;0;0;0;0;0;0;0;(-38.4924443520138 -3.853444981681365);
HBR1394;2022-04-01 11:00:00;Rua Romeu Martins;RUA EDITE BRAGA;;MONTESE;970179;Colisão Transversal;Luz do Dia;Nublado;Seca;Cruz;Pare;Longo da via;0;0;0;1;1;0;0;0;0;0;0;0;0;(-38.55241313753719 -3.766476557868761);
ZBC1671;2022-04-29 12:03:00;Rua Escrivão Pinheiro;RUA CARVALHO JUNIOR;;SAO JOAO DO TAUAPE;969608;Colisão Lateral;Luz do Dia;Bom;Seca;Cruz;Não há Controle;Cruzamento;0;1;0;1;1;0;0;0;0;0;0;0;0;(-38.5078473 -3.7583175);
ZNH6737;2022-04-29 13:20:00;RUA ALMEIDA PRADO;;;PAPICU;970621;Colisão Lateral;Luz do Dia;Bom;Seca;Meio de quadra;Não há Controle;Longo da via;0;1;0;1;1;0;0;0;0;0;0;0;0;(-38.47355082362432 -3.738796628220788);
HNY3217;2022-04-02 00:00:00;Avenida Luiz Vieira;RUA COM GARCIA;;PARQUE SAO JOSE;969807;Colisão Transversal;Via Iluminada;Bom;Seca;Cruz;Pare;Longo da via;0;0;0;1;1;0;0;0;0;0;0;0;0;(-38.5863847 -3.7966071);
UMV7285;2022-04-30 04:40:00;Rua Gomes Brasil;;;PARANGABA;970611;Queda;Via Iluminada;Chuva;Molhada;Meio de quadra;Outros;Longo da via;0;1;0;1;0;0;0;0;0;0;0;0;0;(-38.56797532198268 -3.773328154926166);
HGD6574;2022-04-01 18:00:00;Rua 24 de Maio;RUA METON DE ALENCAR;;CENTRO;969605;Colisão Lateral;Luz do Dia;Não informado;Seca;Cruz;Pare;Longo da via;0;1;1;1;1;0;0;0;0;0;0;0;0;(-38.5338568 -3.7326284);
DMI1550;2022-04-30 07:08:00;Rua Benjamim Brasil;;;PARANGABA;970676;Choque c/ Obstáculo Fixo;Via Iluminada;Chuva;Molhada;Meio de quadra;Outros;Longo da via;0;0;0;0;1;0;0;0;0;0;0;0;0;(-38.5579438569829 -3.808340040749743);
HGD6574;2022-04-01 07:30:00;Rua Sargento João Pinheiro;RUA DESCARTES BRAGA;;GRANJA LISBOA;969583;Colisão Transversal;Luz do Dia;Nublado;Molhada;Cruz;Pare;Longo da via;0;0;1;1;0;0;0;1;0;0;0;0;0;(-38.6249722597959 -3.790660312888715);
PWN4833;2022-03-15 21:20:00;RUA MONS SALAZAR;RUA HERMINIO BARROSO;;SAO JOAO DO TAUAPE;970153;Colisão Transversal;Via Iluminada;Bom;Seca;Cruz;Pare;Cruzamento;0;1;0;1;1;0;0;0;0;0;0;0;0;(-38.5107204 -3.7593771);
CVO5519;2022-04-02 01:49:00;Avenida Doutor Silas Munguba;;;ITAPERI;969568;Colisão Transversal;Via Iluminada;Chuva;Molhada;Meio de quadra;Semáforo Manual;Longo da via;0;0;2;0;2;0;0;0;0;0;0;0;0;(-38.55188743536088 -3.785420021273535);
WGW9034;2022-03-15 12:45:00;Rua Professor Nogueira;RUA GUSTAVO SAMPAIO;;PARQUE ARAXA;969989;Colisão Transversal;Luz do Dia;Bom;Seca;Cruz;Pare;Cruzamento;0;1;0;1;1;0;0;0;0;0;0;0;0;(-38.5497641 -3.7338671);
OBC8772;2022-03-15 14:35:00;RUA ATILANO DE MOURA;;;GUARARAPES;969825;Choque c/ Obstáculo Fixo;Luz do Dia;Nublado;Não informado;Meio de quadra;Não há Controle;Longo da via;0;0;1;0;0;0;1;0;0;0;0;0;0;(-38.48922566507087 -3.762542217985697);