COD_ACIDENTE;DATA;LOG1;LOG2;NUMERO;BAIRRO;AMC;NATUREZA;ILUMINACAO;TEMPO;SUPERFICIEPISTA;TIPOCRUZAMENTO;CONTROLETRAFEGO;USOSOLO;MORTOS;FERIDOS;ILESOS;MOTOCICLETA;AUTOMOVEL;MICROONIBUS;CAMINHAO;ONIBUS;CICLOMOTOR;BICICLETA;OUTROS;TREM;TRACAOANIMAL;COORDENADAS
EYX5209;2022-03-15 01:00:00;Rua Tibúrcio Cavalcante;RUA DOM EXPEDITO LOPES;;ALDEOTA;969994;Colisão Transversal;Via Iluminada;Bom;Seca;Cruz;Semáforo;Cruzamento;0;1;0;1;1;0;0;0;0;0;0;0;0;(-38.5051116 -3.7438028);
DRO7537;2022-04-01 18:41:00;Rua Cônego de Castro;;;PARQUE SAO JOSE;967728;Colisão Transversal;Luz do Dia;Nublado;Seca;Meio de quadra;Não há Controle;Longo da via;0;1;1;1;1;0;0;0;0;0;0;0;0;(-38.59360650053839 -3.8068573769237);
RWA5948;2022-04-01 07:30:00;Avenida Augusto dos Anjos;;;PARANGABA;960564;Choque c/ Obstáculo Fixo;Via Iluminada;Bom;Seca;Outros;Semáforo;Longo da via;0;0;0;0;1;0;0;0;0;0;0;0;0;(-38.57785657248703 -3.778729102337088);
YCL4524;2022-03-14 17:30:00;AV PRE COSTA E SILVA;RUA GASTAO JUSTA;;MONDUBIM;969955;Colisão Lateral;Luz do Dia;Bom;Seca;Meio de quadra;Pare;Cruzamento;0;0;1;1;1;0;0;0;0;0;0;0;0;(-38.5715742 -3.8127066);
UOS4922;2022-03-14 19:50:00;Avenida Beira Mar;AV ABOLICAO;;MUCURIPE;969316;Colisão Transversal;Luz do Dia;Bom;Seca;Y;Semáforo;Cruzamento;0;1;0;1;1;0;0;0;0;0;0;0;0;(-38.47902253423712 -3.721854216929541);
JIF2000;2022-03-14 17:50:00;Rua 56;;;PREFEITO JOSE VALTER;969250;Colisão Traseira;Luz do Dia;Bom;Seca;Meio de quadra;Não há Controle;Longo da via;0;1;0;0;2;0;0;0;0;0;0;0;0;(-38.558521 -3.832168);
OXO4663;2022-03-16 15:15:00;Avenida Presidente Castelo Branco;;;MOURA BRASIL;968047;Choque c/ Obstáculo Fixo;Luz do Dia;Bom;Seca;Meio de quadra;Não há Controle;Longo da via;0;0;1;0;1;0;0;0;0;0;0;0;0;(-38.53574052723893 -3.718144507976298);
VQJ0318;2022-03-17 16:20:00;Rua Fausto Cabral;RUA JULIO AZEVEDO;;VICENTE PINZON;969063;Outros;Luz do Dia;Bom;Seca;Cruz;Pare;Longo da via;0;0;0;1;0;0;0;0;0;0;0;0;0;(-38.47629740190232 -3.733727321720359);
EWC1909;2022-03-15 00:30:00;Avenida Alanis Maria Laurindo de Oliveira;RUA 501 CJ CEARA;;CONJUNTO CEARA I;955369;Colisão Lateral;Mal Iluminada;Bom;Seca;Duplo T;Pare;Cruzamento;0;1;0;1;1;0;0;0;0;0;0;0;0;(-38.60780610028479 -3.769217203169867);
CUP4152;2022-03-17 10:30:00;Rua Sandra Gentil;RUA EUCLIDES O DE SOUSA;;SAPIRANGA / COITE;970077;Colisão Lateral;Luz do Dia;Bom;Molhada;Cruz;Pare;Longo da via;0;0;0;1;1;0;0;0;0;0;0;0;0;(-38.46872285396572 -3.797383255417854);
UOZ0859;2022-03-14 00:40:00;Avenida General Osório de Paiva;;;CANINDEZINHO;969708;Colisão Lateral;Via Iluminada;Bom;Seca;Não informado;Outros;Longo da via;0;0;2;2;0;0;0;0;0;0;0;0;0;(-38.60385791207271 -3.806777088195976);
FZU8262;2022-03-18 17:50:00;Avenida Antônio Sales;RUA ILDEFONSO ALBANO;;JOAQUIM TVORA;968647;Colisão Lateral;Luz do Dia;Bom;Seca;Cruz;Pare;Longo da via;0;2;1;0;1;0;0;0;1;0;0;0;0;(-38.5159703 -3.741261);
QKQ5294;2022-03-14 00:10:00;Rua Recanto Verde;;;JANGURUSSU;969675;Atropelamento;Mal Iluminada;Nublado;Molhada;Meio de quadra;Não há Controle;Longo da via;0;1;0;1;0;0;0;0;0;0;0;0;0;(-38.5142453 -3.8447018);
ORE5511;2022-03-18 19:10:00;Rua João Cordeiro;RUA BARBARA DE ALENCAR;;ALDEOTA;969703;Colisão Transversal;Luz do Dia;Bom;Seca;Cruz;Semáforo;Longo da via;0;0;1;1;1;0;0;0;0;0;0;0;0;(-38.51699725275407 -3.737110431316032);
ODS5867;2022-03-18 12:26:00;Avenida Aguanambi;;;FATIMA;969964;Atropelamento;Luz do Dia;Nublado;Seca;Outros;Não há Controle;Longo da via;0;0;1;0;0;0;0;1;0;0;0;0;0;(-38.52377085777477 -3.749188665060553);
UYH2769;2022-03-18 15:55:00;Rua Vitória;;;JOAO XXIII;970090;Colisão Traseira;Luz do Dia;Bom;Seca;Meio de quadra;Não há Controle;Longo da via;0;0;1;1;1;0;0;0;0;0;0;0;0;(-38.58929348334254 -3.766631789962133);
NCX3170;2022-03-18 17:20:00;Rua Porto Alegre;RUA ARACAJU;;HENRIQUE JORGE;970091;Colisão Transversal;Luz do Dia;Bom;Seca;Cruz;Não informado;Longo da via;0;1;1;1;1;0;0;0;0;0;0;0;0;(-38.58849422094661 -3.761396706162405);
FLT9555;2022-03-18 07:30:00;Rua Urucutuba;;;GRANJA LISBOA;970167;Choque c/ Obstáculo Fixo;Mal Iluminada;Nublado;Molhada;Meio de quadra;Não há Controle;Longo da via;0;1;0;0;0;0;0;1;0;0;0;0;0;(-38.62024621149948 -3.799058630242643);
ZML1093;2022-03-18 16:15:00;Avenida da Abolição;;;VICENTE PINZON;970235;Colisão Transversal;Luz do Dia;Bom;Seca;Meio de quadra;Semáforo;Longo da via;0;0;0;1;1;0;0;0;0;0;0;0;0;(-38.48317459191554 -3.724900127896309);
QRW5275;2022-03-19 01:00:00;Rua Vitória;;;HENRIQUE JORGE;970269;Colisão Traseira;Via Iluminada;Bom;Seca;Meio de quadra;Não há Controle;Longo da via;0;1;1;1;1;0;0;0;0;0;0;0;0;(-38.5882206257748 -3.764619123431579);
XQS9053;2022-03-20 00:30:00;Avenida Alberto Craveiro;RUA JOSE AUGUSTO;;CASTELAO;968851;Colisão Transversal;Via Iluminada;Bom;Seca;Cruz;Pare;Longo da via;0;1;1;1;1;0;0;0;0;0;0;0;0;(-38.5189564 -3.7994589);
TRG1607;2022-03-19 05:20:00;Avenida Presidente Costa e Silva;;;PREFEITO JOSE VALTER;969154;Colisão Traseira;Mal Iluminada;Nublado;Molhada;Meio de quadra;Não há Controle;Longo da via;0;0;0;1;0;0;1;0;0;0;0;0;0;(-38.5443558 -3.8244455);
LDH6384;2022-03-19 21:30:00;Rua Rúbia Sampaio;;;FARIAS BRITO;970012;Atropelamento;Via Iluminada;Bom;Seca;Meio de quadra;Outros;Longo da via;0;0;1;1;0;0;0;0;0;0;0;0;0;(-38.54111568043839 -3.733930736906279);
JTC4356;2022-03-19 06:30:00;Rua Demétrio Menezes;;;PADRE ANDRADE;970030;Choque c/ Obstáculo Fixo;Via Iluminada;Nublado;Molhada;Meio de quadra;Semáforo;Longo da via;0;0;1;0;1;0;0;0;0;0;0;0;0;(-38.58407930748846 -3.736179006874046);
ALR2805;2022-03-20 20:30:00;Rua Antônio Lafaiete;RUA OURO BRANCO;;PRESIDENTE KENNEDY;960521;Colisão Lateral;Mal Iluminada;Nublado;Material Derrapante;Cruz;Não há Controle;Longo da via;0;0;1;1;1;0;0;0;0;0;0;0;0;(-38.57427854600866 -3.733930736906279);
RXW5980;2022-03-20 17:15:00;Rua Iguape;;;PARANGABA;960534;Choque c/ Obstáculo Fixo;Luz do Dia;Bom;Seca;Meio de quadra;Pare;Longo da via;0;0;1;0;1;0;0;0;0;0;0;0;0;(-38.56888726225714 -3.776668288905213);
OXJ1976;2022-03-20 21:00:00;Avenida Almirante Henrique Sabóia;;;VARJOTA;969294;Colisão Traseira;Via Iluminada;Bom;Seca;Outros;Não há Controle;Longo da via;0;0;2;1;2;0;0;0;0;0;0;0;0;(-38.48828152139858 -3.741371417872404);
MCZ0798;2022-03-20 09:30:00;Rua Equador;RUA TRES MARIAS;;BOM FUTURO;969764;Colisão Transversal;Luz do Dia;Não informado;Molhada;Cruz;Semáforo;Longo da via;0;0;1;1;1;0;0;0;0;0;0;0;0;(-38.5507607 -3.7690014);
UQF1096;2022-03-20 11:30:00;Rua Professora Maria Clara;RUA RIO ARAGUAIA;;JARDIM IRACEMA;970177;Colisão Lateral;Luz do Dia;Bom;Seca;Cruz;Pare;Longo da via;0;0;0;1;0;0;0;1;0;0;0;0;0;(-38.5820569080511 -3.725735208851189);
NBQ4381;2022-03-20 14:00:00;Rua Conselheiro Lafaiete;;;JARDIM IRACEMA;970178;Colisão Frontal;Luz do Dia;Bom;Seca;Meio de quadra;Não há Controle;Longo da via;0;0;0;1;0;0;0;0;0;1;0;0;0;(-38.57884899381037 -3.718374692391697);
TMC5874;2022-03-21 15:30:00;Avenida Aguanambi;;;JOSE BONIFACIO;969251;Colisão Transversal;Luz do Dia;Bom;Seca;Meio de quadra;Não há Controle;Longo da via;0;2;1;2;0;0;0;0;0;0;0;0;0;(-38.52489904098109 -3.739760167853368);
NGK7045;2022-03-21 07:45:00;Avenida Governador Raul Barbosa;;;AEROLANDIA;969677;Colisão Transversal;Não informado;Bom;Seca;Rotatória;Pare;Longo da via;0;0;0;1;1;0;0;0;0;0;0;0;0;(-38.50903645780534 -3.764319364188522);
FPC9039;2022-03-13 18:20:00;RUA OSVALDO CRUZ;RUA DES LEITE ALBUQUERQUE;;ALDEOTA;969249;Colisão Transversal;Luz do Dia;Bom;Seca;Cruz;Pare;Cruzamento;0;0;2;0;2;0;0;0;0;0;0;0;0;(-38.5006337 -3.7366184);
GDQ7137;2022-03-14 02:28:00;Avenida Presidente Costa e Silva;RUA BERNARDO MANUEL;;PREFEITO JOSE VALTER;967434;Atropelamento de Animal;Via Iluminada;Bom;Seca;Cruz;Semáforo;Cruzamento;0;1;0;1;0;0;0;0;0;0;0;0;0;(-38.55823900295446 -3.821030896199491);
MEW9740;2022-03-13 18:39:00;Avenida Augusto dos Anjos;;;PARANGABA;960507;Colisão Traseira;Luz do Dia;Bom;Seca;Meio de quadra;Semáforo Intermitente;Longo da via;0;2;0;2;0;0;0;0;0;0;0;0;0;(-38.57273355678728 -3.773001634729358);
ZZS8033;2022-03-12 12:30:00;Rua João Carvalho;;;ALDEOTA;970182;Colisão Lateral;Luz do Dia;Nublado;Seca;Meio de quadra;Não há Controle;Longo da via;0;0;3;0;4;0;0;0;0;0;0;0;0;(-38.50827470458065 -3.737453023965456);
HZS4167;2022-03-21 07:35:00;Avenida General Osório de Paiva;;;PARANGABA;969324;Choque c/ Obstáculo Fixo;Via Iluminada;Nublado;Molhada;Meio de quadra;Semáforo;Longo da via;0;0;0;0;1;0;0;0;0;0;0;0;0;(-38.56633916181635 -3.775517442911326);
DGN2634;2022-03-21 11:00:00;Rua Açucena;RUA JOAO RIBEIRO;;ALVARO WEYNE;969765;Choque c/ Obstáculo Fixo;Luz do Dia;Bom;Seca;T;Pare;Longo da via;0;0;1;0;0;0;1;0;0;0;0;0;0;(-38.56806115196742 -3.719911037996918);
DCB6864;2022-03-21 12:40:00;Rua Raimundo Neri;;;PARQUE SAO JOSE;969864;Colisão Traseira;Luz do Dia;Nublado;Não informado;Meio de quadra;Outros;Longo da via;0;0;2;0;0;0;0;2;0;0;0;0;0;(-38.58584418647639 -3.795525887194922);
JQL0581;2022-03-12 20:50:00;RUA ILDEFONSO ALBANO;RUA PDE LUIS FIGUEIRA;;ALDEOTA;969995;Colisão Transversal;Mal Iluminada;Bom;Seca;Cruz;Pare;Cruzamento;0;1;0;1;1;0;0;0;0;0;0;0;0;(-38.51308122876521 -3.732876189247095);
SER9211;2022-03-22 01:00:00;Rua Nicolau Coelho;;;MESSEJANA;969952;Colisão Frontal;Via Iluminada;Bom;Seca;Meio de quadra;Não há Controle;Longo da via;0;0;0;1;1;0;0;0;0;0;0;0;0;(-38.49251405027361 -3.821657137690402);
COU7685;2022-03-12 04:00:00;AV PESSOA ANTA;;;PRAIA DE IRACEMA;969325;Queda;Via Iluminada;Bom;Seca;Meio de quadra;Não há Controle;Longo da via;0;1;0;1;0;0;0;0;0;0;0;0;0;(-38.51966873035253 -3.720810361010889);
CLI9732;2022-03-21 12:30:00;Rua Banvarth Bezerra;AV SGT HERMINIO SAMPAIO;;PADRE ANDRADE;970306;Colisão Transversal;Luz do Dia;Bom;Seca;Cruz;Semáforo;Longo da via;0;0;1;1;1;0;0;0;0;0;0;0;0;(-38.58045295292466 -3.731735991622295);
UXP0301;2022-03-12 02:00:00;Avenida General Osório de Paiva;;;SIQUEIRA;970242;Colisão Traseira;Via Iluminada;Bom;Seca;Meio de quadra;Não há Controle;Longo da via;0;0;1;1;1;0;0;0;0;0;0;0;0;(-38.61409322026606 -3.817000459258088);
BRS4343;2022-03-10 03:05:00;Rua Barão de Sobral;;;MONTESE;960907;Colisão Lateral;Via Iluminada;Bom;Seca;Meio de quadra;Não informado;Longo da via;0;0;1;0;2;0;0;0;0;0;0;0;0;(-38.55580345418901 -3.766107212431812);
QLI7454;2022-03-09 18:21:00;Avenida Jornalista Tomaz Coelho;;;MESSEJANA;970216;Colisão;Luz do Dia;Bom;Seca;Meio de quadra;Semáforo;Longo da via;0;1;0;1;1;0;0;0;0;0;0;0;0;(-38.52193251288447 -3.828818738619615);
ODI7859;2022-03-09 20:40:00;Avenida Almirante Henrique Sabóia;;;SAO JOAO DO TAUAPE;970151;Colisão Traseira;Via Iluminada;Bom;Seca;Meio de quadra;Não há Controle;Longo da via;0;1;0;1;0;0;0;0;0;0;1;0;0;(-38.50521162939215 -3.756991289190159);
QAX0257;2022-03-09 11:30:00;RUA CLARA DE ASSIS;RUA TAQUATIARA;;MESSEJANA;970146;Colisão Transversal;Luz do Dia;Bom;Molhada;Cruz;Pare;Cruzamento;0;1;0;0;2;0;0;0;0;0;0;0;0;(-38.50247299999999 -3.8302815);
USI4000;2022-03-09 17:05:00;RUA PEDRO PEREIRA;RUA DO ROSARIO;;CENTRO;969975;Colisão Transversal;Não informado;Bom;Seca;T;Semáforo;Cruzamento;0;1;0;1;1;0;0;0;0;0;0;0;0;(-38.5260028 -3.7305047);
TRH7867;2022-03-22 22:30:00;Avenida Presidente Costa e Silva;RUA CEL TIBURCIO;;MONDUBIM;968048;Atropelamento;Via Iluminada;Chuva;Molhada;Cruz;Semáforo;Longo da via;0;0;2;1;1;0;0;0;0;0;0;0;0;(-38.5737849892893 -3.812177826587409);
URM5891;2022-03-09 10:30:00;Avenida Bernardo Manuel;;;SERRINHA;URM5891;Queda;Luz do Dia;Nublado;Molhada;Meio de quadra;Outros;Longo da via;0;2;0;1;0;0;0;0;0;0;0;0;0;(-38.54612604476701 -3.781758756830313);
LEJ4075;2022-03-22 22:00:00;Avenida Presidente Juscelino Kubitschek;;;PASSARE;969046;Atropelamento;Mal Iluminada;Chuva;Molhada;Meio de quadra;Semáforo Intermitente;Longo da via;0;1;1;0;1;0;0;0;0;0;0;0;0;(-38.52676585024522 -3.809763823825082);
UZU1605;2022-03-09 09:30:00;Rua Castro e Silva;RUA GAL SAMPAIO;;CENTRO;969680;Colisão Transversal;Luz do Dia;Nublado;Seca;Não informado;Semáforo;Cruzamento;0;1;0;1;1;0;0;0;0;0;0;0;0;(-38.5296615 -3.7231105);
KMV9056;2022-03-22 16:30:00;Avenida Bernardo Manuel;RUA GUERRA JUNQUEIRO;;SERRINHA;969202;Colisão Traseira;Luz do Dia;Nublado;Molhada;Meio de quadra;Semáforo;Longo da via;0;0;2;0;2;0;0;0;0;0;0;0;0;(-38.54632 -3.7819313);
PJL0803;2022-03-09 13:42:00;Rua José Morais;;;CARLITO PAMPLONA;969549;Colisão;Luz do Dia;Bom;Seca;Meio de quadra;Não há Controle;Longo da via;0;1;0;0;1;0;0;0;0;0;1;0;0;(-38.55548158746515 -3.714065416045448);
FZA2960;2022-03-09 23:30:00;RUA INGLATERRA;RUA JOSE MENELEU D41;;ITAPERI;968852;Colisão Transversal;Via Iluminada;Bom;Seca;Cruz;Pare;Cruzamento;0;1;0;1;1;0;0;0;0;0;0;0;0;(-38.559995 -3.7833713);
VDL1487;2022-03-22 19:20:00;Rua Maria Josefina Pessoa;RUA PAURILO BARROSO;;JARDIM CEARENSE;969827;Colisão Transversal;Luz do Dia;Bom;Seca;Cruz;Pare;Longo da via;0;0;1;1;1;0;0;0;0;0;0;0;0;(-38.57009963175705 -3.801290674076408);
LXS5552;2022-03-09 17:00:00;Avenida Senador Fernandes Távora;RUA BELEM;;AUTRAN NUNES;968648;Colisão Lateral;Luz do Dia;Bom;Seca;Cruz;Pare;Cruzamento;0;2;0;1;0;0;1;0;0;0;0;0;0;(-38.59208350000001 -3.7568994);
GAI1326;2022-03-22 23:30:00;Avenida Francisco Sá;;;CARLITO PAMPLONA;969842;Colisão Lateral;Via Iluminada;Chuva;Molhada;Cruz;Pare;Longo da via;0;0;2;1;1;0;0;0;0;0;0;0;0;(-38.56411829720901 -3.715141398819149);
NFG4954;2022-03-22 14:15:00;Avenida Treze de Maio;;;FATIMA;970206;Colisão Lateral;Não informado;Nublado;Seca;Meio de quadra;Não há Controle;Longo da via;0;0;0;1;1;0;0;0;0;0;0;0;0;(-38.5338898133401 -3.745418265315912);
LUL6778;2022-03-22 21:30:00;Avenida Visconde do Rio Branco;RUA CEL ALVES TEIXEIRA;;JOAQUIM TVORA;970263;Atropelamento;Via Iluminada;Não informado;Molhada;Cruz;Pare;Longo da via;0;0;0;0;1;0;0;0;0;1;0;0;0;(-38.522174 -3.7453551);
RJG8195;2022-03-09 00:30:00;AV BR DE STUDART;RUA PDE VALDEVINO;;DIONISIO TORRES;970150;Colisão Transversal;Via Iluminada;Bom;Seca;Cruz;Semáforo;Cruzamento;0;1;0;0;2;0;0;0;0;0;0;0;0;(-38.5088357 -3.7416713);
NNB6728;2022-03-22 16:00:00;Avenida Almirante Maximiniano da Fonseca;;;ENGENHEIRO LUCIANO CAVALCANTE;970332;Colisão Frontal;Luz do Dia;Bom;Molhada;Y;Não há Controle;Longo da via;0;0;1;1;1;0;0;0;0;0;0;0;0;(-38.48659709296432 -3.770978277331309);
NDO6787;2022-03-08 10:00:00;AV DOM LUIS;RUA DELMIRO GOUVEIA;;ALDEOTA;970128;Colisão Transversal;Luz do Dia;Nublado;Molhada;Cruz;Pare;Cruzamento;0;1;0;1;1;0;0;0;0;0;0;0;0;(-38.48809913400049 -3.735959533154699);
EUE0804;2022-03-23 17:30:00;Rua Monsenhor Salazar;;;SAO JOAO DO TAUAPE;969091;Queda;Luz do Dia;Chuva;Molhada;Meio de quadra;Não há Controle;Longo da via;0;0;0;0;1;0;0;0;0;0;0;0;0;(-38.52087036327531 -3.756803938035853);
ODF1927;2022-03-23 19:45:00;Rua Rio Grande do Sul;RUA RIO GRANDE DO NORTE;;DEMOCRITO ROCHA;969481;Colisão Transversal;Não informado;Bom;Seca;Cruz;Semáforo;Longo da via;0;0;0;0;2;0;0;0;0;0;0;0;0;(-38.56756762386664 -3.758677447768328);
PUP4499;2022-03-23 16:40:00;Rua Demétrio Menezes;;;ANTONIO BEZERRA;969797;Choque c/ Obstáculo Fixo;Luz do Dia;Chuva;Molhada;Meio de quadra;Não há Controle;Longo da via;0;1;0;1;0;0;0;0;0;0;0;0;0;(-38.58419730075811 -3.73438039136055);
GXK6710;2022-03-09 01:00:00;Avenida José Jatahy;;;FARIAS BRITO;969695;Colisão Lateral;Via Iluminada;Bom;Seca;Meio de quadra;Semáforo;Longo da via;0;1;0;2;0;0;0;0;0;0;0;0;0;(-38.54477420532447 -3.732014349864446);
UOY7607;2022-03-08 11:00:00;Avenida Engenheiro Santana Júnior;;;COCO;969685;Engavetamento;Luz do Dia;Bom;Seca;Outros;Não há Controle;Longo da via;0;2;0;1;2;0;0;0;0;0;0;0;0;(-38.49017517034623 -3.749202800160673);
DUY2582;2022-03-08 19:30:00;Rua Almeida Prado;RUA JOSE RANGEL;;PAPICU;969647;Colisão Lateral;Luz do Dia;Bom;Seca;Cruz;Não há Controle;Cruzamento;0;1;0;1;1;0;0;0;0;0;0;0;0;(-38.4733212 -3.7379784);
DBA0562;2022-03-07 08:15:00;Rua 15 de Novembro;RUA ANTONIO FIUZA;;MONTESE;970204;Colisão Transversal;Luz do Dia;Nublado;Molhada;Cruz;Semáforo;Cruzamento;0;0;2;0;2;0;0;0;0;0;0;0;0;(-38.5522549 -3.7702479);
MYV0597;2022-03-23 11:00:00;Avenida Dioguinho;;;PRAIA DO FUTURO II;969957;Colisão Lateral;Luz do Dia;Nublado;Seca;Meio de quadra;Outros;Longo da via;0;1;2;1;2;0;0;0;0;0;1;0;0;(-38.4473673 -3.753054);
EFG8163;2022-03-07 16:00:00;Avenida Frei Cirilo;RUA PAULO SETUBAL;;MESSEJANA;970172;Colisão Transversal;Luz do Dia;Bom;Seca;Duplo T;Semáforo;Cruzamento;0;0;1;0;2;0;0;0;0;0;0;0;0;(-38.49607049999999 -3.820461299999999);
BCT9444;2022-03-23 12:00:00;Avenida Imperador;RUA PEDRO I;;CENTRO;970207;Atropelamento;Luz do Dia;Chuva;Molhada;Cruz;Semáforo;Longo da via;0;0;0;0;0;1;0;0;0;0;0;0;0;(-38.5350737 -3.7291596);
CYA6356;2022-03-23 17:20:00;Avenida Dom Luís;;;ALDEOTA;970301;Colisão Lateral;Luz do Dia;Nublado;Molhada;Meio de quadra;Semáforo;Longo da via;0;1;1;1;1;0;0;0;0;0;0;0;0;(-38.49204197843746 -3.735012048419155);
KRT2863;2022-03-07 15:30:00;Avenida Castelo de Castro;AV CONTORNO SUL D71;;JANGURUSSU;970086;Colisão Lateral;Luz do Dia;Bom;Seca;Cruz;Não informado;Cruzamento;0;1;0;1;1;0;0;0;0;0;0;0;0;(-38.521779 -3.8388154);
RHA0290;2022-03-24 18:30:00;Avenida Deputado Paulino Rocha;;;CAJAZEIRAS;968302;Colisão Traseira;Não informado;Bom;Seca;Meio de quadra;Semáforo;Longo da via;0;1;1;1;1;0;0;0;0;0;0;0;0;(-38.50775972514136 -3.8025057170924);
PWM5874;2022-03-24 22:00:00;Avenida Alberto Craveiro;;;DIAS MACEDO;968759;Colisão Lateral;Via Iluminada;Bom;Seca;T;Não há Controle;Longo da via;0;1;1;1;1;0;0;0;0;0;0;0;0;(-38.51719044358414 -3.791254460394198);
MZL7478;2022-03-24 22:30:00;Rua Sabiaguaba;;;SABIAGUABA;968850;Colisão Frontal;Anoitecer;Bom;Seca;Meio de quadra;Outros;Longo da via;0;1;0;0;2;0;0;0;0;0;0;0;0;(-38.4423847 -3.7886707);
RUT6727;2022-03-07 23:30:00;Avenida Coronel Carvalho;;;BARRA DO CEARA;969981;Colisão Traseira;Anoitecer;Chuva;Molhada;Meio de quadra;Não há Controle;Longo da via;0;1;0;1;0;1;0;0;0;0;0;0;0;(-38.5896794 -3.7101738);
BIC0614;2022-03-07 23:50:00;Avenida Monsenhor Tabosa;;;PRAIA DE IRACEMA;969843;Colisão Lateral;Via Iluminada;Bom;Seca;Meio de quadra;Semáforo;Longo da via;0;1;0;1;1;0;0;0;0;0;0;0;0;(-38.5151579 -3.7239755);
ICO6101;2022-03-24 14:00:00;Avenida Filomeno Gomes;;;JACARECANGA;969516;Colisão Transversal;Luz do Dia;Bom;Seca;Com via férrea;Cancela;Longo da via;0;1;0;1;0;0;0;0;0;0;0;1;0;(-38.5414322 -3.7200583);
GKP0619;2022-03-08 00:00:00;Rua Tereza Hinko;AV BEIRA MAR;;MEIRELES;969735;Outros;Via Iluminada;Bom;Seca;T;Pare;Cruzamento;0;0;2;0;2;0;1;0;0;0;0;0;0;(-38.4842429 -3.7232108);
UZJ4069;2022-03-07 09:50:00;Avenida Duque de Caxias;;;CENTRO;969657;Colisão Lateral;Luz do Dia;Nublado;Molhada;Não informado;Não há Controle;Longo da via;0;1;0;1;1;0;0;0;0;0;0;0;0;(-38.5432187 -3.7276032);
WGU8766;2022-03-24 15:00:00;Rua Carapinima;RUA PDE FRANCISCO PINTO;;BENFICA;970092;Colisão Traseira;Luz do Dia;Bom;Seca;Cruz;Pare;Longo da via;0;1;1;1;0;0;1;0;0;0;0;0;0;(-38.54221538472702 -3.741922775171976);
GBL7571;2022-03-07 23:00:00;RUA PORTO VELHO;;;HENRIQUE JORGE;969547;Choque c/ Obstáculo Fixo;Via Iluminada;Bom;Seca;Meio de quadra;Não há Controle;Longo da via;0;1;0;0;1;0;0;0;0;0;0;0;0;(-38.58714 -3.76591);
RVN8401;2022-03-07 03:30:00;Rua Mario Mamede;;;FATIMA;969326;Choque c/ Obstáculo Fixo;Via Iluminada;Chuva;Molhada;Meio de quadra;Não há Controle;Longo da via;0;0;0;0;1;0;0;0;0;0;0;0;0;(-38.52894381334845 -3.751424266309309);
CJL7890;2022-03-24 18:30:00;Rua Anselmo Nogueira;;;BONSUCESSO;970093;Colisão Traseira;Luz do Dia;Bom;Seca;Meio de quadra;Não há Controle;Longo da via;0;0;4;1;3;0;0;0;0;0;0;0;0;(-38.58822062554022 -3.784804458889305);
MDL0548;2022-03-25 06:30:00;Avenida Domingos Olímpio;RUA JUSTINIANO DE SERPA;;FARIAS BRITO;969612;Choque c/ Obstáculo Fixo;Via Iluminada;Chuva;Molhada;Meio de quadra;Semáforo;Longo da via;0;0;1;0;1;0;0;0;0;0;0;0;0;(-38.54226365674819 -3.732977896944536);
ZWR2770;2022-03-25 23:00:00;Rua Silva Paulet;;;ALDEOTA;969762;Colisão Traseira;Via Iluminada;Bom;Seca;Meio de quadra;Não há Controle;Longo da via;0;1;1;1;1;0;0;0;0;0;0;0;0;(-38.50874141669033 -3.744733086111669);
EBY6295;2022-03-07 23:30:00;Avenida Treze de Maio;;;BENFICA;969299;Colisão Transversal;Via Iluminada;Bom;Seca;Meio de quadra;Não há Controle;Longo da via;0;1;0;1;2;0;0;0;0;0;0;0;0;(-38.5374927 -3.742407);
DRA2749;2022-03-07 17:11:00;Avenida Duque de Caxias;;;CENTRO;969024;Colisão Frontal;Luz do Dia;Bom;Seca;Não informado;Não há Controle;Longo da via;0;1;0;2;0;0;0;0;0;0;0;0;0;(-38.5427886 -3.7276901);
VID0829;2022-03-25 15:15:00;Avenida Visconde do Rio Branco;;;JOAQUIM TVORA;970259;Queda;Luz do Dia;Bom;Seca;Meio de quadra;Não há Controle;Longo da via;0;0;0;1;0;0;0;0;0;0;0;0;0;(-38.5230590845369 -3.741103768572763);
BTQ8749;2022-03-25 19:15:00;Avenida Padre Antônio Tomás;AV DES MOREIRA;;ALDEOTA;970262;Atropelamento;Luz do Dia;Bom;Seca;Cruz;Semáforo;Longo da via;0;0;1;1;0;0;0;0;0;0;0;0;0;(-38.49971310044246 -3.740193760342495);