COD_ACIDENTE;DATA;LOG1;LOG2;NUMERO;BAIRRO;AMC;NATUREZA;ILUMINACAO;TEMPO;SUPERFICIEPISTA;TIPOCRUZAMENTO;CONTROLETRAFEGO;USOSOLO;MORTOS;FERIDOS;ILESOS;MOTOCICLETA;AUTOMOVEL;MICROONIBUS;CAMINHAO;ONIBUS;CICLOMOTOR;BICICLETA;OUTROS;TREM;TRACAOANIMAL;COORDENADAS
JUM8912;2022-02-16 15:30:00;Rua Barão do Rio Branco;RUA SEN ALENCAR;;CENTRO;968649;Colisão Transversal;Luz do Dia;Bom;Seca;Cruz;Pare;Longo da via;0;0;2;0;2;0;0;0;0;0;0;0;0;(-38.5277824 -3.7248792);
QUJ8575;2022-02-21 18:15:00;AV CASTELO DE CASTRO;AV MON AMARILIO RODRIGUES;;JANGURUSSU;969897;Colisão Transversal;Via Iluminada;Bom;Seca;Cruz;Semáforo;Cruzamento;0;0;2;0;2;0;0;0;0;0;0;0;0;(-38.52163745183031 -3.835279114970003);
CLJ4590;2022-02-22 09:20:00;AV LUCIANO CARNEIRO;RUA DES PRAXEDES;;VILA UNIAO;969644;Colisão Transversal;Luz do Dia;Nublado;Molhada;Cruz;Semáforo;Cruzamento;0;1;0;1;1;0;0;0;0;0;0;0;0;(-38.5367103 -3.7649389);
CIY5676;2022-02-15 18:30:00;Avenida Dom Manuel;AV HERACLITO GRACA;;CENTRO;969966;Choque c/ Obstáculo Fixo;Luz do Dia;Bom;Não informado;Cruz;Semáforo;Longo da via;0;1;0;0;1;0;0;1;0;0;0;0;0;(-38.52308586839076 -3.734369685304787);
TJL8146;2022-02-15 21:35:00;Rua Crisanto Moreira da Rocha;RUA LINO CONDE D61;;CAMBEBA;969803;Colisão Lateral;Anoitecer;Bom;Seca;Cruz;Pare;Longo da via;0;1;0;1;1;0;0;0;0;0;0;0;0;(-38.4809516 -3.8000036);
ICT8013;2022-02-15 09:45:00;Avenida Santos Dumont;RUA SILVA PAULET;;ALDEOTA;969729;Colisão Transversal;Luz do Dia;Nublado;Molhada;Cruz;Pare;Longo da via;0;1;1;1;1;0;0;0;0;0;0;0;0;(-38.5052598 -3.733989299999999);
ECB4754;2022-02-22 11:30:00;RUA ATUALPA BARBOSA LIMA;;;PRAIA DE IRACEMA;969861;Colisão Lateral;Luz do Dia;Bom;Seca;Meio de quadra;Outros;Longo da via;0;1;0;1;1;0;0;0;0;0;0;0;0;(-38.50881651830817 -3.723808097759721);
QWJ9835;2022-02-15 23:00:00;Avenida Barão de Studart;AV JULIO VENTURA;;ALDEOTA;968344;Colisão Transversal;Via Iluminada;Bom;Seca;Cruz;Gesto;Longo da via;0;0;1;1;1;0;0;0;0;0;0;0;0;(-38.5080871 -3.739103899999999);
IUY4827;2022-02-22 13:00:00;Rua Raimundo Neri;;;VILA PERY;970050;Colisão Traseira;Luz do Dia;Bom;Seca;Meio de quadra;Semáforo;Longo da via;0;1;0;1;1;0;0;0;0;0;0;0;0;(-38.5866525236958 -3.793531269330578);
HGD2643;2022-02-14 11:22:00;Avenida Godofredo Maciel;;;PARANGABA;969933;Engavetamento;Luz do Dia;Bom;Seca;Meio de quadra;Semáforo;Longo da via;0;1;0;2;0;0;0;0;0;0;0;0;0;(-38.5656525254571 -3.782872125432516);
BOS6908;2022-02-22 20:00:00;RUA MAXIMO LINHARES;RUA VIS BARBACENA D61;;CIDADE DOS FUNCIONRAIOS;970055;Colisão Transversal;Luz do Dia;Bom;Seca;Cruz;Pare;Cruzamento;0;1;0;1;1;0;0;0;0;0;0;0;0;(-38.4894775 -3.7991679);
DXB7299;2022-02-13 20:10:00;Rua Monte Líbano;;;MONDUBIM;969832;Colisão Frontal;Luz do Dia;Bom;Seca;Meio de quadra;Não há Controle;Longo da via;0;2;0;2;0;0;0;0;0;0;0;0;0;(-38.56447235841671 -3.828085453383211);
HCW5036;2022-02-23 13:00:00;AV DES MOREIRA;RUA ISAC AMARAL;;DIONISIO TORRES;969643;Colisão Traseira;Luz do Dia;Bom;Seca;Cruz;Semáforo;Cruzamento;0;1;0;1;1;0;0;0;0;0;0;0;0;(-38.50379005697221 -3.753019436108536);
XOH4345;2022-02-13 10:20:00;Avenida Dionísio Leonel Alencar;;;ANCURI;969519;Colisão Transversal;Luz do Dia;Bom;Seca;Meio de quadra;Não há Controle;Longo da via;0;0;1;0;2;0;0;0;0;0;0;0;0;(-38.50619331202714 -3.855066724075316);
IRM4979;2022-02-23 14:50:00;Avenida Edilson Brasil Soares;;;SAPIRANGA / COITE;969682;Colisão Transversal;Luz do Dia;Bom;Seca;Meio de quadra;Não há Controle;Longo da via;0;1;0;1;1;0;0;0;0;0;0;0;0;(-38.47218290336034 -3.788765461360876);
GDH4510;2022-02-23 09:40:00;RUA CONEGO DE CASTRO;;;PARQUE SANTA ROSA;GDH4510;Colisão Transversal;Luz do Dia;Bom;Seca;T;Semáforo;Longo da via;0;1;0;1;1;0;0;0;0;0;0;0;0;(-38.5977535853884 -3.812729557073981);
AFX2995;2022-02-13 22:00:00;Rua Bárbara de Alencar;;;ALDEOTA;968572;Colisão Lateral;Via Iluminada;Bom;Seca;Não informado;Não há Controle;Longo da via;0;1;1;1;1;0;0;0;0;0;0;0;0;(-38.5142739 -3.7379428);
VBP7668;2022-02-13 04:30:00;Avenida I Cj Prefeito Jose Walter;AV H CJ JOSE WALTER;;PREFEITO JOSE VALTER;967669;Capotamento;Via Iluminada;Bom;Seca;T;Não há Controle;Longo da via;0;0;0;0;1;0;0;0;0;0;0;0;0;(-38.55585009119843 -3.841982222328345);
COC8213;2022-02-12 16:30:00;Rua Andrade Furtado;RUA SANTIAGO VASQUES FILHO;;COCO;969941;Colisão Transversal;Luz do Dia;Bom;Seca;T;Pare;Longo da via;0;0;1;1;1;0;0;0;0;0;0;0;0;(-38.47838953877406 -3.746167679456393);
VTD9684;2022-02-12 19:00:00;Rua Marechal Deodoro;;;BENFICA;969721;Engavetamento;Luz do Dia;Bom;Seca;Meio de quadra;Não há Controle;Longo da via;0;0;1;0;3;0;0;0;0;0;0;0;0;(-38.53397026553584 -3.73721749153335);
PZE5333;2022-02-24 11:00:00;AV EDUARDO GIRAO;;;BENFICA;969642;Colisão Lateral;Luz do Dia;Bom;Seca;Meio de quadra;Não há Controle;Longo da via;0;1;0;2;0;0;0;0;0;0;0;0;0;(-38.53038799999999 -3.7543782);
RTG5765;2022-02-12 08:50:00;Avenida Duque de Caxias;RUA VINTE E QUATRO DE MAIO;;CENTRO;968841;Colisão Lateral;Amanhecer;Bom;Seca;Cruz;Semáforo;Longo da via;0;0;1;1;1;0;0;0;0;0;0;0;0;(-38.53315487329157 -3.730799208428734);
GVH0488;2022-02-25 01:00:00;Avenida Doutor Silas Munguba;RUA EQUADOR;;ITAPERI;969693;Colisão Lateral;Via Iluminada;Bom;Seca;Cruz;Semáforo;Cruzamento;0;2;0;1;1;0;0;0;0;0;0;0;0;(-38.555418 -3.7823326);
PTK3366;2022-02-11 22:00:00;Avenida Historiador Raimundo Girão;RUA CARLOS VASCONCELOS;;PRAIA DE IRACEMA;970013;Choque c/ Obstáculo Fixo;Via Iluminada;Bom;Seca;Meio de quadra;Outros;Longo da via;0;0;1;0;0;0;0;0;0;0;1;0;0;(-38.5074431 -3.7225841);
OMB9020;2022-02-12 00:20:00;Avenida Beira Mar;RUA TEREZA HINKO;;MUCURIPE;969874;Choque c/ Obstáculo Fixo;Via Iluminada;Bom;Seca;T;Pare;Longo da via;0;0;0;0;1;0;0;0;0;0;0;0;0;(-38.48408654485724 -3.723192491938566);
QXD9908;2022-02-24 08:18:00;Avenida General Osório de Paiva;;;SIQUEIRA;969934;Colisão Traseira;Amanhecer;Bom;Molhada;Meio de quadra;Semáforo;Longo da via;0;1;0;1;0;0;0;1;0;0;0;0;0;(-38.58652011393875 -3.788942100238039);
TVU7456;2022-02-11 08:45:00;Avenida Imperador;RUA METON DE ALENCAR;;CENTRO;969654;Colisão Transversal;Amanhecer;Bom;Seca;Cruz;Semáforo Danificado;Longo da via;0;1;1;1;0;0;0;1;0;0;0;0;0;(-38.5358268 -3.7319841);
VQN4015;2022-02-24 23:30:00;AV TRISTAO GONÇALVES ;RUA SAO PAULO;;CENTRO;969942;Colisão Lateral;Via Iluminada;Bom;Seca;Cruz;Semáforo;Cruzamento;0;1;0;1;1;0;0;0;0;0;0;0;0;(-38.5324318 -3.7244243);
ZEU1082;2022-02-24 15:55:00;Rua Marechal Lott;AV DEP JOAQUIM F CORREIA;;CIDADE DOS FUNCIONRAIOS;969971;Colisão Lateral;Luz do Dia;Bom;Seca;Rotatória;Dê Preferência;Cruzamento;0;1;0;1;1;0;0;0;0;0;0;0;0;(-38.49384442617956 -3.800396786711644);
BCU9424;2022-02-12 00:30:00;Avenida Doutor Silas Munguba;;;PARANGABA;969177;Colisão Traseira;Via Iluminada;Bom;Seca;Não informado;Outros;Longo da via;0;0;0;0;3;0;0;0;0;0;0;0;0;(-38.5599959 -3.779999);
JBW1181;2022-02-25 10:00:00;RUA JOAO DE FRANÇA;RUA JOSE PEDRA;;PARQUE DOIS IRMAOS;943411;Colisão Transversal;Luz do Dia;Bom;Seca;Cruz;Pare;Cruzamento;0;1;0;1;1;0;0;0;0;0;0;0;0;(-38.54963973693446 -3.795509829238983);
WPC5056;2022-02-11 16:15:00;Avenida Godofredo Maciel;;;MARAPONGA;968395;Colisão Transversal;Luz do Dia;Bom;Seca;Meio de quadra;Outros;Longo da via;0;1;1;1;1;0;0;0;0;0;0;0;0;(-38.56504634856552 -3.780827380074141);
ZEA5100;2022-02-10 09:30:00;Avenida Presidente Castelo Branco;;;PIRAMBU;969889;Colisão Transversal;Luz do Dia;Bom;Seca;T;Semáforo;Longo da via;0;0;2;0;2;0;0;0;0;0;0;0;0;(-38.5534484695132 -3.712314933805066);
IHZ3580;2022-02-25 19:30:00;Avenida Presidente Castelo Branco;;;PIRAMBU;966897;Colisão Lateral;Luz do Dia;Bom;Seca;Meio de quadra;Não há Controle;Longo da via;0;1;0;0;1;0;1;0;0;0;0;0;0;(-38.5539075 -3.7123624);
POW9579;2022-02-10 10:30:00;Avenida Presidente Castelo Branco;AV PASTEUR;;PIRAMBU;969887;Colisão Lateral;Luz do Dia;Bom;Seca;Cruz;Semáforo;Longo da via;0;0;1;1;0;0;0;1;0;0;0;0;0;(-38.55869487128464 -3.711153296886029);
IUX1862;2022-02-25 11:00:00;AV SILAS MUNGUBA;RUA DES OTACILIO PEIXOTO;;PASSARE;967370;Colisão Traseira;Luz do Dia;Chuva;Molhada;Meio de quadra;Não informado;Cruzamento;0;1;0;1;1;0;0;0;0;0;0;0;0;(-38.5303616 -3.8004015);
MLA1922;2022-02-10 21:30:00;Rua Martins de Castro;;;EDSON QUEIROZ;969871;Colisão;Via Iluminada;Bom;Seca;Meio de quadra;Outros;Longo da via;0;0;0;0;3;0;0;0;0;0;1;0;0;(-38.4678806419771 -3.774778759562595);
HLW5709;2022-02-25 11:00:00;AV DOMINGOS OLIMPIO;RUA TEREZA CRISTINA;;CENTRO;967510;Choque c/ Obstáculo Fixo;Luz do Dia;Nublado;Molhada;T;Não há Controle;Cruzamento;0;0;1;0;1;0;0;0;0;0;0;0;0;(-38.5388692 -3.7341265);
GWH8273;2022-02-25 21:40:00;Rua Desembargador Praxedes;;;PARREAO;969709;Colisão Lateral;Via Iluminada;Bom;Seca;Meio de quadra;Não há Controle;Longo da via;0;0;2;2;0;0;0;0;0;0;0;0;0;(-38.54310587249008 -3.763007916287005);
BPB5295;2022-02-10 12:00:00;Avenida Professor Gomes de Matos;RUA ANDRE CHAVES;;MONTESE;969656;Colisão Traseira;Luz do Dia;Bom;Seca;Cruz;Não informado;Longo da via;0;0;3;0;3;0;0;0;0;0;0;0;0;(-38.5415716529214 -3.756466705856751);
XPX1438;2022-02-25 20:00:00;AV MOS TABOSA;RUA ILDEFONSO ALBANO;;PRAIA DE IRACEMA;969938;Colisão Traseira;Luz do Dia;Bom;Seca;Não informado;Semáforo;Cruzamento;0;1;0;1;0;0;1;0;0;0;0;0;0;(-38.5103341 -3.7241574);
ZCO6613;2022-02-10 11:35:00;Avenida Benjamim Brasil;;;JARDIM CEARENSE;969641;Choque c/ Obstáculo Fixo;Não informado;Bom;Seca;Não informado;Semáforo;Longo da via;0;0;1;0;0;0;0;0;0;0;1;0;0;(-38.55767027049048 -3.808666547602992);
GMV7665;2022-02-26 02:00:00;Rua 3 Loteamento Arvoredo;;;MONDUBIM;969985;Colisão Lateral;Anoitecer;Bom;Seca;Meio de quadra;Não há Controle;Longo da via;0;2;0;1;1;0;0;0;0;0;0;0;0;(-38.56932178856238 -3.822914971782059);
HLB1712;2022-02-10 13:50:00;Avenida Comodoro Estácio Brigido;RUA ZEZA PONTES;;ENGENHEIRO LUCIANO CAVALCANTE;968776;Colisão Transversal;Luz do Dia;Bom;Seca;Cruz;Pare;Longo da via;0;0;0;1;1;0;0;0;0;0;0;0;0;(-38.49141433660182 -3.775886784350024);
WPQ0608;2022-02-25 11:00:00;Avenida Engenheiro Santana Júnior;RUA LAURO NOGUEIRA;;PAPICU;970009;Queda;Luz do Dia;Chuva;Molhada;T;Pare;Cruzamento;0;1;0;1;1;0;0;0;0;0;0;0;0;(-38.4838087 -3.7383164);
LGO4256;2022-02-26 04:50:00;RUA MAL DEODORO;RUA JOAQUIM MAGALHAES;;BENFICA;959364;Colisão Lateral;Não informado;Bom;Seca;Cruz;Gesto;Cruzamento;0;1;0;1;1;0;0;0;0;0;0;0;0;(-38.5342558 -3.7378799);
AFV7461;2022-02-11 00:17:00;Avenida Sargento Hermínio Sampaio;;;PADRE ANDRADE;967220;Colisão Traseira;Via Iluminada;Bom;Seca;Meio de quadra;Não há Controle;Longo da via;0;0;3;1;2;0;0;1;0;0;0;0;0;(-38.5782642694302 -3.73113109744585);
ATW5713;2022-02-26 06:35:00;AV SEN VIRGILIO TAVORA;RUA PEREIRA VALENTE;;VARJOTA;960431;Colisão Frontal;Via Iluminada;Bom;Seca;Cruz;Gesto;Cruzamento;0;1;0;1;1;0;0;0;0;0;0;0;0;(-38.4921635 -3.7338512);
ANS4119;2022-02-09 11:00:00;Avenida Treze de Maio;AV DA UNIVERSIDADE;;BENFICA;969243;Colisão Transversal;Luz do Dia;Bom;Seca;Cruz;Semáforo;Longo da via;0;1;1;1;1;0;0;0;0;0;0;0;0;(-38.53927567567103 -3.740798648271453);
ZJC0021;2022-02-26 05:30:00;Avenida Almirante Henrique Sabóia;;;PAPICU;966264;Choque c/ Obstáculo Fixo;Via Iluminada;Bom;Seca;Não informado;Não há Controle;Longo da via;0;1;0;1;0;0;0;0;0;0;0;0;0;(-38.48765387792089 -3.740124171438936);
WBA6759;2022-02-26 08:00:00;Rua Emílio de Menezes;RUA JOSE TORRES;;CONJUNTO CEARA I;967406;Colisão Transversal;Luz do Dia;Bom;Seca;Cruz;Semáforo;Cruzamento;0;0;0;0;2;0;0;0;0;0;0;0;0;(-38.6062827 -3.7764484);
RLI7970;2022-02-09 16:00:00;Avenida Bernardo Manuel;;;ITAPERI;968826;Colisão Transversal;Não informado;Bom;Seca;Meio de quadra;Não há Controle;Longo da via;0;0;1;1;1;0;0;0;0;0;0;0;0;(-38.55566397908564 -3.8124508065177);
NUD0222;2022-02-09 16:50:00;Rua Monsenhor Salazar;RUA PRO CARVALHO;;SAO JOAO DO TAUAPE;966896;Colisão Transversal;Luz do Dia;Bom;Seca;Cruz;Pare;Longo da via;0;0;1;1;1;0;0;0;0;0;0;0;0;(-38.51445452001543 -3.756156238021096);
YCD9466;2022-02-26 09:50:00;AV BEZERRA DE MENEZES;RUA CEL MOZART GONDIM;;PARQUELANDIA;968981;Colisão Transversal;Luz do Dia;Nublado;Seca;Cruz;Semáforo;Cruzamento;0;2;0;0;2;0;0;0;0;0;0;0;0;(-38.55864123156134 -3.734546335208106);
SHG2934;2022-02-08 11:00:00;Avenida Sargento Hermínio Sampaio;RUA EVANDRO LUZ;;PADRE ANDRADE;969961;Colisão Lateral;Luz do Dia;Bom;Seca;Duplo T;Semáforo;Longo da via;0;1;1;1;0;0;1;0;0;0;0;0;0;(-38.57754543835252 -3.730879504170179);
AQQ8525;2022-02-27 00:30:00;Rua Desembargador Garcia;;;PARQUE SAO JOSE;969297;Choque c/ Obstáculo Fixo;Via Iluminada;Bom;Seca;Meio de quadra;Não há Controle;Longo da via;0;2;0;0;1;0;0;0;0;0;0;0;0;(-38.5547705 -3.7465819);
ETW9984;2022-02-08 19:30:00;Rua Cônego de Castro;RUA STA ROSALIA;;PARANGABA;969692;Choque c/ Obstáculo Fixo;Não informado;Bom;Seca;Meio de quadra;Não informado;Longo da via;0;0;0;0;0;0;1;0;0;0;0;0;0;(-38.56648937279313 -3.777444439993038);
YOX0625;2022-02-26 22:00:00;Avenida Pompílio Gomes;;;PASSARE;969298;Colisão Lateral;Via Iluminada;Nublado;Molhada;Meio de quadra;Não há Controle;Longo da via;0;2;0;1;1;0;0;0;0;0;0;0;0;(-38.5211234 -3.8185872);
KVR0138;2022-02-26 16:50:00;RUA JOSE MATIAS DOS SANTOS;;;PREFEITO JOSE VALTER;969354;Choque c/ Obstáculo Fixo;Luz do Dia;Bom;Seca;Meio de quadra;Não há Controle;Longo da via;0;1;0;0;1;0;0;0;0;0;0;0;0;(-38.5400148 -3.8359626);
LII2332;2022-02-09 00:30:00;Rua Amâncio Pereira;;;PASSARE;969411;Queda;Via Iluminada;Bom;Seca;Meio de quadra;Não há Controle;Longo da via;0;1;0;1;0;0;0;0;0;0;0;0;0;(-38.52301612485734 -3.815405407275017);
GBJ4049;2022-02-26 22:00:00;Rua Engenheiro Ronaldo de Castro Barbosa;RUA VER PEDRO PAULO MOREIRA;;PARQUE MANIBURA;969694;Colisão Lateral;Via Iluminada;Bom;Seca;Cruz;Pare;Cruzamento;0;1;0;1;1;0;0;0;0;0;0;0;0;(-38.4882001 -3.7870562);
TQQ9866;2022-02-07 17:10:00;Rua Máximo Linhares;RUA VIS BARBACENA D61;;CIDADE DOS FUNCIONRAIOS;968301;Colisão Transversal;Luz do Dia;Bom;Seca;Cruz;Pare;Longo da via;0;2;0;1;1;0;0;0;0;0;0;0;0;(-38.48961726594497 -3.79918174072448);
NND9500;2022-02-26 20:00:00;Rua Grito do Ipiranga;AV DIOGUINHO;;PRAIA DO FUTURO I;970101;Colisão Lateral;Anoitecer;Bom;Seca;T;Não há Controle;Cruzamento;0;1;0;1;1;0;0;0;0;0;0;0;0;(-38.4491551 -3.7514331);
OQK7750;2022-02-04 00:05:00;Rua Jockey Club;RUA ERNESTO PEDRO SANTOS;;JOQUEI CLUBE;969275;Colisão Lateral;Via Iluminada;Bom;Seca;Cruz;Pare;Longo da via;0;0;1;0;1;0;0;0;0;0;0;0;0;(-38.57677295441513 -3.763794785264865);
RYK8099;2022-02-28 00:08:00;Rua Afonso Henrique;;;CURIO;960562;Colisão Lateral;Via Iluminada;Bom;Seca;Outros;Pare;Longo da via;0;0;2;0;2;0;0;0;0;0;0;0;0;(-38.48191932489935 -3.825767839712181);
ADZ9782;2022-02-03 21:30:00;Rua Santa Adélia;RUA PERILIO TEIXEIRA;;GENIBAU;968191;Colisão Traseira;Via Iluminada;Bom;Seca;Cruz;Pare;Longo da via;0;0;1;1;1;0;0;0;0;0;0;0;0;(-38.60191599790666 -3.759180618268098);
MZX2421;2022-02-27 04:20:00;Rua Josias Paulo de Sousa;RUA JOAO AVELINO;;VICENTE PINZON;960871;Choque c/ Obstáculo Fixo;Via Iluminada;Bom;Seca;T;Não há Controle;Cruzamento;0;0;1;0;2;0;0;0;0;0;0;0;0;(-38.46990839175776 -3.727844320041453);
FCH9706;2022-02-03 11:15:00;Avenida Jovita Feitosa;;;PARQUELANDIA;960532;Choque c/ Obstáculo Fixo;Não informado;Chuva;Molhada;Duplo T;Semáforo;Longo da via;0;0;1;0;0;0;0;1;0;0;0;0;0;(-38.56199399048417 -3.740943178953728);
KRQ7719;2022-02-27 16:00:00;Avenida Rui Barbosa;;;JOAQUIM TVORA;968394;Choque c/ Obstáculo Fixo;Luz do Dia;Bom;Seca;Meio de quadra;Não há Controle;Longo da via;0;1;0;0;1;0;0;0;0;0;0;0;0;(-38.51272019463511 -3.746201720909358);
XRM7111;2022-02-27 22:15:00;Rua Barão de Sobral;;;ITAOCA;969710;Colisão Lateral;Via Iluminada;Bom;Seca;Meio de quadra;Não há Controle;Longo da via;0;1;0;0;2;0;0;0;0;0;0;0;0;(-38.55694071245336 -3.76552910621587);
MKP9249;2022-02-02 17:00:00;Avenida Borges de Melo;;;PARREAO;969879;Colisão Traseira;Luz do Dia;Bom;Seca;Meio de quadra;Não informado;Longo da via;0;1;1;1;1;0;0;0;0;0;0;0;0;(-38.5283938 -3.7602384);
CKG6115;2022-02-27 10:35:00;Rua Dom Lino;;;AMADEU FURTADO;970119;Choque c/ Obstáculo Fixo;Amanhecer;Chuva;Molhada;Meio de quadra;Outros;Longo da via;0;0;0;0;1;0;0;0;0;0;0;0;0;(-38.55655446544124 -3.739160632206445);
CIV4775;2022-02-02 11:30:00;Avenida Deputado Paulino Rocha;;;BARROSO;969872;Colisão Traseira;Via Iluminada;Bom;Seca;Duplo T;Não há Controle;Longo da via;0;1;2;1;1;0;0;1;0;0;0;0;0;(-38.51261987520911 -3.811840615965662);
VNL0359;2022-02-27 13:30:00;AV BERNARDO MANUEL;;;PARQUE DOIS IRMAOS;970120;Colisão Traseira;Luz do Dia;Bom;Seca;Meio de quadra;Não há Controle;Longo da via;0;1;0;1;1;0;0;0;0;0;0;0;0;(-38.55178014207413 -3.800064924100892);
MOO3529;2022-02-28 15:00:00;RUA COROA;;;JANGURUSSU;960678;Choque c/ Obstáculo Fixo;Luz do Dia;Bom;Seca;Meio de quadra;Não informado;Longo da via;0;1;0;0;1;0;0;0;0;0;0;0;0;(-38.51740878794789 -3.839284627490853);
RVN2821;2022-02-02 22:00:00;Avenida Alberto Craveiro;;;CASTELAO;969410;Colisão Transversal;Via Iluminada;Bom;Seca;Meio de quadra;Não há Controle;Longo da via;0;0;0;1;0;0;0;0;0;1;0;0;0;(-38.52388989742067 -3.806292763014062);
ONF0343;2022-02-28 22:50:00;Rua Luiza Miranda Coelho;;;ENGENHEIRO LUCIANO CAVALCANTE;968437;Colisão Lateral;Via Iluminada;Bom;Seca;Meio de quadra;Não há Controle;Longo da via;0;1;0;1;1;0;0;0;0;0;0;0;0;(-38.48904326453639 -3.774457592693233);
CRW8030;2022-02-02 14:05:00;Avenida Jovita Feitosa;;;PARQUELANDIA;969225;Colisão Traseira;Luz do Dia;Bom;Seca;Meio de quadra;Não informado;Longo da via;0;1;1;1;1;0;0;0;0;0;0;0;0;(-38.55611458949641 -3.739802991812457);
LRU3919;2022-02-28 23:00:00;Rua Porto Alegre;RUA VITORIA (AV. PERIMETRAL);;HENRIQUE JORGE;969943;Colisão Lateral;Via Iluminada;Bom;Seca;Cruz;Pare;Cruzamento;0;1;0;1;1;0;0;0;0;0;0;0;0;(-38.58686708305818 -3.762239028853655);
NPF5492;2022-02-02 10:30:00;Avenida Antônio Sales;;;DIONISIO TORRES;969223;Colisão Traseira;Luz do Dia;Bom;Seca;Meio de quadra;Semáforo;Longo da via;0;2;0;1;0;0;0;0;0;0;0;0;0;(-38.50692287029883 -3.744058612308695);
UID1376;2022-02-28 08:00:00;Avenida Presidente Costa e Silva;RUA BERNARDO MANUEL;;PREFEITO JOSE VALTER;970106;Colisão Transversal;Amanhecer;Bom;Seca;Cruz;Semáforo;Cruzamento;0;2;0;1;1;0;0;0;0;0;0;0;0;(-38.5581697 -3.8211691);
QQP2495;2022-03-01 00:00:00;Avenida Bernardo Manuel;;;ITAPERI;969296;Colisão Lateral;Via Iluminada;Bom;Seca;Meio de quadra;Não informado;Longo da via;0;1;0;1;1;0;0;0;0;0;0;0;0;(-38.55411 -3.8080418);
QGO8648;2022-02-02 22:30:00;Rua Capitão Vasconcelos;RUA CAP ARAGAO;;ALTO DA BALANCA;969042;Colisão Transversal;Via Iluminada;Bom;Seca;Cruz;Não informado;Longo da via;0;1;1;1;1;0;0;0;0;0;0;0;0;(-38.5170321 -3.7655714);
WRB1448;2022-02-02 16:50:00;Avenida Senador Fernandes Távora;RUA PDE SA LEITAO;;HENRIQUE JORGE;968823;Colisão Transversal;Não informado;Bom;Não informado;Cruz;Não informado;Longo da via;0;0;0;1;1;0;0;0;0;0;0;0;0;(-38.5816662 -3.7624136);
HSV4534;2022-02-01 17:00:00;Avenida Sabino Monte;;;SAO JOAO DO TAUAPE;969778;Colisão Transversal;Luz do Dia;Bom;Seca;Meio de quadra;Pare;Longo da via;0;0;2;1;2;0;0;0;0;0;0;0;0;(-38.51231411018416 -3.754646720418708);
OWO5306;2022-02-01 10:50:00;Rua Doutor Gilberto Studart;RUA ALMEIDA PRADO;;PAPICU;969736;Colisão Transversal;Luz do Dia;Bom;Seca;Cruz;Pare;Longo da via;0;2;0;2;0;0;0;0;0;0;0;0;0;(-38.4756797 -3.7453338);
DZM1398;2022-02-22 10:40:00;Avenida Bezerra de Menezes;;;PARQUELANDIA;969681;Colisão Traseira;Luz do Dia;Bom;Seca;Meio de quadra;Não há Controle;Longo da via;0;1;0;0;1;0;0;0;1;0;0;0;0;(-38.563796 -3.7357742);
OOU1438;2022-02-01 20:10:00;Avenida Alberto Craveiro;;;CASTELAO;969543;Colisão;Luz do Dia;Bom;Seca;Rotatória;Não informado;Longo da via;0;0;0;1;1;0;0;0;0;0;0;0;0;(-38.52438406107265 -3.806943018225014);
HQT1815;2022-02-01 03:20:00;Rua Capitão Aragão;RUA CAP VASCONCELOS D46;;AEROLANDIA;968971;Colisão Transversal;Via Iluminada;Bom;Seca;Cruz;Semáforo;Longo da via;0;0;1;1;1;0;0;0;0;0;0;0;0;(-38.51678267415624 -3.765502342029912);
DJJ1154;2022-06-29 12:00:00;Avenida Doutor Silas Munguba;;;SERRINHA;970163;Colisão Lateral;Luz do Dia;Chuva;Molhada;Não informado;Não há Controle;Longo da via;1;1;1;1;0;0;1;0;0;0;0;0;0;(-38.54749933162441 -3.787837437576645);
OOQ4741;2022-06-29 06:00:00;Avenida Domingos Olímpio;;;BENFICA;969214;Choque;Não informado;Não informado;Não informado;Não informado;Não informado;Longo da via;1;0;0;1;0;0;0;0;0;0;0;0;0;(-38.52976993104831 -3.737231543185906);
BCV7648;2022-06-24 13:00:00;Avenida Senador Carlos Jereissati;;;AEROPORTO;BCV7648;Colisão Frontal;Luz do Dia;Bom;Não informado;Não informado;Não informado;Longo da via;1;0;0;1;1;0;0;0;0;0;0;0;0;(-38.5357467 -3.7820759);
QTB3077;2022-06-21 01:50:00;AV RADIALISTA JOAO RAMOS, 290;; 290 ;PLANALTO AYRTON SENNA;QTB3077;Queda;Não informado;Não informado;Não informado;Não informado;Não informado;Longo da via;1;0;0;1;0;0;0;0;0;0;0;0;0;(-38.58114351782348 -3.839851700670038);