COD_ACIDENTE;DATA;LOG1;LOG2;NUMERO;BAIRRO;AMC;NATUREZA;ILUMINACAO;TEMPO;SUPERFICIEPISTA;TIPOCRUZAMENTO;CONTROLETRAFEGO;USOSOLO;MORTOS;FERIDOS;ILESOS;MOTOCICLETA;AUTOMOVEL;MICROONIBUS;CAMINHAO;ONIBUS;CICLOMOTOR;BICICLETA;OUTROS;TREM;TRACAOANIMAL;COORDENADAS
DMG5038;2022-06-10 00:00:00;Avenida Bernardo Manuel;;;PARANGABA;DMG5038;Atropelamento;Não informado;Não informado;Não informado;Não informado;Não informado;Longo da via;1;0;0;0;1;0;0;0;0;0;0;0;0;(-38.55403711867397 -3.807567346399531);
OHI0596;2022-06-08 16:40:00;R. VITÓRIA;TR RIO DE JANEIRO;;JOAO XXIII;970964;Atropelamento;Luz do Dia;Bom;Seca;Y;Não há Controle;Cruzamento;1;1;0;1;0;0;0;0;0;0;0;0;0;(-38.59047959999999 -3.7689713);
HYM7387;2022-01-18 19:30:00;Rua Nunes Valente;RUA JOAO CARVALHO;;ALDEOTA;969533;Colisão Lateral;Luz do Dia;Bom;Seca;Cruz;Pare;Longo da via;0;0;1;1;1;0;0;0;0;0;0;0;0;(-38.50451959999999 -3.7386088);
TRU8190;2022-01-18 17:15:00;Avenida Carneiro de Mendonça;;;DEMOCRITO ROCHA;969540;Colisão Transversal;Não informado;Bom;Seca;Cruz;Semáforo;Longo da via;0;0;0;0;1;1;0;0;0;0;0;0;0;(-38.57191278440821 -3.761380647574743);
XDP7515;2022-01-18 23:00:00;Avenida Senador Fernandes Távora;RUA PRO VIRGILIO DE MORAIS;;GENIBAU;969724;Colisão Transversal;Via Iluminada;Bom;Seca;Cruz;Semáforo;Longo da via;0;1;0;2;0;0;0;0;0;0;0;0;0;(-38.59727576716233 -3.755326538952789);
TRP3273;2022-06-06 17:00:00;Avenida Coronel Carvalho;;;BARRA DO CEARA;970351 970353;Atropelamento;Luz do Dia;Bom;Seca;Meio de quadra;Não há Controle;Longo da via;1;1;0;1;0;0;0;0;0;0;0;0;0;(-38.5895712 -3.7105622);
TRP3273;2022-06-05 10:20:00;Av. Dioguinho;;;PRAIA DO FUTURO I;TRP3273;Queda;Não informado;Não informado;Não informado;Não informado;Não informado;Longo da via;1;0;0;1;0;0;0;0;0;0;0;0;0;(-38.4536386 -3.7411197);
CSG3982;2022-06-02 04:40:00;Rua 836;;;CONJUNTO CEARA I;970358;Colisão;Via Iluminada;Chuva;Molhada;T;Pare;Cruzamento;1;0;0;0;1;0;0;0;0;1;0;0;0;(-38.6040377 -3.769263);
KFF9070;2022-01-18 22:00:00;Rua Doutor Perilio Teixeira;AV GENIBAU;;GENIBAU;969787;Colisão Lateral;Via Iluminada;Bom;Seca;Cruz;Pare;Longo da via;0;0;1;1;1;0;0;0;0;0;0;0;0;(-38.60207692270646 -3.760529542005117);
ULS6774;2022-01-19 16:30:00;Avenida Dioguinho;;;PRAIA DO FUTURO II;968916;Colisão Traseira;Não informado;Bom;Seca;Cruz;Semáforo;Longo da via;0;1;1;1;1;0;0;0;0;0;0;0;0;(-38.4473673 -3.753054);
EXM4755;2022-01-09 18:10:00;Avenida Professor Gomes de Matos;;;MONTESE;969090;Colisão Traseira;Luz do Dia;Bom;Seca;Meio de quadra;Não há Controle;Longo da via;0;1;1;1;1;0;0;0;0;0;0;0;0;(-38.55016545295089 -3.766433735217427);
QTQ8053;2022-01-20 19:15:00;Rua Alberto Magno;;;MONTESE;969162;Colisão Lateral;Luz do Dia;Bom;Seca;Meio de quadra;Não há Controle;Longo da via;0;0;0;1;2;0;0;0;0;0;0;0;0;(-38.5487921422307 -3.763543201383267);
RXZ0336;2022-01-17 07:00:00;AV DES MOREIRA;;;ALDEOTA;969772;Choque c/ Obstáculo Fixo;Via Iluminada;Bom;Seca;Rotatória;Não informado;Longo da via;0;0;1;0;1;0;0;0;0;0;0;0;0;(-38.4986128 -3.7370942);
QUZ8938;2022-01-20 10:30:00;Avenida Bernardo Manuel;;;PARQUE DOIS IRMAOS;969534;Engavetamento;Luz do Dia;Bom;Seca;Meio de quadra;Semáforo;Longo da via;0;0;0;0;3;0;0;0;0;0;0;0;0;(-38.55313196884944 -3.803945567612227);
EXD8757;2022-01-18 00:00:00;Avenida General Osório de Paiva;;;PARANGABA;969725;Colisão Transversal;Via Iluminada;Bom;Seca;Meio de quadra;Não há Controle;Longo da via;0;1;0;1;1;0;0;0;0;0;0;0;0;(-38.5727945 -3.7794061);
CVT1543;2022-01-17 23:00:00;Avenida Governador Raul Barbosa;;;AEROLANDIA;966945;Colisão Transversal;Não informado;Bom;Seca;Meio de quadra;Não informado;Longo da via;0;1;0;2;0;0;0;0;0;0;0;0;0;(-38.5107498 -3.7700595);
YNF1160;2022-01-21 15:20:00;Avenida Treze de Maio;RUA SOLON PINHEIRO;;;967235;Colisão Traseira;Luz do Dia;Bom;Seca;T;Não há Controle;Longo da via;0;0;1;1;1;0;0;0;0;0;0;0;0;(-38.53186741953263 -3.747179387527928);
ISH4047;2022-01-16 18:53:00;Avenida Edilson Brasil Soares;RUA NUBIA BARROCAS;;PARQUE MANIBURA;969777;Choque c/ Obstáculo Fixo;Luz do Dia;Nublado;Molhada;Não informado;Pare;Cruzamento;0;0;0;0;1;0;0;0;0;0;0;0;0;(-38.4821945 -3.7896428);
YNF1160;2022-01-21 15:15:00;Rua Senador Pompeu;RUA JOAQUIM MAGALHAES;;JOSE BONIFACIO;967236;Colisão Transversal;Luz do Dia;Bom;Seca;Cruz;Pare;Longo da via;0;0;0;1;1;0;0;0;0;0;0;0;0;(-38.53304758774593 -3.738191738910401);
NWG9087;2022-01-21 13:45:00;Avenida Filomeno Gomes;RUA GUILHERME ROCHA;;JACARECANGA;967634;Colisão Lateral;Luz do Dia;Bom;Seca;Cruz;Semáforo;Longo da via;0;0;1;1;0;0;0;1;0;0;0;0;0;(-38.54121760156602 -3.723021192850919);
UOS9785;2022-01-16 15:40:00;Rua Eduardo Perdigão;;;PARANGABA;969774;Colisão;Luz do Dia;Nublado;Molhada;Meio de quadra;Semáforo;Longo da via;0;0;4;0;4;0;0;0;0;0;0;0;0;(-38.5647129 -3.7757865);
JVM7876;2022-01-21 19:30:00;Rua Osvaldo Cruz;RUA MARIA TOMASIA;;ALDEOTA;968650;Colisão Transversal;Luz do Dia;Bom;Seca;Cruz;Pare;Longo da via;0;1;1;1;2;0;0;0;0;0;0;0;0;(-38.5000022 -3.7345975);
VKR3140;2022-01-16 16:30:00;Avenida Presidente Costa e Silva;;;PREFEITO JOSE VALTER;969719;Queda;Luz do Dia;Nublado;Molhada;Meio de quadra;Não há Controle;Longo da via;0;1;0;1;0;0;0;0;0;0;0;0;0;(-38.5623358 -3.8194729);
WSQ6891;2022-01-16 01:00:00;AV MIGUEL DIAS;RUA GONTRAN GIFONI;;GUARARAPES;969732;Colisão Transversal;Não informado;Bom;Seca;T;Não há Controle;Cruzamento;0;2;0;2;0;0;0;0;0;0;0;0;0;(-38.4876915 -3.7699942);
OAD5023;2022-01-21 19:30:00;Avenida Treze de Maio;;;FATIMA;968963;Colisão Transversal;Luz do Dia;Bom;Seca;Meio de quadra;Semáforo;Longo da via;0;0;1;1;1;0;0;0;0;0;0;0;0;(-38.53207126530655 -3.747029504924484);
LNB9434;2022-01-21 16:45:00;Rua Elizeu Oriá;RUA OLEGARIO MARIANO;;SAPIRANGA / COITE;969355;Colisão Transversal;Luz do Dia;Bom;Seca;Cruz;Não há Controle;Longo da via;0;0;0;1;1;0;0;0;0;0;0;0;0;(-38.4777393 -3.7917453);
AHJ1193;2022-01-15 12:25:00;Rua Romeu Martins;RUA BAR CANINDE;;MONTESE;969620;Colisão Transversal;Luz do Dia;Chuva;Molhada;Cruz;Pare;Cruzamento;0;1;0;1;1;0;0;0;0;0;0;0;0;(-38.55468219999999 -3.7649073);
LIT3423;2022-01-15 21:00:00;RUA DOS PRACINHAS;RUA JUSTINIANO DE SERPA;;BENFICA;966984;Colisão Transversal;Via Iluminada;Bom;Seca;Cruz;Não informado;Cruzamento;0;1;0;1;1;0;0;0;0;0;0;0;0;(-38.5415936 -3.7372054);
CTV3045;2022-01-21 08:40:00;Rua Demétrio Menezes;;;PADRE ANDRADE;969536;Colisão;Luz do Dia;Bom;Não informado;Meio de quadra;Não há Controle;Longo da via;0;0;0;0;1;0;1;0;0;0;0;0;0;(-38.58354858111105 -3.738004801933218);
UKE5675;2022-01-22 13:00:00;Rua Raimundo Neri;RUA ANTONIO COSTA MENDES;;PARQUE SAO JOSE;969573;Colisão Lateral;Luz do Dia;Nublado;Molhada;Cruz;Semáforo;Longo da via;0;0;1;1;1;0;0;0;0;0;0;0;0;(-38.58676150782395 -3.793304533786886);
LIT3423;2022-01-15 13:18:00;Avenida General Osório de Paiva;;;CANINDEZINHO;960802;Colisão Lateral;Luz do Dia;Chuva;Molhada;Meio de quadra;Semáforo;Longo da via;0;2;0;1;1;0;0;0;0;0;0;0;0;(-38.6070895 -3.8096409);
AIV1776;2022-01-22 00:30:00;Avenida Antônio Sales;RUA CEL LINHARES;;DIONISIO TORRES;969600;Choque c/ Obstáculo Fixo;Via Iluminada;Bom;Seca;Cruz;Pare;Longo da via;0;0;0;0;1;0;0;0;0;0;0;0;0;(-38.4975673369838 -3.746970622466102);
GSR8921;2022-01-15 00:00:00;Avenida Presidente Castelo Branco;;;BARRA DO CEARA;969763;Colisão Lateral;Via Iluminada;Bom;Seca;Meio de quadra;Não há Controle;Longo da via;0;1;0;0;1;0;0;1;0;0;0;0;0;(-38.5794267 -3.7040981);
XXQ4271;2022-01-22 00:00:00;Rua Conselheiro Estelita;RUA GUILHERME ROCHA;;JACARECANGA;969688;Colisão Lateral;Não informado;Bom;Seca;Cruz;Pare;Longo da via;0;0;2;0;2;0;0;0;0;0;0;0;0;(-38.5391887 -3.7233519);
DGQ8519;2022-01-14 12:30:00;AV I;AV C CJ JOSE WALTER;;PREFEITO JOSE VALTER;969619;Colisão Transversal;Luz do Dia;Bom;Seca;Cruz;Pare;Cruzamento;0;0;2;0;2;0;0;0;0;0;0;0;0;(-38.5521546 -3.8298579);
XRJ1987;2022-01-22 14:00:00;Avenida Dioguinho;;;SABIAGUABA;960530;Choque c/ Obstáculo Fixo;Luz do Dia;Chuva;Molhada;Duplo T;Não há Controle;Longo da via;0;1;0;0;1;0;0;0;0;0;0;0;0;(-38.4473673 -3.753054);
UFA1142;2022-01-22 17:30:00;Avenida Heráclito Graça;AV DOM MANUEL;;CENTRO;968961;Colisão Transversal;Luz do Dia;Bom;Seca;Cruz;Semáforo;Longo da via;0;0;0;1;1;0;0;0;0;0;0;0;0;(-38.5229316 -3.7340692);
XON9843;2022-01-14 10:20:00;Avenida Presidente Juscelino Kubitschek;;;PASSARE;969618;Colisão Lateral;Luz do Dia;Bom;Seca;Meio de quadra;Outros;Longo da via;0;1;0;1;1;0;0;0;0;0;0;0;0;(-38.5290414 -3.813144799999999);
DED2410;2022-01-14 09:30:00;AV BERNARDO MANUEL;;;ITAPERI;969264;Choque c/ Obstáculo Fixo;Não informado;Nublado;Seca;Meio de quadra;Não há Controle;Longo da via;0;1;0;1;0;0;0;0;0;0;0;0;0;(-38.5486544 -3.7902964);
YJX6844;2022-01-22 10:00:00;Rua Jaime Benévolo;RUA METON DE ALENCAR;;CENTRO;969525;Colisão Transversal;Luz do Dia;Bom;Seca;Cruz;Semáforo;Longo da via;0;0;1;1;1;0;0;0;0;0;0;0;0;(-38.52636030000001 -3.7350302);
NYJ4775;2022-01-14 20:05:00;RUA JOSE DE BARCELOS;RUA PDE GUERRA;;PARQUELANDIA;960595;Colisão Transversal;Luz do Dia;Bom;Seca;Cruz;Pare;Cruzamento;0;1;0;1;1;0;0;0;0;0;0;0;0;(-38.55004599999999 -3.737487);
MGY4499;2022-01-22 17:00:00;Rua José Torres;RUA SOUSA CARVALHO;;GRANJA PORTUGAL;969720;Colisão Transversal;Luz do Dia;Nublado;Molhada;Cruz;Pare;Longo da via;0;0;2;1;1;0;0;0;0;0;0;0;0;(-38.60682979145096 -3.778354409349906);
XWS6830;2022-01-22 20:00:00;Rua Padre Francisco Pinto;RUA WALDERY UCHOA;;BENFICA;969723;Colisão Transversal;Via Iluminada;Bom;Seca;Cruz;Não há Controle;Longo da via;0;0;1;1;1;0;0;0;0;0;0;0;0;(-38.53922203876268 -3.744240613227348);
TOJ4841;2022-01-23 09:50:00;Avenida Independência;;;JARDIM GUANABARA;969113;Colisão Lateral;Luz do Dia;Bom;Seca;Meio de quadra;Pare;Longo da via;0;0;1;1;1;0;0;0;0;0;0;0;0;(-38.59442185313888 -3.725949332045287);
QRQ3699;2022-01-24 01:00:00;Rua Álvaro Chaves;RUA MARIA GOMES DE SA;;MESSEJANA;969523;Colisão Transversal;Via Iluminada;Bom;Seca;Cruz;Pare;Longo da via;0;0;0;1;1;0;0;0;0;0;0;0;0;(-38.58059242873175 -3.826533241687332);
KWY7501;2022-01-23 21:50:00;Avenida Professor José Arthur de Carvalho;;;MESSEJANA;969689;Colisão Lateral;Via Iluminada;Bom;Seca;Não informado;Pare;Longo da via;0;0;1;1;1;0;0;0;0;0;0;0;0;(-38.45287635020392 -3.822460010727844);
PLW7291;2022-01-23 05:00:00;Rua Padre Luís Figueira;RUA ILDEFONSO ALBANO;;ALDEOTA;969801;Colisão Transversal;Via Iluminada;Bom;Seca;Cruz;Gesto;Longo da via;0;0;1;1;1;0;0;0;0;0;0;0;0;(-38.51307417913565 -3.732862053883612);
NZT1203;2022-01-13 20:30:00;Avenida Borges de Melo;;;AEROLANDIA;969668;Colisão Transversal;Anoitecer;Bom;Seca;Meio de quadra;Não há Controle;Longo da via;0;0;0;3;0;0;0;0;0;0;0;0;0;(-38.5200953 -3.7613866);
QFC7896;2022-01-13 09:10:00;Avenida General Osório de Paiva;RUA JULIO BRAGA;;PARANGABA;969651;Colisão Transversal;Amanhecer;Bom;Molhada;T;Semáforo;Cruzamento;0;1;0;1;1;0;0;0;0;0;0;0;0;(-38.57151289999999 -3.7787607);
OPU8002;2022-01-24 04:10:00;Avenida Godofredo Maciel;;;MARAPONGA;969327;Choque c/ Obstáculo Fixo;Via Iluminada;Bom;Seca;Meio de quadra;Não há Controle;Longo da via;0;0;0;0;1;0;0;0;0;0;0;0;0;(-38.56670932190801 -3.7865173270471);
QNS2102;2022-01-24 05:15:00;Avenida Santos Dumont;;;PAPICU;969438;Choque c/ Obstáculo Fixo;Via Iluminada;Bom;Seca;Meio de quadra;Semáforo;Longo da via;0;1;0;0;1;0;0;0;0;0;0;0;0;(-38.47446814966345 -3.743908729170802);
GWY5778;2022-01-24 14:00:00;Avenida Castelo de Castro;;;JANGURUSSU;969544;Engavetamento;Não informado;Bom;Seca;Meio de quadra;Semáforo;Longo da via;0;1;1;0;1;0;0;1;0;0;1;0;0;(-38.52153018856959 -3.835610963969991);
AUG6915;2022-01-24 11:40:00;Rua Leda Porto Freire;RUA JOAOZITO ARRUDA;;PARQUE IRACEMA;969660;Colisão Lateral;Luz do Dia;Bom;Seca;Cruz;Gesto;Longo da via;0;0;2;1;1;0;0;0;0;0;0;0;0;(-38.49854365215123 -3.804405891062755);
VME6969;2022-01-24 10:00:00;Rua Pastor Samuel Munguba;RUA PRO COSTA MENDES;;RODOLFO TEOFILO;969727;Choque c/ Obstáculo Fixo;Não informado;Bom;Seca;Cruz;Semáforo;Longo da via;0;0;0;0;1;0;0;0;0;0;0;0;0;(-38.55183378836563 -3.750428621938432);
YRZ2178;2022-01-26 01:56:00;Avenida Américo Barreira;;;RODOLFO TEOFILO;960761;Colisão Traseira;Via Iluminada;Bom;Seca;Meio de quadra;Outros;Longo da via;0;0;0;0;2;0;0;0;0;0;0;0;0;(-38.5488511520019 -3.748539035685996);
MIR5921;2022-01-25 07:58:00;Rua Barão de Sobral;RUA EDITE BRAGA;;MONTESE;969255;Atropelamento;Luz do Dia;Bom;Seca;Cruz;Pare;Longo da via;0;0;0;1;0;0;0;0;0;1;0;0;0;(-38.5532635 -3.7675425);
FSH8864;2022-01-14 02:30:00;Avenida Presidente Costa e Silva;;;PREFEITO JOSE VALTER;968780;Colisão Transversal;Mal Iluminada;Bom;Seca;Meio de quadra;Semáforo;Longo da via;0;0;1;0;2;0;0;0;0;0;0;0;0;(-38.541321 -3.8249497);
CAV3594;2022-01-25 14:05:00;Avenida Humberto Monte;AV BEZERRA DE MENEZES;;PARQUELANDIA;969256;Capotamento;Luz do Dia;Bom;Seca;Outros;Não há Controle;Longo da via;0;0;0;0;1;0;0;0;0;0;0;0;0;(-38.56906432112768 -3.736805309624985);
HRC4787;2022-01-13 16:00:00;AV VALPARAISO;RUA CATOLE;;CONJUNTO PALMEIRAS;968677;Colisão Transversal;Luz do Dia;Bom;Seca;Cruz;Semáforo;Cruzamento;0;1;0;0;0;1;1;0;0;0;0;0;0;(-38.5202766 -3.8463892);
GTN7395;2022-01-13 22:50:00;Avenida Sargento Hermínio Sampaio;;;ANTONIO BEZERRA;968200;Colisão Transversal;Via Iluminada;Bom;Seca;Meio de quadra;Não há Controle;Longo da via;0;1;0;1;0;0;0;0;0;0;1;0;0;(-38.5839627 -3.7337229);
UPO8869;2022-01-25 20:00:00;Rua Sena Madureira;;;CENTRO;969531;Colisão Lateral;Luz do Dia;Bom;Seca;Meio de quadra;Não informado;Longo da via;0;1;1;1;1;0;0;0;0;0;0;0;0;(-38.5257442 -3.72878);
GJX0284;2022-01-12 14:30:00;RUA PRISCO BEZERRA;;;PAPICU;969404;Choque c/ Obstáculo Fixo;Luz do Dia;Bom;Seca;Meio de quadra;Não há Controle;Longo da via;0;1;0;1;0;0;0;1;0;0;0;0;0;(-38.4699627 -3.7387217);
XJZ4417;2022-01-25 17:15:00;Avenida Deputado Paulino Rocha;;;CASTELAO;969650;Choque c/ Obstáculo Fixo;Não informado;Bom;Seca;Meio de quadra;Não informado;Longo da via;0;1;0;0;1;0;0;0;0;0;0;0;0;(-38.51284888530731 -3.811826481886615);
VFO0672;2022-01-26 18:40:00;Rua Dom Jerônimo;AV DOMINGOS OLIMPIO;;PARQUE ARAXA;960568;Colisão Transversal;Luz do Dia;Bom;Seca;Cruz;Pare;Longo da via;0;1;1;1;1;0;0;0;0;0;0;0;0;(-38.54343310339738 -3.73330443210406);
FRC5364;2022-01-12 09:00:00;RUA TEN BENEVOLO;RUA JOAO CORDEIRO;;PRAIA DE IRACEMA;969221;Colisão Transversal;Não informado;Nublado;Molhada;Cruz;Semáforo;Cruzamento;0;3;0;1;1;0;0;0;0;0;0;0;0;(-38.5134015 -3.7265283);
YVH6306;2022-01-26 23:30:00;Rua Frederico Borges;RUA PEREIRA VALENTE;;VARJOTA;967800;Colisão Transversal;Via Iluminada;Bom;Seca;Cruz;Pare;Longo da via;0;1;1;1;1;0;0;0;0;0;0;0;0;(-38.48918273612107 -3.734835398609573);
XGL7304;2022-01-27 01:40:00;Avenida Val Paraíso;;;JANGURUSSU;968917;Choque c/ Obstáculo Fixo;Via Iluminada;Bom;Seca;Meio de quadra;Pare;Longo da via;0;0;0;0;1;0;0;0;0;0;0;0;0;(-38.51513580204352 -3.847643079293997);
QGL6855;2022-01-26 18:45:00;Rua Teodorico Barroso;RUA JOAQUIM PIMENTA;;VILA UNIAO;969247;Colisão Frontal;Luz do Dia;Bom;Seca;Cruz;Pare;Longo da via;0;0;0;0;2;0;0;0;0;0;0;0;0;(-38.5444843 -3.7657735);
EPG7644;2022-01-12 14:08:00;Avenida Bernardo Manuel;;;PARQUE DOIS IRMAOS;969089;Colisão Traseira;Luz do Dia;Bom;Seca;Meio de quadra;Não há Controle;Longo da via;0;0;0;0;3;0;0;0;0;0;0;0;0;(-38.55316759999999 -3.8034806);
WUB8909;2022-01-26 16:00:00;Rua Solon Pinheiro;RUA METON DE ALENCAR;;CENTRO;969541;Tombamento;Luz do Dia;Nublado;Seca;Cruz;Semáforo;Longo da via;0;0;1;0;2;0;0;0;0;0;0;0;0;(-38.52773681835344 -3.734760456255367);
BEP2718;2022-01-26 23:00:00;Rua Vasco da Gama;;;MONTESE;969599;Choque c/ Obstáculo Fixo;Mal Iluminada;Bom;Seca;Meio de quadra;Não há Controle;Longo da via;0;0;0;0;2;0;0;0;0;0;0;0;0;(-38.54666248234756 -3.763778726721413);
IMR4725;2022-01-12 21:50:00;AV HUMBERTO MONTE;RUA GAL BERNARDO FIGUEIREDO;;AMADEU FURTADO;968865;Colisão Transversal;Via Iluminada;Bom;Seca;T;Pare;Cruzamento;0;1;0;1;1;0;0;0;0;0;0;0;0;(-38.56578 -3.7425526);
MMX3509;2022-01-12 00:00:00;RUA ANTONIO BENTO;AV DR SILAS MUNGUBA;;ITAPERI;969718;Outros;Via Iluminada;Bom;Molhada;Não informado;Pare;Cruzamento;0;0;1;0;0;0;1;0;0;0;0;0;0;(-38.5485204 -3.7853931);
RMP7587;2022-01-11 14:20:00;Avenida dos Expedicionários;;;BENFICA;969676;Colisão Traseira;Não informado;Chuva;Molhada;Meio de quadra;Não informado;Longo da via;0;1;0;1;1;0;0;0;0;0;0;0;0;(-38.535295 -3.7452758);
UUW6048;2022-01-11 22:50:00;Avenida Jornalista Tomaz Coelho;;;JANGURUSSU;969565;Atropelamento;Via Iluminada;Nublado;Seca;Meio de quadra;Outros;Longo da via;0;1;0;1;0;0;0;0;0;0;0;0;0;(-38.5174437 -3.8279799);
WVW4665;2022-01-11 13:00:00;Rua Major Celestino;;;ANTONIO BEZERRA;969480;Outros;Luz do Dia;Chuva;Molhada;Meio de quadra;Não há Controle;Longo da via;0;0;0;0;1;0;0;0;0;0;0;0;0;(-38.5954521 -3.7437601);
XXM6261;2022-02-11 20:00:00;Avenida Humberto Monte;RUA URUGUAI;;BELA VISTA;969062;Colisão Lateral;Luz do Dia;Bom;Seca;T;Não há Controle;Cruzamento;0;0;0;0;3;0;0;0;0;0;0;0;0;(-38.562173 -3.7470234);
BPV5972;2022-01-11 17:00:00;AV SEN FERNANDES TAVORA;RUA VITORIA (AV. PERIMETRAL);;HENRIQUE JORGE;969021;Colisão Transversal;Luz do Dia;Nublado;Molhada;Cruz;Semáforo Danificado;Cruzamento;0;1;0;1;1;0;0;0;0;0;0;0;0;(-38.5859451 -3.7602661);
HZB7848;2022-01-11 22:00:00;Avenida Historiador Raimundo Girão;AV RUI BARBOSA;;PRAIA DE IRACEMA;968662;Colisão Lateral;Via Iluminada;Bom;Seca;Cruz;Semáforo;Cruzamento;0;1;0;1;1;0;0;0;0;0;0;0;0;(-38.5133008 -3.7204941);
SSM5670;2022-01-12 00:30:00;RUA JUSTINO CAFE NETO;RUA JOSE ALVES CAMPOS;;GUARARAPES;965458;Colisão Frontal;Via Iluminada;Bom;Seca;T;Pare;Cruzamento;0;1;0;1;1;0;0;0;0;0;0;0;0;(-38.4914578 -3.7589903);
BFB4997;2022-01-10 19:40:00;AV SEN FERNANDES TAVORA;;;JOQUEI CLUBE;969687;Colisão Traseira;Via Iluminada;Bom;Seca;Meio de quadra;Semáforo;Longo da via;0;1;0;1;1;0;0;0;0;0;0;0;0;(-38.5760691 -3.7653504);
YQB0315;2022-01-10 19:50:00;Avenida Leste Oeste;;;PIRAMBU;969314;Atropelamento de Animal;Luz do Dia;Bom;Seca;Meio de quadra;Semáforo;Longo da via;0;1;0;1;0;0;0;0;0;0;0;0;0;(-38.5540459 -3.712094);
XUR6214;2022-01-10 09:30:00;Rua Padre Valdevino;;;ALDEOTA;969254;Choque c/ Obstáculo Fixo;Luz do Dia;Bom;Seca;Meio de quadra;Não há Controle;Longo da via;0;0;0;0;1;0;0;0;0;0;0;0;0;(-38.5160617 -3.739280399999999);
PRE8111;2022-01-11 01:00:00;RUA ALBERTO MAGNO;RUA PRO COSTA MENDES;;MONTESE;967977;Colisão Transversal;Via Iluminada;Bom;Seca;Cruz;Semáforo;Cruzamento;0;2;0;1;1;0;0;0;0;0;0;0;0;(-38.54356070000001 -3.7575175);
EDM7270;2022-01-09 23:00:00;RUA RENATO BRAGA;AV DIOGUINHO;;PRAIA DO FUTURO I;969716;Colisão Transversal;Via Iluminada;Bom;Seca;Cruz;Semáforo;Cruzamento;0;2;0;1;1;0;0;0;0;0;0;0;0;(-38.44709840000001 -3.7492867);
SCY2595;2022-01-09 23:50:00;RUA JULIO BRAGA;RUA MELO DE OLIVEIRA;;JOQUEI CLUBE;969686;Colisão Lateral;Via Iluminada;Bom;Seca;Cruz;Pare;Cruzamento;0;1;0;1;1;0;0;0;0;0;0;0;0;(-38.5798281 -3.7757401);
XRA2775;2022-01-09 15:50:00;Avenida General Osório de Paiva;;;PARANGABA;969015;Engavetamento;Luz do Dia;Bom;Seca;Meio de quadra;Semáforo;Longo da via;0;0;0;0;3;0;0;0;0;0;0;0;0;(-38.5889308 -3.7909659);
CTJ7498;2022-01-09 13:00:00;Avenida Américo Barreira;;;PARANGABA;968987;Colisão Lateral;Luz do Dia;Bom;Seca;Meio de quadra;Outros;Longo da via;0;2;0;1;1;0;0;0;0;0;0;0;0;(-38.5694446 -3.7679147);
BCC6472;2022-01-09 19:25:00;RUA JOAO CORDEIRO;RUA PDE VALDEVINO;;JOAQUIM TVORA;968951;Colisão Transversal;Luz do Dia;Bom;Seca;Cruz;Semáforo;Cruzamento;0;0;0;0;2;0;0;0;0;0;0;0;0;(-38.5175504 -3.7388907);
YNN0964;2022-01-08 17:30:00;Avenida Senador Fernandes Távora;RUA BELEM;;HENRIQUE JORGE;969700;Colisão Transversal;Não informado;Bom;Seca;Cruz;Pare;Cruzamento;0;1;0;1;1;0;0;0;0;0;0;0;0;(-38.59208350000001 -3.7568994);
GYX4333;2022-05-29 07:30:00;Avenida Professor José Arthur de Carvalho;;;LAGOA REDONDA;GYX4333;Atropelamento;Não informado;Não informado;Não informado;Não informado;Não informado;Longo da via;1;0;0;0;1;0;0;0;0;0;0;0;0;(-38.45540692362335 -3.82371948835878);
KOQ8043;2022-05-29 21:30:00;Avenida Zezé Diogo;;;CAIS DO PORTO;970696;Atropelamento;Não informado;Não informado;Não informado;Não informado;Não informado;Longo da via;1;1;0;1;0;0;0;0;0;0;0;0;0;(-38.4640706 -3.7181843);
BKB1698;2022-01-08 21:00:00;AV PRE COSTA E SILVA;;;MONDUBIM;969520;Colisão Traseira;Via Iluminada;Bom;Seca;Meio de quadra;Não há Controle;Longo da via;0;1;0;1;1;0;0;0;0;0;0;0;0;(-38.5737071 -3.812156699999999);
CJT0893;2022-01-08 23:05:00;Rua Eduardo Garcia;RUA PRO DIAS DA ROCHA;;ALDEOTA;969470;Colisão Lateral;Não informado;Não informado;Não informado;Cruz;Não há Controle;Cruzamento;0;1;0;1;1;0;0;0;0;0;0;0;0;(-38.4930908 -3.7401307);
UYA8473;2022-01-08 18:50:00;Avenida João Pessoa;RUA ANA NERY;;DAMAS;969253;Colisão Transversal;Luz do Dia;Bom;Seca;Cruz;Pare;Cruzamento;0;1;0;0;1;0;0;1;0;0;0;0;0;(-38.5467905 -3.749472099999999);