COD_ACIDENTE;DATA;LOG1;LOG2;NUMERO;BAIRRO;AMC;NATUREZA;ILUMINACAO;TEMPO;SUPERFICIEPISTA;TIPOCRUZAMENTO;CONTROLETRAFEGO;USOSOLO;MORTOS;FERIDOS;ILESOS;MOTOCICLETA;AUTOMOVEL;MICROONIBUS;CAMINHAO;ONIBUS;CICLOMOTOR;BICICLETA;OUTROS;TREM;TRACAOANIMAL;COORDENADAS
BVK2540;2022-01-08 16:00:00;RUA GRACILIANO RAMOS;RUA PDE LEOPOLDO FERNANDES;;FATIMA;968585;Colisão Transversal;Luz do Dia;Bom;Seca;Cruz;Pare;Cruzamento;0;1;0;0;1;0;0;0;0;1;0;0;0;(-38.5307002 -3.7531113);
CSI6345;2022-05-26 10:00:00;Avenida Dom Manuel;;;CENTRO;970315;Colisão Traseira;Luz do Dia;Bom;Seca;Meio de quadra;Não há Controle;Longo da via;1;0;0;1;1;0;0;0;0;0;0;0;0;(-38.52153017726074 -3.729694472107818);
YOY6059;2022-01-26 19:00:00;Avenida Bernardo Manuel;RUA JAPI;;SERRINHA;969722;Colisão Transversal;Luz do Dia;Bom;Seca;Cruz;Pare;Longo da via;0;0;1;1;1;0;0;0;0;0;0;0;0;(-38.54685932611136 -3.784260405086303);
KDU4412;2022-01-07 20:30:00;RUA MONS BRUNO;RUA EDUARDO SALGADO;;ALDEOTA;969706;Colisão Transversal;Anoitecer;Bom;Seca;Cruz;Pare;Cruzamento;0;1;0;1;1;0;0;0;0;0;0;0;0;(-38.5098426 -3.7336532);
BMT7196;2022-05-24 15:00:00;Rua Joaquim Machado;;;PAUPINA;BMT7196;Atropelamento;Não informado;Não informado;Não informado;Não informado;Não informado;Longo da via;1;0;0;0;1;0;0;0;0;0;0;0;0;(-38.4917727 -3.8613465);
KXP9461;2022-01-07 17:30:00;Rua Germano Franck;;;PARANGABA;969604;Colisão Transversal;Luz do Dia;Bom;Seca;Meio de quadra;Não informado;Longo da via;0;1;0;1;1;0;0;0;0;0;0;0;0;(-38.5635 -3.778598);
DIL9504;2022-01-27 12:35:00;Avenida Castelo de Castro;AV BULEVAR I;;JANGURUSSU;959350;Colisão Frontal;Luz do Dia;Chuva;Molhada;Cruz;Pare;Longo da via;0;1;1;2;0;0;0;0;0;0;0;0;0;(-38.5215876 -3.8336118);
JLN0379;2022-01-27 17:00:00;Avenida Alberto Craveiro;;;CASTELAO;967726;Colisão Traseira;Não informado;Nublado;Seca;Meio de quadra;Semáforo;Longo da via;0;0;1;1;1;0;0;0;0;0;0;0;0;(-38.51999596876633 -3.801424489470432);
UWK8064;2022-01-08 02:00:00;RUA PROF EDGARD DE ARRUDA;RUA SAO LUIS D30;;HENRIQUE JORGE;968663;Colisão Transversal;Via Iluminada;Bom;Seca;Cruz;Pare;Cruzamento;0;1;0;1;1;0;0;0;0;0;0;0;0;(-38.5903542 -3.7552565);
OIE2717;2022-01-07 22:10:00;AV FILOMENO GOMES;AV FRANCISCO SA;;JACARECANGA;968661;Colisão;Luz do Dia;Bom;Seca;Meio de quadra;Semáforo;Cruzamento;0;1;0;1;1;0;0;0;0;0;0;0;0;(-38.5410994 -3.722732999999999);
ERZ7731;2022-01-07 07:32:00;RUA MONS HIPOLITO BRASIL;RUA PRO HERIBALDO COSTA;;HENRIQUE JORGE;967031;Colisão Transversal;Via Iluminada;Chuva;Molhada;Cruz;Semáforo;Longo da via;0;1;0;1;1;0;0;0;0;0;0;0;0;(-38.582293 -3.7570633);
EQP9664;2022-01-27 16:00:00;Avenida Alberto Craveiro;;;CASTELAO;967729;Colisão Lateral;Luz do Dia;Bom;Seca;Meio de quadra;Semáforo;Longo da via;0;1;1;2;1;0;0;0;0;0;0;0;0;(-38.52011399018539 -3.80158506791586);
BMT7196;2022-05-22 21:13:00;Av. J (José Walter);;;PREFEITO JOSE VALTER;BMT7196;Queda;Não informado;Não informado;Não informado;Não informado;Não informado;Longo da via;1;0;0;0;0;0;0;1;0;0;0;0;0;(-38.5562435 -3.8328216);
BMT7196;2022-05-10 03:30:00;Avenida José Sabóia ;;;CAIS DO PORTO;BMT7196;Colisão;Não informado;Não informado;Não informado;Não informado;Não informado;Longo da via;1;0;0;1;0;0;1;0;0;0;0;0;0;(-38.46550625408563 -3.718668974717595);
MYJ1678;2022-05-20 15:50:00;Avenida Doutor Silas Munguba;;;SERRINHA;MYJ1678;Colisão;Não informado;Não informado;Não informado;Cruz;Semáforo;Longo da via;1;0;0;2;0;0;0;0;0;0;0;0;0;(-38.55541931890006 -3.782461331060202);
UYE1033;2022-01-06 11:25:00;Rua General Góis Monteiro;RUA DEMETRIO MENEZES;;ANTONIO BEZERRA;969506;Colisão Lateral;Luz do Dia;Bom;Seca;Cruz;Não há Controle;Cruzamento;0;1;0;1;1;0;0;0;0;0;0;0;0;(-38.5841947 -3.7345113);
JQQ6837;2022-01-06 11:00:00;Rua Gilberto Câmara;RUA BAR CRATO;;VILA ELLERY;969459;Colisão Transversal;Luz do Dia;Bom;Molhada;Cruz;Pare;Cruzamento;0;1;0;1;1;0;0;0;0;0;0;0;0;(-38.562607 -3.7247922);
JQQ6837;2022-01-06 09:40:00;Avenida Leste Oeste;RUA JACINTO MATOS;;CARLITO PAMPLONA;969458;Colisão Traseira;Luz do Dia;Bom;Seca;Cruz;Semáforo;Cruzamento;0;1;0;1;1;0;0;0;0;0;0;0;0;(-38.5463224 -3.7147166);
ZMD2243;2022-01-07 00:00:00;Rua Frederico Borges;;;VARJOTA;969378;Colisão;Via Iluminada;Bom;Seca;Meio de quadra;Não há Controle;Longo da via;0;1;0;1;1;0;0;0;0;0;0;0;0;(-38.4893554 -3.7339804);
FRG8373;2022-01-27 23:00:00;Rua Ministro Abner de Vasconcelos;;;SAPIRANGA / COITE;969041;Colisão Lateral;Via Iluminada;Bom;Seca;Meio de quadra;Pare;Longo da via;0;1;1;1;0;0;0;0;0;0;1;0;0;(-38.47933904756811 -3.792603334296289);
RMW3205;2022-01-27 20:00:00;Avenida Mozart Pinheiro de Lucena;RUA ANTERO COELHO;;VILA VELHA;969850;Colisão Lateral;Via Iluminada;Bom;Seca;T;Pare;Longo da via;0;1;1;1;1;0;0;0;0;0;0;0;0;(-38.5961644 -3.7200614);
KAZ6706;2022-01-28 16:00:00;Avenida Deputado Paulino Rocha;;;CASTELAO;966895;Atropelamento;Luz do Dia;Chuva;Molhada;Meio de quadra;Semáforo;Longo da via;0;0;0;0;0;0;1;0;0;0;0;0;0;(-38.51918057159593 -3.810154560873633);
DBE2844;2022-01-29 00:00:00;Avenida Porto Velho;;;JOAO XXIII;969028;Choque c/ Obstáculo Fixo;Via Iluminada;Chuva;Molhada;Meio de quadra;Não há Controle;Longo da via;0;0;0;0;1;0;0;0;0;0;0;0;0;(-38.58371988749263 -3.76773982513481);
VAL8182;2022-01-28 21:30:00;Rua Diogo Feijó;;;MESSEJANA;969045;Outros;Anoitecer;Chuva;Molhada;Meio de quadra;Outros;Longo da via;0;0;1;0;2;0;0;0;0;0;0;0;0;(-38.48698870556737 -3.82463846911549);
TSW8179;2022-01-28 21:25:00;Avenida Padre Antônio Tomás;RUA BARBOSA DE FREITAS;;ALDEOTA;969178;Colisão Transversal;Via Iluminada;Chuva;Molhada;Cruz;Semáforo;Longo da via;0;1;1;1;1;0;0;0;0;0;0;0;0;(-38.49851145954403 -3.740557763747993);
TIU6025;2022-01-06 19:30:00;Avenida Coronel Carvalho;RUA CARNAUBAL;;JARDIM GUANABARA;967799;Colisão Lateral;Luz do Dia;Bom;Seca;Y;Não há Controle;Cruzamento;0;1;0;1;1;0;0;0;0;0;0;0;0;(-38.5867215 -3.7222003);
QHZ6413;2022-01-28 11:40:00;Rua Cônego de Castro;;;CANINDEZINHO;969588;Colisão Transversal;Luz do Dia;Nublado;Seca;T;Não há Controle;Longo da via;0;0;1;1;1;0;0;0;0;0;0;0;0;(-38.60557319999999 -3.8241864);
EXR3192;2022-01-05 14:15:00;Rua Professor Dias da Rocha;RUA MARCOS MACEDO;;ALDEOTA;969526;Colisão Transversal;Luz do Dia;Nublado;Molhada;Cruz;Pare;Cruzamento;0;0;2;0;2;0;0;0;0;0;0;0;0;(-38.4919002 -3.7361614);
MVM3180;2022-01-28 22:00:00;Rua Pedro Dantas;;;DIAS MACEDO;969598;Choque c/ Obstáculo Fixo;Mal Iluminada;Chuva;Molhada;Meio de quadra;Não há Controle;Longo da via;0;0;0;0;2;0;0;0;0;0;0;0;0;(-38.52267280562211 -3.785805416630497);
LVQ8323;2022-01-05 12:30:00;Rua Bárbara de Alencar;RUA JOAO CORDEIRO;;ALDEOTA;969377;Colisão Transversal;Luz do Dia;Chuva;Molhada;Não informado;Pare;Cruzamento;0;0;2;0;2;0;0;0;0;0;0;0;0;(-38.5169912 -3.737032399999999);
XVG6019;2022-01-06 01:00:00;AV 2;AV 1 UI 308;;PARQUE DOIS IRMAOS;969233;Colisão Lateral;Via Iluminada;Nublado;Molhada;T;Pare;Cruzamento;0;1;0;0;2;0;0;0;0;0;0;0;0;(-38.55224518633109 -3.804964484541707);
IWD4177;2022-01-04 21:35:00;Rua Coronel Alves Teixeira;RUA BAR ARACATI;;JOAQUIM TVORA;968424;Colisão Transversal;Via Iluminada;Bom;Seca;Não informado;Pare;Cruzamento;0;0;2;0;2;0;0;0;0;0;0;0;0;(-38.5161672 -3.7457349);
PRZ5641;2022-01-28 22:00:00;Avenida Presidente Juscelino Kubitschek;;;PASSARE;969690;Queda;Via Iluminada;Bom;Molhada;Meio de quadra;Não informado;Longo da via;0;1;0;1;0;0;0;0;0;0;0;0;0;(-38.53730157171271 -3.823824893166277);
FPG8738;2022-01-04 12:20:00;Rua Frei Orlando;RUA PRO COSTA MENDES;;DAMAS;925298;Colisão Traseira;Luz do Dia;Bom;Seca;Cruz;Não informado;Cruzamento;0;1;0;0;1;0;0;0;0;1;0;0;0;(-38.5463106 -3.755268);
TOI3914;2022-01-29 07:00:00;Rua Coronel Mozart Gondim;;;MONTE CASTELO;968083;Choque c/ Obstáculo Fixo;Via Iluminada;Bom;Seca;Meio de quadra;Gesto;Longo da via;0;0;0;0;0;0;0;1;0;0;0;0;0;(-38.55882898220455 -3.734112739927419);
ZHS5496;2022-01-29 22:30:00;Avenida Eduardo Girão;AV AGUANAMBI;;FATIMA;969031;Queda;Via Iluminada;Bom;Seca;Rotatória;Não há Controle;Longo da via;0;0;0;1;0;0;0;0;0;0;0;0;0;(-38.52440551827561 -3.755610242593911);
FPG8738;2022-01-04 14:10:00;Avenida Augusto dos Anjos;;;PARANGABA;969617;Colisão Traseira;Luz do Dia;Bom;Seca;Meio de quadra;Outros;Longo da via;0;0;1;0;1;0;0;1;0;0;0;0;0;(-38.5722818 -3.7722428);
UEJ4577;2022-01-30 07:30:00;Rua Professor Carvalho;RUA EDUARDO BEZERRA;;SAO JOAO DO TAUAPE;960798;Colisão Transversal;Não informado;Bom;Seca;Cruz;Semáforo;Longo da via;0;0;2;0;2;0;0;0;0;0;0;0;0;(-38.51471737344936 -3.754079312418054);
ANY9283;2022-01-30 08:30:00;Rua Recanto Verde;;;JANGURUSSU;969645;Colisão Frontal;Amanhecer;Não informado;Molhada;Meio de quadra;Não há Controle;Longo da via;0;0;1;1;1;0;0;0;0;0;0;0;0;(-38.51172402537379 -3.838779580188525);
CMB7364;2022-01-30 11:40:00;Avenida Alberto Craveiro;;;BOA VISTA;969696;Choque c/ Obstáculo Fixo;Luz do Dia;Nublado;Seca;Outros;Não há Controle;Longo da via;0;0;0;0;1;0;0;0;0;0;0;0;0;(-38.51804866883561 -3.794278718394304);
MAF0356;2022-01-31 11:50:00;Avenida da Abolição;AV DES MOREIRA;;MEIRELES;925297;Colisão Traseira;Luz do Dia;Bom;Seca;Cruz;Semáforo;Longo da via;0;0;2;0;4;0;0;0;0;0;0;0;0;(-38.49555567764228 -3.72728224775661);
JZI1695;2022-01-31 18:36:00;Avenida dos Expedicionários;;;FATIMA;969625;Colisão Lateral;Luz do Dia;Bom;Seca;Meio de quadra;Não há Controle;Longo da via;0;1;1;1;1;0;0;0;0;0;0;0;0;(-38.53894308879055 -3.757628282813846);
EHD6053;2022-01-04 16:30:00;Rua Tarcísio Bonfim;RUA JOSE CARLOS GURGEL NOGUEIRA;;PAPICU;969530;Colisão Transversal;Luz do Dia;Bom;Seca;Cruz;Pare;Cruzamento;0;1;0;1;1;0;0;0;0;0;0;0;0;(-38.4761671 -3.7366422);
PRK3592;2022-01-09 14:20:00;Rua Manuel Castelo Branco;RUA FRANCISCO F BAIMA;;MESSEJANA;969521;Colisão Transversal;Luz do Dia;Bom;Seca;T;Pare;Cruzamento;0;1;0;1;1;0;0;0;0;0;0;0;0;(-38.4864034 -3.8332893);
LGP3802;2022-01-04 23:00:00;Rua Rotary;RUA ERICO MOTA;;PARQUELANDIA;969376;Colisão Transversal;Luz do Dia;Bom;Seca;Cruz;Pare;Cruzamento;0;1;0;0;2;0;0;0;0;0;0;0;0;(-38.5614012 -3.7430849);
YWH2228;2022-01-05 01:00:00;AV BR DE STUDART;RUA PDE VALDEVINO;;ALDEOTA;969273;Colisão Transversal;Luz do Dia;Bom;Seca;Cruz;Semáforo;Cruzamento;0;1;0;1;1;0;0;0;0;0;0;0;0;(-38.5088357 -3.7416713);
OKJ5586;2022-01-05 02:00:00;Avenida Coronel Virgílio Nogueira;RUA BOM JESUS (GRANJA LISBOA);;GRANJA LISBOA;969232;Colisão Lateral;Via Iluminada;Bom;Seca;Cruz;Semáforo;Cruzamento;0;2;0;2;0;0;0;0;0;0;0;0;0;(-38.609635 -3.7916918);
CIM3273;2022-01-04 14:30:00;AV BORGES DE MELO;;;JARDIM AMERICA;969093;Colisão Lateral;Luz do Dia;Nublado;Seca;Meio de quadra;Não há Controle;Longo da via;0;0;1;0;1;0;1;0;0;0;0;0;0;(-38.5383775 -3.7524876);
OKK8827;2022-01-31 22:15:00;Rua Almirante Rubim;;;ITAOCA;969701;Colisão Transversal;Via Iluminada;Bom;Molhada;Meio de quadra;Não há Controle;Longo da via;0;0;1;0;1;0;0;0;0;1;0;0;0;(-38.55670467876379 -3.771160272633968);
LSL3796;2022-01-03 22:20:00;Rua Tibúrcio Cavalcante;AV JULIO VENTURA;;ALDEOTA;969546;Colisão Frontal;Via Iluminada;Bom;Seca;T;Semáforo;Cruzamento;0;1;0;1;1;0;0;0;0;0;0;0;0;(-38.5031384 -3.7377053);
ZRC2702;2022-01-31 10:00:00;Rua Emílio de Menezes;;;BONSUCESSO;969728;Colisão Lateral;Luz do Dia;Bom;Seca;Meio de quadra;Outros;Longo da via;0;1;1;1;1;0;0;0;0;0;0;0;0;(-38.5957843 -3.7793981);
EJT2475;2022-01-31 18:41:00;Rua Carapinima;RUA JUVENAL GALENO;;BENFICA;969780;Colisão Traseira;Luz do Dia;Bom;Seca;Cruz;Semáforo;Longo da via;0;0;2;0;2;0;0;0;0;0;0;0;0;(-38.5392609 -3.7389644);
EZW8023;2022-01-03 11:00:00;Avenida Duque de Caxias;RUA SEN POMPEU;;CENTRO;969478;Colisão Transversal;Luz do Dia;Nublado;Seca;Cruz;Semáforo;Cruzamento;0;1;0;2;0;0;0;0;0;0;0;0;0;(-38.5310009 -3.7314688);
QDY1900;2022-01-03 11:30:00;AV GOV RAUL BARBOSA;;;SAO JOAO DO TAUAPE;969346;Colisão Lateral;Luz do Dia;Nublado;Seca;Meio de quadra;Não informado;Longo da via;0;1;0;1;1;0;0;0;0;0;0;0;0;(-38.5046054 -3.7583541);
XHH7136;2022-01-03 22:20:00;Avenida Professor Gomes de Matos;;;MONTESE;969231;Colisão Traseira;Via Iluminada;Bom;Seca;Meio de quadra;Semáforo;Longo da via;0;1;0;1;1;0;0;0;0;0;0;0;0;(-38.54182369999999 -3.757026);
QKB7710;2022-01-03 07:00:00;Rua Aquiles Boris;;;MONTESE;969197;Colisão Traseira;Via Iluminada;Nublado;Seca;Meio de quadra;Não há Controle;Longo da via;0;1;0;0;3;0;0;0;0;0;0;0;0;(-38.5478042 -3.768726899999999);
FBB5476;2022-01-03 18:15:00;AV JOAO PESSOA;RUA 15 DE NOVEMBRO;;ITAOCA;969023;Colisão Frontal;Luz do Dia;Bom;Seca;T;Semáforo;Cruzamento;0;0;2;0;2;0;0;0;0;0;0;0;0;(-38.5599657 -3.7674873);
RGW5132;2022-01-03 19:50:00;Rua Deputado João Pontes;RUA COS TRISTAO;;FATIMA;968168;Outros;Via Iluminada;Bom;Seca;T;Pare;Cruzamento;0;0;0;0;1;0;0;0;0;0;0;0;0;(-38.5292038 -3.7464319);
VKY5805;2022-01-03 10:50:00;AV CONEGO DE CASTRO;RUA DARCY VARGAS;;PARQUE SAO JOSE;966748;Colisão Lateral;Luz do Dia;Bom;Seca;Cruz;Pare;Cruzamento;0;1;0;1;1;0;0;0;0;0;0;0;0;(-38.5863212 -3.7989226);
VAA3085;2022-01-02 16:50:00;Rua Vicente Linhares;;;ALDEOTA;969854;Colisão Lateral;Luz do Dia;Bom;Seca;Duplo T;Semáforo;Longo da via;0;1;0;1;1;0;0;0;0;0;0;0;0;(-38.4998565 -3.7420164);
IJZ3051;2022-01-02 13:55:00;AV CEL CARVALHO;;;PADRE ANDRADE;969626;Choque c/ Obstáculo Fixo;Luz do Dia;Chuva;Molhada;Meio de quadra;Não há Controle;Longo da via;0;0;0;0;1;0;0;0;0;0;0;0;0;(-38.5844639 -3.7339046);
RRJ0049;2022-01-02 01:10:00;Avenida José Tavares;;;CANINDEZINHO;960524;Colisão Frontal;Via Iluminada;Bom;Seca;Meio de quadra;Gesto;Longo da via;0;0;0;0;1;0;0;0;0;1;0;0;0;(-38.6023337 -3.8104009);
CSZ1805;2022-05-13 10:30:00;Rua Anselmo Nogueira;;;BONSUCESSO;CSZ1805;Atropelamento;Luz do Dia;Não informado;Não informado;Não informado;Não informado;Longo da via;1;0;0;0;0;0;0;0;0;0;1;0;0;(-38.58809631955855 -3.790115314840897);
EHP3198;2022-05-03 01:00:00;Rua Oscar França;;;BOM JARDIM;EHP3198;Atropelamento;Não informado;Não informado;Não informado;Não informado;Não informado;Longo da via;1;0;0;1;0;0;0;0;0;0;0;0;0;(-38.608861 -3.7889508);
LVU8513;2022-04-18 22:00:00;Rua José Hipólito;;;MESSEJANA;LVU8513;Colisão;Não informado;Não informado;Não informado;Não informado;Não informado;Longo da via;1;0;0;1;1;0;0;0;0;0;0;0;0;(-38.485342 -3.8364264);
LDK8230;2022-04-25 14:57:00;CENTRO;;;RODOLFO TEOFILO;LDK8230;Colisão;Luz do Dia;Não informado;Não informado;Não informado;Não informado;Longo da via;1;0;0;1;1;0;0;0;0;0;0;0;0;(-38.54974557479933 -3.74152829930173);
LDK8230;2022-04-25 00:22:00;AV WASHINGTON SOARES;;;MESSEJANA;LDK8230;Atropelamento;Não informado;Não informado;Não informado;Não informado;Não informado;Longo da via;1;0;0;0;1;0;0;0;0;0;0;0;0;(-38.48110785298155 -3.821139590781319);
LDK8230;2022-04-24 22:19:00;Rua Birmânia;;;PAUPINA;970399;Colisão Transversal;Via Iluminada;Bom;Seca;Meio de quadra;Não há Controle;Longo da via;1;1;0;2;0;0;0;0;0;0;0;0;0;(-38.47519114046102 -3.853869457163473);
FYY7678;2022-04-15 20:57:00;Avenida Alberto Craveiro;;;CASTELAO;FYY7678;Atropelamento;Não informado;Não informado;Não informado;Não informado;Não informado;Longo da via;1;0;0;1;0;0;0;0;0;0;0;0;0;(-38.5191709 -3.7988048);
FYY7678;2022-04-11 22:00:00;Avenida Nereu Ramos;;;VILA PERY;FYY7678;Colisão;Não informado;Não informado;Não informado;Não informado;Não informado;Longo da via;1;0;0;1;0;0;0;1;0;0;0;0;0;(-38.56715848861148 -3.787204118148096);
AHR6636;2022-04-09 09:30:00;Avenida General Osório de Paiva;;;CANINDEZINHO;AHR6636;Colisão;Luz do Dia;Não informado;Não informado;Não informado;Não informado;Longo da via;1;0;0;1;1;0;0;0;0;0;0;0;0;(-38.60762764963654 -3.81064864109532);
JTL8890;2022-04-02 09:00:00;Avenida Luiz Vieira;;;BONSUCESSO;970155;Colisão Traseira;Luz do Dia;Nublado;Seca;Duplo T;Não há Controle;Longo da via;1;0;1;0;1;0;1;0;0;0;0;0;0;(-38.58689413614813 -3.795409773615482);
EGM0117;2022-05-11 20:50:00;Rua Eduardo Araújo;RUA VITORIA REGIA;;PARQUE SANTA ROSA;970764;Colisão Transversal;Via Iluminada;Bom;Seca;Cruz;Pare;Cruzamento;1;1;0;2;1;0;0;0;0;0;0;0;0;(-38.595593 -3.8190975);
XHR8752;2022-03-28 10:45:00;Rua Senador Alencar;RUA SEN POMPEU;;CENTRO;XHR8752;Colisão Transversal;Luz do Dia;Não informado;Molhada;Cruz;Semáforo;Cruzamento;1;0;1;1;1;0;0;0;0;0;0;0;0;(-38.52893654121451 -3.724522317071738);
QIM9289;2022-03-19 05:30:00;Avenida Presidente Costa e Silva;;;PREFEITO JOSE VALTER;QIM9289;Choque c/ Obstáculo Fixo;Mal Iluminada;Bom;Seca;Não informado;Não informado;Longo da via;1;0;0;1;0;0;0;0;0;0;0;0;0;(-38.54123226830185 -3.825362697084024);
SQS0548;2022-03-30 10:00:00;Avenida Senador Fernandes Távora;;;AUTRAN NUNES;SQS0548;Atropelamento;Luz do Dia;Bom;Seca;Meio de quadra;Não informado;Longo da via;1;1;0;1;0;0;0;0;0;0;0;0;0;(-38.595183 -3.7557876);
WED6004;2022-03-23 22:00:00;Avenida Sebastião de Abreu;;;EDSON QUEIROZ;WED6004;Atropelamento;Via Iluminada;Bom;Não informado;Meio de quadra;Não informado;Longo da via;1;0;1;0;1;0;0;0;0;0;0;0;0;(-38.4808602442838 -3.748396764530286);
XLF3164;2022-01-31 00:30:00;Avenida J;;;VILA VELHA;966944;Colisão;Mal Iluminada;Bom;Não informado;Meio de quadra;Não informado;Longo da via;1;0;1;1;1;0;0;0;0;0;0;0;0;(-38.59616391494099 -3.708831663399683);
XLF3164;2022-03-09 10:00:00;Avenida Augusto dos Anjos;RUA ALUISIO AZEVEDO;;JOQUEI CLUBE;XLF3164;Colisão Lateral;Luz do Dia;Bom;Seca;Não informado;Semáforo;Cruzamento;2;0;1;1;0;0;0;1;0;0;0;0;0;(-38.57327420953587 -3.773540008256666);
XLF3164;2022-02-11 00:01:00;Avenida Treze de Maio;;;JOSE BONIFACIO;XLF3164;Atropelamento;Não informado;Bom;Não informado;Não informado;Não informado;Longo da via;1;0;1;0;1;0;0;0;0;0;0;0;0;(-38.53086281732032 -3.843036358257779);
HRB3876;2022-02-28 03:30:00;Rua Vital Brasil;RUA VERBENA;;BONSUCESSO;HRB3876;Colisão Transversal;Não informado;Bom;Seca;Cruz;Não informado;Cruzamento;1;1;0;2;0;0;0;0;0;0;0;0;0;(-38.58865416390981 -3.780659186840976);
IXN3943;2022-02-08 23:00:00;Avenida do Vaqueiro;;;ANCURI;IXN3943;Choque c/ Obstáculo Fixo;Não informado;Bom;Não informado;Meio de quadra;Não informado;Longo da via;1;0;0;1;0;0;0;0;0;0;0;0;0;(-38.50152510613327 -3.862520159467532);
JVP8360;2022-02-21 04:30:00;BR-116;;;MESSEJANA;JVP8360;Colisão;Via Iluminada;Bom;Seca;Não informado;Não informado;Longo da via;1;0;1;1;1;0;0;0;0;0;0;0;0;(-38.5011188 -3.83906922);
RJQ8710;2022-01-27 23:00:00;Rua 3 Corações;;;BOM JARDIM;RJQ8710;Choque c/ Obstáculo Fixo;Não informado;Não informado;Não informado;Não informado;Não informado;Longo da via;1;0;0;1;0;0;0;0;0;0;0;0;0;(-38.6106492 -3.7894857);
RJQ8710;2022-01-29 19:00:00;BR-116;;;MESSEJANA;RJQ8710;Atropelamento;Luz do Dia;Bom;Não informado;Não informado;Não informado;Longo da via;1;0;0;0;1;0;0;0;0;0;0;0;0;(-38.50363050648171 -3.823741009829085);
JZQ1835;2022-01-28 22:00:00;CE 010;;;SABIAGUABA;JZQ1835;Colisão Frontal;Não informado;Não informado;Seca;Meio de quadra;Não informado;Longo da via;1;0;0;0;1;0;0;0;0;0;0;0;0;(-38.4307346 -3.8001968);
JZQ1835;2022-02-05 03:40:00;Rua Manuel Queirós;;;COCO;JZQ1835;Colisão;Via Iluminada;Bom;Não informado;Cruz;Não informado;Cruzamento;1;0;0;1;0;0;0;0;0;0;0;0;0;(-38.46741249632901 -3.749017092194715);
BOG6034;2022-01-22 07:30:00;Avenida Godofredo Maciel;;;MONDUBIM;BOG6034;Choque c/ Obstáculo Fixo;Via Iluminada;Não informado;Seca;Meio de quadra;Não informado;Longo da via;1;0;0;1;0;0;0;0;0;0;0;0;0;(-38.57554842208592 -3.818292059966146);
QMG0604;2022-01-20 23:00:00;Avenida Senador Carlos Jereissati;;;AEROPORTO;QMG0604;Atropelamento;Não informado;Não informado;Não informado;Não informado;Não informado;Longo da via;1;1;0;1;0;0;0;0;0;0;0;0;0;(-38.53801026113162 -3.781378210593403);
QMG0604;2022-01-22 06:00:00;Rua José Avelino;;;CENTRO;969328;Atropelamento;Mal Iluminada;Bom;Seca;Não informado;Não informado;Longo da via;1;0;1;0;1;0;0;0;0;0;0;0;0;(-38.51559776326324 -3.722619208630581);
HMU4651;2022-01-15 11:10:00;Avenida Mister Hull;;;PICI;HMU4651;Atropelamento;Não informado;Não informado;Não informado;Não informado;Não informado;Longo da via;1;0;1;1;0;0;0;0;0;0;0;0;0;(-38.59112550839338 -3.739759164166796);
HMU4651;2022-01-10 20:30:00;Avenida Presidente Costa e Silva;;;JANGURUSSU;HMU4651;Atropelamento;Não informado;Não informado;Não informado;Meio de quadra;Não informado;Longo da via;1;0;1;0;1;0;0;0;0;0;0;0;0;(-38.55762477422334 -3.821225230659462);
HMU4651;2022-01-07 19:00:00;Rua Coronel Matos Dourado;;;ANTONIO BEZERRA;HMU4651;Atropelamento;Não informado;Não informado;Não informado;Meio de quadra;Não informado;Longo da via;1;1;0;1;0;0;0;0;0;0;0;0;0;(-38.58506159411351 -3.742069062115696);
OZG4505;2022-01-09 07:00:00;Avenida Borges de Melo;;;AEROLANDIA;969636;Choque c/ Obstáculo Fixo;Amanhecer;Bom;Seca;Não informado;Não informado;Longo da via;1;1;0;1;0;0;0;0;0;0;0;0;0;(-38.51829168105074 -3.761607475098079);
OZG4505;2022-01-03 20:00:00;Rua Conselheiro Lafayette;RUA ALBERTO FERREIRA;;JARDIM IRACEMA;OZG4505;Colisão Transversal;Anoitecer;Não informado;Não informado;Não informado;Não informado;Cruzamento;1;1;0;1;0;0;0;0;0;1;0;0;0;(-38.58282284234215 -3.718055846811899);